# ATA035_rev1-Audited.csv | TFG HIDS - Fase 3 A2.1 (R-09/R-13) | ata=ATA035 iter=1 | modo=ataque | alerta=Dataset\Ataques\Resultados\Wazuh\linux\CSV\ATA035_rev1-Detalle.csv sha256=526012478e2e0e756ef20fd6bcfc60054a2a00273477bc44a7e63b122de980e6 | catalogo=Dataset/Legitimo/ruleids_legitimos.csv sha256=388dce2f0a3c51e8dcb5583a393a25d4b9483e35881701817bc1d3bd41561be8 | esperado=Dataset\Ataques\Comandos\T1056.004-Credential_API_Hooking\ATA035_esperado_rev.csv sha256=22d26d8911147a2657f75c4e53c794f85c7fb82f1aba189e77332c4280f6a793 | revision=Dataset\Ataques\Resultados\Wazuh\linux\Auditado\ATA035_rev1-Revision.csv sha256=44a7ca55e99afeff808cf560f0962a0ab0ec534359a59cbf17911fe472ebde7e | conteos: filas=844 deteccion=1 auto_ruido=641 ruido_conocido=194 dudosa=0 artefacto_ataque=8 | columnas: ata_id,iter,timestamp_utc,agent_name,rule_id,rule_level,rule_groups,rs_origen,rule_description,categoria,motivo,atribucion,revision,veredicto_humano,evidencia
ata_id,iter,timestamp_utc,agent_name,rule_id,rule_level,rule_groups,rs_origen,rule_description,categoria,motivo,atribucion,revision,veredicto_humano,evidencia
ATA035,1,2026-10-01T21:30:20.245Z,victima-linux,80792,3,audit|audit_command,RS2,Audit: Command: /usr/bin/dash.,auto_ruido,auto_ruido:dash,,,,audit_cwd=/var/ossec
ATA035,1,2026-10-01T21:30:20.245Z,victima-linux,80792,3,audit|audit_command,RS2,Audit: Command: /usr/bin/ps.,auto_ruido,auto_ruido:ps,,,,audit_cwd=/var/ossec
ATA035,1,2026-10-01T21:30:20.247Z,victima-linux,80792,3,audit|audit_command,RS2,Audit: Command: /usr/bin/dash.,auto_ruido,auto_ruido:dash,,,,audit_cwd=/var/ossec
ATA035,1,2026-10-01T21:30:20.249Z,victima-linux,80792,3,audit|audit_command,RS2,Audit: Command: /usr/bin/ps.,auto_ruido,auto_ruido:ps,,,,audit_cwd=/var/ossec
ATA035,1,2026-10-01T21:30:20.251Z,victima-linux,80792,3,audit|audit_command,RS2,Audit: Command: /usr/bin/dash.,auto_ruido,auto_ruido:dash,,,,audit_cwd=/var/ossec
ATA035,1,2026-10-01T21:30:20.254Z,victima-linux,80792,3,audit|audit_command,RS2,Audit: Command: /usr/bin/ps.,auto_ruido,auto_ruido:ps,,,,audit_cwd=/var/ossec
ATA035,1,2026-10-01T21:30:20.257Z,victima-linux,80792,3,audit|audit_command,RS2,Audit: Command: /usr/bin/dash.,auto_ruido,auto_ruido:dash,,,,audit_cwd=/var/ossec
ATA035,1,2026-10-01T21:30:20.259Z,victima-linux,80792,3,audit|audit_command,RS2,Audit: Command: /usr/bin/ps.,auto_ruido,auto_ruido:ps,,,,audit_cwd=/var/ossec
ATA035,1,2026-10-01T21:30:20.261Z,victima-linux,80792,3,audit|audit_command,RS2,Audit: Command: /usr/bin/dash.,auto_ruido,auto_ruido:dash,,,,audit_cwd=/var/ossec
ATA035,1,2026-10-01T21:30:20.264Z,victima-linux,80792,3,audit|audit_command,RS2,Audit: Command: /usr/bin/ps.,auto_ruido,auto_ruido:ps,,,,audit_cwd=/var/ossec
ATA035,1,2026-10-01T21:30:20.266Z,victima-linux,80792,3,audit|audit_command,RS2,Audit: Command: /usr/bin/dash.,auto_ruido,auto_ruido:dash,,,,audit_cwd=/var/ossec
ATA035,1,2026-10-01T21:30:20.269Z,victima-linux,80792,3,audit|audit_command,RS2,Audit: Command: /usr/bin/ps.,auto_ruido,auto_ruido:ps,,,,audit_cwd=/var/ossec
ATA035,1,2026-10-01T21:30:20.271Z,victima-linux,80792,3,audit|audit_command,RS2,Audit: Command: /usr/bin/dash.,auto_ruido,auto_ruido:dash,,,,audit_cwd=/var/ossec
ATA035,1,2026-10-01T21:30:20.274Z,victima-linux,80792,3,audit|audit_command,RS2,Audit: Command: /usr/bin/ps.,auto_ruido,auto_ruido:ps,,,,audit_cwd=/var/ossec
ATA035,1,2026-10-01T21:30:20.276Z,victima-linux,80792,3,audit|audit_command,RS2,Audit: Command: /usr/bin/dash.,auto_ruido,auto_ruido:dash,,,,audit_cwd=/var/ossec
ATA035,1,2026-10-01T21:30:20.278Z,victima-linux,80792,3,audit|audit_command,RS2,Audit: Command: /usr/bin/ps.,auto_ruido,auto_ruido:ps,,,,audit_cwd=/var/ossec
ATA035,1,2026-10-01T21:30:20.281Z,victima-linux,80792,3,audit|audit_command,RS2,Audit: Command: /usr/bin/dash.,auto_ruido,auto_ruido:dash,,,,audit_cwd=/var/ossec
ATA035,1,2026-10-01T21:30:20.283Z,victima-linux,80792,3,audit|audit_command,RS2,Audit: Command: /usr/bin/ps.,auto_ruido,auto_ruido:ps,,,,audit_cwd=/var/ossec
ATA035,1,2026-10-01T21:30:20.286Z,victima-linux,80792,3,audit|audit_command,RS2,Audit: Command: /usr/bin/dash.,auto_ruido,auto_ruido:dash,,,,audit_cwd=/var/ossec
ATA035,1,2026-10-01T21:30:20.288Z,victima-linux,80792,3,audit|audit_command,RS2,Audit: Command: /usr/bin/ps.,auto_ruido,auto_ruido:ps,,,,audit_cwd=/var/ossec
ATA035,1,2026-10-01T21:30:20.290Z,victima-linux,80792,3,audit|audit_command,RS2,Audit: Command: /usr/bin/dash.,auto_ruido,auto_ruido:dash,,,,audit_cwd=/var/ossec
ATA035,1,2026-10-01T21:30:20.293Z,victima-linux,80792,3,audit|audit_command,RS2,Audit: Command: /usr/bin/ps.,auto_ruido,auto_ruido:ps,,,,audit_cwd=/var/ossec
ATA035,1,2026-10-01T21:30:20.295Z,victima-linux,80792,3,audit|audit_command,RS2,Audit: Command: /usr/bin/dash.,auto_ruido,auto_ruido:dash,,,,audit_cwd=/var/ossec
ATA035,1,2026-10-01T21:30:20.297Z,victima-linux,80792,3,audit|audit_command,RS2,Audit: Command: /usr/bin/ps.,auto_ruido,auto_ruido:ps,,,,audit_cwd=/var/ossec
ATA035,1,2026-10-01T21:30:20.299Z,victima-linux,80792,3,audit|audit_command,RS2,Audit: Command: /usr/bin/dash.,auto_ruido,auto_ruido:dash,,,,audit_cwd=/var/ossec
ATA035,1,2026-10-01T21:30:20.302Z,victima-linux,80792,3,audit|audit_command,RS2,Audit: Command: /usr/bin/ps.,auto_ruido,auto_ruido:ps,,,,audit_cwd=/var/ossec
ATA035,1,2026-10-01T21:30:20.304Z,victima-linux,80792,3,audit|audit_command,RS2,Audit: Command: /usr/bin/dash.,auto_ruido,auto_ruido:dash,,,,audit_cwd=/var/ossec
ATA035,1,2026-10-01T21:30:20.306Z,victima-linux,80792,3,audit|audit_command,RS2,Audit: Command: /usr/bin/ps.,auto_ruido,auto_ruido:ps,,,,audit_cwd=/var/ossec
ATA035,1,2026-10-01T21:30:20.308Z,victima-linux,80792,3,audit|audit_command,RS2,Audit: Command: /usr/bin/dash.,auto_ruido,auto_ruido:dash,,,,audit_cwd=/var/ossec
ATA035,1,2026-10-01T21:30:20.311Z,victima-linux,80792,3,audit|audit_command,RS2,Audit: Command: /usr/bin/ps.,auto_ruido,auto_ruido:ps,,,,audit_cwd=/var/ossec
ATA035,1,2026-10-01T21:30:20.313Z,victima-linux,80792,3,audit|audit_command,RS2,Audit: Command: /usr/bin/dash.,auto_ruido,auto_ruido:dash,,,,audit_cwd=/var/ossec
ATA035,1,2026-10-01T21:30:20.316Z,victima-linux,80792,3,audit|audit_command,RS2,Audit: Command: /usr/bin/ps.,auto_ruido,auto_ruido:ps,,,,audit_cwd=/var/ossec
ATA035,1,2026-10-01T21:30:20.318Z,victima-linux,80792,3,audit|audit_command,RS2,Audit: Command: /usr/sbin/sshd.,ruido_conocido,baseline,,,,rule_id=80792
ATA035,1,2026-10-01T21:30:20.321Z,victima-linux,80792,3,audit|audit_command,RS2,Audit: Command: /usr/bin/dash.,auto_ruido,auto_ruido:dash,,,,audit_cwd=/var/ossec
ATA035,1,2026-10-01T21:30:20.323Z,victima-linux,80792,3,audit|audit_command,RS2,Audit: Command: /usr/bin/ps.,auto_ruido,auto_ruido:ps,,,,audit_cwd=/var/ossec
ATA035,1,2026-10-01T21:30:20.325Z,victima-linux,80792,3,audit|audit_command,RS2,Audit: Command: /usr/bin/dash.,auto_ruido,auto_ruido:dash,,,,audit_cwd=/var/ossec
ATA035,1,2026-10-01T21:30:20.327Z,victima-linux,80792,3,audit|audit_command,RS2,Audit: Command: /usr/bin/ps.,auto_ruido,auto_ruido:ps,,,,audit_cwd=/var/ossec
ATA035,1,2026-10-01T21:30:20.335Z,victima-linux,80780,3,audit|audit_watch_write,RS2,Audit: Watch - Write access.,ruido_conocido,baseline,,,,rule_id=80780
ATA035,1,2026-10-01T21:30:20.339Z,victima-linux,80791,3,audit|audit_watch_delete|audit_watch_write,RS2,Audit: Deleted: /run/systemd/sessions/.,ruido_conocido,baseline,,,,rule_id=80791
ATA035,1,2026-10-01T21:30:20.342Z,victima-linux,80791,3,audit|audit_watch_delete|audit_watch_write,RS2,Audit: Deleted: /run/systemd/users/.,ruido_conocido,baseline,,,,rule_id=80791
ATA035,1,2026-10-01T21:30:20.344Z,victima-linux,80791,3,audit|audit_watch_delete|audit_watch_write,RS2,Audit: Deleted: /run/systemd/sessions/.,ruido_conocido,baseline,,,,rule_id=80791
ATA035,1,2026-10-01T21:30:20.350Z,victima-linux,80791,3,audit|audit_watch_delete|audit_watch_write,RS2,Audit: Deleted: /run/systemd/sessions/.,ruido_conocido,baseline,,,,rule_id=80791
ATA035,1,2026-10-01T21:30:20.350Z,victima-linux,80791,3,audit|audit_watch_delete|audit_watch_write,RS2,Audit: Deleted: /run/systemd/users/.,ruido_conocido,baseline,,,,rule_id=80791
ATA035,1,2026-10-01T21:30:20.351Z,victima-linux,80792,3,audit|audit_command,RS2,Audit: Command: /usr/bin/dash.,ruido_conocido,baseline,,,,rule_id=80792
ATA035,1,2026-10-01T21:30:20.352Z,victima-linux,80792,3,audit|audit_command,RS2,Audit: Command: /usr/bin/env.,ruido_conocido,baseline,,,,rule_id=80792
ATA035,1,2026-10-01T21:30:20.355Z,victima-linux,80792,3,audit|audit_command,RS2,Audit: Command: /usr/bin/env.,ruido_conocido,baseline,,,,rule_id=80792
ATA035,1,2026-10-01T21:30:20.357Z,victima-linux,80792,3,audit|audit_command,RS2,Audit: Command: /usr/bin/env.,ruido_conocido,baseline,,,,rule_id=80792
ATA035,1,2026-10-01T21:30:20.363Z,victima-linux,80792,3,audit|audit_command,RS2,Audit: Command: /usr/bin/env.,ruido_conocido,baseline,,,,rule_id=80792
ATA035,1,2026-10-01T21:30:20.363Z,victima-linux,80792,3,audit|audit_command,RS2,Audit: Command: /usr/bin/run-parts.,ruido_conocido,baseline,,,,rule_id=80792
ATA035,1,2026-10-01T21:30:20.364Z,victima-linux,80792,3,audit|audit_command,RS2,Audit: Command: /usr/bin/dash.,ruido_conocido,baseline,,,,rule_id=80792
ATA035,1,2026-10-01T21:30:20.366Z,victima-linux,80792,3,audit|audit_command,RS2,Audit: Command: /usr/bin/uname.,ruido_conocido,baseline,,,,rule_id=80792
ATA035,1,2026-10-01T21:30:20.368Z,victima-linux,80792,3,audit|audit_command,RS2,Audit: Command: /usr/bin/uname.,ruido_conocido,baseline,,,,rule_id=80792
ATA035,1,2026-10-01T21:30:20.376Z,victima-linux,80792,3,audit|audit_command,RS2,Audit: Command: /usr/bin/dash.,ruido_conocido,baseline,,,,rule_id=80792
ATA035,1,2026-10-01T21:30:20.376Z,victima-linux,80792,3,audit|audit_command,RS2,Audit: Command: /usr/bin/dash.,ruido_conocido,baseline,,,,rule_id=80792
ATA035,1,2026-10-01T21:30:20.376Z,victima-linux,80792,3,audit|audit_command,RS2,Audit: Command: /usr/bin/uname.,ruido_conocido,baseline,,,,rule_id=80792
ATA035,1,2026-10-01T21:30:20.378Z,victima-linux,80792,3,audit|audit_command,RS2,Audit: Command: /usr/bin/find.,ruido_conocido,baseline,,,,rule_id=80792
ATA035,1,2026-10-01T21:30:20.380Z,victima-linux,80792,3,audit|audit_command,RS2,Audit: Command: /usr/bin/cat.,ruido_conocido,baseline,,,,rule_id=80792
ATA035,1,2026-10-01T21:30:20.383Z,victima-linux,80792,3,audit|audit_command,RS2,Audit: Command: /usr/bin/dash.,ruido_conocido,baseline,,,,rule_id=80792
ATA035,1,2026-10-01T21:30:20.385Z,victima-linux,80792,3,audit|audit_command,RS2,Audit: Command: /usr/bin/cat.,ruido_conocido,baseline,,,,rule_id=80792
ATA035,1,2026-10-01T21:30:20.387Z,victima-linux,80792,3,audit|audit_command,RS2,Audit: Command: /usr/bin/head.,ruido_conocido,baseline,,,,rule_id=80792
ATA035,1,2026-10-01T21:30:20.390Z,victima-linux,80792,3,audit|audit_command,RS2,Audit: Command: /usr/bin/cut.,ruido_conocido,baseline,,,,rule_id=80792
ATA035,1,2026-10-01T21:30:20.394Z,victima-linux,80792,3,audit|audit_command,RS2,Audit: Command: /usr/bin/tr.,ruido_conocido,baseline,,,,rule_id=80792
ATA035,1,2026-10-01T21:30:20.397Z,victima-linux,80792,3,audit|audit_command,RS2,Audit: Command: /usr/bin/dash.,ruido_conocido,baseline,,,,rule_id=80792
ATA035,1,2026-10-01T21:30:20.399Z,victima-linux,80792,3,audit|audit_command,RS2,Audit: Command: /usr/bin/dash.,ruido_conocido,baseline,,,,rule_id=80792
ATA035,1,2026-10-01T21:30:20.401Z,victima-linux,80792,3,audit|audit_command,RS2,Audit: Command: /usr/bin/cat.,ruido_conocido,baseline,,,,rule_id=80792
ATA035,1,2026-10-01T21:30:20.403Z,victima-linux,80792,3,audit|audit_command,RS2,Audit: Command: /usr/bin/find.,ruido_conocido,baseline,,,,rule_id=80792
ATA035,1,2026-10-01T21:30:20.405Z,victima-linux,80792,3,audit|audit_command,RS2,Audit: Command: /usr/bin/grep.,ruido_conocido,baseline,,,,rule_id=80792
ATA035,1,2026-10-01T21:30:20.408Z,victima-linux,80792,3,audit|audit_command,RS2,Audit: Command: /usr/bin/dash.,ruido_conocido,baseline,,,,rule_id=80792
ATA035,1,2026-10-01T21:30:20.410Z,victima-linux,80792,3,audit|audit_command,RS2,Audit: Command: /usr/bin/gettext.,ruido_conocido,baseline,,,,rule_id=80792
ATA035,1,2026-10-01T21:30:20.412Z,victima-linux,80792,3,audit|audit_command,RS2,Audit: Command: /usr/bin/gettext.,ruido_conocido,baseline,,,,rule_id=80792
ATA035,1,2026-10-01T21:30:20.414Z,victima-linux,80792,3,audit|audit_command,RS2,Audit: Command: /usr/bin/dash.,ruido_conocido,baseline,,,,rule_id=80792
ATA035,1,2026-10-01T21:30:20.417Z,victima-linux,80792,3,audit|audit_command,RS2,Audit: Command: /usr/bin/dash.,ruido_conocido,baseline,,,,rule_id=80792
ATA035,1,2026-10-01T21:30:20.419Z,victima-linux,80792,3,audit|audit_command,RS2,Audit: Command: /usr/bin/cut.,ruido_conocido,baseline,,,,rule_id=80792
ATA035,1,2026-10-01T21:30:20.421Z,victima-linux,80792,3,audit|audit_command,RS2,Audit: Command: /usr/bin/id.,ruido_conocido,baseline,,,,rule_id=80792
ATA035,1,2026-10-01T21:30:20.428Z,victima-linux,80792,3,audit|audit_command,RS2,Audit: Command: /usr/bin/dash.,ruido_conocido,baseline,,,,rule_id=80792
ATA035,1,2026-10-01T21:30:20.428Z,victima-linux,80792,3,audit|audit_command,RS2,Audit: Command: /usr/bin/date.,ruido_conocido,baseline,,,,rule_id=80792
ATA035,1,2026-10-01T21:30:20.428Z,victima-linux,80792,3,audit|audit_command,RS2,Audit: Command: /usr/bin/stat.,ruido_conocido,baseline,,,,rule_id=80792
ATA035,1,2026-10-01T21:30:20.431Z,victima-linux,80792,3,audit|audit_command,RS2,Audit: Command: /usr/bin/expr.,ruido_conocido,baseline,,,,rule_id=80792
ATA035,1,2026-10-01T21:30:20.433Z,victima-linux,80792,3,audit|audit_command,RS2,Audit: Command: /usr/bin/cat.,ruido_conocido,baseline,,,,rule_id=80792
ATA035,1,2026-10-01T21:30:20.435Z,victima-linux,80792,3,audit|audit_command,RS2,Audit: Command: /usr/bin/dash.,ruido_conocido,baseline,,,,rule_id=80792
ATA035,1,2026-10-01T21:30:20.438Z,victima-linux,80792,3,audit|audit_command,RS2,Audit: Command: /usr/bin/dash.,ruido_conocido,baseline,,,,rule_id=80792
ATA035,1,2026-10-01T21:30:20.445Z,victima-linux,80792,3,audit|audit_command,RS2,Audit: Command: /usr/bin/dash.,ruido_conocido,baseline,,,,rule_id=80792
ATA035,1,2026-10-01T21:30:20.445Z,victima-linux,80792,3,audit|audit_command,RS2,Audit: Command: /usr/bin/dash.,ruido_conocido,baseline,,,,rule_id=80792
ATA035,1,2026-10-01T21:30:20.445Z,victima-linux,80792,3,audit|audit_command,RS2,Audit: Command: /usr/bin/find.,ruido_conocido,baseline,,,,rule_id=80792
ATA035,1,2026-10-01T21:30:20.447Z,victima-linux,80792,3,audit|audit_command,RS2,Audit: Command: /usr/bin/dash.,ruido_conocido,baseline,,,,rule_id=80792
ATA035,1,2026-10-01T21:30:20.450Z,victima-linux,80792,3,audit|audit_command,RS2,Audit: Command: /usr/bin/sort.,ruido_conocido,baseline,,,,rule_id=80792
ATA035,1,2026-10-01T21:30:20.452Z,victima-linux,80792,3,audit|audit_command,RS2,Audit: Command: /usr/bin/dash.,ruido_conocido,baseline,,,,rule_id=80792
ATA035,1,2026-10-01T21:30:20.454Z,victima-linux,80792,3,audit|audit_command,RS2,Audit: Command: /usr/bin/dash.,ruido_conocido,baseline,,,,rule_id=80792
ATA035,1,2026-10-01T21:30:20.461Z,victima-linux,80792,3,audit|audit_command,RS2,Audit: Command: /usr/bin/dash.,ruido_conocido,baseline,,,,rule_id=80792
ATA035,1,2026-10-01T21:30:20.462Z,victima-linux,80792,3,audit|audit_command,RS2,Audit: Command: /usr/bin/dash.,ruido_conocido,baseline,,,,rule_id=80792
ATA035,1,2026-10-01T21:30:20.462Z,victima-linux,80792,3,audit|audit_command,RS2,Audit: Command: /usr/bin/grep.,ruido_conocido,baseline,,,,rule_id=80792
ATA035,1,2026-10-01T21:30:20.463Z,victima-linux,80792,3,audit|audit_command,RS2,Audit: Command: /usr/bin/dash.,ruido_conocido,baseline,,,,rule_id=80792
ATA035,1,2026-10-01T21:30:20.466Z,victima-linux,80792,3,audit|audit_command,RS2,Audit: Command: /usr/bin/id.,ruido_conocido,baseline,,,,rule_id=80792
ATA035,1,2026-10-01T21:30:20.468Z,victima-linux,80792,3,audit|audit_command,RS2,Audit: Command: /usr/bin/stat.,ruido_conocido,baseline,,,,rule_id=80792
ATA035,1,2026-10-01T21:30:20.470Z,victima-linux,80792,3,audit|audit_command,RS2,Audit: Command: /usr/bin/gawk.,ruido_conocido,baseline,,,,rule_id=80792
ATA035,1,2026-10-01T21:30:20.472Z,victima-linux,80792,3,audit|audit_command,RS2,Audit: Command: /usr/bin/date.,ruido_conocido,baseline,,,,rule_id=80792
ATA035,1,2026-10-01T21:30:20.475Z,victima-linux,80792,3,audit|audit_command,RS2,Audit: Command: /usr/bin/date.,ruido_conocido,baseline,,,,rule_id=80792
ATA035,1,2026-10-01T21:30:20.477Z,victima-linux,80792,3,audit|audit_command,RS2,Audit: Command: /usr/bin/cat.,ruido_conocido,baseline,,,,rule_id=80792
ATA035,1,2026-10-01T21:30:20.479Z,victima-linux,80792,3,audit|audit_command,RS2,Audit: Command: /usr/bin/dash.,ruido_conocido,baseline,,,,rule_id=80792
ATA035,1,2026-10-01T21:30:20.481Z,victima-linux,80792,3,audit|audit_command,RS2,Audit: Command: /usr/bin/dash.,ruido_conocido,baseline,,,,rule_id=80792
ATA035,1,2026-10-01T21:30:20.491Z,victima-linux,80791,3,audit|audit_watch_delete|audit_watch_write,RS2,Audit: Deleted: /run/.,ruido_conocido,baseline,,,,rule_id=80791
ATA035,1,2026-10-01T21:30:20.492Z,victima-linux,80792,3,audit|audit_command,RS2,Audit: Command: /usr/bin/dash.,auto_ruido,auto_ruido:dash,,,,audit_cwd=/var/ossec
ATA035,1,2026-10-01T21:30:20.493Z,victima-linux,80792,3,audit|audit_command,RS2,Audit: Command: /usr/bin/ps.,auto_ruido,auto_ruido:ps,,,,audit_cwd=/var/ossec
ATA035,1,2026-10-01T21:30:20.496Z,victima-linux,80792,3,audit|audit_command,RS2,Audit: Command: /usr/bin/bash.,ruido_conocido,baseline,,,,rule_id=80792
ATA035,1,2026-10-01T21:30:20.498Z,victima-linux,80792,3,audit|audit_command,RS2,Audit: Command: /usr/bin/date.,ruido_conocido,baseline,,,,rule_id=80792
ATA035,1,2026-10-01T21:30:20.505Z,victima-linux,80791,3,audit|audit_watch_delete|audit_watch_write,RS2,Audit: Deleted: /run/systemd/sessions/17.ref.,ruido_conocido,baseline,,,,rule_id=80791
ATA035,1,2026-10-01T21:30:20.508Z,victima-linux,80791,3,audit|audit_watch_delete|audit_watch_write,RS2,Audit: Deleted: /run/systemd/sessions/.,ruido_conocido,baseline,,,,rule_id=80791
ATA035,1,2026-10-01T21:30:20.510Z,victima-linux,80791,3,audit|audit_watch_delete|audit_watch_write,RS2,Audit: Deleted: /run/systemd/users/.,ruido_conocido,baseline,,,,rule_id=80791
ATA035,1,2026-10-01T21:30:20.518Z,victima-linux,80791,3,audit|audit_watch_delete|audit_watch_write,RS2,Audit: Deleted: /run/systemd/sessions/17.,ruido_conocido,baseline,,,,rule_id=80791
ATA035,1,2026-10-01T21:30:20.518Z,victima-linux,80791,3,audit|audit_watch_delete|audit_watch_write,RS2,Audit: Deleted: /run/systemd/users/.,ruido_conocido,baseline,,,,rule_id=80791
ATA035,1,2026-10-01T21:30:20.518Z,victima-linux,80792,3,audit|audit_command,RS2,Audit: Command: /usr/bin/dash.,auto_ruido,auto_ruido:dash,,,,audit_cwd=/var/ossec
ATA035,1,2026-10-01T21:30:20.520Z,victima-linux,80792,3,audit|audit_command,RS2,Audit: Command: /usr/bin/ps.,auto_ruido,auto_ruido:ps,,,,audit_cwd=/var/ossec
ATA035,1,2026-10-01T21:30:20.522Z,victima-linux,80792,3,audit|audit_command,RS2,Audit: Command: /usr/sbin/sshd.,ruido_conocido,baseline,,,,rule_id=80792
ATA035,1,2026-10-01T21:30:20.529Z,victima-linux,80792,3,audit|audit_command,RS2,Audit: Command: /usr/bin/dash.,auto_ruido,auto_ruido:dash,,,,audit_cwd=/var/ossec
ATA035,1,2026-10-01T21:30:20.529Z,victima-linux,80792,3,audit|audit_command,RS2,Audit: Command: /usr/bin/dash.,auto_ruido,auto_ruido:dash,,,,audit_cwd=/var/ossec
ATA035,1,2026-10-01T21:30:20.529Z,victima-linux,80792,3,audit|audit_command,RS2,Audit: Command: /usr/bin/ps.,auto_ruido,auto_ruido:ps,,,,audit_cwd=/var/ossec
ATA035,1,2026-10-01T21:30:20.531Z,victima-linux,80792,3,audit|audit_command,RS2,Audit: Command: /usr/bin/ps.,auto_ruido,auto_ruido:ps,,,,audit_cwd=/var/ossec
ATA035,1,2026-10-01T21:30:20.538Z,victima-linux,80780,3,audit|audit_watch_write,RS2,Audit: Watch - Write access.,ruido_conocido,baseline,,,,rule_id=80780
ATA035,1,2026-10-01T21:30:20.543Z,victima-linux,80791,3,audit|audit_watch_delete|audit_watch_write,RS2,Audit: Deleted: /run/systemd/sessions/.,ruido_conocido,baseline,,,,rule_id=80791
ATA035,1,2026-10-01T21:30:20.545Z,victima-linux,80791,3,audit|audit_watch_delete|audit_watch_write,RS2,Audit: Deleted: /run/systemd/users/.,ruido_conocido,baseline,,,,rule_id=80791
ATA035,1,2026-10-01T21:30:20.548Z,victima-linux,80791,3,audit|audit_watch_delete|audit_watch_write,RS2,Audit: Deleted: /run/systemd/sessions/.,ruido_conocido,baseline,,,,rule_id=80791
ATA035,1,2026-10-01T21:30:20.555Z,victima-linux,80791,3,audit|audit_watch_delete|audit_watch_write,RS2,Audit: Deleted: /run/systemd/sessions/.,ruido_conocido,baseline,,,,rule_id=80791
ATA035,1,2026-10-01T21:30:20.555Z,victima-linux,80791,3,audit|audit_watch_delete|audit_watch_write,RS2,Audit: Deleted: /run/systemd/users/.,ruido_conocido,baseline,,,,rule_id=80791
ATA035,1,2026-10-01T21:30:20.555Z,victima-linux,80792,3,audit|audit_command,RS2,Audit: Command: /usr/bin/dash.,ruido_conocido,baseline,,,,rule_id=80792
ATA035,1,2026-10-01T21:30:20.557Z,victima-linux,80792,3,audit|audit_command,RS2,Audit: Command: /usr/bin/env.,ruido_conocido,baseline,,,,rule_id=80792
ATA035,1,2026-10-01T21:30:20.559Z,victima-linux,80792,3,audit|audit_command,RS2,Audit: Command: /usr/bin/env.,ruido_conocido,baseline,,,,rule_id=80792
ATA035,1,2026-10-01T21:30:20.562Z,victima-linux,80792,3,audit|audit_command,RS2,Audit: Command: /usr/bin/env.,ruido_conocido,baseline,,,,rule_id=80792
ATA035,1,2026-10-01T21:30:20.568Z,victima-linux,80792,3,audit|audit_command,RS2,Audit: Command: /usr/bin/env.,ruido_conocido,baseline,,,,rule_id=80792
ATA035,1,2026-10-01T21:30:20.568Z,victima-linux,80792,3,audit|audit_command,RS2,Audit: Command: /usr/bin/run-parts.,ruido_conocido,baseline,,,,rule_id=80792
ATA035,1,2026-10-01T21:30:20.569Z,victima-linux,80792,3,audit|audit_command,RS2,Audit: Command: /usr/bin/dash.,ruido_conocido,baseline,,,,rule_id=80792
ATA035,1,2026-10-01T21:30:20.571Z,victima-linux,80792,3,audit|audit_command,RS2,Audit: Command: /usr/bin/uname.,ruido_conocido,baseline,,,,rule_id=80792
ATA035,1,2026-10-01T21:30:20.573Z,victima-linux,80792,3,audit|audit_command,RS2,Audit: Command: /usr/bin/uname.,ruido_conocido,baseline,,,,rule_id=80792
ATA035,1,2026-10-01T21:30:20.581Z,victima-linux,80792,3,audit|audit_command,RS2,Audit: Command: /usr/bin/dash.,ruido_conocido,baseline,,,,rule_id=80792
ATA035,1,2026-10-01T21:30:20.581Z,victima-linux,80792,3,audit|audit_command,RS2,Audit: Command: /usr/bin/dash.,ruido_conocido,baseline,,,,rule_id=80792
ATA035,1,2026-10-01T21:30:20.581Z,victima-linux,80792,3,audit|audit_command,RS2,Audit: Command: /usr/bin/uname.,ruido_conocido,baseline,,,,rule_id=80792
ATA035,1,2026-10-01T21:30:20.582Z,victima-linux,80792,3,audit|audit_command,RS2,Audit: Command: /usr/bin/find.,ruido_conocido,baseline,,,,rule_id=80792
ATA035,1,2026-10-01T21:30:20.584Z,victima-linux,80792,3,audit|audit_command,RS2,Audit: Command: /usr/bin/cat.,ruido_conocido,baseline,,,,rule_id=80792
ATA035,1,2026-10-01T21:30:20.587Z,victima-linux,80792,3,audit|audit_command,RS2,Audit: Command: /usr/bin/dash.,ruido_conocido,baseline,,,,rule_id=80792
ATA035,1,2026-10-01T21:30:20.589Z,victima-linux,80792,3,audit|audit_command,RS2,Audit: Command: /usr/bin/cat.,ruido_conocido,baseline,,,,rule_id=80792
ATA035,1,2026-10-01T21:30:20.591Z,victima-linux,80792,3,audit|audit_command,RS2,Audit: Command: /usr/bin/tr.,ruido_conocido,baseline,,,,rule_id=80792
ATA035,1,2026-10-01T21:30:20.599Z,victima-linux,80792,3,audit|audit_command,RS2,Audit: Command: /usr/bin/cut.,ruido_conocido,baseline,,,,rule_id=80792
ATA035,1,2026-10-01T21:30:20.599Z,victima-linux,80792,3,audit|audit_command,RS2,Audit: Command: /usr/bin/dash.,ruido_conocido,baseline,,,,rule_id=80792
ATA035,1,2026-10-01T21:30:20.599Z,victima-linux,80792,3,audit|audit_command,RS2,Audit: Command: /usr/bin/head.,ruido_conocido,baseline,,,,rule_id=80792
ATA035,1,2026-10-01T21:30:20.601Z,victima-linux,80792,3,audit|audit_command,RS2,Audit: Command: /usr/bin/dash.,ruido_conocido,baseline,,,,rule_id=80792
ATA035,1,2026-10-01T21:30:20.603Z,victima-linux,80792,3,audit|audit_command,RS2,Audit: Command: /usr/bin/cat.,ruido_conocido,baseline,,,,rule_id=80792
ATA035,1,2026-10-01T21:30:20.605Z,victima-linux,80792,3,audit|audit_command,RS2,Audit: Command: /usr/bin/find.,ruido_conocido,baseline,,,,rule_id=80792
ATA035,1,2026-10-01T21:30:20.608Z,victima-linux,80792,3,audit|audit_command,RS2,Audit: Command: /usr/bin/grep.,ruido_conocido,baseline,,,,rule_id=80792
ATA035,1,2026-10-01T21:30:20.611Z,victima-linux,80792,3,audit|audit_command,RS2,Audit: Command: /usr/bin/dash.,ruido_conocido,baseline,,,,rule_id=80792
ATA035,1,2026-10-01T21:30:20.613Z,victima-linux,80792,3,audit|audit_command,RS2,Audit: Command: /usr/bin/gettext.,ruido_conocido,baseline,,,,rule_id=80792
ATA035,1,2026-10-01T21:30:20.615Z,victima-linux,80792,3,audit|audit_command,RS2,Audit: Command: /usr/bin/gettext.,ruido_conocido,baseline,,,,rule_id=80792
ATA035,1,2026-10-01T21:30:20.617Z,victima-linux,80792,3,audit|audit_command,RS2,Audit: Command: /usr/bin/dash.,ruido_conocido,baseline,,,,rule_id=80792
ATA035,1,2026-10-01T21:30:20.620Z,victima-linux,80792,3,audit|audit_command,RS2,Audit: Command: /usr/bin/dash.,ruido_conocido,baseline,,,,rule_id=80792
ATA035,1,2026-10-01T21:30:20.622Z,victima-linux,80792,3,audit|audit_command,RS2,Audit: Command: /usr/bin/cut.,ruido_conocido,baseline,,,,rule_id=80792
ATA035,1,2026-10-01T21:30:20.625Z,victima-linux,80792,3,audit|audit_command,RS2,Audit: Command: /usr/bin/id.,ruido_conocido,baseline,,,,rule_id=80792
ATA035,1,2026-10-01T21:30:20.632Z,victima-linux,80792,3,audit|audit_command,RS2,Audit: Command: /usr/bin/dash.,ruido_conocido,baseline,,,,rule_id=80792
ATA035,1,2026-10-01T21:30:20.632Z,victima-linux,80792,3,audit|audit_command,RS2,Audit: Command: /usr/bin/date.,ruido_conocido,baseline,,,,rule_id=80792
ATA035,1,2026-10-01T21:30:20.633Z,victima-linux,80792,3,audit|audit_command,RS2,Audit: Command: /usr/bin/stat.,ruido_conocido,baseline,,,,rule_id=80792
ATA035,1,2026-10-01T21:30:20.635Z,victima-linux,80792,3,audit|audit_command,RS2,Audit: Command: /usr/bin/expr.,ruido_conocido,baseline,,,,rule_id=80792
ATA035,1,2026-10-01T21:30:20.637Z,victima-linux,80792,3,audit|audit_command,RS2,Audit: Command: /usr/bin/cat.,ruido_conocido,baseline,,,,rule_id=80792
ATA035,1,2026-10-01T21:30:20.640Z,victima-linux,80792,3,audit|audit_command,RS2,Audit: Command: /usr/bin/dash.,ruido_conocido,baseline,,,,rule_id=80792
ATA035,1,2026-10-01T21:30:20.642Z,victima-linux,80792,3,audit|audit_command,RS2,Audit: Command: /usr/bin/dash.,ruido_conocido,baseline,,,,rule_id=80792
ATA035,1,2026-10-01T21:30:20.649Z,victima-linux,80792,3,audit|audit_command,RS2,Audit: Command: /usr/bin/dash.,ruido_conocido,baseline,,,,rule_id=80792
ATA035,1,2026-10-01T21:30:20.649Z,victima-linux,80792,3,audit|audit_command,RS2,Audit: Command: /usr/bin/dash.,ruido_conocido,baseline,,,,rule_id=80792
ATA035,1,2026-10-01T21:30:20.649Z,victima-linux,80792,3,audit|audit_command,RS2,Audit: Command: /usr/bin/find.,ruido_conocido,baseline,,,,rule_id=80792
ATA035,1,2026-10-01T21:30:20.651Z,victima-linux,80792,3,audit|audit_command,RS2,Audit: Command: /usr/bin/dash.,ruido_conocido,baseline,,,,rule_id=80792
ATA035,1,2026-10-01T21:30:20.654Z,victima-linux,80792,3,audit|audit_command,RS2,Audit: Command: /usr/bin/sort.,ruido_conocido,baseline,,,,rule_id=80792
ATA035,1,2026-10-01T21:30:20.658Z,victima-linux,80792,3,audit|audit_command,RS2,Audit: Command: /usr/bin/dash.,ruido_conocido,baseline,,,,rule_id=80792
ATA035,1,2026-10-01T21:30:20.660Z,victima-linux,80792,3,audit|audit_command,RS2,Audit: Command: /usr/bin/dash.,ruido_conocido,baseline,,,,rule_id=80792
ATA035,1,2026-10-01T21:30:20.667Z,victima-linux,80792,3,audit|audit_command,RS2,Audit: Command: /usr/bin/dash.,ruido_conocido,baseline,,,,rule_id=80792
ATA035,1,2026-10-01T21:30:20.667Z,victima-linux,80792,3,audit|audit_command,RS2,Audit: Command: /usr/bin/dash.,ruido_conocido,baseline,,,,rule_id=80792
ATA035,1,2026-10-01T21:30:20.667Z,victima-linux,80792,3,audit|audit_command,RS2,Audit: Command: /usr/bin/grep.,ruido_conocido,baseline,,,,rule_id=80792
ATA035,1,2026-10-01T21:30:20.669Z,victima-linux,80792,3,audit|audit_command,RS2,Audit: Command: /usr/bin/dash.,ruido_conocido,baseline,,,,rule_id=80792
ATA035,1,2026-10-01T21:30:20.672Z,victima-linux,80792,3,audit|audit_command,RS2,Audit: Command: /usr/bin/id.,ruido_conocido,baseline,,,,rule_id=80792
ATA035,1,2026-10-01T21:30:20.674Z,victima-linux,80792,3,audit|audit_command,RS2,Audit: Command: /usr/bin/stat.,ruido_conocido,baseline,,,,rule_id=80792
ATA035,1,2026-10-01T21:30:20.676Z,victima-linux,80792,3,audit|audit_command,RS2,Audit: Command: /usr/bin/gawk.,ruido_conocido,baseline,,,,rule_id=80792
ATA035,1,2026-10-01T21:30:20.678Z,victima-linux,80792,3,audit|audit_command,RS2,Audit: Command: /usr/bin/date.,ruido_conocido,baseline,,,,rule_id=80792
ATA035,1,2026-10-01T21:30:20.681Z,victima-linux,80792,3,audit|audit_command,RS2,Audit: Command: /usr/bin/date.,ruido_conocido,baseline,,,,rule_id=80792
ATA035,1,2026-10-01T21:30:20.683Z,victima-linux,80792,3,audit|audit_command,RS2,Audit: Command: /usr/bin/cat.,ruido_conocido,baseline,,,,rule_id=80792
ATA035,1,2026-10-01T21:30:20.685Z,victima-linux,80792,3,audit|audit_command,RS2,Audit: Command: /usr/bin/dash.,ruido_conocido,baseline,,,,rule_id=80792
ATA035,1,2026-10-01T21:30:20.688Z,victima-linux,80792,3,audit|audit_command,RS2,Audit: Command: /usr/bin/dash.,ruido_conocido,baseline,,,,rule_id=80792
ATA035,1,2026-10-01T21:30:20.698Z,victima-linux,80791,3,audit|audit_watch_delete|audit_watch_write,RS2,Audit: Deleted: /run/.,ruido_conocido,baseline,,,,rule_id=80791
ATA035,1,2026-10-01T21:30:20.698Z,victima-linux,80792,3,audit|audit_command,RS2,Audit: Command: /usr/bin/dash.,auto_ruido,auto_ruido:dash,,,,audit_cwd=/var/ossec
ATA035,1,2026-10-01T21:30:20.700Z,victima-linux,80792,3,audit|audit_command,RS2,Audit: Command: /usr/bin/ps.,auto_ruido,auto_ruido:ps,,,,audit_cwd=/var/ossec
ATA035,1,2026-10-01T21:30:20.731Z,victima-linux,5715,3,syslog|sshd|authentication_success,RS1,sshd: authentication success.,ruido_conocido,operador:5715,,,,srcip=192.168.65.1
ATA035,1,2026-10-01T21:30:20.732Z,victima-linux,5501,3,pam|syslog|authentication_success,RS1,PAM: Login session opened.,ruido_conocido,sin_campos,,resuelta,ruido,revisor=executor fase-03-repeticiones;fecha=2026-10-01;nota=fila ajena a la deteccion (PAM/sesion del operador); criterio ratificado 2026-09-28
ATA035,1,2026-10-01T21:30:20.742Z,victima-linux,5502,3,pam|syslog,RS1,PAM: Login session closed.,ruido_conocido,sin_campos,,resuelta,ruido,revisor=executor fase-03-repeticiones;fecha=2026-10-01;nota=fila ajena a la deteccion (PAM/sesion del operador); criterio ratificado 2026-09-28
ATA035,1,2026-10-01T21:30:20.752Z,victima-linux,5715,3,syslog|sshd|authentication_success,RS1,sshd: authentication success.,ruido_conocido,operador:5715,,,,srcip=192.168.65.1
ATA035,1,2026-10-01T21:30:20.754Z,victima-linux,5501,3,pam|syslog|authentication_success,RS1,PAM: Login session opened.,ruido_conocido,sin_campos,,resuelta,ruido,revisor=executor fase-03-repeticiones;fecha=2026-10-01;nota=fila ajena a la deteccion (PAM/sesion del operador); criterio ratificado 2026-09-28
ATA035,1,2026-10-01T21:30:20.761Z,victima-linux,80792,3,audit|audit_command,RS2,Audit: Command: /usr/bin/bash.,ruido_conocido,baseline,,,,rule_id=80792
ATA035,1,2026-10-01T21:30:20.763Z,victima-linux,80792,3,audit|audit_command,RS2,Audit: Command: /usr/bin/bash.,ruido_conocido,baseline,,,,rule_id=80792
ATA035,1,2026-10-01T21:30:20.766Z,victima-linux,80792,3,audit|audit_command,RS2,Audit: Command: /usr/bin/base64.,ruido_conocido,baseline,,,,rule_id=80792
ATA035,1,2026-10-01T21:30:20.773Z,victima-linux,80792,3,audit|audit_command,RS2,Audit: Command: /usr/bin/bash.,artefacto_ataque,del_ataque,,,,audit_cwd=/home/angel/lab-attack/ATA035
ATA035,1,2026-10-01T21:30:20.776Z,victima-linux,80792,3,audit|audit_command,RS2,Audit: Command: /usr/bin/tee.,artefacto_ataque,del_ataque,,,,audit_cwd=/home/angel/lab-attack/ATA035
ATA035,1,2026-10-01T21:30:20.778Z,victima-linux,80792,3,audit|audit_command,RS2,Audit: Command: /usr/bin/date.,artefacto_ataque,del_ataque,,,,audit_cwd=/home/angel/lab-attack/ATA035
ATA035,1,2026-10-01T21:30:20.780Z,victima-linux,80792,3,audit|audit_command,RS2,Audit: Command: /home/angel/lab-attack/ATA035/credfetch.,deteccion,senal:T1056.004-S1,T1056.004|Process Creation,,,audit_exe=/home/angel/lab-attack/ATA035/credfetch
ATA035,1,2026-10-01T21:30:20.782Z,victima-linux,80792,3,audit|audit_command,RS2,Audit: Command: /usr/bin/cat.,artefacto_ataque,del_ataque,,,,audit_cwd=/home/angel/lab-attack/ATA035
ATA035,1,2026-10-01T21:30:20.784Z,victima-linux,80792,3,audit|audit_command,RS2,Audit: Command: /usr/bin/grep.,artefacto_ataque,del_ataque,,,,audit_cwd=/home/angel/lab-attack/ATA035
ATA035,1,2026-10-01T21:30:20.786Z,victima-linux,80792,3,audit|audit_command,RS2,Audit: Command: /usr/bin/grep.,artefacto_ataque,del_ataque,,,,audit_cwd=/home/angel/lab-attack/ATA035
ATA035,1,2026-10-01T21:30:20.789Z,victima-linux,80792,3,audit|audit_command,RS2,Audit: Command: /usr/bin/sleep.,artefacto_ataque,del_ataque,,,,audit_cwd=/home/angel/lab-attack/ATA035
ATA035,1,2026-10-01T21:30:20.791Z,victima-linux,80792,3,audit|audit_command,RS2,Audit: Command: /usr/bin/dash.,auto_ruido,auto_ruido:dash,,,,audit_cwd=/var/ossec
ATA035,1,2026-10-01T21:30:20.794Z,victima-linux,80792,3,audit|audit_command,RS2,Audit: Command: /usr/bin/ps.,auto_ruido,auto_ruido:ps,,,,audit_cwd=/var/ossec
ATA035,1,2026-10-01T21:30:20.796Z,victima-linux,80792,3,audit|audit_command,RS2,Audit: Command: /usr/bin/dash.,auto_ruido,auto_ruido:dash,,,,audit_cwd=/var/ossec
ATA035,1,2026-10-01T21:30:20.798Z,victima-linux,80792,3,audit|audit_command,RS2,Audit: Command: /usr/bin/ps.,auto_ruido,auto_ruido:ps,,,,audit_cwd=/var/ossec
ATA035,1,2026-10-01T21:30:20.801Z,victima-linux,80792,3,audit|audit_command,RS2,Audit: Command: /usr/bin/dash.,auto_ruido,auto_ruido:dash,,,,audit_cwd=/var/ossec
ATA035,1,2026-10-01T21:30:20.803Z,victima-linux,80792,3,audit|audit_command,RS2,Audit: Command: /usr/bin/ps.,auto_ruido,auto_ruido:ps,,,,audit_cwd=/var/ossec
ATA035,1,2026-10-01T21:30:20.805Z,victima-linux,80792,3,audit|audit_command,RS2,Audit: Command: /usr/bin/dash.,auto_ruido,auto_ruido:dash,,,,audit_cwd=/var/ossec
ATA035,1,2026-10-01T21:30:20.807Z,victima-linux,80792,3,audit|audit_command,RS2,Audit: Command: /usr/bin/ps.,auto_ruido,auto_ruido:ps,,,,audit_cwd=/var/ossec
ATA035,1,2026-10-01T21:30:20.809Z,victima-linux,80792,3,audit|audit_command,RS2,Audit: Command: /usr/bin/dash.,auto_ruido,auto_ruido:dash,,,,audit_cwd=/var/ossec
ATA035,1,2026-10-01T21:30:20.812Z,victima-linux,80792,3,audit|audit_command,RS2,Audit: Command: /usr/bin/ps.,auto_ruido,auto_ruido:ps,,,,audit_cwd=/var/ossec
ATA035,1,2026-10-01T21:30:20.814Z,victima-linux,80792,3,audit|audit_command,RS2,Audit: Command: /usr/bin/dash.,auto_ruido,auto_ruido:dash,,,,audit_cwd=/var/ossec
ATA035,1,2026-10-01T21:30:20.816Z,victima-linux,80792,3,audit|audit_command,RS2,Audit: Command: /usr/bin/ps.,auto_ruido,auto_ruido:ps,,,,audit_cwd=/var/ossec
ATA035,1,2026-10-01T21:30:20.818Z,victima-linux,80792,3,audit|audit_command,RS2,Audit: Command: /usr/bin/dash.,auto_ruido,auto_ruido:dash,,,,audit_cwd=/var/ossec
ATA035,1,2026-10-01T21:30:20.821Z,victima-linux,80792,3,audit|audit_command,RS2,Audit: Command: /usr/bin/ps.,auto_ruido,auto_ruido:ps,,,,audit_cwd=/var/ossec
ATA035,1,2026-10-01T21:30:22.246Z,victima-linux,80792,3,audit|audit_command,RS2,Audit: Command: /usr/bin/dash.,auto_ruido,auto_ruido:dash,,,,audit_cwd=/var/ossec
ATA035,1,2026-10-01T21:30:22.246Z,victima-linux,80792,3,audit|audit_command,RS2,Audit: Command: /usr/bin/ps.,auto_ruido,auto_ruido:ps,,,,audit_cwd=/var/ossec
ATA035,1,2026-10-01T21:30:22.249Z,victima-linux,80792,3,audit|audit_command,RS2,Audit: Command: /usr/bin/dash.,auto_ruido,auto_ruido:dash,,,,audit_cwd=/var/ossec
ATA035,1,2026-10-01T21:30:22.251Z,victima-linux,80792,3,audit|audit_command,RS2,Audit: Command: /usr/bin/ps.,auto_ruido,auto_ruido:ps,,,,audit_cwd=/var/ossec
ATA035,1,2026-10-01T21:30:22.253Z,victima-linux,80792,3,audit|audit_command,RS2,Audit: Command: /usr/bin/dash.,auto_ruido,auto_ruido:dash,,,,audit_cwd=/var/ossec
ATA035,1,2026-10-01T21:30:22.255Z,victima-linux,80792,3,audit|audit_command,RS2,Audit: Command: /usr/bin/ps.,auto_ruido,auto_ruido:ps,,,,audit_cwd=/var/ossec
ATA035,1,2026-10-01T21:30:22.258Z,victima-linux,80792,3,audit|audit_command,RS2,Audit: Command: /usr/bin/dash.,auto_ruido,auto_ruido:dash,,,,audit_cwd=/var/ossec
ATA035,1,2026-10-01T21:30:22.260Z,victima-linux,80792,3,audit|audit_command,RS2,Audit: Command: /usr/bin/ps.,auto_ruido,auto_ruido:ps,,,,audit_cwd=/var/ossec
ATA035,1,2026-10-01T21:30:22.263Z,victima-linux,80792,3,audit|audit_command,RS2,Audit: Command: /usr/bin/dash.,auto_ruido,auto_ruido:dash,,,,audit_cwd=/var/ossec
ATA035,1,2026-10-01T21:30:22.265Z,victima-linux,80792,3,audit|audit_command,RS2,Audit: Command: /usr/bin/ps.,auto_ruido,auto_ruido:ps,,,,audit_cwd=/var/ossec
ATA035,1,2026-10-01T21:30:22.268Z,victima-linux,80792,3,audit|audit_command,RS2,Audit: Command: /usr/bin/dash.,auto_ruido,auto_ruido:dash,,,,audit_cwd=/var/ossec
ATA035,1,2026-10-01T21:30:22.270Z,victima-linux,80792,3,audit|audit_command,RS2,Audit: Command: /usr/bin/ps.,auto_ruido,auto_ruido:ps,,,,audit_cwd=/var/ossec
ATA035,1,2026-10-01T21:30:22.273Z,victima-linux,80792,3,audit|audit_command,RS2,Audit: Command: /usr/bin/dash.,auto_ruido,auto_ruido:dash,,,,audit_cwd=/var/ossec
ATA035,1,2026-10-01T21:30:22.275Z,victima-linux,80792,3,audit|audit_command,RS2,Audit: Command: /usr/bin/ps.,auto_ruido,auto_ruido:ps,,,,audit_cwd=/var/ossec
ATA035,1,2026-10-01T21:30:22.278Z,victima-linux,80792,3,audit|audit_command,RS2,Audit: Command: /usr/bin/dash.,auto_ruido,auto_ruido:dash,,,,audit_cwd=/var/ossec
ATA035,1,2026-10-01T21:30:22.280Z,victima-linux,80792,3,audit|audit_command,RS2,Audit: Command: /usr/bin/ps.,auto_ruido,auto_ruido:ps,,,,audit_cwd=/var/ossec
ATA035,1,2026-10-01T21:30:22.283Z,victima-linux,80792,3,audit|audit_command,RS2,Audit: Command: /usr/bin/date.,artefacto_ataque,del_ataque,,,,audit_cwd=/home/angel/lab-attack/ATA035
ATA035,1,2026-10-01T21:30:22.287Z,victima-linux,80792,3,audit|audit_command,RS2,Audit: Command: /usr/bin/dash.,auto_ruido,auto_ruido:dash,,,,audit_cwd=/var/ossec
ATA035,1,2026-10-01T21:30:22.292Z,victima-linux,80792,3,audit|audit_command,RS2,Audit: Command: /usr/bin/ps.,auto_ruido,auto_ruido:ps,,,,audit_cwd=/var/ossec
ATA035,1,2026-10-01T21:30:22.295Z,victima-linux,80791,3,audit|audit_watch_delete|audit_watch_write,RS2,Audit: Deleted: /run/systemd/sessions/18.ref.,ruido_conocido,baseline,,,,rule_id=80791
ATA035,1,2026-10-01T21:30:22.298Z,victima-linux,80791,3,audit|audit_watch_delete|audit_watch_write,RS2,Audit: Deleted: /run/systemd/sessions/.,ruido_conocido,baseline,,,,rule_id=80791
ATA035,1,2026-10-01T21:30:22.300Z,victima-linux,80791,3,audit|audit_watch_delete|audit_watch_write,RS2,Audit: Deleted: /run/systemd/users/.,ruido_conocido,baseline,,,,rule_id=80791
ATA035,1,2026-10-01T21:30:22.308Z,victima-linux,80791,3,audit|audit_watch_delete|audit_watch_write,RS2,Audit: Deleted: /run/systemd/sessions/18.,ruido_conocido,baseline,,,,rule_id=80791
ATA035,1,2026-10-01T21:30:22.308Z,victima-linux,80791,3,audit|audit_watch_delete|audit_watch_write,RS2,Audit: Deleted: /run/systemd/users/.,ruido_conocido,baseline,,,,rule_id=80791
ATA035,1,2026-10-01T21:30:22.308Z,victima-linux,80792,3,audit|audit_command,RS2,Audit: Command: /usr/bin/dash.,auto_ruido,auto_ruido:dash,,,,audit_cwd=/var/ossec
ATA035,1,2026-10-01T21:30:22.310Z,victima-linux,80792,3,audit|audit_command,RS2,Audit: Command: /usr/bin/ps.,auto_ruido,auto_ruido:ps,,,,audit_cwd=/var/ossec
ATA035,1,2026-10-01T21:30:22.312Z,victima-linux,80792,3,audit|audit_command,RS2,Audit: Command: /usr/bin/dash.,auto_ruido,auto_ruido:dash,,,,audit_cwd=/var/ossec
ATA035,1,2026-10-01T21:30:22.315Z,victima-linux,80792,3,audit|audit_command,RS2,Audit: Command: /usr/bin/ps.,auto_ruido,auto_ruido:ps,,,,audit_cwd=/var/ossec
ATA035,1,2026-10-01T21:30:22.317Z,victima-linux,80792,3,audit|audit_command,RS2,Audit: Command: /usr/bin/dash.,auto_ruido,auto_ruido:dash,,,,audit_cwd=/var/ossec
ATA035,1,2026-10-01T21:30:22.320Z,victima-linux,80792,3,audit|audit_command,RS2,Audit: Command: /usr/bin/ps.,auto_ruido,auto_ruido:ps,,,,audit_cwd=/var/ossec
ATA035,1,2026-10-01T21:30:22.322Z,victima-linux,80792,3,audit|audit_command,RS2,Audit: Command: /usr/bin/dash.,auto_ruido,auto_ruido:dash,,,,audit_cwd=/var/ossec
ATA035,1,2026-10-01T21:30:22.325Z,victima-linux,80792,3,audit|audit_command,RS2,Audit: Command: /usr/bin/ps.,auto_ruido,auto_ruido:ps,,,,audit_cwd=/var/ossec
ATA035,1,2026-10-01T21:30:22.327Z,victima-linux,80792,3,audit|audit_command,RS2,Audit: Command: /usr/bin/dash.,auto_ruido,auto_ruido:dash,,,,audit_cwd=/var/ossec
ATA035,1,2026-10-01T21:30:22.330Z,victima-linux,80792,3,audit|audit_command,RS2,Audit: Command: /usr/bin/ps.,auto_ruido,auto_ruido:ps,,,,audit_cwd=/var/ossec
ATA035,1,2026-10-01T21:30:22.332Z,victima-linux,80792,3,audit|audit_command,RS2,Audit: Command: /usr/bin/dash.,auto_ruido,auto_ruido:dash,,,,audit_cwd=/var/ossec
ATA035,1,2026-10-01T21:30:22.335Z,victima-linux,80792,3,audit|audit_command,RS2,Audit: Command: /usr/bin/ps.,auto_ruido,auto_ruido:ps,,,,audit_cwd=/var/ossec
ATA035,1,2026-10-01T21:30:22.337Z,victima-linux,80792,3,audit|audit_command,RS2,Audit: Command: /usr/bin/dash.,auto_ruido,auto_ruido:dash,,,,audit_cwd=/var/ossec
ATA035,1,2026-10-01T21:30:22.340Z,victima-linux,80792,3,audit|audit_command,RS2,Audit: Command: /usr/bin/ps.,auto_ruido,auto_ruido:ps,,,,audit_cwd=/var/ossec
ATA035,1,2026-10-01T21:30:22.342Z,victima-linux,80792,3,audit|audit_command,RS2,Audit: Command: /usr/bin/dash.,auto_ruido,auto_ruido:dash,,,,audit_cwd=/var/ossec
ATA035,1,2026-10-01T21:30:22.345Z,victima-linux,80792,3,audit|audit_command,RS2,Audit: Command: /usr/bin/ps.,auto_ruido,auto_ruido:ps,,,,audit_cwd=/var/ossec
ATA035,1,2026-10-01T21:30:22.347Z,victima-linux,80792,3,audit|audit_command,RS2,Audit: Command: /usr/bin/dash.,auto_ruido,auto_ruido:dash,,,,audit_cwd=/var/ossec
ATA035,1,2026-10-01T21:30:22.350Z,victima-linux,80792,3,audit|audit_command,RS2,Audit: Command: /usr/bin/ps.,auto_ruido,auto_ruido:ps,,,,audit_cwd=/var/ossec
ATA035,1,2026-10-01T21:30:22.352Z,victima-linux,80792,3,audit|audit_command,RS2,Audit: Command: /usr/bin/dash.,auto_ruido,auto_ruido:dash,,,,audit_cwd=/var/ossec
ATA035,1,2026-10-01T21:30:22.354Z,victima-linux,80792,3,audit|audit_command,RS2,Audit: Command: /usr/bin/ps.,auto_ruido,auto_ruido:ps,,,,audit_cwd=/var/ossec
ATA035,1,2026-10-01T21:30:22.358Z,victima-linux,80792,3,audit|audit_command,RS2,Audit: Command: /usr/bin/dash.,auto_ruido,auto_ruido:dash,,,,audit_cwd=/var/ossec
ATA035,1,2026-10-01T21:30:22.361Z,victima-linux,80792,3,audit|audit_command,RS2,Audit: Command: /usr/bin/ps.,auto_ruido,auto_ruido:ps,,,,audit_cwd=/var/ossec
ATA035,1,2026-10-01T21:30:22.363Z,victima-linux,80792,3,audit|audit_command,RS2,Audit: Command: /usr/bin/dash.,auto_ruido,auto_ruido:dash,,,,audit_cwd=/var/ossec
ATA035,1,2026-10-01T21:30:22.366Z,victima-linux,80792,3,audit|audit_command,RS2,Audit: Command: /usr/bin/ps.,auto_ruido,auto_ruido:ps,,,,audit_cwd=/var/ossec
ATA035,1,2026-10-01T21:30:22.368Z,victima-linux,80792,3,audit|audit_command,RS2,Audit: Command: /usr/bin/dash.,auto_ruido,auto_ruido:dash,,,,audit_cwd=/var/ossec
ATA035,1,2026-10-01T21:30:22.371Z,victima-linux,80792,3,audit|audit_command,RS2,Audit: Command: /usr/bin/ps.,auto_ruido,auto_ruido:ps,,,,audit_cwd=/var/ossec
ATA035,1,2026-10-01T21:30:22.373Z,victima-linux,80792,3,audit|audit_command,RS2,Audit: Command: /usr/bin/dash.,auto_ruido,auto_ruido:dash,,,,audit_cwd=/var/ossec
ATA035,1,2026-10-01T21:30:22.376Z,victima-linux,80792,3,audit|audit_command,RS2,Audit: Command: /usr/bin/ps.,auto_ruido,auto_ruido:ps,,,,audit_cwd=/var/ossec
ATA035,1,2026-10-01T21:30:22.735Z,victima-linux,5502,3,pam|syslog,RS1,PAM: Login session closed.,ruido_conocido,sin_campos,,resuelta,ruido,revisor=executor fase-03-repeticiones;fecha=2026-10-01;nota=fila ajena a la deteccion (PAM/sesion del operador); criterio ratificado 2026-09-28
ATA035,1,2026-10-01T21:30:22.745Z,victima-linux,80792,3,audit|audit_command,RS2,Audit: Command: /usr/bin/dash.,auto_ruido,auto_ruido:dash,,,,audit_cwd=/var/ossec
ATA035,1,2026-10-01T21:30:22.748Z,victima-linux,80792,3,audit|audit_command,RS2,Audit: Command: /usr/bin/ps.,auto_ruido,auto_ruido:ps,,,,audit_cwd=/var/ossec
ATA035,1,2026-10-01T21:30:22.750Z,victima-linux,80791,3,audit|audit_watch_delete|audit_watch_write,RS2,Audit: Deleted: var/run/.,auto_ruido,auto_ruido:wazuh-agentd,,,,audit_exe=/var/ossec/bin/wazuh-agentd
ATA035,1,2026-10-01T21:30:22.752Z,victima-linux,80792,3,audit|audit_command,RS2,Audit: Command: /usr/bin/dash.,auto_ruido,auto_ruido:dash,,,,audit_cwd=/var/ossec
ATA035,1,2026-10-01T21:30:22.754Z,victima-linux,80792,3,audit|audit_command,RS2,Audit: Command: /usr/bin/ps.,auto_ruido,auto_ruido:ps,,,,audit_cwd=/var/ossec
ATA035,1,2026-10-01T21:30:22.757Z,victima-linux,80792,3,audit|audit_command,RS2,Audit: Command: /usr/bin/dash.,auto_ruido,auto_ruido:dash,,,,audit_cwd=/var/ossec
ATA035,1,2026-10-01T21:30:22.759Z,victima-linux,80792,3,audit|audit_command,RS2,Audit: Command: /usr/bin/ps.,auto_ruido,auto_ruido:ps,,,,audit_cwd=/var/ossec
ATA035,1,2026-10-01T21:30:22.762Z,victima-linux,80792,3,audit|audit_command,RS2,Audit: Command: /usr/bin/dash.,auto_ruido,auto_ruido:dash,,,,audit_cwd=/var/ossec
ATA035,1,2026-10-01T21:30:22.764Z,victima-linux,80792,3,audit|audit_command,RS2,Audit: Command: /usr/bin/ps.,auto_ruido,auto_ruido:ps,,,,audit_cwd=/var/ossec
ATA035,1,2026-10-01T21:30:22.767Z,victima-linux,80792,3,audit|audit_command,RS2,Audit: Command: /usr/bin/dash.,auto_ruido,auto_ruido:dash,,,,audit_cwd=/var/ossec
ATA035,1,2026-10-01T21:30:22.769Z,victima-linux,80792,3,audit|audit_command,RS2,Audit: Command: /usr/bin/ps.,auto_ruido,auto_ruido:ps,,,,audit_cwd=/var/ossec
ATA035,1,2026-10-01T21:30:22.772Z,victima-linux,80792,3,audit|audit_command,RS2,Audit: Command: /usr/bin/dash.,auto_ruido,auto_ruido:dash,,,,audit_cwd=/var/ossec
ATA035,1,2026-10-01T21:30:22.774Z,victima-linux,80792,3,audit|audit_command,RS2,Audit: Command: /usr/bin/ps.,auto_ruido,auto_ruido:ps,,,,audit_cwd=/var/ossec
ATA035,1,2026-10-01T21:30:22.777Z,victima-linux,80792,3,audit|audit_command,RS2,Audit: Command: /usr/bin/dash.,auto_ruido,auto_ruido:dash,,,,audit_cwd=/var/ossec
ATA035,1,2026-10-01T21:30:22.779Z,victima-linux,80792,3,audit|audit_command,RS2,Audit: Command: /usr/bin/ps.,auto_ruido,auto_ruido:ps,,,,audit_cwd=/var/ossec
ATA035,1,2026-10-01T21:30:24.249Z,victima-linux,80792,3,audit|audit_command,RS2,Audit: Command: /usr/bin/dash.,auto_ruido,auto_ruido:dash,,,,audit_cwd=/var/ossec
ATA035,1,2026-10-01T21:30:24.250Z,victima-linux,80792,3,audit|audit_command,RS2,Audit: Command: /usr/bin/ps.,auto_ruido,auto_ruido:ps,,,,audit_cwd=/var/ossec
ATA035,1,2026-10-01T21:30:24.252Z,victima-linux,80792,3,audit|audit_command,RS2,Audit: Command: /usr/bin/dash.,auto_ruido,auto_ruido:dash,,,,audit_cwd=/var/ossec
ATA035,1,2026-10-01T21:30:24.254Z,victima-linux,80792,3,audit|audit_command,RS2,Audit: Command: /usr/bin/ps.,auto_ruido,auto_ruido:ps,,,,audit_cwd=/var/ossec
ATA035,1,2026-10-01T21:30:24.257Z,victima-linux,80792,3,audit|audit_command,RS2,Audit: Command: /usr/bin/dash.,auto_ruido,auto_ruido:dash,,,,audit_cwd=/var/ossec
ATA035,1,2026-10-01T21:30:24.259Z,victima-linux,80792,3,audit|audit_command,RS2,Audit: Command: /usr/bin/ps.,auto_ruido,auto_ruido:ps,,,,audit_cwd=/var/ossec
ATA035,1,2026-10-01T21:30:24.262Z,victima-linux,80792,3,audit|audit_command,RS2,Audit: Command: /usr/bin/dash.,auto_ruido,auto_ruido:dash,,,,audit_cwd=/var/ossec
ATA035,1,2026-10-01T21:30:24.264Z,victima-linux,80792,3,audit|audit_command,RS2,Audit: Command: /usr/bin/ps.,auto_ruido,auto_ruido:ps,,,,audit_cwd=/var/ossec
ATA035,1,2026-10-01T21:30:24.267Z,victima-linux,80792,3,audit|audit_command,RS2,Audit: Command: /usr/bin/dash.,auto_ruido,auto_ruido:dash,,,,audit_cwd=/var/ossec
ATA035,1,2026-10-01T21:30:24.269Z,victima-linux,80792,3,audit|audit_command,RS2,Audit: Command: /usr/bin/ps.,auto_ruido,auto_ruido:ps,,,,audit_cwd=/var/ossec
ATA035,1,2026-10-01T21:30:24.272Z,victima-linux,80792,3,audit|audit_command,RS2,Audit: Command: /usr/bin/dash.,auto_ruido,auto_ruido:dash,,,,audit_cwd=/var/ossec
ATA035,1,2026-10-01T21:30:24.274Z,victima-linux,80792,3,audit|audit_command,RS2,Audit: Command: /usr/bin/ps.,auto_ruido,auto_ruido:ps,,,,audit_cwd=/var/ossec
ATA035,1,2026-10-01T21:30:24.276Z,victima-linux,80792,3,audit|audit_command,RS2,Audit: Command: /usr/bin/dash.,auto_ruido,auto_ruido:dash,,,,audit_cwd=/var/ossec
ATA035,1,2026-10-01T21:30:24.279Z,victima-linux,80792,3,audit|audit_command,RS2,Audit: Command: /usr/bin/ps.,auto_ruido,auto_ruido:ps,,,,audit_cwd=/var/ossec
ATA035,1,2026-10-01T21:30:24.281Z,victima-linux,80792,3,audit|audit_command,RS2,Audit: Command: /usr/bin/dash.,auto_ruido,auto_ruido:dash,,,,audit_cwd=/var/ossec
ATA035,1,2026-10-01T21:30:24.284Z,victima-linux,80792,3,audit|audit_command,RS2,Audit: Command: /usr/bin/ps.,auto_ruido,auto_ruido:ps,,,,audit_cwd=/var/ossec
ATA035,1,2026-10-01T21:30:24.286Z,victima-linux,80792,3,audit|audit_command,RS2,Audit: Command: /usr/bin/dash.,auto_ruido,auto_ruido:dash,,,,audit_cwd=/var/ossec
ATA035,1,2026-10-01T21:30:24.288Z,victima-linux,80792,3,audit|audit_command,RS2,Audit: Command: /usr/bin/ps.,auto_ruido,auto_ruido:ps,,,,audit_cwd=/var/ossec
ATA035,1,2026-10-01T21:30:24.291Z,victima-linux,80792,3,audit|audit_command,RS2,Audit: Command: /usr/bin/dash.,auto_ruido,auto_ruido:dash,,,,audit_cwd=/var/ossec
ATA035,1,2026-10-01T21:30:24.294Z,victima-linux,80792,3,audit|audit_command,RS2,Audit: Command: /usr/bin/ps.,auto_ruido,auto_ruido:ps,,,,audit_cwd=/var/ossec
ATA035,1,2026-10-01T21:30:24.296Z,victima-linux,80792,3,audit|audit_command,RS2,Audit: Command: /usr/bin/dash.,auto_ruido,auto_ruido:dash,,,,audit_cwd=/var/ossec
ATA035,1,2026-10-01T21:30:24.299Z,victima-linux,80792,3,audit|audit_command,RS2,Audit: Command: /usr/bin/ps.,auto_ruido,auto_ruido:ps,,,,audit_cwd=/var/ossec
ATA035,1,2026-10-01T21:30:24.301Z,victima-linux,80792,3,audit|audit_command,RS2,Audit: Command: /usr/bin/dash.,auto_ruido,auto_ruido:dash,,,,audit_cwd=/var/ossec
ATA035,1,2026-10-01T21:30:24.304Z,victima-linux,80792,3,audit|audit_command,RS2,Audit: Command: /usr/bin/ps.,auto_ruido,auto_ruido:ps,,,,audit_cwd=/var/ossec
ATA035,1,2026-10-01T21:30:24.306Z,victima-linux,80792,3,audit|audit_command,RS2,Audit: Command: /usr/bin/dash.,auto_ruido,auto_ruido:dash,,,,audit_cwd=/var/ossec
ATA035,1,2026-10-01T21:30:24.309Z,victima-linux,80792,3,audit|audit_command,RS2,Audit: Command: /usr/bin/ps.,auto_ruido,auto_ruido:ps,,,,audit_cwd=/var/ossec
ATA035,1,2026-10-01T21:30:24.311Z,victima-linux,80780,3,audit|audit_watch_write,RS2,Audit: Watch - Write access.,auto_ruido,auto_ruido:wazuh-syscheckd,,,,audit_exe=/var/ossec/bin/wazuh-syscheckd
ATA035,1,2026-10-01T21:30:24.314Z,victima-linux,80792,3,audit|audit_command,RS2,Audit: Command: /usr/bin/dash.,auto_ruido,auto_ruido:dash,,,,audit_cwd=/var/ossec
ATA035,1,2026-10-01T21:30:24.316Z,victima-linux,80792,3,audit|audit_command,RS2,Audit: Command: /usr/bin/ps.,auto_ruido,auto_ruido:ps,,,,audit_cwd=/var/ossec
ATA035,1,2026-10-01T21:30:24.318Z,victima-linux,80792,3,audit|audit_command,RS2,Audit: Command: /usr/bin/dash.,auto_ruido,auto_ruido:dash,,,,audit_cwd=/var/ossec
ATA035,1,2026-10-01T21:30:24.320Z,victima-linux,80792,3,audit|audit_command,RS2,Audit: Command: /usr/bin/ps.,auto_ruido,auto_ruido:ps,,,,audit_cwd=/var/ossec
ATA035,1,2026-10-01T21:30:24.323Z,victima-linux,80792,3,audit|audit_command,RS2,Audit: Command: /usr/bin/dash.,auto_ruido,auto_ruido:dash,,,,audit_cwd=/var/ossec
ATA035,1,2026-10-01T21:30:24.325Z,victima-linux,80792,3,audit|audit_command,RS2,Audit: Command: /usr/bin/ps.,auto_ruido,auto_ruido:ps,,,,audit_cwd=/var/ossec
ATA035,1,2026-10-01T21:30:24.328Z,victima-linux,80792,3,audit|audit_command,RS2,Audit: Command: /usr/bin/dash.,auto_ruido,auto_ruido:dash,,,,audit_cwd=/var/ossec
ATA035,1,2026-10-01T21:30:24.330Z,victima-linux,80792,3,audit|audit_command,RS2,Audit: Command: /usr/bin/ps.,auto_ruido,auto_ruido:ps,,,,audit_cwd=/var/ossec
ATA035,1,2026-10-01T21:30:24.332Z,victima-linux,80792,3,audit|audit_command,RS2,Audit: Command: /usr/bin/dash.,auto_ruido,auto_ruido:dash,,,,audit_cwd=/var/ossec
ATA035,1,2026-10-01T21:30:24.335Z,victima-linux,80792,3,audit|audit_command,RS2,Audit: Command: /usr/bin/ps.,auto_ruido,auto_ruido:ps,,,,audit_cwd=/var/ossec
ATA035,1,2026-10-01T21:30:24.337Z,victima-linux,80792,3,audit|audit_command,RS2,Audit: Command: /usr/bin/dash.,auto_ruido,auto_ruido:dash,,,,audit_cwd=/var/ossec
ATA035,1,2026-10-01T21:30:24.339Z,victima-linux,80792,3,audit|audit_command,RS2,Audit: Command: /usr/bin/ps.,auto_ruido,auto_ruido:ps,,,,audit_cwd=/var/ossec
ATA035,1,2026-10-01T21:30:24.341Z,victima-linux,80792,3,audit|audit_command,RS2,Audit: Command: /usr/bin/dash.,auto_ruido,auto_ruido:dash,,,,audit_cwd=/var/ossec
ATA035,1,2026-10-01T21:30:24.344Z,victima-linux,80792,3,audit|audit_command,RS2,Audit: Command: /usr/bin/ps.,auto_ruido,auto_ruido:ps,,,,audit_cwd=/var/ossec
ATA035,1,2026-10-01T21:30:24.346Z,victima-linux,80792,3,audit|audit_command,RS2,Audit: Command: /usr/bin/dash.,auto_ruido,auto_ruido:dash,,,,audit_cwd=/var/ossec
ATA035,1,2026-10-01T21:30:24.348Z,victima-linux,80792,3,audit|audit_command,RS2,Audit: Command: /usr/bin/ps.,auto_ruido,auto_ruido:ps,,,,audit_cwd=/var/ossec
ATA035,1,2026-10-01T21:30:24.350Z,victima-linux,80792,3,audit|audit_command,RS2,Audit: Command: /usr/bin/dash.,auto_ruido,auto_ruido:dash,,,,audit_cwd=/var/ossec
ATA035,1,2026-10-01T21:30:24.352Z,victima-linux,80792,3,audit|audit_command,RS2,Audit: Command: /usr/bin/ps.,auto_ruido,auto_ruido:ps,,,,audit_cwd=/var/ossec
ATA035,1,2026-10-01T21:30:24.355Z,victima-linux,80792,3,audit|audit_command,RS2,Audit: Command: /usr/bin/dash.,auto_ruido,auto_ruido:dash,,,,audit_cwd=/var/ossec
ATA035,1,2026-10-01T21:30:24.357Z,victima-linux,80792,3,audit|audit_command,RS2,Audit: Command: /usr/bin/ps.,auto_ruido,auto_ruido:ps,,,,audit_cwd=/var/ossec
ATA035,1,2026-10-01T21:30:24.359Z,victima-linux,80792,3,audit|audit_command,RS2,Audit: Command: /usr/bin/dash.,auto_ruido,auto_ruido:dash,,,,audit_cwd=/var/ossec
ATA035,1,2026-10-01T21:30:24.361Z,victima-linux,80792,3,audit|audit_command,RS2,Audit: Command: /usr/bin/ps.,auto_ruido,auto_ruido:ps,,,,audit_cwd=/var/ossec
ATA035,1,2026-10-01T21:30:24.734Z,victima-linux,80792,3,audit|audit_command,RS2,Audit: Command: /usr/bin/dash.,auto_ruido,auto_ruido:dash,,,,audit_cwd=/var/ossec
ATA035,1,2026-10-01T21:30:24.736Z,victima-linux,80792,3,audit|audit_command,RS2,Audit: Command: /usr/bin/ps.,auto_ruido,auto_ruido:ps,,,,audit_cwd=/var/ossec
ATA035,1,2026-10-01T21:30:24.738Z,victima-linux,80792,3,audit|audit_command,RS2,Audit: Command: /usr/bin/dash.,auto_ruido,auto_ruido:dash,,,,audit_cwd=/var/ossec
ATA035,1,2026-10-01T21:30:24.741Z,victima-linux,80792,3,audit|audit_command,RS2,Audit: Command: /usr/bin/ps.,auto_ruido,auto_ruido:ps,,,,audit_cwd=/var/ossec
ATA035,1,2026-10-01T21:30:24.745Z,victima-linux,80792,3,audit|audit_command,RS2,Audit: Command: /usr/bin/dash.,auto_ruido,auto_ruido:dash,,,,audit_cwd=/var/ossec
ATA035,1,2026-10-01T21:30:24.747Z,victima-linux,80792,3,audit|audit_command,RS2,Audit: Command: /usr/bin/ps.,auto_ruido,auto_ruido:ps,,,,audit_cwd=/var/ossec
ATA035,1,2026-10-01T21:30:24.750Z,victima-linux,80792,3,audit|audit_command,RS2,Audit: Command: /usr/bin/dash.,auto_ruido,auto_ruido:dash,,,,audit_cwd=/var/ossec
ATA035,1,2026-10-01T21:30:24.752Z,victima-linux,80792,3,audit|audit_command,RS2,Audit: Command: /usr/bin/ps.,auto_ruido,auto_ruido:ps,,,,audit_cwd=/var/ossec
ATA035,1,2026-10-01T21:30:24.754Z,victima-linux,80792,3,audit|audit_command,RS2,Audit: Command: /usr/bin/dash.,auto_ruido,auto_ruido:dash,,,,audit_cwd=/var/ossec
ATA035,1,2026-10-01T21:30:24.756Z,victima-linux,80792,3,audit|audit_command,RS2,Audit: Command: /usr/bin/ps.,auto_ruido,auto_ruido:ps,,,,audit_cwd=/var/ossec
ATA035,1,2026-10-01T21:30:24.759Z,victima-linux,80792,3,audit|audit_command,RS2,Audit: Command: /usr/bin/dash.,auto_ruido,auto_ruido:dash,,,,audit_cwd=/var/ossec
ATA035,1,2026-10-01T21:30:24.761Z,victima-linux,80792,3,audit|audit_command,RS2,Audit: Command: /usr/bin/ps.,auto_ruido,auto_ruido:ps,,,,audit_cwd=/var/ossec
ATA035,1,2026-10-01T21:30:26.251Z,victima-linux,80792,3,audit|audit_command,RS2,Audit: Command: /usr/bin/dash.,auto_ruido,auto_ruido:dash,,,,audit_cwd=/var/ossec
ATA035,1,2026-10-01T21:30:26.251Z,victima-linux,80792,3,audit|audit_command,RS2,Audit: Command: /usr/bin/ps.,auto_ruido,auto_ruido:ps,,,,audit_cwd=/var/ossec
ATA035,1,2026-10-01T21:30:26.253Z,victima-linux,80792,3,audit|audit_command,RS2,Audit: Command: /usr/bin/dash.,auto_ruido,auto_ruido:dash,,,,audit_cwd=/var/ossec
ATA035,1,2026-10-01T21:30:26.256Z,victima-linux,80792,3,audit|audit_command,RS2,Audit: Command: /usr/bin/ps.,auto_ruido,auto_ruido:ps,,,,audit_cwd=/var/ossec
ATA035,1,2026-10-01T21:30:26.258Z,victima-linux,80792,3,audit|audit_command,RS2,Audit: Command: /usr/bin/dash.,auto_ruido,auto_ruido:dash,,,,audit_cwd=/var/ossec
ATA035,1,2026-10-01T21:30:26.260Z,victima-linux,80792,3,audit|audit_command,RS2,Audit: Command: /usr/bin/ps.,auto_ruido,auto_ruido:ps,,,,audit_cwd=/var/ossec
ATA035,1,2026-10-01T21:30:26.263Z,victima-linux,80792,3,audit|audit_command,RS2,Audit: Command: /usr/bin/dash.,auto_ruido,auto_ruido:dash,,,,audit_cwd=/var/ossec
ATA035,1,2026-10-01T21:30:26.267Z,victima-linux,80792,3,audit|audit_command,RS2,Audit: Command: /usr/bin/ps.,auto_ruido,auto_ruido:ps,,,,audit_cwd=/var/ossec
ATA035,1,2026-10-01T21:30:26.269Z,victima-linux,80792,3,audit|audit_command,RS2,Audit: Command: /usr/bin/dash.,auto_ruido,auto_ruido:dash,,,,audit_cwd=/var/ossec
ATA035,1,2026-10-01T21:30:26.270Z,victima-linux,80792,3,audit|audit_command,RS2,Audit: Command: /usr/bin/ps.,auto_ruido,auto_ruido:ps,,,,audit_cwd=/var/ossec
ATA035,1,2026-10-01T21:30:26.273Z,victima-linux,80792,3,audit|audit_command,RS2,Audit: Command: /usr/bin/dash.,auto_ruido,auto_ruido:dash,,,,audit_cwd=/var/ossec
ATA035,1,2026-10-01T21:30:26.275Z,victima-linux,80792,3,audit|audit_command,RS2,Audit: Command: /usr/bin/ps.,auto_ruido,auto_ruido:ps,,,,audit_cwd=/var/ossec
ATA035,1,2026-10-01T21:30:26.278Z,victima-linux,80792,3,audit|audit_command,RS2,Audit: Command: /usr/bin/dash.,auto_ruido,auto_ruido:dash,,,,audit_cwd=/var/ossec
ATA035,1,2026-10-01T21:30:26.280Z,victima-linux,80792,3,audit|audit_command,RS2,Audit: Command: /usr/bin/ps.,auto_ruido,auto_ruido:ps,,,,audit_cwd=/var/ossec
ATA035,1,2026-10-01T21:30:26.283Z,victima-linux,80792,3,audit|audit_command,RS2,Audit: Command: /usr/bin/dash.,auto_ruido,auto_ruido:dash,,,,audit_cwd=/var/ossec
ATA035,1,2026-10-01T21:30:26.285Z,victima-linux,80792,3,audit|audit_command,RS2,Audit: Command: /usr/bin/ps.,auto_ruido,auto_ruido:ps,,,,audit_cwd=/var/ossec
ATA035,1,2026-10-01T21:30:26.288Z,victima-linux,80792,3,audit|audit_command,RS2,Audit: Command: /usr/bin/dash.,auto_ruido,auto_ruido:dash,,,,audit_cwd=/var/ossec
ATA035,1,2026-10-01T21:30:26.290Z,victima-linux,80792,3,audit|audit_command,RS2,Audit: Command: /usr/bin/ps.,auto_ruido,auto_ruido:ps,,,,audit_cwd=/var/ossec
ATA035,1,2026-10-01T21:30:26.293Z,victima-linux,80792,3,audit|audit_command,RS2,Audit: Command: /usr/bin/dash.,auto_ruido,auto_ruido:dash,,,,audit_cwd=/var/ossec
ATA035,1,2026-10-01T21:30:26.295Z,victima-linux,80792,3,audit|audit_command,RS2,Audit: Command: /usr/bin/ps.,auto_ruido,auto_ruido:ps,,,,audit_cwd=/var/ossec
ATA035,1,2026-10-01T21:30:26.297Z,victima-linux,80792,3,audit|audit_command,RS2,Audit: Command: /usr/bin/dash.,auto_ruido,auto_ruido:dash,,,,audit_cwd=/var/ossec
ATA035,1,2026-10-01T21:30:26.300Z,victima-linux,80792,3,audit|audit_command,RS2,Audit: Command: /usr/bin/ps.,auto_ruido,auto_ruido:ps,,,,audit_cwd=/var/ossec
ATA035,1,2026-10-01T21:30:26.302Z,victima-linux,80792,3,audit|audit_command,RS2,Audit: Command: /usr/bin/dash.,auto_ruido,auto_ruido:dash,,,,audit_cwd=/var/ossec
ATA035,1,2026-10-01T21:30:26.304Z,victima-linux,80792,3,audit|audit_command,RS2,Audit: Command: /usr/bin/ps.,auto_ruido,auto_ruido:ps,,,,audit_cwd=/var/ossec
ATA035,1,2026-10-01T21:30:26.306Z,victima-linux,80792,3,audit|audit_command,RS2,Audit: Command: /usr/bin/dash.,auto_ruido,auto_ruido:dash,,,,audit_cwd=/var/ossec
ATA035,1,2026-10-01T21:30:26.308Z,victima-linux,80792,3,audit|audit_command,RS2,Audit: Command: /usr/bin/ps.,auto_ruido,auto_ruido:ps,,,,audit_cwd=/var/ossec
ATA035,1,2026-10-01T21:30:26.311Z,victima-linux,80792,3,audit|audit_command,RS2,Audit: Command: /usr/bin/dash.,auto_ruido,auto_ruido:dash,,,,audit_cwd=/var/ossec
ATA035,1,2026-10-01T21:30:26.313Z,victima-linux,80792,3,audit|audit_command,RS2,Audit: Command: /usr/bin/ps.,auto_ruido,auto_ruido:ps,,,,audit_cwd=/var/ossec
ATA035,1,2026-10-01T21:30:26.316Z,victima-linux,80792,3,audit|audit_command,RS2,Audit: Command: /usr/bin/dash.,auto_ruido,auto_ruido:dash,,,,audit_cwd=/var/ossec
ATA035,1,2026-10-01T21:30:26.318Z,victima-linux,80792,3,audit|audit_command,RS2,Audit: Command: /usr/bin/ps.,auto_ruido,auto_ruido:ps,,,,audit_cwd=/var/ossec
ATA035,1,2026-10-01T21:30:26.321Z,victima-linux,80792,3,audit|audit_command,RS2,Audit: Command: /usr/bin/dash.,auto_ruido,auto_ruido:dash,,,,audit_cwd=/var/ossec
ATA035,1,2026-10-01T21:30:26.323Z,victima-linux,80792,3,audit|audit_command,RS2,Audit: Command: /usr/bin/ps.,auto_ruido,auto_ruido:ps,,,,audit_cwd=/var/ossec
ATA035,1,2026-10-01T21:30:26.325Z,victima-linux,80792,3,audit|audit_command,RS2,Audit: Command: /usr/bin/dash.,auto_ruido,auto_ruido:dash,,,,audit_cwd=/var/ossec
ATA035,1,2026-10-01T21:30:26.328Z,victima-linux,80792,3,audit|audit_command,RS2,Audit: Command: /usr/bin/ps.,auto_ruido,auto_ruido:ps,,,,audit_cwd=/var/ossec
ATA035,1,2026-10-01T21:30:26.330Z,victima-linux,80792,3,audit|audit_command,RS2,Audit: Command: /usr/bin/dash.,auto_ruido,auto_ruido:dash,,,,audit_cwd=/var/ossec
ATA035,1,2026-10-01T21:30:26.332Z,victima-linux,80792,3,audit|audit_command,RS2,Audit: Command: /usr/bin/ps.,auto_ruido,auto_ruido:ps,,,,audit_cwd=/var/ossec
ATA035,1,2026-10-01T21:30:26.335Z,victima-linux,80792,3,audit|audit_command,RS2,Audit: Command: /usr/bin/dash.,auto_ruido,auto_ruido:dash,,,,audit_cwd=/var/ossec
ATA035,1,2026-10-01T21:30:26.337Z,victima-linux,80792,3,audit|audit_command,RS2,Audit: Command: /usr/bin/ps.,auto_ruido,auto_ruido:ps,,,,audit_cwd=/var/ossec
ATA035,1,2026-10-01T21:30:26.339Z,victima-linux,80792,3,audit|audit_command,RS2,Audit: Command: /usr/bin/dash.,auto_ruido,auto_ruido:dash,,,,audit_cwd=/var/ossec
ATA035,1,2026-10-01T21:30:26.342Z,victima-linux,80792,3,audit|audit_command,RS2,Audit: Command: /usr/bin/ps.,auto_ruido,auto_ruido:ps,,,,audit_cwd=/var/ossec
ATA035,1,2026-10-01T21:30:26.344Z,victima-linux,80792,3,audit|audit_command,RS2,Audit: Command: /usr/bin/dash.,auto_ruido,auto_ruido:dash,,,,audit_cwd=/var/ossec
ATA035,1,2026-10-01T21:30:26.346Z,victima-linux,80792,3,audit|audit_command,RS2,Audit: Command: /usr/bin/ps.,auto_ruido,auto_ruido:ps,,,,audit_cwd=/var/ossec
ATA035,1,2026-10-01T21:30:26.349Z,victima-linux,80792,3,audit|audit_command,RS2,Audit: Command: /usr/bin/dash.,auto_ruido,auto_ruido:dash,,,,audit_cwd=/var/ossec
ATA035,1,2026-10-01T21:30:26.351Z,victima-linux,80792,3,audit|audit_command,RS2,Audit: Command: /usr/bin/ps.,auto_ruido,auto_ruido:ps,,,,audit_cwd=/var/ossec
ATA035,1,2026-10-01T21:30:26.353Z,victima-linux,80792,3,audit|audit_command,RS2,Audit: Command: /usr/bin/dash.,auto_ruido,auto_ruido:dash,,,,audit_cwd=/var/ossec
ATA035,1,2026-10-01T21:30:26.355Z,victima-linux,80792,3,audit|audit_command,RS2,Audit: Command: /usr/bin/ps.,auto_ruido,auto_ruido:ps,,,,audit_cwd=/var/ossec
ATA035,1,2026-10-01T21:30:26.735Z,victima-linux,80792,3,audit|audit_command,RS2,Audit: Command: /usr/bin/dash.,auto_ruido,auto_ruido:dash,,,,audit_cwd=/var/ossec
ATA035,1,2026-10-01T21:30:26.735Z,victima-linux,80792,3,audit|audit_command,RS2,Audit: Command: /usr/bin/ps.,auto_ruido,auto_ruido:ps,,,,audit_cwd=/var/ossec
ATA035,1,2026-10-01T21:30:26.737Z,victima-linux,80792,3,audit|audit_command,RS2,Audit: Command: /usr/bin/dash.,auto_ruido,auto_ruido:dash,,,,audit_cwd=/var/ossec
ATA035,1,2026-10-01T21:30:26.739Z,victima-linux,80792,3,audit|audit_command,RS2,Audit: Command: /usr/bin/ps.,auto_ruido,auto_ruido:ps,,,,audit_cwd=/var/ossec
ATA035,1,2026-10-01T21:30:26.742Z,victima-linux,80792,3,audit|audit_command,RS2,Audit: Command: /usr/bin/dash.,auto_ruido,auto_ruido:dash,,,,audit_cwd=/var/ossec
ATA035,1,2026-10-01T21:30:26.744Z,victima-linux,80792,3,audit|audit_command,RS2,Audit: Command: /usr/bin/ps.,auto_ruido,auto_ruido:ps,,,,audit_cwd=/var/ossec
ATA035,1,2026-10-01T21:30:26.746Z,victima-linux,80792,3,audit|audit_command,RS2,Audit: Command: /usr/bin/dash.,auto_ruido,auto_ruido:dash,,,,audit_cwd=/var/ossec
ATA035,1,2026-10-01T21:30:26.749Z,victima-linux,80792,3,audit|audit_command,RS2,Audit: Command: /usr/bin/ps.,auto_ruido,auto_ruido:ps,,,,audit_cwd=/var/ossec
ATA035,1,2026-10-01T21:30:26.751Z,victima-linux,80792,3,audit|audit_command,RS2,Audit: Command: /usr/bin/dash.,auto_ruido,auto_ruido:dash,,,,audit_cwd=/var/ossec
ATA035,1,2026-10-01T21:30:26.753Z,victima-linux,80792,3,audit|audit_command,RS2,Audit: Command: /usr/bin/ps.,auto_ruido,auto_ruido:ps,,,,audit_cwd=/var/ossec
ATA035,1,2026-10-01T21:30:26.755Z,victima-linux,80792,3,audit|audit_command,RS2,Audit: Command: /usr/bin/dash.,auto_ruido,auto_ruido:dash,,,,audit_cwd=/var/ossec
ATA035,1,2026-10-01T21:30:26.757Z,victima-linux,80792,3,audit|audit_command,RS2,Audit: Command: /usr/bin/ps.,auto_ruido,auto_ruido:ps,,,,audit_cwd=/var/ossec
ATA035,1,2026-10-01T21:30:26.760Z,victima-linux,80792,3,audit|audit_command,RS2,Audit: Command: /usr/bin/dash.,auto_ruido,auto_ruido:dash,,,,audit_cwd=/var/ossec
ATA035,1,2026-10-01T21:30:26.762Z,victima-linux,80792,3,audit|audit_command,RS2,Audit: Command: /usr/bin/ps.,auto_ruido,auto_ruido:ps,,,,audit_cwd=/var/ossec
ATA035,1,2026-10-01T21:30:28.251Z,victima-linux,80792,3,audit|audit_command,RS2,Audit: Command: /usr/bin/dash.,auto_ruido,auto_ruido:dash,,,,audit_cwd=/var/ossec
ATA035,1,2026-10-01T21:30:28.252Z,victima-linux,80792,3,audit|audit_command,RS2,Audit: Command: /usr/bin/ps.,auto_ruido,auto_ruido:ps,,,,audit_cwd=/var/ossec
ATA035,1,2026-10-01T21:30:28.254Z,victima-linux,80792,3,audit|audit_command,RS2,Audit: Command: /usr/bin/dash.,auto_ruido,auto_ruido:dash,,,,audit_cwd=/var/ossec
ATA035,1,2026-10-01T21:30:28.257Z,victima-linux,80792,3,audit|audit_command,RS2,Audit: Command: /usr/bin/ps.,auto_ruido,auto_ruido:ps,,,,audit_cwd=/var/ossec
ATA035,1,2026-10-01T21:30:28.259Z,victima-linux,80792,3,audit|audit_command,RS2,Audit: Command: /usr/bin/dash.,auto_ruido,auto_ruido:dash,,,,audit_cwd=/var/ossec
ATA035,1,2026-10-01T21:30:28.262Z,victima-linux,80792,3,audit|audit_command,RS2,Audit: Command: /usr/bin/ps.,auto_ruido,auto_ruido:ps,,,,audit_cwd=/var/ossec
ATA035,1,2026-10-01T21:30:28.264Z,victima-linux,80792,3,audit|audit_command,RS2,Audit: Command: /usr/bin/dash.,auto_ruido,auto_ruido:dash,,,,audit_cwd=/var/ossec
ATA035,1,2026-10-01T21:30:28.266Z,victima-linux,80792,3,audit|audit_command,RS2,Audit: Command: /usr/bin/ps.,auto_ruido,auto_ruido:ps,,,,audit_cwd=/var/ossec
ATA035,1,2026-10-01T21:30:28.268Z,victima-linux,80792,3,audit|audit_command,RS2,Audit: Command: /usr/bin/dash.,auto_ruido,auto_ruido:dash,,,,audit_cwd=/var/ossec
ATA035,1,2026-10-01T21:30:28.271Z,victima-linux,80792,3,audit|audit_command,RS2,Audit: Command: /usr/bin/ps.,auto_ruido,auto_ruido:ps,,,,audit_cwd=/var/ossec
ATA035,1,2026-10-01T21:30:28.273Z,victima-linux,80792,3,audit|audit_command,RS2,Audit: Command: /usr/bin/dash.,auto_ruido,auto_ruido:dash,,,,audit_cwd=/var/ossec
ATA035,1,2026-10-01T21:30:28.275Z,victima-linux,80792,3,audit|audit_command,RS2,Audit: Command: /usr/bin/ps.,auto_ruido,auto_ruido:ps,,,,audit_cwd=/var/ossec
ATA035,1,2026-10-01T21:30:28.277Z,victima-linux,80792,3,audit|audit_command,RS2,Audit: Command: /usr/bin/dash.,auto_ruido,auto_ruido:dash,,,,audit_cwd=/var/ossec
ATA035,1,2026-10-01T21:30:28.280Z,victima-linux,80792,3,audit|audit_command,RS2,Audit: Command: /usr/bin/ps.,auto_ruido,auto_ruido:ps,,,,audit_cwd=/var/ossec
ATA035,1,2026-10-01T21:30:28.282Z,victima-linux,80792,3,audit|audit_command,RS2,Audit: Command: /usr/bin/dash.,auto_ruido,auto_ruido:dash,,,,audit_cwd=/var/ossec
ATA035,1,2026-10-01T21:30:28.285Z,victima-linux,80792,3,audit|audit_command,RS2,Audit: Command: /usr/bin/ps.,auto_ruido,auto_ruido:ps,,,,audit_cwd=/var/ossec
ATA035,1,2026-10-01T21:30:28.287Z,victima-linux,80791,3,audit|audit_watch_delete|audit_watch_write,RS2,Audit: Deleted: var/run/.,auto_ruido,auto_ruido:wazuh-agentd,,,,audit_exe=/var/ossec/bin/wazuh-agentd
ATA035,1,2026-10-01T21:30:28.294Z,victima-linux,80792,3,audit|audit_command,RS2,Audit: Command: /usr/bin/dash.,auto_ruido,auto_ruido:dash,,,,audit_cwd=/var/ossec
ATA035,1,2026-10-01T21:30:28.294Z,victima-linux,80792,3,audit|audit_command,RS2,Audit: Command: /usr/bin/dash.,auto_ruido,auto_ruido:dash,,,,audit_cwd=/var/ossec
ATA035,1,2026-10-01T21:30:28.294Z,victima-linux,80792,3,audit|audit_command,RS2,Audit: Command: /usr/bin/ps.,auto_ruido,auto_ruido:ps,,,,audit_cwd=/var/ossec
ATA035,1,2026-10-01T21:30:28.296Z,victima-linux,80792,3,audit|audit_command,RS2,Audit: Command: /usr/bin/ps.,auto_ruido,auto_ruido:ps,,,,audit_cwd=/var/ossec
ATA035,1,2026-10-01T21:30:28.299Z,victima-linux,80792,3,audit|audit_command,RS2,Audit: Command: /usr/bin/dash.,auto_ruido,auto_ruido:dash,,,,audit_cwd=/var/ossec
ATA035,1,2026-10-01T21:30:28.301Z,victima-linux,80792,3,audit|audit_command,RS2,Audit: Command: /usr/bin/ps.,auto_ruido,auto_ruido:ps,,,,audit_cwd=/var/ossec
ATA035,1,2026-10-01T21:30:28.303Z,victima-linux,80792,3,audit|audit_command,RS2,Audit: Command: /usr/bin/dash.,auto_ruido,auto_ruido:dash,,,,audit_cwd=/var/ossec
ATA035,1,2026-10-01T21:30:28.305Z,victima-linux,80792,3,audit|audit_command,RS2,Audit: Command: /usr/bin/ps.,auto_ruido,auto_ruido:ps,,,,audit_cwd=/var/ossec
ATA035,1,2026-10-01T21:30:28.307Z,victima-linux,80792,3,audit|audit_command,RS2,Audit: Command: /usr/bin/dash.,auto_ruido,auto_ruido:dash,,,,audit_cwd=/var/ossec
ATA035,1,2026-10-01T21:30:28.310Z,victima-linux,80792,3,audit|audit_command,RS2,Audit: Command: /usr/bin/ps.,auto_ruido,auto_ruido:ps,,,,audit_cwd=/var/ossec
ATA035,1,2026-10-01T21:30:28.312Z,victima-linux,80792,3,audit|audit_command,RS2,Audit: Command: /usr/bin/dash.,auto_ruido,auto_ruido:dash,,,,audit_cwd=/var/ossec
ATA035,1,2026-10-01T21:30:28.314Z,victima-linux,80792,3,audit|audit_command,RS2,Audit: Command: /usr/bin/ps.,auto_ruido,auto_ruido:ps,,,,audit_cwd=/var/ossec
ATA035,1,2026-10-01T21:30:28.317Z,victima-linux,80792,3,audit|audit_command,RS2,Audit: Command: /usr/bin/dash.,auto_ruido,auto_ruido:dash,,,,audit_cwd=/var/ossec
ATA035,1,2026-10-01T21:30:28.319Z,victima-linux,80792,3,audit|audit_command,RS2,Audit: Command: /usr/bin/ps.,auto_ruido,auto_ruido:ps,,,,audit_cwd=/var/ossec
ATA035,1,2026-10-01T21:30:28.321Z,victima-linux,80792,3,audit|audit_command,RS2,Audit: Command: /usr/bin/dash.,auto_ruido,auto_ruido:dash,,,,audit_cwd=/var/ossec
ATA035,1,2026-10-01T21:30:28.324Z,victima-linux,80792,3,audit|audit_command,RS2,Audit: Command: /usr/bin/ps.,auto_ruido,auto_ruido:ps,,,,audit_cwd=/var/ossec
ATA035,1,2026-10-01T21:30:28.326Z,victima-linux,80792,3,audit|audit_command,RS2,Audit: Command: /usr/bin/dash.,auto_ruido,auto_ruido:dash,,,,audit_cwd=/var/ossec
ATA035,1,2026-10-01T21:30:28.328Z,victima-linux,80792,3,audit|audit_command,RS2,Audit: Command: /usr/bin/ps.,auto_ruido,auto_ruido:ps,,,,audit_cwd=/var/ossec
ATA035,1,2026-10-01T21:30:28.331Z,victima-linux,80792,3,audit|audit_command,RS2,Audit: Command: /usr/bin/dash.,auto_ruido,auto_ruido:dash,,,,audit_cwd=/var/ossec
ATA035,1,2026-10-01T21:30:28.333Z,victima-linux,80792,3,audit|audit_command,RS2,Audit: Command: /usr/bin/ps.,auto_ruido,auto_ruido:ps,,,,audit_cwd=/var/ossec
ATA035,1,2026-10-01T21:30:28.335Z,victima-linux,80792,3,audit|audit_command,RS2,Audit: Command: /usr/bin/dash.,auto_ruido,auto_ruido:dash,,,,audit_cwd=/var/ossec
ATA035,1,2026-10-01T21:30:28.338Z,victima-linux,80792,3,audit|audit_command,RS2,Audit: Command: /usr/bin/ps.,auto_ruido,auto_ruido:ps,,,,audit_cwd=/var/ossec
ATA035,1,2026-10-01T21:30:28.340Z,victima-linux,80792,3,audit|audit_command,RS2,Audit: Command: /usr/bin/dash.,auto_ruido,auto_ruido:dash,,,,audit_cwd=/var/ossec
ATA035,1,2026-10-01T21:30:28.342Z,victima-linux,80792,3,audit|audit_command,RS2,Audit: Command: /usr/bin/ps.,auto_ruido,auto_ruido:ps,,,,audit_cwd=/var/ossec
ATA035,1,2026-10-01T21:30:28.345Z,victima-linux,80792,3,audit|audit_command,RS2,Audit: Command: /usr/bin/dash.,auto_ruido,auto_ruido:dash,,,,audit_cwd=/var/ossec
ATA035,1,2026-10-01T21:30:28.347Z,victima-linux,80792,3,audit|audit_command,RS2,Audit: Command: /usr/bin/ps.,auto_ruido,auto_ruido:ps,,,,audit_cwd=/var/ossec
ATA035,1,2026-10-01T21:30:28.350Z,victima-linux,80792,3,audit|audit_command,RS2,Audit: Command: /usr/bin/dash.,auto_ruido,auto_ruido:dash,,,,audit_cwd=/var/ossec
ATA035,1,2026-10-01T21:30:28.352Z,victima-linux,80792,3,audit|audit_command,RS2,Audit: Command: /usr/bin/ps.,auto_ruido,auto_ruido:ps,,,,audit_cwd=/var/ossec
ATA035,1,2026-10-01T21:30:28.736Z,victima-linux,80792,3,audit|audit_command,RS2,Audit: Command: /usr/bin/dash.,auto_ruido,auto_ruido:dash,,,,audit_cwd=/var/ossec
ATA035,1,2026-10-01T21:30:28.736Z,victima-linux,80792,3,audit|audit_command,RS2,Audit: Command: /usr/bin/ps.,auto_ruido,auto_ruido:ps,,,,audit_cwd=/var/ossec
ATA035,1,2026-10-01T21:30:28.738Z,victima-linux,80792,3,audit|audit_command,RS2,Audit: Command: /usr/bin/dash.,auto_ruido,auto_ruido:dash,,,,audit_cwd=/var/ossec
ATA035,1,2026-10-01T21:30:28.740Z,victima-linux,80792,3,audit|audit_command,RS2,Audit: Command: /usr/bin/ps.,auto_ruido,auto_ruido:ps,,,,audit_cwd=/var/ossec
ATA035,1,2026-10-01T21:30:28.743Z,victima-linux,80792,3,audit|audit_command,RS2,Audit: Command: /usr/bin/dash.,auto_ruido,auto_ruido:dash,,,,audit_cwd=/var/ossec
ATA035,1,2026-10-01T21:30:28.745Z,victima-linux,80792,3,audit|audit_command,RS2,Audit: Command: /usr/bin/ps.,auto_ruido,auto_ruido:ps,,,,audit_cwd=/var/ossec
ATA035,1,2026-10-01T21:30:28.747Z,victima-linux,80792,3,audit|audit_command,RS2,Audit: Command: /usr/bin/dash.,auto_ruido,auto_ruido:dash,,,,audit_cwd=/var/ossec
ATA035,1,2026-10-01T21:30:28.750Z,victima-linux,80792,3,audit|audit_command,RS2,Audit: Command: /usr/bin/ps.,auto_ruido,auto_ruido:ps,,,,audit_cwd=/var/ossec
ATA035,1,2026-10-01T21:30:28.752Z,victima-linux,80792,3,audit|audit_command,RS2,Audit: Command: /usr/bin/dash.,auto_ruido,auto_ruido:dash,,,,audit_cwd=/var/ossec
ATA035,1,2026-10-01T21:30:28.754Z,victima-linux,80792,3,audit|audit_command,RS2,Audit: Command: /usr/bin/ps.,auto_ruido,auto_ruido:ps,,,,audit_cwd=/var/ossec
ATA035,1,2026-10-01T21:30:28.757Z,victima-linux,80792,3,audit|audit_command,RS2,Audit: Command: /usr/bin/dash.,auto_ruido,auto_ruido:dash,,,,audit_cwd=/var/ossec
ATA035,1,2026-10-01T21:30:28.759Z,victima-linux,80792,3,audit|audit_command,RS2,Audit: Command: /usr/bin/ps.,auto_ruido,auto_ruido:ps,,,,audit_cwd=/var/ossec
ATA035,1,2026-10-01T21:30:28.762Z,victima-linux,80792,3,audit|audit_command,RS2,Audit: Command: /usr/bin/dash.,auto_ruido,auto_ruido:dash,,,,audit_cwd=/var/ossec
ATA035,1,2026-10-01T21:30:28.764Z,victima-linux,80792,3,audit|audit_command,RS2,Audit: Command: /usr/bin/ps.,auto_ruido,auto_ruido:ps,,,,audit_cwd=/var/ossec
ATA035,1,2026-10-01T21:30:30.254Z,victima-linux,80792,3,audit|audit_command,RS2,Audit: Command: /usr/bin/dash.,auto_ruido,auto_ruido:dash,,,,audit_cwd=/var/ossec
ATA035,1,2026-10-01T21:30:30.254Z,victima-linux,80792,3,audit|audit_command,RS2,Audit: Command: /usr/bin/ps.,auto_ruido,auto_ruido:ps,,,,audit_cwd=/var/ossec
ATA035,1,2026-10-01T21:30:30.256Z,victima-linux,80792,3,audit|audit_command,RS2,Audit: Command: /usr/bin/dash.,auto_ruido,auto_ruido:dash,,,,audit_cwd=/var/ossec
ATA035,1,2026-10-01T21:30:30.259Z,victima-linux,80792,3,audit|audit_command,RS2,Audit: Command: /usr/bin/ps.,auto_ruido,auto_ruido:ps,,,,audit_cwd=/var/ossec
ATA035,1,2026-10-01T21:30:30.261Z,victima-linux,80792,3,audit|audit_command,RS2,Audit: Command: /usr/bin/dash.,auto_ruido,auto_ruido:dash,,,,audit_cwd=/var/ossec
ATA035,1,2026-10-01T21:30:30.263Z,victima-linux,80792,3,audit|audit_command,RS2,Audit: Command: /usr/bin/ps.,auto_ruido,auto_ruido:ps,,,,audit_cwd=/var/ossec
ATA035,1,2026-10-01T21:30:30.266Z,victima-linux,80792,3,audit|audit_command,RS2,Audit: Command: /usr/bin/dash.,auto_ruido,auto_ruido:dash,,,,audit_cwd=/var/ossec
ATA035,1,2026-10-01T21:30:30.268Z,victima-linux,80792,3,audit|audit_command,RS2,Audit: Command: /usr/bin/ps.,auto_ruido,auto_ruido:ps,,,,audit_cwd=/var/ossec
ATA035,1,2026-10-01T21:30:30.271Z,victima-linux,80792,3,audit|audit_command,RS2,Audit: Command: /usr/bin/dash.,auto_ruido,auto_ruido:dash,,,,audit_cwd=/var/ossec
ATA035,1,2026-10-01T21:30:30.273Z,victima-linux,80792,3,audit|audit_command,RS2,Audit: Command: /usr/bin/ps.,auto_ruido,auto_ruido:ps,,,,audit_cwd=/var/ossec
ATA035,1,2026-10-01T21:30:30.276Z,victima-linux,80792,3,audit|audit_command,RS2,Audit: Command: /usr/bin/dash.,auto_ruido,auto_ruido:dash,,,,audit_cwd=/var/ossec
ATA035,1,2026-10-01T21:30:30.278Z,victima-linux,80792,3,audit|audit_command,RS2,Audit: Command: /usr/bin/ps.,auto_ruido,auto_ruido:ps,,,,audit_cwd=/var/ossec
ATA035,1,2026-10-01T21:30:30.281Z,victima-linux,80792,3,audit|audit_command,RS2,Audit: Command: /usr/bin/dash.,auto_ruido,auto_ruido:dash,,,,audit_cwd=/var/ossec
ATA035,1,2026-10-01T21:30:30.283Z,victima-linux,80792,3,audit|audit_command,RS2,Audit: Command: /usr/bin/ps.,auto_ruido,auto_ruido:ps,,,,audit_cwd=/var/ossec
ATA035,1,2026-10-01T21:30:30.285Z,victima-linux,80792,3,audit|audit_command,RS2,Audit: Command: /usr/bin/dash.,auto_ruido,auto_ruido:dash,,,,audit_cwd=/var/ossec
ATA035,1,2026-10-01T21:30:30.288Z,victima-linux,80792,3,audit|audit_command,RS2,Audit: Command: /usr/bin/ps.,auto_ruido,auto_ruido:ps,,,,audit_cwd=/var/ossec
ATA035,1,2026-10-01T21:30:30.290Z,victima-linux,80792,3,audit|audit_command,RS2,Audit: Command: /usr/bin/dash.,auto_ruido,auto_ruido:dash,,,,audit_cwd=/var/ossec
ATA035,1,2026-10-01T21:30:30.293Z,victima-linux,80792,3,audit|audit_command,RS2,Audit: Command: /usr/bin/ps.,auto_ruido,auto_ruido:ps,,,,audit_cwd=/var/ossec
ATA035,1,2026-10-01T21:30:30.295Z,victima-linux,80792,3,audit|audit_command,RS2,Audit: Command: /usr/bin/dash.,auto_ruido,auto_ruido:dash,,,,audit_cwd=/var/ossec
ATA035,1,2026-10-01T21:30:30.297Z,victima-linux,80792,3,audit|audit_command,RS2,Audit: Command: /usr/bin/ps.,auto_ruido,auto_ruido:ps,,,,audit_cwd=/var/ossec
ATA035,1,2026-10-01T21:30:30.300Z,victima-linux,80792,3,audit|audit_command,RS2,Audit: Command: /usr/bin/dash.,auto_ruido,auto_ruido:dash,,,,audit_cwd=/var/ossec
ATA035,1,2026-10-01T21:30:30.302Z,victima-linux,80792,3,audit|audit_command,RS2,Audit: Command: /usr/bin/ps.,auto_ruido,auto_ruido:ps,,,,audit_cwd=/var/ossec
ATA035,1,2026-10-01T21:30:30.305Z,victima-linux,80792,3,audit|audit_command,RS2,Audit: Command: /usr/bin/dash.,auto_ruido,auto_ruido:dash,,,,audit_cwd=/var/ossec
ATA035,1,2026-10-01T21:30:30.307Z,victima-linux,80792,3,audit|audit_command,RS2,Audit: Command: /usr/bin/ps.,auto_ruido,auto_ruido:ps,,,,audit_cwd=/var/ossec
ATA035,1,2026-10-01T21:30:30.309Z,victima-linux,80792,3,audit|audit_command,RS2,Audit: Command: /usr/bin/dash.,auto_ruido,auto_ruido:dash,,,,audit_cwd=/var/ossec
ATA035,1,2026-10-01T21:30:30.312Z,victima-linux,80792,3,audit|audit_command,RS2,Audit: Command: /usr/bin/ps.,auto_ruido,auto_ruido:ps,,,,audit_cwd=/var/ossec
ATA035,1,2026-10-01T21:30:30.315Z,victima-linux,80792,3,audit|audit_command,RS2,Audit: Command: /usr/bin/dash.,auto_ruido,auto_ruido:dash,,,,audit_cwd=/var/ossec
ATA035,1,2026-10-01T21:30:30.317Z,victima-linux,80792,3,audit|audit_command,RS2,Audit: Command: /usr/bin/ps.,auto_ruido,auto_ruido:ps,,,,audit_cwd=/var/ossec
ATA035,1,2026-10-01T21:30:30.319Z,victima-linux,80792,3,audit|audit_command,RS2,Audit: Command: /usr/bin/dash.,auto_ruido,auto_ruido:dash,,,,audit_cwd=/var/ossec
ATA035,1,2026-10-01T21:30:30.322Z,victima-linux,80792,3,audit|audit_command,RS2,Audit: Command: /usr/bin/ps.,auto_ruido,auto_ruido:ps,,,,audit_cwd=/var/ossec
ATA035,1,2026-10-01T21:30:30.324Z,victima-linux,80792,3,audit|audit_command,RS2,Audit: Command: /usr/bin/dash.,auto_ruido,auto_ruido:dash,,,,audit_cwd=/var/ossec
ATA035,1,2026-10-01T21:30:30.327Z,victima-linux,80792,3,audit|audit_command,RS2,Audit: Command: /usr/bin/ps.,auto_ruido,auto_ruido:ps,,,,audit_cwd=/var/ossec
ATA035,1,2026-10-01T21:30:30.329Z,victima-linux,80792,3,audit|audit_command,RS2,Audit: Command: /usr/bin/dash.,auto_ruido,auto_ruido:dash,,,,audit_cwd=/var/ossec
ATA035,1,2026-10-01T21:30:30.331Z,victima-linux,80792,3,audit|audit_command,RS2,Audit: Command: /usr/bin/ps.,auto_ruido,auto_ruido:ps,,,,audit_cwd=/var/ossec
ATA035,1,2026-10-01T21:30:30.333Z,victima-linux,80792,3,audit|audit_command,RS2,Audit: Command: /usr/bin/dash.,auto_ruido,auto_ruido:dash,,,,audit_cwd=/var/ossec
ATA035,1,2026-10-01T21:30:30.336Z,victima-linux,80792,3,audit|audit_command,RS2,Audit: Command: /usr/bin/ps.,auto_ruido,auto_ruido:ps,,,,audit_cwd=/var/ossec
ATA035,1,2026-10-01T21:30:30.338Z,victima-linux,80792,3,audit|audit_command,RS2,Audit: Command: /usr/bin/dash.,auto_ruido,auto_ruido:dash,,,,audit_cwd=/var/ossec
ATA035,1,2026-10-01T21:30:30.341Z,victima-linux,80792,3,audit|audit_command,RS2,Audit: Command: /usr/bin/ps.,auto_ruido,auto_ruido:ps,,,,audit_cwd=/var/ossec
ATA035,1,2026-10-01T21:30:30.344Z,victima-linux,80792,3,audit|audit_command,RS2,Audit: Command: /usr/bin/dash.,auto_ruido,auto_ruido:dash,,,,audit_cwd=/var/ossec
ATA035,1,2026-10-01T21:30:30.346Z,victima-linux,80792,3,audit|audit_command,RS2,Audit: Command: /usr/bin/ps.,auto_ruido,auto_ruido:ps,,,,audit_cwd=/var/ossec
ATA035,1,2026-10-01T21:30:30.348Z,victima-linux,80792,3,audit|audit_command,RS2,Audit: Command: /usr/bin/dash.,auto_ruido,auto_ruido:dash,,,,audit_cwd=/var/ossec
ATA035,1,2026-10-01T21:30:30.351Z,victima-linux,80792,3,audit|audit_command,RS2,Audit: Command: /usr/bin/ps.,auto_ruido,auto_ruido:ps,,,,audit_cwd=/var/ossec
ATA035,1,2026-10-01T21:30:30.737Z,victima-linux,80792,3,audit|audit_command,RS2,Audit: Command: /usr/bin/dash.,auto_ruido,auto_ruido:dash,,,,audit_cwd=/var/ossec
ATA035,1,2026-10-01T21:30:30.737Z,victima-linux,80792,3,audit|audit_command,RS2,Audit: Command: /usr/bin/ps.,auto_ruido,auto_ruido:ps,,,,audit_cwd=/var/ossec
ATA035,1,2026-10-01T21:30:30.740Z,victima-linux,80792,3,audit|audit_command,RS2,Audit: Command: /usr/bin/dash.,auto_ruido,auto_ruido:dash,,,,audit_cwd=/var/ossec
ATA035,1,2026-10-01T21:30:30.742Z,victima-linux,80792,3,audit|audit_command,RS2,Audit: Command: /usr/bin/ps.,auto_ruido,auto_ruido:ps,,,,audit_cwd=/var/ossec
ATA035,1,2026-10-01T21:30:30.745Z,victima-linux,80792,3,audit|audit_command,RS2,Audit: Command: /usr/bin/dash.,auto_ruido,auto_ruido:dash,,,,audit_cwd=/var/ossec
ATA035,1,2026-10-01T21:30:30.747Z,victima-linux,80792,3,audit|audit_command,RS2,Audit: Command: /usr/bin/ps.,auto_ruido,auto_ruido:ps,,,,audit_cwd=/var/ossec
ATA035,1,2026-10-01T21:30:30.749Z,victima-linux,80792,3,audit|audit_command,RS2,Audit: Command: /usr/bin/dash.,auto_ruido,auto_ruido:dash,,,,audit_cwd=/var/ossec
ATA035,1,2026-10-01T21:30:30.752Z,victima-linux,80792,3,audit|audit_command,RS2,Audit: Command: /usr/bin/ps.,auto_ruido,auto_ruido:ps,,,,audit_cwd=/var/ossec
ATA035,1,2026-10-01T21:30:30.754Z,victima-linux,80792,3,audit|audit_command,RS2,Audit: Command: /usr/bin/dash.,auto_ruido,auto_ruido:dash,,,,audit_cwd=/var/ossec
ATA035,1,2026-10-01T21:30:30.756Z,victima-linux,80792,3,audit|audit_command,RS2,Audit: Command: /usr/bin/ps.,auto_ruido,auto_ruido:ps,,,,audit_cwd=/var/ossec
ATA035,1,2026-10-01T21:30:30.759Z,victima-linux,80792,3,audit|audit_command,RS2,Audit: Command: /usr/bin/dash.,auto_ruido,auto_ruido:dash,,,,audit_cwd=/var/ossec
ATA035,1,2026-10-01T21:30:30.761Z,victima-linux,80792,3,audit|audit_command,RS2,Audit: Command: /usr/bin/ps.,auto_ruido,auto_ruido:ps,,,,audit_cwd=/var/ossec
ATA035,1,2026-10-01T21:30:30.763Z,victima-linux,80792,3,audit|audit_command,RS2,Audit: Command: /usr/bin/dash.,auto_ruido,auto_ruido:dash,,,,audit_cwd=/var/ossec
ATA035,1,2026-10-01T21:30:30.765Z,victima-linux,80792,3,audit|audit_command,RS2,Audit: Command: /usr/bin/ps.,auto_ruido,auto_ruido:ps,,,,audit_cwd=/var/ossec
ATA035,1,2026-10-01T21:30:32.254Z,victima-linux,80792,3,audit|audit_command,RS2,Audit: Command: /usr/bin/dash.,auto_ruido,auto_ruido:dash,,,,audit_cwd=/var/ossec
ATA035,1,2026-10-01T21:30:32.259Z,victima-linux,80792,3,audit|audit_command,RS2,Audit: Command: /usr/bin/dash.,auto_ruido,auto_ruido:dash,,,,audit_cwd=/var/ossec
ATA035,1,2026-10-01T21:30:32.259Z,victima-linux,80792,3,audit|audit_command,RS2,Audit: Command: /usr/bin/ps.,auto_ruido,auto_ruido:ps,,,,audit_cwd=/var/ossec
ATA035,1,2026-10-01T21:30:32.259Z,victima-linux,80792,3,audit|audit_command,RS2,Audit: Command: /usr/bin/ps.,auto_ruido,auto_ruido:ps,,,,audit_cwd=/var/ossec
ATA035,1,2026-10-01T21:30:32.266Z,victima-linux,80792,3,audit|audit_command,RS2,Audit: Command: /usr/bin/dash.,auto_ruido,auto_ruido:dash,,,,audit_cwd=/var/ossec
ATA035,1,2026-10-01T21:30:32.266Z,victima-linux,80792,3,audit|audit_command,RS2,Audit: Command: /usr/bin/dash.,auto_ruido,auto_ruido:dash,,,,audit_cwd=/var/ossec
ATA035,1,2026-10-01T21:30:32.266Z,victima-linux,80792,3,audit|audit_command,RS2,Audit: Command: /usr/bin/ps.,auto_ruido,auto_ruido:ps,,,,audit_cwd=/var/ossec
ATA035,1,2026-10-01T21:30:32.274Z,victima-linux,80792,3,audit|audit_command,RS2,Audit: Command: /usr/bin/dash.,auto_ruido,auto_ruido:dash,,,,audit_cwd=/var/ossec
ATA035,1,2026-10-01T21:30:32.274Z,victima-linux,80792,3,audit|audit_command,RS2,Audit: Command: /usr/bin/ps.,auto_ruido,auto_ruido:ps,,,,audit_cwd=/var/ossec
ATA035,1,2026-10-01T21:30:32.274Z,victima-linux,80792,3,audit|audit_command,RS2,Audit: Command: /usr/bin/ps.,auto_ruido,auto_ruido:ps,,,,audit_cwd=/var/ossec
ATA035,1,2026-10-01T21:30:32.281Z,victima-linux,80792,3,audit|audit_command,RS2,Audit: Command: /usr/bin/dash.,auto_ruido,auto_ruido:dash,,,,audit_cwd=/var/ossec
ATA035,1,2026-10-01T21:30:32.281Z,victima-linux,80792,3,audit|audit_command,RS2,Audit: Command: /usr/bin/ps.,auto_ruido,auto_ruido:ps,,,,audit_cwd=/var/ossec
ATA035,1,2026-10-01T21:30:32.282Z,victima-linux,80792,3,audit|audit_command,RS2,Audit: Command: /usr/bin/dash.,auto_ruido,auto_ruido:dash,,,,audit_cwd=/var/ossec
ATA035,1,2026-10-01T21:30:32.289Z,victima-linux,80792,3,audit|audit_command,RS2,Audit: Command: /usr/bin/dash.,auto_ruido,auto_ruido:dash,,,,audit_cwd=/var/ossec
ATA035,1,2026-10-01T21:30:32.289Z,victima-linux,80792,3,audit|audit_command,RS2,Audit: Command: /usr/bin/ps.,auto_ruido,auto_ruido:ps,,,,audit_cwd=/var/ossec
ATA035,1,2026-10-01T21:30:32.289Z,victima-linux,80792,3,audit|audit_command,RS2,Audit: Command: /usr/bin/ps.,auto_ruido,auto_ruido:ps,,,,audit_cwd=/var/ossec
ATA035,1,2026-10-01T21:30:32.296Z,victima-linux,80792,3,audit|audit_command,RS2,Audit: Command: /usr/bin/dash.,auto_ruido,auto_ruido:dash,,,,audit_cwd=/var/ossec
ATA035,1,2026-10-01T21:30:32.296Z,victima-linux,80792,3,audit|audit_command,RS2,Audit: Command: /usr/bin/dash.,auto_ruido,auto_ruido:dash,,,,audit_cwd=/var/ossec
ATA035,1,2026-10-01T21:30:32.296Z,victima-linux,80792,3,audit|audit_command,RS2,Audit: Command: /usr/bin/ps.,auto_ruido,auto_ruido:ps,,,,audit_cwd=/var/ossec
ATA035,1,2026-10-01T21:30:32.304Z,victima-linux,80791,3,audit|audit_watch_delete|audit_watch_write,RS2,Audit: Deleted: /run/user/1000/systemd/units/invocation:dbus.socket.,ruido_conocido,baseline,,,,rule_id=80791
ATA035,1,2026-10-01T21:30:32.304Z,victima-linux,80791,3,audit|audit_watch_delete|audit_watch_write,RS2,Audit: Deleted: /run/systemd/users/.,ruido_conocido,baseline,,,,rule_id=80791
ATA035,1,2026-10-01T21:30:32.304Z,victima-linux,80792,3,audit|audit_command,RS2,Audit: Command: /usr/bin/ps.,auto_ruido,auto_ruido:ps,,,,audit_cwd=/var/ossec
ATA035,1,2026-10-01T21:30:32.311Z,victima-linux,80792,3,audit|audit_command,RS2,Audit: Command: /usr/bin/systemctl.,ruido_conocido,baseline,,,,rule_id=80792
ATA035,1,2026-10-01T21:30:32.311Z,victima-linux,80792,3,audit|audit_command,RS2,Audit: Command: /usr/lib/systemd/systemd-executor.,ruido_conocido,baseline,,,,rule_id=80792
ATA035,1,2026-10-01T21:30:32.311Z,victima-linux,80792,3,audit|audit_command,RS2,Audit: Command: /usr/lib/systemd/systemd-executor.,ruido_conocido,baseline,,,,rule_id=80792
ATA035,1,2026-10-01T21:30:32.318Z,victima-linux,80791,3,audit|audit_watch_delete|audit_watch_write,RS2,Audit: Deleted: /run/user/1000/systemd/units/invocation:gpg-agent-ssh.socket.,ruido_conocido,baseline,,,,rule_id=80791
ATA035,1,2026-10-01T21:30:32.318Z,victima-linux,80791,3,audit|audit_watch_delete|audit_watch_write,RS2,Audit: Deleted: init.scope.,ruido_conocido,baseline,,,,rule_id=80791
ATA035,1,2026-10-01T21:30:32.318Z,victima-linux,80792,3,audit|audit_command,RS2,Audit: Command: /usr/bin/systemctl.,ruido_conocido,baseline,,,,rule_id=80792
ATA035,1,2026-10-01T21:30:32.325Z,victima-linux,80791,3,audit|audit_watch_delete|audit_watch_write,RS2,Audit: Deleted: app-snap\x2duserd\x2dautostart@autostart.service.,ruido_conocido,baseline,,,,rule_id=80791
ATA035,1,2026-10-01T21:30:32.325Z,victima-linux,80791,3,audit|audit_watch_delete|audit_watch_write,RS2,Audit: Deleted: app-snap\x2duserd\x2dautostart@autostart.service.,ruido_conocido,baseline,,,,rule_id=80791
ATA035,1,2026-10-01T21:30:32.325Z,victima-linux,80791,3,audit|audit_watch_delete|audit_watch_write,RS2,Audit: Deleted: app-xdg\x2duser\x2ddirs@autostart.service.,ruido_conocido,baseline,,,,rule_id=80791
ATA035,1,2026-10-01T21:30:32.332Z,victima-linux,80791,3,audit|audit_watch_delete|audit_watch_write,RS2,Audit: Deleted: /run/user/1000/systemd/generator.late.,ruido_conocido,baseline,,,,rule_id=80791
ATA035,1,2026-10-01T21:30:32.332Z,victima-linux,80791,3,audit|audit_watch_delete|audit_watch_write,RS2,Audit: Deleted: app-xdg\x2duser\x2ddirs@autostart.service.,ruido_conocido,baseline,,,,rule_id=80791
ATA035,1,2026-10-01T21:30:32.332Z,victima-linux,80791,3,audit|audit_watch_delete|audit_watch_write,RS2,Audit: Deleted: xdg-desktop-autostart.target.wants.,ruido_conocido,baseline,,,,rule_id=80791
ATA035,1,2026-10-01T21:30:32.339Z,victima-linux,80792,3,audit|audit_command,RS2,Audit: Command: /usr/bin/dash.,auto_ruido,auto_ruido:dash,,,,audit_cwd=/var/ossec
ATA035,1,2026-10-01T21:30:32.339Z,victima-linux,80792,3,audit|audit_command,RS2,Audit: Command: /usr/bin/ps.,auto_ruido,auto_ruido:ps,,,,audit_cwd=/var/ossec
ATA035,1,2026-10-01T21:30:32.346Z,victima-linux,80791,3,audit|audit_watch_delete|audit_watch_write,RS2,Audit: Deleted: /run/systemd/users/.,ruido_conocido,baseline,,,,rule_id=80791
ATA035,1,2026-10-01T21:30:32.346Z,victima-linux,80791,3,audit|audit_watch_delete|audit_watch_write,RS2,Audit: Deleted: /run/systemd/users/1000.,ruido_conocido,baseline,,,,rule_id=80791
ATA035,1,2026-10-01T21:30:32.346Z,victima-linux,80792,3,audit|audit_command,RS2,Audit: Command: /usr/lib/systemd/systemd-executor.,ruido_conocido,baseline,,,,rule_id=80792
ATA035,1,2026-10-01T21:30:32.353Z,victima-linux,80791,3,audit|audit_watch_delete|audit_watch_write,RS2,Audit: Deleted: pk-debconf-socket.,ruido_conocido,baseline,,,,rule_id=80791
ATA035,1,2026-10-01T21:30:32.353Z,victima-linux,80791,3,audit|audit_watch_delete|audit_watch_write,RS2,Audit: Deleted: snapd-session-agent.socket.,ruido_conocido,baseline,,,,rule_id=80791
ATA035,1,2026-10-01T21:30:32.353Z,victima-linux,80792,3,audit|audit_command,RS2,Audit: Command: /usr/lib/systemd/systemd-user-runtime-dir.,ruido_conocido,baseline,,,,rule_id=80792
ATA035,1,2026-10-01T21:30:32.361Z,victima-linux,80791,3,audit|audit_watch_delete|audit_watch_write,RS2,Audit: Deleted: S.gpg-agent.,ruido_conocido,baseline,,,,rule_id=80791
ATA035,1,2026-10-01T21:30:32.361Z,victima-linux,80791,3,audit|audit_watch_delete|audit_watch_write,RS2,Audit: Deleted: S.gpg-agent.ssh.,ruido_conocido,baseline,,,,rule_id=80791
ATA035,1,2026-10-01T21:30:32.361Z,victima-linux,80791,3,audit|audit_watch_delete|audit_watch_write,RS2,Audit: Deleted: S.keyboxd.,ruido_conocido,baseline,,,,rule_id=80791
ATA035,1,2026-10-01T21:30:32.368Z,victima-linux,80791,3,audit|audit_watch_delete|audit_watch_write,RS2,Audit: Deleted: S.dirmngr.,ruido_conocido,baseline,,,,rule_id=80791
ATA035,1,2026-10-01T21:30:32.368Z,victima-linux,80791,3,audit|audit_watch_delete|audit_watch_write,RS2,Audit: Deleted: S.gpg-agent.browser.,ruido_conocido,baseline,,,,rule_id=80791
ATA035,1,2026-10-01T21:30:32.368Z,victima-linux,80791,3,audit|audit_watch_delete|audit_watch_write,RS2,Audit: Deleted: S.gpg-agent.extra.,ruido_conocido,baseline,,,,rule_id=80791
ATA035,1,2026-10-01T21:30:32.375Z,victima-linux,80791,3,audit|audit_watch_delete|audit_watch_write,RS2,Audit: Deleted: bus.,ruido_conocido,baseline,,,,rule_id=80791
ATA035,1,2026-10-01T21:30:32.375Z,victima-linux,80791,3,audit|audit_watch_delete|audit_watch_write,RS2,Audit: Deleted: gnupg.,ruido_conocido,baseline,,,,rule_id=80791
ATA035,1,2026-10-01T21:30:32.376Z,victima-linux,80791,3,audit|audit_watch_delete|audit_watch_write,RS2,Audit: Deleted: private.,ruido_conocido,baseline,,,,rule_id=80791
ATA035,1,2026-10-01T21:30:32.382Z,victima-linux,80791,3,audit|audit_watch_delete|audit_watch_write,RS2,Audit: Deleted: notify.,ruido_conocido,baseline,,,,rule_id=80791
ATA035,1,2026-10-01T21:30:32.382Z,victima-linux,80791,3,audit|audit_watch_delete|audit_watch_write,RS2,Audit: Deleted: os-release.,ruido_conocido,baseline,,,,rule_id=80791
ATA035,1,2026-10-01T21:30:32.382Z,victima-linux,80791,3,audit|audit_watch_delete|audit_watch_write,RS2,Audit: Deleted: units.,ruido_conocido,baseline,,,,rule_id=80791
ATA035,1,2026-10-01T21:30:32.389Z,victima-linux,80791,3,audit|audit_watch_delete|audit_watch_write,RS2,Audit: Deleted: .os-release-stage.,ruido_conocido,baseline,,,,rule_id=80791
ATA035,1,2026-10-01T21:30:32.389Z,victima-linux,80791,3,audit|audit_watch_delete|audit_watch_write,RS2,Audit: Deleted: chr.,ruido_conocido,baseline,,,,rule_id=80791
ATA035,1,2026-10-01T21:30:32.389Z,victima-linux,80791,3,audit|audit_watch_delete|audit_watch_write,RS2,Audit: Deleted: propagate.,ruido_conocido,baseline,,,,rule_id=80791
ATA035,1,2026-10-01T21:30:32.396Z,victima-linux,80791,3,audit|audit_watch_delete|audit_watch_write,RS2,Audit: Deleted: dir.,ruido_conocido,baseline,,,,rule_id=80791
ATA035,1,2026-10-01T21:30:32.396Z,victima-linux,80791,3,audit|audit_watch_delete|audit_watch_write,RS2,Audit: Deleted: fifo.,ruido_conocido,baseline,,,,rule_id=80791
ATA035,1,2026-10-01T21:30:32.396Z,victima-linux,80791,3,audit|audit_watch_delete|audit_watch_write,RS2,Audit: Deleted: sock.,ruido_conocido,baseline,,,,rule_id=80791
ATA035,1,2026-10-01T21:30:32.403Z,victima-linux,80791,3,audit|audit_watch_delete|audit_watch_write,RS2,Audit: Deleted: inaccessible.,ruido_conocido,baseline,,,,rule_id=80791
ATA035,1,2026-10-01T21:30:32.403Z,victima-linux,80791,3,audit|audit_watch_delete|audit_watch_write,RS2,Audit: Deleted: reg.,ruido_conocido,baseline,,,,rule_id=80791
ATA035,1,2026-10-01T21:30:32.403Z,victima-linux,80791,3,audit|audit_watch_delete|audit_watch_write,RS2,Audit: Deleted: systemd.,ruido_conocido,baseline,,,,rule_id=80791
ATA035,1,2026-10-01T21:30:32.410Z,victima-linux,80791,3,audit|audit_watch_delete|audit_watch_write,RS2,Audit: Deleted: /run/user/1000.,ruido_conocido,baseline,,,,rule_id=80791
ATA035,1,2026-10-01T21:30:32.410Z,victima-linux,80792,3,audit|audit_command,RS2,Audit: Command: /usr/bin/dash.,auto_ruido,auto_ruido:dash,,,,audit_cwd=/var/ossec
ATA035,1,2026-10-01T21:30:32.417Z,victima-linux,80792,3,audit|audit_command,RS2,Audit: Command: /usr/bin/dash.,auto_ruido,auto_ruido:dash,,,,audit_cwd=/var/ossec
ATA035,1,2026-10-01T21:30:32.417Z,victima-linux,80792,3,audit|audit_command,RS2,Audit: Command: /usr/bin/ps.,auto_ruido,auto_ruido:ps,,,,audit_cwd=/var/ossec
ATA035,1,2026-10-01T21:30:32.417Z,victima-linux,80792,3,audit|audit_command,RS2,Audit: Command: /usr/bin/ps.,auto_ruido,auto_ruido:ps,,,,audit_cwd=/var/ossec
ATA035,1,2026-10-01T21:30:32.424Z,victima-linux,80792,3,audit|audit_command,RS2,Audit: Command: /usr/bin/dash.,auto_ruido,auto_ruido:dash,,,,audit_cwd=/var/ossec
ATA035,1,2026-10-01T21:30:32.424Z,victima-linux,80792,3,audit|audit_command,RS2,Audit: Command: /usr/bin/dash.,auto_ruido,auto_ruido:dash,,,,audit_cwd=/var/ossec
ATA035,1,2026-10-01T21:30:32.424Z,victima-linux,80792,3,audit|audit_command,RS2,Audit: Command: /usr/bin/ps.,auto_ruido,auto_ruido:ps,,,,audit_cwd=/var/ossec
ATA035,1,2026-10-01T21:30:32.432Z,victima-linux,80792,3,audit|audit_command,RS2,Audit: Command: /usr/bin/dash.,auto_ruido,auto_ruido:dash,,,,audit_cwd=/var/ossec
ATA035,1,2026-10-01T21:30:32.432Z,victima-linux,80792,3,audit|audit_command,RS2,Audit: Command: /usr/bin/ps.,auto_ruido,auto_ruido:ps,,,,audit_cwd=/var/ossec
ATA035,1,2026-10-01T21:30:32.432Z,victima-linux,80792,3,audit|audit_command,RS2,Audit: Command: /usr/bin/ps.,auto_ruido,auto_ruido:ps,,,,audit_cwd=/var/ossec
ATA035,1,2026-10-01T21:30:32.439Z,victima-linux,80792,3,audit|audit_command,RS2,Audit: Command: /usr/bin/dash.,auto_ruido,auto_ruido:dash,,,,audit_cwd=/var/ossec
ATA035,1,2026-10-01T21:30:32.439Z,victima-linux,80792,3,audit|audit_command,RS2,Audit: Command: /usr/bin/dash.,auto_ruido,auto_ruido:dash,,,,audit_cwd=/var/ossec
ATA035,1,2026-10-01T21:30:32.439Z,victima-linux,80792,3,audit|audit_command,RS2,Audit: Command: /usr/bin/ps.,auto_ruido,auto_ruido:ps,,,,audit_cwd=/var/ossec
ATA035,1,2026-10-01T21:30:32.447Z,victima-linux,80792,3,audit|audit_command,RS2,Audit: Command: /usr/bin/dash.,auto_ruido,auto_ruido:dash,,,,audit_cwd=/var/ossec
ATA035,1,2026-10-01T21:30:32.447Z,victima-linux,80792,3,audit|audit_command,RS2,Audit: Command: /usr/bin/ps.,auto_ruido,auto_ruido:ps,,,,audit_cwd=/var/ossec
ATA035,1,2026-10-01T21:30:32.447Z,victima-linux,80792,3,audit|audit_command,RS2,Audit: Command: /usr/bin/ps.,auto_ruido,auto_ruido:ps,,,,audit_cwd=/var/ossec
ATA035,1,2026-10-01T21:30:32.454Z,victima-linux,80792,3,audit|audit_command,RS2,Audit: Command: /usr/bin/dash.,auto_ruido,auto_ruido:dash,,,,audit_cwd=/var/ossec
ATA035,1,2026-10-01T21:30:32.454Z,victima-linux,80792,3,audit|audit_command,RS2,Audit: Command: /usr/bin/dash.,auto_ruido,auto_ruido:dash,,,,audit_cwd=/var/ossec
ATA035,1,2026-10-01T21:30:32.454Z,victima-linux,80792,3,audit|audit_command,RS2,Audit: Command: /usr/bin/ps.,auto_ruido,auto_ruido:ps,,,,audit_cwd=/var/ossec
ATA035,1,2026-10-01T21:30:32.495Z,victima-linux,80792,3,audit|audit_command,RS2,Audit: Command: /usr/bin/ps.,auto_ruido,auto_ruido:ps,,,,audit_cwd=/var/ossec
ATA035,1,2026-10-01T21:30:32.790Z,victima-linux,5502,3,pam|syslog,RS1,PAM: Login session closed.,ruido_conocido,sin_campos,,resuelta,ruido,revisor=executor fase-03-repeticiones;fecha=2026-10-01;nota=fila ajena a la deteccion (PAM/sesion del operador); criterio ratificado 2026-09-28
ATA035,1,2026-10-01T21:30:32.811Z,victima-linux,80792,3,audit|audit_command,RS2,Audit: Command: /usr/bin/dash.,auto_ruido,auto_ruido:dash,,,,audit_cwd=/var/ossec
ATA035,1,2026-10-01T21:30:32.813Z,victima-linux,80792,3,audit|audit_command,RS2,Audit: Command: /usr/bin/ps.,auto_ruido,auto_ruido:ps,,,,audit_cwd=/var/ossec
ATA035,1,2026-10-01T21:30:32.816Z,victima-linux,80791,3,audit|audit_watch_delete|audit_watch_write,RS2,Audit: Deleted: var/run/.,auto_ruido,auto_ruido:wazuh-agentd,,,,audit_exe=/var/ossec/bin/wazuh-agentd
ATA035,1,2026-10-01T21:30:32.823Z,victima-linux,80792,3,audit|audit_command,RS2,Audit: Command: /usr/bin/dash.,auto_ruido,auto_ruido:dash,,,,audit_cwd=/var/ossec
ATA035,1,2026-10-01T21:30:32.823Z,victima-linux,80792,3,audit|audit_command,RS2,Audit: Command: /usr/bin/dash.,auto_ruido,auto_ruido:dash,,,,audit_cwd=/var/ossec
ATA035,1,2026-10-01T21:30:32.823Z,victima-linux,80792,3,audit|audit_command,RS2,Audit: Command: /usr/bin/ps.,auto_ruido,auto_ruido:ps,,,,audit_cwd=/var/ossec
ATA035,1,2026-10-01T21:30:32.825Z,victima-linux,80792,3,audit|audit_command,RS2,Audit: Command: /usr/bin/ps.,auto_ruido,auto_ruido:ps,,,,audit_cwd=/var/ossec
ATA035,1,2026-10-01T21:30:32.828Z,victima-linux,80792,3,audit|audit_command,RS2,Audit: Command: /usr/bin/dash.,auto_ruido,auto_ruido:dash,,,,audit_cwd=/var/ossec
ATA035,1,2026-10-01T21:30:32.830Z,victima-linux,80792,3,audit|audit_command,RS2,Audit: Command: /usr/bin/ps.,auto_ruido,auto_ruido:ps,,,,audit_cwd=/var/ossec
ATA035,1,2026-10-01T21:30:32.833Z,victima-linux,80792,3,audit|audit_command,RS2,Audit: Command: /usr/bin/dash.,auto_ruido,auto_ruido:dash,,,,audit_cwd=/var/ossec
ATA035,1,2026-10-01T21:30:32.835Z,victima-linux,80792,3,audit|audit_command,RS2,Audit: Command: /usr/bin/ps.,auto_ruido,auto_ruido:ps,,,,audit_cwd=/var/ossec
ATA035,1,2026-10-01T21:30:32.838Z,victima-linux,80792,3,audit|audit_command,RS2,Audit: Command: /usr/bin/dash.,auto_ruido,auto_ruido:dash,,,,audit_cwd=/var/ossec
ATA035,1,2026-10-01T21:30:32.841Z,victima-linux,80792,3,audit|audit_command,RS2,Audit: Command: /usr/bin/ps.,auto_ruido,auto_ruido:ps,,,,audit_cwd=/var/ossec
ATA035,1,2026-10-01T21:30:32.844Z,victima-linux,80792,3,audit|audit_command,RS2,Audit: Command: /usr/bin/dash.,auto_ruido,auto_ruido:dash,,,,audit_cwd=/var/ossec
ATA035,1,2026-10-01T21:30:32.846Z,victima-linux,80792,3,audit|audit_command,RS2,Audit: Command: /usr/bin/ps.,auto_ruido,auto_ruido:ps,,,,audit_cwd=/var/ossec
ATA035,1,2026-10-01T21:30:34.257Z,victima-linux,80792,3,audit|audit_command,RS2,Audit: Command: /usr/bin/dash.,auto_ruido,auto_ruido:dash,,,,audit_cwd=/var/ossec
ATA035,1,2026-10-01T21:30:34.257Z,victima-linux,80792,3,audit|audit_command,RS2,Audit: Command: /usr/bin/ps.,auto_ruido,auto_ruido:ps,,,,audit_cwd=/var/ossec
ATA035,1,2026-10-01T21:30:34.260Z,victima-linux,80792,3,audit|audit_command,RS2,Audit: Command: /usr/bin/dash.,auto_ruido,auto_ruido:dash,,,,audit_cwd=/var/ossec
ATA035,1,2026-10-01T21:30:34.262Z,victima-linux,80792,3,audit|audit_command,RS2,Audit: Command: /usr/bin/ps.,auto_ruido,auto_ruido:ps,,,,audit_cwd=/var/ossec
ATA035,1,2026-10-01T21:30:34.264Z,victima-linux,80792,3,audit|audit_command,RS2,Audit: Command: /usr/bin/dash.,auto_ruido,auto_ruido:dash,,,,audit_cwd=/var/ossec
ATA035,1,2026-10-01T21:30:34.266Z,victima-linux,80792,3,audit|audit_command,RS2,Audit: Command: /usr/bin/ps.,auto_ruido,auto_ruido:ps,,,,audit_cwd=/var/ossec
ATA035,1,2026-10-01T21:30:34.269Z,victima-linux,80792,3,audit|audit_command,RS2,Audit: Command: /usr/bin/dash.,auto_ruido,auto_ruido:dash,,,,audit_cwd=/var/ossec
ATA035,1,2026-10-01T21:30:34.271Z,victima-linux,80792,3,audit|audit_command,RS2,Audit: Command: /usr/bin/ps.,auto_ruido,auto_ruido:ps,,,,audit_cwd=/var/ossec
ATA035,1,2026-10-01T21:30:34.273Z,victima-linux,80792,3,audit|audit_command,RS2,Audit: Command: /usr/bin/dash.,auto_ruido,auto_ruido:dash,,,,audit_cwd=/var/ossec
ATA035,1,2026-10-01T21:30:34.275Z,victima-linux,80792,3,audit|audit_command,RS2,Audit: Command: /usr/bin/ps.,auto_ruido,auto_ruido:ps,,,,audit_cwd=/var/ossec
ATA035,1,2026-10-01T21:30:34.278Z,victima-linux,80792,3,audit|audit_command,RS2,Audit: Command: /usr/bin/dash.,auto_ruido,auto_ruido:dash,,,,audit_cwd=/var/ossec
ATA035,1,2026-10-01T21:30:34.280Z,victima-linux,80792,3,audit|audit_command,RS2,Audit: Command: /usr/bin/ps.,auto_ruido,auto_ruido:ps,,,,audit_cwd=/var/ossec
ATA035,1,2026-10-01T21:30:34.282Z,victima-linux,80792,3,audit|audit_command,RS2,Audit: Command: /usr/bin/dash.,auto_ruido,auto_ruido:dash,,,,audit_cwd=/var/ossec
ATA035,1,2026-10-01T21:30:34.284Z,victima-linux,80792,3,audit|audit_command,RS2,Audit: Command: /usr/bin/ps.,auto_ruido,auto_ruido:ps,,,,audit_cwd=/var/ossec
ATA035,1,2026-10-01T21:30:34.286Z,victima-linux,80792,3,audit|audit_command,RS2,Audit: Command: /usr/bin/dash.,auto_ruido,auto_ruido:dash,,,,audit_cwd=/var/ossec
ATA035,1,2026-10-01T21:30:34.288Z,victima-linux,80792,3,audit|audit_command,RS2,Audit: Command: /usr/bin/ps.,auto_ruido,auto_ruido:ps,,,,audit_cwd=/var/ossec
ATA035,1,2026-10-01T21:30:34.290Z,victima-linux,80792,3,audit|audit_command,RS2,Audit: Command: /usr/bin/dash.,auto_ruido,auto_ruido:dash,,,,audit_cwd=/var/ossec
ATA035,1,2026-10-01T21:30:34.293Z,victima-linux,80792,3,audit|audit_command,RS2,Audit: Command: /usr/bin/ps.,auto_ruido,auto_ruido:ps,,,,audit_cwd=/var/ossec
ATA035,1,2026-10-01T21:30:34.295Z,victima-linux,80792,3,audit|audit_command,RS2,Audit: Command: /usr/bin/dash.,auto_ruido,auto_ruido:dash,,,,audit_cwd=/var/ossec
ATA035,1,2026-10-01T21:30:34.297Z,victima-linux,80792,3,audit|audit_command,RS2,Audit: Command: /usr/bin/ps.,auto_ruido,auto_ruido:ps,,,,audit_cwd=/var/ossec
ATA035,1,2026-10-01T21:30:34.300Z,victima-linux,80792,3,audit|audit_command,RS2,Audit: Command: /usr/bin/dash.,auto_ruido,auto_ruido:dash,,,,audit_cwd=/var/ossec
ATA035,1,2026-10-01T21:30:34.302Z,victima-linux,80792,3,audit|audit_command,RS2,Audit: Command: /usr/bin/ps.,auto_ruido,auto_ruido:ps,,,,audit_cwd=/var/ossec
ATA035,1,2026-10-01T21:30:34.305Z,victima-linux,80792,3,audit|audit_command,RS2,Audit: Command: /usr/bin/dash.,auto_ruido,auto_ruido:dash,,,,audit_cwd=/var/ossec
ATA035,1,2026-10-01T21:30:34.307Z,victima-linux,80792,3,audit|audit_command,RS2,Audit: Command: /usr/bin/ps.,auto_ruido,auto_ruido:ps,,,,audit_cwd=/var/ossec
ATA035,1,2026-10-01T21:30:34.310Z,victima-linux,80792,3,audit|audit_command,RS2,Audit: Command: /usr/bin/dash.,auto_ruido,auto_ruido:dash,,,,audit_cwd=/var/ossec
ATA035,1,2026-10-01T21:30:34.312Z,victima-linux,80792,3,audit|audit_command,RS2,Audit: Command: /usr/bin/ps.,auto_ruido,auto_ruido:ps,,,,audit_cwd=/var/ossec
ATA035,1,2026-10-01T21:30:34.315Z,victima-linux,80792,3,audit|audit_command,RS2,Audit: Command: /usr/bin/dash.,auto_ruido,auto_ruido:dash,,,,audit_cwd=/var/ossec
ATA035,1,2026-10-01T21:30:34.318Z,victima-linux,80792,3,audit|audit_command,RS2,Audit: Command: /usr/bin/ps.,auto_ruido,auto_ruido:ps,,,,audit_cwd=/var/ossec
ATA035,1,2026-10-01T21:30:34.320Z,victima-linux,80792,3,audit|audit_command,RS2,Audit: Command: /usr/bin/dash.,auto_ruido,auto_ruido:dash,,,,audit_cwd=/var/ossec
ATA035,1,2026-10-01T21:30:34.323Z,victima-linux,80792,3,audit|audit_command,RS2,Audit: Command: /usr/bin/ps.,auto_ruido,auto_ruido:ps,,,,audit_cwd=/var/ossec
ATA035,1,2026-10-01T21:30:34.325Z,victima-linux,80792,3,audit|audit_command,RS2,Audit: Command: /usr/bin/dash.,auto_ruido,auto_ruido:dash,,,,audit_cwd=/var/ossec
ATA035,1,2026-10-01T21:30:34.328Z,victima-linux,80792,3,audit|audit_command,RS2,Audit: Command: /usr/bin/ps.,auto_ruido,auto_ruido:ps,,,,audit_cwd=/var/ossec
ATA035,1,2026-10-01T21:30:34.331Z,victima-linux,80792,3,audit|audit_command,RS2,Audit: Command: /usr/bin/dash.,auto_ruido,auto_ruido:dash,,,,audit_cwd=/var/ossec
ATA035,1,2026-10-01T21:30:34.334Z,victima-linux,80792,3,audit|audit_command,RS2,Audit: Command: /usr/bin/ps.,auto_ruido,auto_ruido:ps,,,,audit_cwd=/var/ossec
ATA035,1,2026-10-01T21:30:34.336Z,victima-linux,80792,3,audit|audit_command,RS2,Audit: Command: /usr/bin/dash.,auto_ruido,auto_ruido:dash,,,,audit_cwd=/var/ossec
ATA035,1,2026-10-01T21:30:34.339Z,victima-linux,80792,3,audit|audit_command,RS2,Audit: Command: /usr/bin/ps.,auto_ruido,auto_ruido:ps,,,,audit_cwd=/var/ossec
ATA035,1,2026-10-01T21:30:34.341Z,victima-linux,80792,3,audit|audit_command,RS2,Audit: Command: /usr/bin/dash.,auto_ruido,auto_ruido:dash,,,,audit_cwd=/var/ossec
ATA035,1,2026-10-01T21:30:34.343Z,victima-linux,80792,3,audit|audit_command,RS2,Audit: Command: /usr/bin/ps.,auto_ruido,auto_ruido:ps,,,,audit_cwd=/var/ossec
ATA035,1,2026-10-01T21:30:34.345Z,victima-linux,80792,3,audit|audit_command,RS2,Audit: Command: /usr/bin/dash.,auto_ruido,auto_ruido:dash,,,,audit_cwd=/var/ossec
ATA035,1,2026-10-01T21:30:34.348Z,victima-linux,80792,3,audit|audit_command,RS2,Audit: Command: /usr/bin/ps.,auto_ruido,auto_ruido:ps,,,,audit_cwd=/var/ossec
ATA035,1,2026-10-01T21:30:34.350Z,victima-linux,80792,3,audit|audit_command,RS2,Audit: Command: /usr/bin/dash.,auto_ruido,auto_ruido:dash,,,,audit_cwd=/var/ossec
ATA035,1,2026-10-01T21:30:34.352Z,victima-linux,80792,3,audit|audit_command,RS2,Audit: Command: /usr/bin/ps.,auto_ruido,auto_ruido:ps,,,,audit_cwd=/var/ossec
ATA035,1,2026-10-01T21:30:34.740Z,victima-linux,80792,3,audit|audit_command,RS2,Audit: Command: /usr/bin/dash.,auto_ruido,auto_ruido:dash,,,,audit_cwd=/var/ossec
ATA035,1,2026-10-01T21:30:34.742Z,victima-linux,80792,3,audit|audit_command,RS2,Audit: Command: /usr/bin/ps.,auto_ruido,auto_ruido:ps,,,,audit_cwd=/var/ossec
ATA035,1,2026-10-01T21:30:34.744Z,victima-linux,80792,3,audit|audit_command,RS2,Audit: Command: /usr/bin/dash.,auto_ruido,auto_ruido:dash,,,,audit_cwd=/var/ossec
ATA035,1,2026-10-01T21:30:34.746Z,victima-linux,80792,3,audit|audit_command,RS2,Audit: Command: /usr/bin/ps.,auto_ruido,auto_ruido:ps,,,,audit_cwd=/var/ossec
ATA035,1,2026-10-01T21:30:34.749Z,victima-linux,80792,3,audit|audit_command,RS2,Audit: Command: /usr/bin/dash.,auto_ruido,auto_ruido:dash,,,,audit_cwd=/var/ossec
ATA035,1,2026-10-01T21:30:34.751Z,victima-linux,80792,3,audit|audit_command,RS2,Audit: Command: /usr/bin/ps.,auto_ruido,auto_ruido:ps,,,,audit_cwd=/var/ossec
ATA035,1,2026-10-01T21:30:34.754Z,victima-linux,80792,3,audit|audit_command,RS2,Audit: Command: /usr/bin/dash.,auto_ruido,auto_ruido:dash,,,,audit_cwd=/var/ossec
ATA035,1,2026-10-01T21:30:34.756Z,victima-linux,80792,3,audit|audit_command,RS2,Audit: Command: /usr/bin/ps.,auto_ruido,auto_ruido:ps,,,,audit_cwd=/var/ossec
ATA035,1,2026-10-01T21:30:34.758Z,victima-linux,80792,3,audit|audit_command,RS2,Audit: Command: /usr/bin/dash.,auto_ruido,auto_ruido:dash,,,,audit_cwd=/var/ossec
ATA035,1,2026-10-01T21:30:34.760Z,victima-linux,80792,3,audit|audit_command,RS2,Audit: Command: /usr/bin/ps.,auto_ruido,auto_ruido:ps,,,,audit_cwd=/var/ossec
ATA035,1,2026-10-01T21:30:34.763Z,victima-linux,80792,3,audit|audit_command,RS2,Audit: Command: /usr/bin/dash.,auto_ruido,auto_ruido:dash,,,,audit_cwd=/var/ossec
ATA035,1,2026-10-01T21:30:34.765Z,victima-linux,80792,3,audit|audit_command,RS2,Audit: Command: /usr/bin/ps.,auto_ruido,auto_ruido:ps,,,,audit_cwd=/var/ossec
ATA035,1,2026-10-01T21:30:36.257Z,victima-linux,80792,3,audit|audit_command,RS2,Audit: Command: /usr/bin/dash.,auto_ruido,auto_ruido:dash,,,,audit_cwd=/var/ossec
ATA035,1,2026-10-01T21:30:36.257Z,victima-linux,80792,3,audit|audit_command,RS2,Audit: Command: /usr/bin/ps.,auto_ruido,auto_ruido:ps,,,,audit_cwd=/var/ossec
ATA035,1,2026-10-01T21:30:36.259Z,victima-linux,80792,3,audit|audit_command,RS2,Audit: Command: /usr/bin/dash.,auto_ruido,auto_ruido:dash,,,,audit_cwd=/var/ossec
ATA035,1,2026-10-01T21:30:36.262Z,victima-linux,80792,3,audit|audit_command,RS2,Audit: Command: /usr/bin/ps.,auto_ruido,auto_ruido:ps,,,,audit_cwd=/var/ossec
ATA035,1,2026-10-01T21:30:36.264Z,victima-linux,80792,3,audit|audit_command,RS2,Audit: Command: /usr/bin/dash.,auto_ruido,auto_ruido:dash,,,,audit_cwd=/var/ossec
ATA035,1,2026-10-01T21:30:36.266Z,victima-linux,80792,3,audit|audit_command,RS2,Audit: Command: /usr/bin/ps.,auto_ruido,auto_ruido:ps,,,,audit_cwd=/var/ossec
ATA035,1,2026-10-01T21:30:36.268Z,victima-linux,80792,3,audit|audit_command,RS2,Audit: Command: /usr/bin/dash.,auto_ruido,auto_ruido:dash,,,,audit_cwd=/var/ossec
ATA035,1,2026-10-01T21:30:36.270Z,victima-linux,80792,3,audit|audit_command,RS2,Audit: Command: /usr/bin/ps.,auto_ruido,auto_ruido:ps,,,,audit_cwd=/var/ossec
ATA035,1,2026-10-01T21:30:36.272Z,victima-linux,80792,3,audit|audit_command,RS2,Audit: Command: /usr/bin/dash.,auto_ruido,auto_ruido:dash,,,,audit_cwd=/var/ossec
ATA035,1,2026-10-01T21:30:36.275Z,victima-linux,80792,3,audit|audit_command,RS2,Audit: Command: /usr/bin/ps.,auto_ruido,auto_ruido:ps,,,,audit_cwd=/var/ossec
ATA035,1,2026-10-01T21:30:36.277Z,victima-linux,80792,3,audit|audit_command,RS2,Audit: Command: /usr/bin/dash.,auto_ruido,auto_ruido:dash,,,,audit_cwd=/var/ossec
ATA035,1,2026-10-01T21:30:36.279Z,victima-linux,80792,3,audit|audit_command,RS2,Audit: Command: /usr/bin/ps.,auto_ruido,auto_ruido:ps,,,,audit_cwd=/var/ossec
ATA035,1,2026-10-01T21:30:36.281Z,victima-linux,80792,3,audit|audit_command,RS2,Audit: Command: /usr/bin/dash.,auto_ruido,auto_ruido:dash,,,,audit_cwd=/var/ossec
ATA035,1,2026-10-01T21:30:36.284Z,victima-linux,80792,3,audit|audit_command,RS2,Audit: Command: /usr/bin/ps.,auto_ruido,auto_ruido:ps,,,,audit_cwd=/var/ossec
ATA035,1,2026-10-01T21:30:36.286Z,victima-linux,80792,3,audit|audit_command,RS2,Audit: Command: /usr/bin/dash.,auto_ruido,auto_ruido:dash,,,,audit_cwd=/var/ossec
ATA035,1,2026-10-01T21:30:36.288Z,victima-linux,80792,3,audit|audit_command,RS2,Audit: Command: /usr/bin/ps.,auto_ruido,auto_ruido:ps,,,,audit_cwd=/var/ossec
ATA035,1,2026-10-01T21:30:36.291Z,victima-linux,80792,3,audit|audit_command,RS2,Audit: Command: /usr/bin/dash.,auto_ruido,auto_ruido:dash,,,,audit_cwd=/var/ossec
ATA035,1,2026-10-01T21:30:36.293Z,victima-linux,80792,3,audit|audit_command,RS2,Audit: Command: /usr/bin/ps.,auto_ruido,auto_ruido:ps,,,,audit_cwd=/var/ossec
ATA035,1,2026-10-01T21:30:36.295Z,victima-linux,80792,3,audit|audit_command,RS2,Audit: Command: /usr/bin/dash.,auto_ruido,auto_ruido:dash,,,,audit_cwd=/var/ossec
ATA035,1,2026-10-01T21:30:36.297Z,victima-linux,80792,3,audit|audit_command,RS2,Audit: Command: /usr/bin/ps.,auto_ruido,auto_ruido:ps,,,,audit_cwd=/var/ossec
ATA035,1,2026-10-01T21:30:36.300Z,victima-linux,80792,3,audit|audit_command,RS2,Audit: Command: /usr/bin/dash.,auto_ruido,auto_ruido:dash,,,,audit_cwd=/var/ossec
ATA035,1,2026-10-01T21:30:36.302Z,victima-linux,80792,3,audit|audit_command,RS2,Audit: Command: /usr/bin/ps.,auto_ruido,auto_ruido:ps,,,,audit_cwd=/var/ossec
ATA035,1,2026-10-01T21:30:36.304Z,victima-linux,80792,3,audit|audit_command,RS2,Audit: Command: /usr/bin/dash.,auto_ruido,auto_ruido:dash,,,,audit_cwd=/var/ossec
ATA035,1,2026-10-01T21:30:36.306Z,victima-linux,80792,3,audit|audit_command,RS2,Audit: Command: /usr/bin/ps.,auto_ruido,auto_ruido:ps,,,,audit_cwd=/var/ossec
ATA035,1,2026-10-01T21:30:36.309Z,victima-linux,80792,3,audit|audit_command,RS2,Audit: Command: /usr/bin/dash.,auto_ruido,auto_ruido:dash,,,,audit_cwd=/var/ossec
ATA035,1,2026-10-01T21:30:36.311Z,victima-linux,80792,3,audit|audit_command,RS2,Audit: Command: /usr/bin/ps.,auto_ruido,auto_ruido:ps,,,,audit_cwd=/var/ossec
ATA035,1,2026-10-01T21:30:36.315Z,victima-linux,80792,3,audit|audit_command,RS2,Audit: Command: /usr/bin/dash.,auto_ruido,auto_ruido:dash,,,,audit_cwd=/var/ossec
ATA035,1,2026-10-01T21:30:36.317Z,victima-linux,80792,3,audit|audit_command,RS2,Audit: Command: /usr/bin/ps.,auto_ruido,auto_ruido:ps,,,,audit_cwd=/var/ossec
ATA035,1,2026-10-01T21:30:36.321Z,victima-linux,80792,3,audit|audit_command,RS2,Audit: Command: /usr/bin/dash.,auto_ruido,auto_ruido:dash,,,,audit_cwd=/var/ossec
ATA035,1,2026-10-01T21:30:36.321Z,victima-linux,80792,3,audit|audit_command,RS2,Audit: Command: /usr/bin/ps.,auto_ruido,auto_ruido:ps,,,,audit_cwd=/var/ossec
ATA035,1,2026-10-01T21:30:36.324Z,victima-linux,80792,3,audit|audit_command,RS2,Audit: Command: /usr/bin/dash.,auto_ruido,auto_ruido:dash,,,,audit_cwd=/var/ossec
ATA035,1,2026-10-01T21:30:36.327Z,victima-linux,80792,3,audit|audit_command,RS2,Audit: Command: /usr/bin/ps.,auto_ruido,auto_ruido:ps,,,,audit_cwd=/var/ossec
ATA035,1,2026-10-01T21:30:36.329Z,victima-linux,80792,3,audit|audit_command,RS2,Audit: Command: /usr/bin/dash.,auto_ruido,auto_ruido:dash,,,,audit_cwd=/var/ossec
ATA035,1,2026-10-01T21:30:36.331Z,victima-linux,80792,3,audit|audit_command,RS2,Audit: Command: /usr/bin/ps.,auto_ruido,auto_ruido:ps,,,,audit_cwd=/var/ossec
ATA035,1,2026-10-01T21:30:36.334Z,victima-linux,80792,3,audit|audit_command,RS2,Audit: Command: /usr/bin/dash.,auto_ruido,auto_ruido:dash,,,,audit_cwd=/var/ossec
ATA035,1,2026-10-01T21:30:36.336Z,victima-linux,80792,3,audit|audit_command,RS2,Audit: Command: /usr/bin/ps.,auto_ruido,auto_ruido:ps,,,,audit_cwd=/var/ossec
ATA035,1,2026-10-01T21:30:36.339Z,victima-linux,80792,3,audit|audit_command,RS2,Audit: Command: /usr/bin/dash.,auto_ruido,auto_ruido:dash,,,,audit_cwd=/var/ossec
ATA035,1,2026-10-01T21:30:36.341Z,victima-linux,80792,3,audit|audit_command,RS2,Audit: Command: /usr/bin/ps.,auto_ruido,auto_ruido:ps,,,,audit_cwd=/var/ossec
ATA035,1,2026-10-01T21:30:36.344Z,victima-linux,80792,3,audit|audit_command,RS2,Audit: Command: /usr/bin/dash.,auto_ruido,auto_ruido:dash,,,,audit_cwd=/var/ossec
ATA035,1,2026-10-01T21:30:36.346Z,victima-linux,80792,3,audit|audit_command,RS2,Audit: Command: /usr/bin/ps.,auto_ruido,auto_ruido:ps,,,,audit_cwd=/var/ossec
ATA035,1,2026-10-01T21:30:36.349Z,victima-linux,80792,3,audit|audit_command,RS2,Audit: Command: /usr/bin/dash.,auto_ruido,auto_ruido:dash,,,,audit_cwd=/var/ossec
ATA035,1,2026-10-01T21:30:36.351Z,victima-linux,80792,3,audit|audit_command,RS2,Audit: Command: /usr/bin/ps.,auto_ruido,auto_ruido:ps,,,,audit_cwd=/var/ossec
ATA035,1,2026-10-01T21:30:36.740Z,victima-linux,80792,3,audit|audit_command,RS2,Audit: Command: /usr/bin/dash.,auto_ruido,auto_ruido:dash,,,,audit_cwd=/var/ossec
ATA035,1,2026-10-01T21:30:36.741Z,victima-linux,80792,3,audit|audit_command,RS2,Audit: Command: /usr/bin/ps.,auto_ruido,auto_ruido:ps,,,,audit_cwd=/var/ossec
ATA035,1,2026-10-01T21:30:36.743Z,victima-linux,80792,3,audit|audit_command,RS2,Audit: Command: /usr/bin/dash.,auto_ruido,auto_ruido:dash,,,,audit_cwd=/var/ossec
ATA035,1,2026-10-01T21:30:36.745Z,victima-linux,80792,3,audit|audit_command,RS2,Audit: Command: /usr/bin/ps.,auto_ruido,auto_ruido:ps,,,,audit_cwd=/var/ossec
ATA035,1,2026-10-01T21:30:36.748Z,victima-linux,80792,3,audit|audit_command,RS2,Audit: Command: /usr/bin/dash.,auto_ruido,auto_ruido:dash,,,,audit_cwd=/var/ossec
ATA035,1,2026-10-01T21:30:36.750Z,victima-linux,80792,3,audit|audit_command,RS2,Audit: Command: /usr/bin/ps.,auto_ruido,auto_ruido:ps,,,,audit_cwd=/var/ossec
ATA035,1,2026-10-01T21:30:36.752Z,victima-linux,80792,3,audit|audit_command,RS2,Audit: Command: /usr/bin/dash.,auto_ruido,auto_ruido:dash,,,,audit_cwd=/var/ossec
ATA035,1,2026-10-01T21:30:36.754Z,victima-linux,80792,3,audit|audit_command,RS2,Audit: Command: /usr/bin/ps.,auto_ruido,auto_ruido:ps,,,,audit_cwd=/var/ossec
ATA035,1,2026-10-01T21:30:36.756Z,victima-linux,80792,3,audit|audit_command,RS2,Audit: Command: /usr/bin/dash.,auto_ruido,auto_ruido:dash,,,,audit_cwd=/var/ossec
ATA035,1,2026-10-01T21:30:36.759Z,victima-linux,80792,3,audit|audit_command,RS2,Audit: Command: /usr/bin/ps.,auto_ruido,auto_ruido:ps,,,,audit_cwd=/var/ossec
ATA035,1,2026-10-01T21:30:36.761Z,victima-linux,80792,3,audit|audit_command,RS2,Audit: Command: /usr/bin/dash.,auto_ruido,auto_ruido:dash,,,,audit_cwd=/var/ossec
ATA035,1,2026-10-01T21:30:36.763Z,victima-linux,80792,3,audit|audit_command,RS2,Audit: Command: /usr/bin/ps.,auto_ruido,auto_ruido:ps,,,,audit_cwd=/var/ossec
ATA035,1,2026-10-01T21:30:38.257Z,victima-linux,80792,3,audit|audit_command,RS2,Audit: Command: /usr/bin/dash.,auto_ruido,auto_ruido:dash,,,,audit_cwd=/var/ossec
ATA035,1,2026-10-01T21:30:38.257Z,victima-linux,80792,3,audit|audit_command,RS2,Audit: Command: /usr/bin/ps.,auto_ruido,auto_ruido:ps,,,,audit_cwd=/var/ossec
ATA035,1,2026-10-01T21:30:38.260Z,victima-linux,80792,3,audit|audit_command,RS2,Audit: Command: /usr/bin/dash.,auto_ruido,auto_ruido:dash,,,,audit_cwd=/var/ossec
ATA035,1,2026-10-01T21:30:38.262Z,victima-linux,80792,3,audit|audit_command,RS2,Audit: Command: /usr/bin/ps.,auto_ruido,auto_ruido:ps,,,,audit_cwd=/var/ossec
ATA035,1,2026-10-01T21:30:38.266Z,victima-linux,80791,3,audit|audit_watch_delete|audit_watch_write,RS2,Audit: Deleted: var/run/.,auto_ruido,auto_ruido:wazuh-agentd,,,,audit_exe=/var/ossec/bin/wazuh-agentd
ATA035,1,2026-10-01T21:30:42.742Z,victima-linux,80791,3,audit|audit_watch_delete|audit_watch_write,RS2,Audit: Deleted: var/run/.,auto_ruido,auto_ruido:wazuh-agentd,,,,audit_exe=/var/ossec/bin/wazuh-agentd
ATA035,1,2026-10-01T21:30:48.261Z,victima-linux,80792,3,audit|audit_command,RS2,Audit: Command: /usr/bin/dash.,auto_ruido,auto_ruido:dash,,,,audit_cwd=/var/ossec
ATA035,1,2026-10-01T21:30:48.261Z,victima-linux,80792,3,audit|audit_command,RS2,Audit: Command: /usr/bin/ps.,auto_ruido,auto_ruido:ps,,,,audit_cwd=/var/ossec
ATA035,1,2026-10-01T21:30:48.263Z,victima-linux,80792,3,audit|audit_command,RS2,Audit: Command: /usr/bin/dash.,auto_ruido,auto_ruido:dash,,,,audit_cwd=/var/ossec
ATA035,1,2026-10-01T21:30:48.265Z,victima-linux,80792,3,audit|audit_command,RS2,Audit: Command: /usr/bin/ps.,auto_ruido,auto_ruido:ps,,,,audit_cwd=/var/ossec
ATA035,1,2026-10-01T21:30:48.268Z,victima-linux,80792,3,audit|audit_command,RS2,Audit: Command: /usr/bin/dash.,auto_ruido,auto_ruido:dash,,,,audit_cwd=/var/ossec
ATA035,1,2026-10-01T21:30:48.270Z,victima-linux,80792,3,audit|audit_command,RS2,Audit: Command: /usr/bin/ps.,auto_ruido,auto_ruido:ps,,,,audit_cwd=/var/ossec
ATA035,1,2026-10-01T21:30:48.273Z,victima-linux,80792,3,audit|audit_command,RS2,Audit: Command: /usr/bin/dash.,auto_ruido,auto_ruido:dash,,,,audit_cwd=/var/ossec
ATA035,1,2026-10-01T21:30:48.275Z,victima-linux,80792,3,audit|audit_command,RS2,Audit: Command: /usr/bin/ps.,auto_ruido,auto_ruido:ps,,,,audit_cwd=/var/ossec
ATA035,1,2026-10-01T21:30:48.278Z,victima-linux,80792,3,audit|audit_command,RS2,Audit: Command: /usr/bin/dash.,auto_ruido,auto_ruido:dash,,,,audit_cwd=/var/ossec
ATA035,1,2026-10-01T21:30:48.280Z,victima-linux,80792,3,audit|audit_command,RS2,Audit: Command: /usr/bin/ps.,auto_ruido,auto_ruido:ps,,,,audit_cwd=/var/ossec
ATA035,1,2026-10-01T21:30:48.283Z,victima-linux,80791,3,audit|audit_watch_delete|audit_watch_write,RS2,Audit: Deleted: var/run/.,auto_ruido,auto_ruido:wazuh-agentd,,,,audit_exe=/var/ossec/bin/wazuh-agentd
ATA035,1,2026-10-01T21:30:48.285Z,victima-linux,80792,3,audit|audit_command,RS2,Audit: Command: /usr/bin/dash.,auto_ruido,auto_ruido:dash,,,,audit_cwd=/var/ossec
ATA035,1,2026-10-01T21:30:48.288Z,victima-linux,80792,3,audit|audit_command,RS2,Audit: Command: /usr/bin/ps.,auto_ruido,auto_ruido:ps,,,,audit_cwd=/var/ossec
ATA035,1,2026-10-01T21:30:48.290Z,victima-linux,80792,3,audit|audit_command,RS2,Audit: Command: /usr/bin/dash.,auto_ruido,auto_ruido:dash,,,,audit_cwd=/var/ossec
ATA035,1,2026-10-01T21:30:48.292Z,victima-linux,80792,3,audit|audit_command,RS2,Audit: Command: /usr/bin/ps.,auto_ruido,auto_ruido:ps,,,,audit_cwd=/var/ossec
ATA035,1,2026-10-01T21:30:48.295Z,victima-linux,80792,3,audit|audit_command,RS2,Audit: Command: /usr/bin/dash.,auto_ruido,auto_ruido:dash,,,,audit_cwd=/var/ossec
ATA035,1,2026-10-01T21:30:48.297Z,victima-linux,80792,3,audit|audit_command,RS2,Audit: Command: /usr/bin/ps.,auto_ruido,auto_ruido:ps,,,,audit_cwd=/var/ossec
ATA035,1,2026-10-01T21:30:48.299Z,victima-linux,80792,3,audit|audit_command,RS2,Audit: Command: /usr/bin/dash.,auto_ruido,auto_ruido:dash,,,,audit_cwd=/var/ossec
ATA035,1,2026-10-01T21:30:48.302Z,victima-linux,80792,3,audit|audit_command,RS2,Audit: Command: /usr/bin/ps.,auto_ruido,auto_ruido:ps,,,,audit_cwd=/var/ossec
ATA035,1,2026-10-01T21:30:48.304Z,victima-linux,80792,3,audit|audit_command,RS2,Audit: Command: /usr/bin/dash.,auto_ruido,auto_ruido:dash,,,,audit_cwd=/var/ossec
ATA035,1,2026-10-01T21:30:48.306Z,victima-linux,80792,3,audit|audit_command,RS2,Audit: Command: /usr/bin/ps.,auto_ruido,auto_ruido:ps,,,,audit_cwd=/var/ossec
ATA035,1,2026-10-01T21:30:48.308Z,victima-linux,80792,3,audit|audit_command,RS2,Audit: Command: /usr/bin/dash.,auto_ruido,auto_ruido:dash,,,,audit_cwd=/var/ossec
ATA035,1,2026-10-01T21:30:48.311Z,victima-linux,80792,3,audit|audit_command,RS2,Audit: Command: /usr/bin/ps.,auto_ruido,auto_ruido:ps,,,,audit_cwd=/var/ossec
ATA035,1,2026-10-01T21:30:48.313Z,victima-linux,80792,3,audit|audit_command,RS2,Audit: Command: /usr/bin/dash.,auto_ruido,auto_ruido:dash,,,,audit_cwd=/var/ossec
ATA035,1,2026-10-01T21:30:48.315Z,victima-linux,80792,3,audit|audit_command,RS2,Audit: Command: /usr/bin/ps.,auto_ruido,auto_ruido:ps,,,,audit_cwd=/var/ossec
ATA035,1,2026-10-01T21:30:48.317Z,victima-linux,80792,3,audit|audit_command,RS2,Audit: Command: /usr/bin/dash.,auto_ruido,auto_ruido:dash,,,,audit_cwd=/var/ossec
ATA035,1,2026-10-01T21:30:48.320Z,victima-linux,80792,3,audit|audit_command,RS2,Audit: Command: /usr/bin/ps.,auto_ruido,auto_ruido:ps,,,,audit_cwd=/var/ossec
ATA035,1,2026-10-01T21:30:48.322Z,victima-linux,80792,3,audit|audit_command,RS2,Audit: Command: /usr/bin/dash.,auto_ruido,auto_ruido:dash,,,,audit_cwd=/var/ossec
ATA035,1,2026-10-01T21:30:48.324Z,victima-linux,80792,3,audit|audit_command,RS2,Audit: Command: /usr/bin/ps.,auto_ruido,auto_ruido:ps,,,,audit_cwd=/var/ossec
ATA035,1,2026-10-01T21:30:48.327Z,victima-linux,80792,3,audit|audit_command,RS2,Audit: Command: /usr/bin/dash.,auto_ruido,auto_ruido:dash,,,,audit_cwd=/var/ossec
ATA035,1,2026-10-01T21:30:48.329Z,victima-linux,80792,3,audit|audit_command,RS2,Audit: Command: /usr/bin/ps.,auto_ruido,auto_ruido:ps,,,,audit_cwd=/var/ossec
ATA035,1,2026-10-01T21:30:48.331Z,victima-linux,80792,3,audit|audit_command,RS2,Audit: Command: /usr/bin/dash.,auto_ruido,auto_ruido:dash,,,,audit_cwd=/var/ossec
ATA035,1,2026-10-01T21:30:48.334Z,victima-linux,80792,3,audit|audit_command,RS2,Audit: Command: /usr/bin/ps.,auto_ruido,auto_ruido:ps,,,,audit_cwd=/var/ossec
ATA035,1,2026-10-01T21:30:48.336Z,victima-linux,80792,3,audit|audit_command,RS2,Audit: Command: /usr/bin/dash.,auto_ruido,auto_ruido:dash,,,,audit_cwd=/var/ossec
ATA035,1,2026-10-01T21:30:48.338Z,victima-linux,80792,3,audit|audit_command,RS2,Audit: Command: /usr/bin/ps.,auto_ruido,auto_ruido:ps,,,,audit_cwd=/var/ossec
ATA035,1,2026-10-01T21:30:48.341Z,victima-linux,80792,3,audit|audit_command,RS2,Audit: Command: /usr/bin/dash.,auto_ruido,auto_ruido:dash,,,,audit_cwd=/var/ossec
ATA035,1,2026-10-01T21:30:48.343Z,victima-linux,80792,3,audit|audit_command,RS2,Audit: Command: /usr/bin/ps.,auto_ruido,auto_ruido:ps,,,,audit_cwd=/var/ossec
ATA035,1,2026-10-01T21:30:48.345Z,victima-linux,80792,3,audit|audit_command,RS2,Audit: Command: /usr/bin/dash.,auto_ruido,auto_ruido:dash,,,,audit_cwd=/var/ossec
ATA035,1,2026-10-01T21:30:48.348Z,victima-linux,80792,3,audit|audit_command,RS2,Audit: Command: /usr/bin/ps.,auto_ruido,auto_ruido:ps,,,,audit_cwd=/var/ossec
ATA035,1,2026-10-01T21:30:48.745Z,victima-linux,80792,3,audit|audit_command,RS2,Audit: Command: /usr/bin/dash.,auto_ruido,auto_ruido:dash,,,,audit_cwd=/var/ossec
ATA035,1,2026-10-01T21:30:48.747Z,victima-linux,80792,3,audit|audit_command,RS2,Audit: Command: /usr/bin/ps.,auto_ruido,auto_ruido:ps,,,,audit_cwd=/var/ossec
ATA035,1,2026-10-01T21:30:48.749Z,victima-linux,80792,3,audit|audit_command,RS2,Audit: Command: /usr/bin/dash.,auto_ruido,auto_ruido:dash,,,,audit_cwd=/var/ossec
ATA035,1,2026-10-01T21:30:48.753Z,victima-linux,80792,3,audit|audit_command,RS2,Audit: Command: /usr/bin/ps.,auto_ruido,auto_ruido:ps,,,,audit_cwd=/var/ossec
ATA035,1,2026-10-01T21:30:48.756Z,victima-linux,80792,3,audit|audit_command,RS2,Audit: Command: /usr/bin/dash.,auto_ruido,auto_ruido:dash,,,,audit_cwd=/var/ossec
ATA035,1,2026-10-01T21:30:48.758Z,victima-linux,80792,3,audit|audit_command,RS2,Audit: Command: /usr/bin/ps.,auto_ruido,auto_ruido:ps,,,,audit_cwd=/var/ossec
ATA035,1,2026-10-01T21:30:48.761Z,victima-linux,80792,3,audit|audit_command,RS2,Audit: Command: /usr/bin/dash.,auto_ruido,auto_ruido:dash,,,,audit_cwd=/var/ossec
ATA035,1,2026-10-01T21:30:48.763Z,victima-linux,80792,3,audit|audit_command,RS2,Audit: Command: /usr/bin/ps.,auto_ruido,auto_ruido:ps,,,,audit_cwd=/var/ossec
ATA035,1,2026-10-01T21:30:48.766Z,victima-linux,80792,3,audit|audit_command,RS2,Audit: Command: /usr/bin/dash.,auto_ruido,auto_ruido:dash,,,,audit_cwd=/var/ossec
ATA035,1,2026-10-01T21:30:48.768Z,victima-linux,80792,3,audit|audit_command,RS2,Audit: Command: /usr/bin/ps.,auto_ruido,auto_ruido:ps,,,,audit_cwd=/var/ossec
ATA035,1,2026-10-01T21:30:48.770Z,victima-linux,80792,3,audit|audit_command,RS2,Audit: Command: /usr/bin/dash.,auto_ruido,auto_ruido:dash,,,,audit_cwd=/var/ossec
ATA035,1,2026-10-01T21:30:48.773Z,victima-linux,80792,3,audit|audit_command,RS2,Audit: Command: /usr/bin/ps.,auto_ruido,auto_ruido:ps,,,,audit_cwd=/var/ossec
ATA035,1,2026-10-01T21:30:48.775Z,victima-linux,80792,3,audit|audit_command,RS2,Audit: Command: /usr/bin/dash.,auto_ruido,auto_ruido:dash,,,,audit_cwd=/var/ossec
ATA035,1,2026-10-01T21:30:48.778Z,victima-linux,80792,3,audit|audit_command,RS2,Audit: Command: /usr/bin/ps.,auto_ruido,auto_ruido:ps,,,,audit_cwd=/var/ossec
ATA035,1,2026-10-01T21:30:50.261Z,victima-linux,80792,3,audit|audit_command,RS2,Audit: Command: /usr/bin/dash.,auto_ruido,auto_ruido:dash,,,,audit_cwd=/var/ossec
ATA035,1,2026-10-01T21:30:50.261Z,victima-linux,80792,3,audit|audit_command,RS2,Audit: Command: /usr/bin/ps.,auto_ruido,auto_ruido:ps,,,,audit_cwd=/var/ossec
ATA035,1,2026-10-01T21:30:50.264Z,victima-linux,80792,3,audit|audit_command,RS2,Audit: Command: /usr/bin/dash.,auto_ruido,auto_ruido:dash,,,,audit_cwd=/var/ossec
ATA035,1,2026-10-01T21:30:50.266Z,victima-linux,80792,3,audit|audit_command,RS2,Audit: Command: /usr/bin/ps.,auto_ruido,auto_ruido:ps,,,,audit_cwd=/var/ossec
ATA035,1,2026-10-01T21:30:50.268Z,victima-linux,80792,3,audit|audit_command,RS2,Audit: Command: /usr/bin/dash.,auto_ruido,auto_ruido:dash,,,,audit_cwd=/var/ossec
ATA035,1,2026-10-01T21:30:50.270Z,victima-linux,80792,3,audit|audit_command,RS2,Audit: Command: /usr/bin/ps.,auto_ruido,auto_ruido:ps,,,,audit_cwd=/var/ossec
ATA035,1,2026-10-01T21:30:50.273Z,victima-linux,80792,3,audit|audit_command,RS2,Audit: Command: /usr/bin/dash.,auto_ruido,auto_ruido:dash,,,,audit_cwd=/var/ossec
ATA035,1,2026-10-01T21:30:50.275Z,victima-linux,80792,3,audit|audit_command,RS2,Audit: Command: /usr/bin/ps.,auto_ruido,auto_ruido:ps,,,,audit_cwd=/var/ossec
ATA035,1,2026-10-01T21:30:50.278Z,victima-linux,80792,3,audit|audit_command,RS2,Audit: Command: /usr/bin/dash.,auto_ruido,auto_ruido:dash,,,,audit_cwd=/var/ossec
ATA035,1,2026-10-01T21:30:50.280Z,victima-linux,80792,3,audit|audit_command,RS2,Audit: Command: /usr/bin/ps.,auto_ruido,auto_ruido:ps,,,,audit_cwd=/var/ossec
ATA035,1,2026-10-01T21:30:50.282Z,victima-linux,80792,3,audit|audit_command,RS2,Audit: Command: /usr/bin/dash.,auto_ruido,auto_ruido:dash,,,,audit_cwd=/var/ossec
ATA035,1,2026-10-01T21:30:50.285Z,victima-linux,80792,3,audit|audit_command,RS2,Audit: Command: /usr/bin/ps.,auto_ruido,auto_ruido:ps,,,,audit_cwd=/var/ossec
ATA035,1,2026-10-01T21:30:50.287Z,victima-linux,80792,3,audit|audit_command,RS2,Audit: Command: /usr/bin/dash.,auto_ruido,auto_ruido:dash,,,,audit_cwd=/var/ossec
ATA035,1,2026-10-01T21:30:50.289Z,victima-linux,80792,3,audit|audit_command,RS2,Audit: Command: /usr/bin/ps.,auto_ruido,auto_ruido:ps,,,,audit_cwd=/var/ossec
ATA035,1,2026-10-01T21:30:50.291Z,victima-linux,80792,3,audit|audit_command,RS2,Audit: Command: /usr/bin/dash.,auto_ruido,auto_ruido:dash,,,,audit_cwd=/var/ossec
ATA035,1,2026-10-01T21:30:50.293Z,victima-linux,80792,3,audit|audit_command,RS2,Audit: Command: /usr/bin/ps.,auto_ruido,auto_ruido:ps,,,,audit_cwd=/var/ossec
ATA035,1,2026-10-01T21:30:50.296Z,victima-linux,80792,3,audit|audit_command,RS2,Audit: Command: /usr/bin/dash.,auto_ruido,auto_ruido:dash,,,,audit_cwd=/var/ossec
ATA035,1,2026-10-01T21:30:50.298Z,victima-linux,80792,3,audit|audit_command,RS2,Audit: Command: /usr/bin/ps.,auto_ruido,auto_ruido:ps,,,,audit_cwd=/var/ossec
ATA035,1,2026-10-01T21:30:50.300Z,victima-linux,80792,3,audit|audit_command,RS2,Audit: Command: /usr/bin/dash.,auto_ruido,auto_ruido:dash,,,,audit_cwd=/var/ossec
ATA035,1,2026-10-01T21:30:50.302Z,victima-linux,80792,3,audit|audit_command,RS2,Audit: Command: /usr/bin/ps.,auto_ruido,auto_ruido:ps,,,,audit_cwd=/var/ossec
ATA035,1,2026-10-01T21:30:50.304Z,victima-linux,80792,3,audit|audit_command,RS2,Audit: Command: /usr/bin/dash.,auto_ruido,auto_ruido:dash,,,,audit_cwd=/var/ossec
ATA035,1,2026-10-01T21:30:50.307Z,victima-linux,80792,3,audit|audit_command,RS2,Audit: Command: /usr/bin/ps.,auto_ruido,auto_ruido:ps,,,,audit_cwd=/var/ossec
ATA035,1,2026-10-01T21:30:50.309Z,victima-linux,80792,3,audit|audit_command,RS2,Audit: Command: /usr/bin/dash.,auto_ruido,auto_ruido:dash,,,,audit_cwd=/var/ossec
ATA035,1,2026-10-01T21:30:50.312Z,victima-linux,80792,3,audit|audit_command,RS2,Audit: Command: /usr/bin/ps.,auto_ruido,auto_ruido:ps,,,,audit_cwd=/var/ossec
ATA035,1,2026-10-01T21:30:50.314Z,victima-linux,80792,3,audit|audit_command,RS2,Audit: Command: /usr/bin/dash.,auto_ruido,auto_ruido:dash,,,,audit_cwd=/var/ossec
ATA035,1,2026-10-01T21:30:50.316Z,victima-linux,80792,3,audit|audit_command,RS2,Audit: Command: /usr/bin/ps.,auto_ruido,auto_ruido:ps,,,,audit_cwd=/var/ossec
ATA035,1,2026-10-01T21:30:50.319Z,victima-linux,80792,3,audit|audit_command,RS2,Audit: Command: /usr/bin/dash.,auto_ruido,auto_ruido:dash,,,,audit_cwd=/var/ossec
ATA035,1,2026-10-01T21:30:50.321Z,victima-linux,80792,3,audit|audit_command,RS2,Audit: Command: /usr/bin/ps.,auto_ruido,auto_ruido:ps,,,,audit_cwd=/var/ossec
ATA035,1,2026-10-01T21:30:50.324Z,victima-linux,80792,3,audit|audit_command,RS2,Audit: Command: /usr/bin/dash.,auto_ruido,auto_ruido:dash,,,,audit_cwd=/var/ossec
ATA035,1,2026-10-01T21:30:50.326Z,victima-linux,80792,3,audit|audit_command,RS2,Audit: Command: /usr/bin/ps.,auto_ruido,auto_ruido:ps,,,,audit_cwd=/var/ossec
ATA035,1,2026-10-01T21:30:50.329Z,victima-linux,80792,3,audit|audit_command,RS2,Audit: Command: /usr/bin/dash.,auto_ruido,auto_ruido:dash,,,,audit_cwd=/var/ossec
ATA035,1,2026-10-01T21:30:50.331Z,victima-linux,80792,3,audit|audit_command,RS2,Audit: Command: /usr/bin/ps.,auto_ruido,auto_ruido:ps,,,,audit_cwd=/var/ossec
ATA035,1,2026-10-01T21:30:50.334Z,victima-linux,80792,3,audit|audit_command,RS2,Audit: Command: /usr/bin/dash.,auto_ruido,auto_ruido:dash,,,,audit_cwd=/var/ossec
ATA035,1,2026-10-01T21:30:50.336Z,victima-linux,80792,3,audit|audit_command,RS2,Audit: Command: /usr/bin/ps.,auto_ruido,auto_ruido:ps,,,,audit_cwd=/var/ossec
ATA035,1,2026-10-01T21:30:50.338Z,victima-linux,80792,3,audit|audit_command,RS2,Audit: Command: /usr/bin/dash.,auto_ruido,auto_ruido:dash,,,,audit_cwd=/var/ossec
ATA035,1,2026-10-01T21:30:50.341Z,victima-linux,80792,3,audit|audit_command,RS2,Audit: Command: /usr/bin/ps.,auto_ruido,auto_ruido:ps,,,,audit_cwd=/var/ossec
ATA035,1,2026-10-01T21:30:50.343Z,victima-linux,80792,3,audit|audit_command,RS2,Audit: Command: /usr/bin/dash.,auto_ruido,auto_ruido:dash,,,,audit_cwd=/var/ossec
ATA035,1,2026-10-01T21:30:50.345Z,victima-linux,80792,3,audit|audit_command,RS2,Audit: Command: /usr/bin/ps.,auto_ruido,auto_ruido:ps,,,,audit_cwd=/var/ossec
ATA035,1,2026-10-01T21:30:50.348Z,victima-linux,80792,3,audit|audit_command,RS2,Audit: Command: /usr/bin/dash.,auto_ruido,auto_ruido:dash,,,,audit_cwd=/var/ossec
ATA035,1,2026-10-01T21:30:50.350Z,victima-linux,80792,3,audit|audit_command,RS2,Audit: Command: /usr/bin/ps.,auto_ruido,auto_ruido:ps,,,,audit_cwd=/var/ossec
ATA035,1,2026-10-01T21:30:50.352Z,victima-linux,80792,3,audit|audit_command,RS2,Audit: Command: /usr/bin/dash.,auto_ruido,auto_ruido:dash,,,,audit_cwd=/var/ossec
ATA035,1,2026-10-01T21:30:50.355Z,victima-linux,80792,3,audit|audit_command,RS2,Audit: Command: /usr/bin/ps.,auto_ruido,auto_ruido:ps,,,,audit_cwd=/var/ossec
ATA035,1,2026-10-01T21:30:50.357Z,victima-linux,80792,3,audit|audit_command,RS2,Audit: Command: /usr/bin/dash.,auto_ruido,auto_ruido:dash,,,,audit_cwd=/var/ossec
ATA035,1,2026-10-01T21:30:50.359Z,victima-linux,80792,3,audit|audit_command,RS2,Audit: Command: /usr/bin/ps.,auto_ruido,auto_ruido:ps,,,,audit_cwd=/var/ossec
ATA035,1,2026-10-01T21:30:50.361Z,victima-linux,80792,3,audit|audit_command,RS2,Audit: Command: /usr/bin/dash.,auto_ruido,auto_ruido:dash,,,,audit_cwd=/var/ossec
ATA035,1,2026-10-01T21:30:50.363Z,victima-linux,80792,3,audit|audit_command,RS2,Audit: Command: /usr/bin/ps.,auto_ruido,auto_ruido:ps,,,,audit_cwd=/var/ossec
ATA035,1,2026-10-01T21:30:50.745Z,victima-linux,80792,3,audit|audit_command,RS2,Audit: Command: /usr/bin/dash.,auto_ruido,auto_ruido:dash,,,,audit_cwd=/var/ossec
ATA035,1,2026-10-01T21:30:50.745Z,victima-linux,80792,3,audit|audit_command,RS2,Audit: Command: /usr/bin/ps.,auto_ruido,auto_ruido:ps,,,,audit_cwd=/var/ossec
ATA035,1,2026-10-01T21:30:50.747Z,victima-linux,80792,3,audit|audit_command,RS2,Audit: Command: /usr/bin/dash.,auto_ruido,auto_ruido:dash,,,,audit_cwd=/var/ossec
ATA035,1,2026-10-01T21:30:50.749Z,victima-linux,80792,3,audit|audit_command,RS2,Audit: Command: /usr/bin/ps.,auto_ruido,auto_ruido:ps,,,,audit_cwd=/var/ossec
ATA035,1,2026-10-01T21:30:50.751Z,victima-linux,80792,3,audit|audit_command,RS2,Audit: Command: /usr/bin/dash.,auto_ruido,auto_ruido:dash,,,,audit_cwd=/var/ossec
ATA035,1,2026-10-01T21:30:50.754Z,victima-linux,80792,3,audit|audit_command,RS2,Audit: Command: /usr/bin/ps.,auto_ruido,auto_ruido:ps,,,,audit_cwd=/var/ossec
ATA035,1,2026-10-01T21:30:50.756Z,victima-linux,80792,3,audit|audit_command,RS2,Audit: Command: /usr/bin/dash.,auto_ruido,auto_ruido:dash,,,,audit_cwd=/var/ossec
ATA035,1,2026-10-01T21:30:50.758Z,victima-linux,80792,3,audit|audit_command,RS2,Audit: Command: /usr/bin/ps.,auto_ruido,auto_ruido:ps,,,,audit_cwd=/var/ossec
ATA035,1,2026-10-01T21:30:50.761Z,victima-linux,80792,3,audit|audit_command,RS2,Audit: Command: /usr/bin/dash.,auto_ruido,auto_ruido:dash,,,,audit_cwd=/var/ossec
ATA035,1,2026-10-01T21:30:50.763Z,victima-linux,80792,3,audit|audit_command,RS2,Audit: Command: /usr/bin/ps.,auto_ruido,auto_ruido:ps,,,,audit_cwd=/var/ossec
ATA035,1,2026-10-01T21:30:50.765Z,victima-linux,80792,3,audit|audit_command,RS2,Audit: Command: /usr/bin/dash.,auto_ruido,auto_ruido:dash,,,,audit_cwd=/var/ossec
ATA035,1,2026-10-01T21:30:50.768Z,victima-linux,80792,3,audit|audit_command,RS2,Audit: Command: /usr/bin/ps.,auto_ruido,auto_ruido:ps,,,,audit_cwd=/var/ossec
ATA035,1,2026-10-01T21:30:50.770Z,victima-linux,80792,3,audit|audit_command,RS2,Audit: Command: /usr/bin/dash.,auto_ruido,auto_ruido:dash,,,,audit_cwd=/var/ossec
ATA035,1,2026-10-01T21:30:50.772Z,victima-linux,80792,3,audit|audit_command,RS2,Audit: Command: /usr/bin/ps.,auto_ruido,auto_ruido:ps,,,,audit_cwd=/var/ossec
