# ATA023_iter1-Audited.csv | TFG HIDS - Fase 3 A2.1 (R-09/R-13) | ata=ATA023 iter=1 | modo=ataque | alerta=Dataset/Ataques/Resultados/Wazuh/linux/CSV/ATA023_iter1-Detalle.csv sha256=e3856fcfbba0f684cc52bd81290fce39b7a7495ab7f1cbfbf3afc0d1a6f6b988 | catalogo=Dataset/Legitimo/ruleids_legitimos.csv sha256=388dce2f0a3c51e8dcb5583a393a25d4b9483e35881701817bc1d3bd41561be8 | esperado=Dataset/Ataques/Comandos\T1496.002-Bandwidth_Hijacking\ATA023_esperado.csv sha256=41142efb43a2be4ecafba64cc8618a6d316715bf734201c5a09b0ae804583cfb | revision=Dataset/Ataques/Resultados/Wazuh/linux/Auditado/ATA023_iter1-Revision.csv sha256=e32c1b34500995e194c952694b58e7273d6ddd6f766a57ae99a316977ef25a51 | conteos: filas=886 deteccion=2 auto_ruido=622 ruido_conocido=257 dudosa=0 artefacto_ataque=5 | columnas: ata_id,iter,timestamp_utc,agent_name,rule_id,rule_level,rule_groups,rs_origen,rule_description,categoria,motivo,atribucion,revision,veredicto_humano,evidencia
ata_id,iter,timestamp_utc,agent_name,rule_id,rule_level,rule_groups,rs_origen,rule_description,categoria,motivo,atribucion,revision,veredicto_humano,evidencia
ATA023,1,2026-09-29T02:02:46.321Z,victima-linux,80792,3,audit|audit_command,RS2,Audit: Command: /usr/sbin/sshd.,ruido_conocido,baseline,,,,rule_id=80792
ATA023,1,2026-09-29T02:02:46.325Z,victima-linux,80780,3,audit|audit_watch_write,RS2,Audit: Watch - Write access.,ruido_conocido,baseline,,,,rule_id=80780
ATA023,1,2026-09-29T02:02:46.331Z,victima-linux,80791,3,audit|audit_watch_delete|audit_watch_write,RS2,Audit: Deleted: /run/systemd/sessions/.,ruido_conocido,baseline,,,,rule_id=80791
ATA023,1,2026-09-29T02:02:46.333Z,victima-linux,80791,3,audit|audit_watch_delete|audit_watch_write,RS2,Audit: Deleted: /run/systemd/users/.,ruido_conocido,baseline,,,,rule_id=80791
ATA023,1,2026-09-29T02:02:46.336Z,victima-linux,80791,3,audit|audit_watch_delete|audit_watch_write,RS2,Audit: Deleted: /run/systemd/sessions/.,ruido_conocido,baseline,,,,rule_id=80791
ATA023,1,2026-09-29T02:02:46.338Z,victima-linux,80791,3,audit|audit_watch_delete|audit_watch_write,RS2,Audit: Deleted: /run/systemd/sessions/.,ruido_conocido,baseline,,,,rule_id=80791
ATA023,1,2026-09-29T02:02:46.341Z,victima-linux,80791,3,audit|audit_watch_delete|audit_watch_write,RS2,Audit: Deleted: /run/systemd/users/.,ruido_conocido,baseline,,,,rule_id=80791
ATA023,1,2026-09-29T02:02:46.343Z,victima-linux,80792,3,audit|audit_command,RS2,Audit: Command: /usr/bin/dash.,ruido_conocido,baseline,,,,rule_id=80792
ATA023,1,2026-09-29T02:02:46.346Z,victima-linux,80792,3,audit|audit_command,RS2,Audit: Command: /usr/bin/env.,ruido_conocido,baseline,,,,rule_id=80792
ATA023,1,2026-09-29T02:02:46.348Z,victima-linux,80792,3,audit|audit_command,RS2,Audit: Command: /usr/bin/env.,ruido_conocido,baseline,,,,rule_id=80792
ATA023,1,2026-09-29T02:02:46.350Z,victima-linux,80792,3,audit|audit_command,RS2,Audit: Command: /usr/bin/env.,ruido_conocido,baseline,,,,rule_id=80792
ATA023,1,2026-09-29T02:02:46.353Z,victima-linux,80792,3,audit|audit_command,RS2,Audit: Command: /usr/bin/env.,ruido_conocido,baseline,,,,rule_id=80792
ATA023,1,2026-09-29T02:02:46.355Z,victima-linux,80792,3,audit|audit_command,RS2,Audit: Command: /usr/bin/run-parts.,ruido_conocido,baseline,,,,rule_id=80792
ATA023,1,2026-09-29T02:02:46.357Z,victima-linux,80792,3,audit|audit_command,RS2,Audit: Command: /usr/bin/dash.,ruido_conocido,baseline,,,,rule_id=80792
ATA023,1,2026-09-29T02:02:46.360Z,victima-linux,80792,3,audit|audit_command,RS2,Audit: Command: /usr/bin/uname.,ruido_conocido,baseline,,,,rule_id=80792
ATA023,1,2026-09-29T02:02:46.362Z,victima-linux,80792,3,audit|audit_command,RS2,Audit: Command: /usr/bin/uname.,ruido_conocido,baseline,,,,rule_id=80792
ATA023,1,2026-09-29T02:02:46.369Z,victima-linux,80792,3,audit|audit_command,RS2,Audit: Command: /usr/bin/dash.,ruido_conocido,baseline,,,,rule_id=80792
ATA023,1,2026-09-29T02:02:46.369Z,victima-linux,80792,3,audit|audit_command,RS2,Audit: Command: /usr/bin/dash.,ruido_conocido,baseline,,,,rule_id=80792
ATA023,1,2026-09-29T02:02:46.369Z,victima-linux,80792,3,audit|audit_command,RS2,Audit: Command: /usr/bin/uname.,ruido_conocido,baseline,,,,rule_id=80792
ATA023,1,2026-09-29T02:02:46.371Z,victima-linux,80792,3,audit|audit_command,RS2,Audit: Command: /usr/bin/find.,ruido_conocido,baseline,,,,rule_id=80792
ATA023,1,2026-09-29T02:02:46.374Z,victima-linux,80792,3,audit|audit_command,RS2,Audit: Command: /usr/bin/cat.,ruido_conocido,baseline,,,,rule_id=80792
ATA023,1,2026-09-29T02:02:46.376Z,victima-linux,80792,3,audit|audit_command,RS2,Audit: Command: /usr/bin/dash.,ruido_conocido,baseline,,,,rule_id=80792
ATA023,1,2026-09-29T02:02:46.378Z,victima-linux,80792,3,audit|audit_command,RS2,Audit: Command: /usr/bin/cat.,ruido_conocido,baseline,,,,rule_id=80792
ATA023,1,2026-09-29T02:02:46.380Z,victima-linux,80792,3,audit|audit_command,RS2,Audit: Command: /usr/bin/head.,ruido_conocido,sin_ancla:T1496.002-S2,T1496.002|Process Creation,resuelta,ruido,audit_cwd=;revisor=executor ampliacion tanda B;fecha=2026-09-29;nota=ajena al ataque (churn del operador: login SSH/PAM) — criterio ratificado 2026-09-28; fuera de la carpeta del ataque
ATA023,1,2026-09-29T02:02:46.383Z,victima-linux,80792,3,audit|audit_command,RS2,Audit: Command: /usr/bin/cut.,ruido_conocido,baseline,,,,rule_id=80792
ATA023,1,2026-09-29T02:02:46.386Z,victima-linux,80792,3,audit|audit_command,RS2,Audit: Command: /usr/bin/tr.,ruido_conocido,baseline,,,,rule_id=80792
ATA023,1,2026-09-29T02:02:46.392Z,victima-linux,80792,3,audit|audit_command,RS2,Audit: Command: /usr/bin/dash.,ruido_conocido,baseline,,,,rule_id=80792
ATA023,1,2026-09-29T02:02:46.395Z,victima-linux,80792,3,audit|audit_command,RS2,Audit: Command: /usr/bin/dash.,ruido_conocido,baseline,,,,rule_id=80792
ATA023,1,2026-09-29T02:02:46.397Z,victima-linux,80792,3,audit|audit_command,RS2,Audit: Command: /usr/bin/cat.,ruido_conocido,baseline,,,,rule_id=80792
ATA023,1,2026-09-29T02:02:46.399Z,victima-linux,80792,3,audit|audit_command,RS2,Audit: Command: /usr/bin/find.,ruido_conocido,baseline,,,,rule_id=80792
ATA023,1,2026-09-29T02:02:46.403Z,victima-linux,80792,3,audit|audit_command,RS2,Audit: Command: /usr/bin/grep.,ruido_conocido,baseline,,,,rule_id=80792
ATA023,1,2026-09-29T02:02:46.405Z,victima-linux,80792,3,audit|audit_command,RS2,Audit: Command: /usr/bin/dash.,ruido_conocido,baseline,,,,rule_id=80792
ATA023,1,2026-09-29T02:02:46.407Z,victima-linux,80792,3,audit|audit_command,RS2,Audit: Command: /usr/bin/dash.,ruido_conocido,baseline,,,,rule_id=80792
ATA023,1,2026-09-29T02:02:46.409Z,victima-linux,80792,3,audit|audit_command,RS2,Audit: Command: /usr/bin/cut.,ruido_conocido,baseline,,,,rule_id=80792
ATA023,1,2026-09-29T02:02:46.411Z,victima-linux,80792,3,audit|audit_command,RS2,Audit: Command: /usr/bin/id.,ruido_conocido,baseline,,,,rule_id=80792
ATA023,1,2026-09-29T02:02:46.416Z,victima-linux,80792,3,audit|audit_command,RS2,Audit: Command: /usr/bin/dash.,ruido_conocido,baseline,,,,rule_id=80792
ATA023,1,2026-09-29T02:02:46.418Z,victima-linux,80792,3,audit|audit_command,RS2,Audit: Command: /usr/bin/date.,ruido_conocido,baseline,,,,rule_id=80792
ATA023,1,2026-09-29T02:02:46.420Z,victima-linux,80792,3,audit|audit_command,RS2,Audit: Command: /usr/bin/stat.,ruido_conocido,baseline,,,,rule_id=80792
ATA023,1,2026-09-29T02:02:46.422Z,victima-linux,80792,3,audit|audit_command,RS2,Audit: Command: /usr/bin/expr.,ruido_conocido,baseline,,,,rule_id=80792
ATA023,1,2026-09-29T02:02:46.425Z,victima-linux,80792,3,audit|audit_command,RS2,Audit: Command: /usr/bin/dash.,ruido_conocido,baseline,,,,rule_id=80792
ATA023,1,2026-09-29T02:02:46.427Z,victima-linux,80792,3,audit|audit_command,RS2,Audit: Command: /usr/bin/dash.,ruido_conocido,baseline,,,,rule_id=80792
ATA023,1,2026-09-29T02:02:46.434Z,victima-linux,80792,3,audit|audit_command,RS2,Audit: Command: /usr/bin/dash.,ruido_conocido,baseline,,,,rule_id=80792
ATA023,1,2026-09-29T02:02:46.434Z,victima-linux,80792,3,audit|audit_command,RS2,Audit: Command: /usr/bin/dash.,ruido_conocido,baseline,,,,rule_id=80792
ATA023,1,2026-09-29T02:02:46.436Z,victima-linux,80792,3,audit|audit_command,RS2,Audit: Command: /usr/bin/dash.,ruido_conocido,baseline,,,,rule_id=80792
ATA023,1,2026-09-29T02:02:46.439Z,victima-linux,80792,3,audit|audit_command,RS2,Audit: Command: /usr/bin/sort.,ruido_conocido,baseline,,,,rule_id=80792
ATA023,1,2026-09-29T02:02:46.441Z,victima-linux,80792,3,audit|audit_command,RS2,Audit: Command: /usr/bin/dash.,ruido_conocido,baseline,,,,rule_id=80792
ATA023,1,2026-09-29T02:02:46.443Z,victima-linux,80792,3,audit|audit_command,RS2,Audit: Command: /usr/bin/dash.,ruido_conocido,baseline,,,,rule_id=80792
ATA023,1,2026-09-29T02:02:46.450Z,victima-linux,80792,3,audit|audit_command,RS2,Audit: Command: /usr/bin/dash.,ruido_conocido,baseline,,,,rule_id=80792
ATA023,1,2026-09-29T02:02:46.450Z,victima-linux,80792,3,audit|audit_command,RS2,Audit: Command: /usr/bin/dash.,ruido_conocido,baseline,,,,rule_id=80792
ATA023,1,2026-09-29T02:02:46.450Z,victima-linux,80792,3,audit|audit_command,RS2,Audit: Command: /usr/bin/grep.,ruido_conocido,baseline,,,,rule_id=80792
ATA023,1,2026-09-29T02:02:46.452Z,victima-linux,80792,3,audit|audit_command,RS2,Audit: Command: /usr/bin/dash.,ruido_conocido,baseline,,,,rule_id=80792
ATA023,1,2026-09-29T02:02:46.454Z,victima-linux,80792,3,audit|audit_command,RS2,Audit: Command: /usr/bin/id.,ruido_conocido,baseline,,,,rule_id=80792
ATA023,1,2026-09-29T02:02:46.456Z,victima-linux,80792,3,audit|audit_command,RS2,Audit: Command: /usr/bin/stat.,ruido_conocido,baseline,,,,rule_id=80792
ATA023,1,2026-09-29T02:02:46.458Z,victima-linux,80792,3,audit|audit_command,RS2,Audit: Command: /usr/bin/gawk.,ruido_conocido,baseline,,,,rule_id=80792
ATA023,1,2026-09-29T02:02:46.461Z,victima-linux,80792,3,audit|audit_command,RS2,Audit: Command: /usr/bin/date.,ruido_conocido,baseline,,,,rule_id=80792
ATA023,1,2026-09-29T02:02:46.468Z,victima-linux,80792,3,audit|audit_command,RS2,Audit: Command: /usr/bin/cat.,ruido_conocido,baseline,,,,rule_id=80792
ATA023,1,2026-09-29T02:02:46.468Z,victima-linux,80792,3,audit|audit_command,RS2,Audit: Command: /usr/bin/date.,ruido_conocido,baseline,,,,rule_id=80792
ATA023,1,2026-09-29T02:02:46.469Z,victima-linux,80792,3,audit|audit_command,RS2,Audit: Command: /usr/bin/dash.,ruido_conocido,baseline,,,,rule_id=80792
ATA023,1,2026-09-29T02:02:46.471Z,victima-linux,80792,3,audit|audit_command,RS2,Audit: Command: /usr/bin/dash.,ruido_conocido,baseline,,,,rule_id=80792
ATA023,1,2026-09-29T02:02:46.473Z,victima-linux,80791,3,audit|audit_watch_delete|audit_watch_write,RS2,Audit: Deleted: /run/.,ruido_conocido,baseline,,,,rule_id=80791
ATA023,1,2026-09-29T02:02:46.480Z,victima-linux,80792,3,audit|audit_command,RS2,Audit: Command: /usr/bin/bash.,ruido_conocido,baseline,,,,rule_id=80792
ATA023,1,2026-09-29T02:02:46.482Z,victima-linux,80792,3,audit|audit_command,RS2,Audit: Command: /usr/bin/nc.openbsd.,ruido_conocido,baseline,,,,rule_id=80792
ATA023,1,2026-09-29T02:02:46.485Z,victima-linux,80792,3,audit|audit_command,RS2,Audit: Command: /usr/bin/nc.openbsd.,ruido_conocido,baseline,,,,rule_id=80792
ATA023,1,2026-09-29T02:02:46.495Z,victima-linux,80791,3,audit|audit_watch_delete|audit_watch_write,RS2,Audit: Deleted: /run/systemd/sessions/.,ruido_conocido,baseline,,,,rule_id=80791
ATA023,1,2026-09-29T02:02:46.495Z,victima-linux,80791,3,audit|audit_watch_delete|audit_watch_write,RS2,Audit: Deleted: /run/systemd/sessions/8.ref.,ruido_conocido,baseline,,,,rule_id=80791
ATA023,1,2026-09-29T02:02:46.497Z,victima-linux,80791,3,audit|audit_watch_delete|audit_watch_write,RS2,Audit: Deleted: /run/systemd/users/.,ruido_conocido,baseline,,,,rule_id=80791
ATA023,1,2026-09-29T02:02:46.499Z,victima-linux,80791,3,audit|audit_watch_delete|audit_watch_write,RS2,Audit: Deleted: /run/systemd/sessions/8.,ruido_conocido,baseline,,,,rule_id=80791
ATA023,1,2026-09-29T02:02:46.502Z,victima-linux,80791,3,audit|audit_watch_delete|audit_watch_write,RS2,Audit: Deleted: /run/systemd/users/.,ruido_conocido,baseline,,,,rule_id=80791
ATA023,1,2026-09-29T02:02:46.504Z,victima-linux,80792,3,audit|audit_command,RS2,Audit: Command: /usr/sbin/sshd.,ruido_conocido,baseline,,,,rule_id=80792
ATA023,1,2026-09-29T02:02:46.506Z,victima-linux,5715,3,syslog|sshd|authentication_success,RS1,sshd: authentication success.,ruido_conocido,operador:5715,,,,srcip=192.168.65.1
ATA023,1,2026-09-29T02:02:46.508Z,victima-linux,5501,3,pam|syslog|authentication_success,RS1,PAM: Login session opened.,ruido_conocido,sin_campos,,resuelta,ruido,revisor=executor ampliacion tanda B;fecha=2026-09-29;nota=ajena al ataque (churn del operador: login SSH/PAM) — criterio ratificado 2026-09-28; fuera de la carpeta del ataque
ATA023,1,2026-09-29T02:02:46.520Z,victima-linux,5502,3,pam|syslog,RS1,PAM: Login session closed.,ruido_conocido,sin_campos,,resuelta,ruido,revisor=executor ampliacion tanda B;fecha=2026-09-29;nota=ajena al ataque (churn del operador: login SSH/PAM) — criterio ratificado 2026-09-28; fuera de la carpeta del ataque
ATA023,1,2026-09-29T02:02:48.325Z,victima-linux,80780,3,audit|audit_watch_write,RS2,Audit: Watch - Write access.,ruido_conocido,baseline,,,,rule_id=80780
ATA023,1,2026-09-29T02:02:48.329Z,victima-linux,80791,3,audit|audit_watch_delete|audit_watch_write,RS2,Audit: Deleted: /run/systemd/sessions/.,ruido_conocido,baseline,,,,rule_id=80791
ATA023,1,2026-09-29T02:02:48.331Z,victima-linux,80791,3,audit|audit_watch_delete|audit_watch_write,RS2,Audit: Deleted: /run/systemd/users/.,ruido_conocido,baseline,,,,rule_id=80791
ATA023,1,2026-09-29T02:02:48.334Z,victima-linux,80791,3,audit|audit_watch_delete|audit_watch_write,RS2,Audit: Deleted: /run/systemd/sessions/.,ruido_conocido,baseline,,,,rule_id=80791
ATA023,1,2026-09-29T02:02:48.336Z,victima-linux,80791,3,audit|audit_watch_delete|audit_watch_write,RS2,Audit: Deleted: /run/systemd/sessions/.,ruido_conocido,baseline,,,,rule_id=80791
ATA023,1,2026-09-29T02:02:48.339Z,victima-linux,80791,3,audit|audit_watch_delete|audit_watch_write,RS2,Audit: Deleted: /run/systemd/users/.,ruido_conocido,baseline,,,,rule_id=80791
ATA023,1,2026-09-29T02:02:48.341Z,victima-linux,80792,3,audit|audit_command,RS2,Audit: Command: /usr/bin/dash.,ruido_conocido,baseline,,,,rule_id=80792
ATA023,1,2026-09-29T02:02:48.343Z,victima-linux,80792,3,audit|audit_command,RS2,Audit: Command: /usr/bin/env.,ruido_conocido,baseline,,,,rule_id=80792
ATA023,1,2026-09-29T02:02:48.346Z,victima-linux,80792,3,audit|audit_command,RS2,Audit: Command: /usr/bin/env.,ruido_conocido,baseline,,,,rule_id=80792
ATA023,1,2026-09-29T02:02:48.348Z,victima-linux,80792,3,audit|audit_command,RS2,Audit: Command: /usr/bin/env.,ruido_conocido,baseline,,,,rule_id=80792
ATA023,1,2026-09-29T02:02:48.351Z,victima-linux,80792,3,audit|audit_command,RS2,Audit: Command: /usr/bin/env.,ruido_conocido,baseline,,,,rule_id=80792
ATA023,1,2026-09-29T02:02:48.353Z,victima-linux,80792,3,audit|audit_command,RS2,Audit: Command: /usr/bin/run-parts.,ruido_conocido,baseline,,,,rule_id=80792
ATA023,1,2026-09-29T02:02:48.356Z,victima-linux,80792,3,audit|audit_command,RS2,Audit: Command: /usr/bin/dash.,ruido_conocido,baseline,,,,rule_id=80792
ATA023,1,2026-09-29T02:02:48.358Z,victima-linux,80792,3,audit|audit_command,RS2,Audit: Command: /usr/bin/uname.,ruido_conocido,baseline,,,,rule_id=80792
ATA023,1,2026-09-29T02:02:48.361Z,victima-linux,80792,3,audit|audit_command,RS2,Audit: Command: /usr/bin/uname.,ruido_conocido,baseline,,,,rule_id=80792
ATA023,1,2026-09-29T02:02:48.368Z,victima-linux,80792,3,audit|audit_command,RS2,Audit: Command: /usr/bin/dash.,ruido_conocido,baseline,,,,rule_id=80792
ATA023,1,2026-09-29T02:02:48.368Z,victima-linux,80792,3,audit|audit_command,RS2,Audit: Command: /usr/bin/dash.,ruido_conocido,baseline,,,,rule_id=80792
ATA023,1,2026-09-29T02:02:48.368Z,victima-linux,80792,3,audit|audit_command,RS2,Audit: Command: /usr/bin/uname.,ruido_conocido,baseline,,,,rule_id=80792
ATA023,1,2026-09-29T02:02:48.370Z,victima-linux,80792,3,audit|audit_command,RS2,Audit: Command: /usr/bin/find.,ruido_conocido,baseline,,,,rule_id=80792
ATA023,1,2026-09-29T02:02:48.373Z,victima-linux,80792,3,audit|audit_command,RS2,Audit: Command: /usr/bin/cat.,ruido_conocido,baseline,,,,rule_id=80792
ATA023,1,2026-09-29T02:02:48.375Z,victima-linux,80792,3,audit|audit_command,RS2,Audit: Command: /usr/bin/dash.,ruido_conocido,baseline,,,,rule_id=80792
ATA023,1,2026-09-29T02:02:48.378Z,victima-linux,80792,3,audit|audit_command,RS2,Audit: Command: /usr/bin/cat.,ruido_conocido,baseline,,,,rule_id=80792
ATA023,1,2026-09-29T02:02:48.380Z,victima-linux,80792,3,audit|audit_command,RS2,Audit: Command: /usr/bin/head.,ruido_conocido,sin_ancla:T1496.002-S2,T1496.002|Process Creation,resuelta,ruido,audit_cwd=/;revisor=executor ampliacion tanda B;fecha=2026-09-29;nota=ajena al ataque (churn del operador: login SSH/PAM) — criterio ratificado 2026-09-28; fuera de la carpeta del ataque
ATA023,1,2026-09-29T02:02:48.382Z,victima-linux,80792,3,audit|audit_command,RS2,Audit: Command: /usr/bin/tr.,ruido_conocido,baseline,,,,rule_id=80792
ATA023,1,2026-09-29T02:02:48.385Z,victima-linux,80792,3,audit|audit_command,RS2,Audit: Command: /usr/bin/cut.,ruido_conocido,baseline,,,,rule_id=80792
ATA023,1,2026-09-29T02:02:48.387Z,victima-linux,80792,3,audit|audit_command,RS2,Audit: Command: /usr/bin/dash.,ruido_conocido,baseline,,,,rule_id=80792
ATA023,1,2026-09-29T02:02:48.389Z,victima-linux,80792,3,audit|audit_command,RS2,Audit: Command: /usr/bin/dash.,ruido_conocido,baseline,,,,rule_id=80792
ATA023,1,2026-09-29T02:02:48.392Z,victima-linux,80792,3,audit|audit_command,RS2,Audit: Command: /usr/bin/cat.,ruido_conocido,baseline,,,,rule_id=80792
ATA023,1,2026-09-29T02:02:48.394Z,victima-linux,80792,3,audit|audit_command,RS2,Audit: Command: /usr/bin/find.,ruido_conocido,baseline,,,,rule_id=80792
ATA023,1,2026-09-29T02:02:48.397Z,victima-linux,80792,3,audit|audit_command,RS2,Audit: Command: /usr/bin/grep.,ruido_conocido,baseline,,,,rule_id=80792
ATA023,1,2026-09-29T02:02:48.399Z,victima-linux,80792,3,audit|audit_command,RS2,Audit: Command: /usr/bin/dash.,ruido_conocido,baseline,,,,rule_id=80792
ATA023,1,2026-09-29T02:02:48.402Z,victima-linux,80792,3,audit|audit_command,RS2,Audit: Command: /usr/bin/dash.,ruido_conocido,baseline,,,,rule_id=80792
ATA023,1,2026-09-29T02:02:48.404Z,victima-linux,80792,3,audit|audit_command,RS2,Audit: Command: /usr/bin/cut.,ruido_conocido,baseline,,,,rule_id=80792
ATA023,1,2026-09-29T02:02:48.406Z,victima-linux,80792,3,audit|audit_command,RS2,Audit: Command: /usr/bin/id.,ruido_conocido,baseline,,,,rule_id=80792
ATA023,1,2026-09-29T02:02:48.409Z,victima-linux,80792,3,audit|audit_command,RS2,Audit: Command: /usr/bin/dash.,ruido_conocido,baseline,,,,rule_id=80792
ATA023,1,2026-09-29T02:02:48.411Z,victima-linux,80792,3,audit|audit_command,RS2,Audit: Command: /usr/bin/date.,ruido_conocido,baseline,,,,rule_id=80792
ATA023,1,2026-09-29T02:02:48.413Z,victima-linux,80792,3,audit|audit_command,RS2,Audit: Command: /usr/bin/stat.,ruido_conocido,baseline,,,,rule_id=80792
ATA023,1,2026-09-29T02:02:48.415Z,victima-linux,80792,3,audit|audit_command,RS2,Audit: Command: /usr/bin/expr.,ruido_conocido,baseline,,,,rule_id=80792
ATA023,1,2026-09-29T02:02:48.417Z,victima-linux,80792,3,audit|audit_command,RS2,Audit: Command: /usr/bin/dash.,ruido_conocido,baseline,,,,rule_id=80792
ATA023,1,2026-09-29T02:02:48.419Z,victima-linux,80792,3,audit|audit_command,RS2,Audit: Command: /usr/bin/dash.,ruido_conocido,baseline,,,,rule_id=80792
ATA023,1,2026-09-29T02:02:48.427Z,victima-linux,80792,3,audit|audit_command,RS2,Audit: Command: /usr/bin/dash.,ruido_conocido,baseline,,,,rule_id=80792
ATA023,1,2026-09-29T02:02:48.427Z,victima-linux,80792,3,audit|audit_command,RS2,Audit: Command: /usr/bin/dash.,ruido_conocido,baseline,,,,rule_id=80792
ATA023,1,2026-09-29T02:02:48.427Z,victima-linux,80792,3,audit|audit_command,RS2,Audit: Command: /usr/bin/find.,ruido_conocido,baseline,,,,rule_id=80792
ATA023,1,2026-09-29T02:02:48.429Z,victima-linux,80792,3,audit|audit_command,RS2,Audit: Command: /usr/bin/dash.,ruido_conocido,baseline,,,,rule_id=80792
ATA023,1,2026-09-29T02:02:48.431Z,victima-linux,80792,3,audit|audit_command,RS2,Audit: Command: /usr/bin/sort.,ruido_conocido,baseline,,,,rule_id=80792
ATA023,1,2026-09-29T02:02:48.441Z,victima-linux,80792,3,audit|audit_command,RS2,Audit: Command: /usr/bin/dash.,ruido_conocido,baseline,,,,rule_id=80792
ATA023,1,2026-09-29T02:02:48.443Z,victima-linux,80792,3,audit|audit_command,RS2,Audit: Command: /usr/bin/dash.,ruido_conocido,baseline,,,,rule_id=80792
ATA023,1,2026-09-29T02:02:48.450Z,victima-linux,80792,3,audit|audit_command,RS2,Audit: Command: /usr/bin/dash.,ruido_conocido,baseline,,,,rule_id=80792
ATA023,1,2026-09-29T02:02:48.450Z,victima-linux,80792,3,audit|audit_command,RS2,Audit: Command: /usr/bin/dash.,ruido_conocido,baseline,,,,rule_id=80792
ATA023,1,2026-09-29T02:02:48.450Z,victima-linux,80792,3,audit|audit_command,RS2,Audit: Command: /usr/bin/grep.,ruido_conocido,baseline,,,,rule_id=80792
ATA023,1,2026-09-29T02:02:48.452Z,victima-linux,80792,3,audit|audit_command,RS2,Audit: Command: /usr/bin/dash.,ruido_conocido,baseline,,,,rule_id=80792
ATA023,1,2026-09-29T02:02:48.455Z,victima-linux,80792,3,audit|audit_command,RS2,Audit: Command: /usr/bin/id.,ruido_conocido,baseline,,,,rule_id=80792
ATA023,1,2026-09-29T02:02:48.457Z,victima-linux,80792,3,audit|audit_command,RS2,Audit: Command: /usr/bin/stat.,ruido_conocido,baseline,,,,rule_id=80792
ATA023,1,2026-09-29T02:02:48.459Z,victima-linux,80792,3,audit|audit_command,RS2,Audit: Command: /usr/bin/gawk.,ruido_conocido,baseline,,,,rule_id=80792
ATA023,1,2026-09-29T02:02:48.462Z,victima-linux,80792,3,audit|audit_command,RS2,Audit: Command: /usr/bin/date.,ruido_conocido,baseline,,,,rule_id=80792
ATA023,1,2026-09-29T02:02:48.469Z,victima-linux,80792,3,audit|audit_command,RS2,Audit: Command: /usr/bin/cat.,ruido_conocido,baseline,,,,rule_id=80792
ATA023,1,2026-09-29T02:02:48.469Z,victima-linux,80792,3,audit|audit_command,RS2,Audit: Command: /usr/bin/dash.,ruido_conocido,baseline,,,,rule_id=80792
ATA023,1,2026-09-29T02:02:48.469Z,victima-linux,80792,3,audit|audit_command,RS2,Audit: Command: /usr/bin/date.,ruido_conocido,baseline,,,,rule_id=80792
ATA023,1,2026-09-29T02:02:48.471Z,victima-linux,80792,3,audit|audit_command,RS2,Audit: Command: /usr/bin/dash.,ruido_conocido,baseline,,,,rule_id=80792
ATA023,1,2026-09-29T02:02:48.474Z,victima-linux,80791,3,audit|audit_watch_delete|audit_watch_write,RS2,Audit: Deleted: /run/.,ruido_conocido,baseline,,,,rule_id=80791
ATA023,1,2026-09-29T02:02:48.480Z,victima-linux,80792,3,audit|audit_command,RS2,Audit: Command: /usr/bin/bash.,ruido_conocido,baseline,,,,rule_id=80792
ATA023,1,2026-09-29T02:02:48.483Z,victima-linux,80792,3,audit|audit_command,RS2,Audit: Command: /usr/bin/date.,ruido_conocido,baseline,,,,rule_id=80792
ATA023,1,2026-09-29T02:02:48.490Z,victima-linux,80791,3,audit|audit_watch_delete|audit_watch_write,RS2,Audit: Deleted: /run/systemd/sessions/9.ref.,ruido_conocido,baseline,,,,rule_id=80791
ATA023,1,2026-09-29T02:02:48.492Z,victima-linux,80791,3,audit|audit_watch_delete|audit_watch_write,RS2,Audit: Deleted: /run/systemd/sessions/.,ruido_conocido,baseline,,,,rule_id=80791
ATA023,1,2026-09-29T02:02:48.494Z,victima-linux,80791,3,audit|audit_watch_delete|audit_watch_write,RS2,Audit: Deleted: /run/systemd/users/.,ruido_conocido,baseline,,,,rule_id=80791
ATA023,1,2026-09-29T02:02:48.496Z,victima-linux,80791,3,audit|audit_watch_delete|audit_watch_write,RS2,Audit: Deleted: /run/systemd/sessions/9.,ruido_conocido,baseline,,,,rule_id=80791
ATA023,1,2026-09-29T02:02:48.499Z,victima-linux,80791,3,audit|audit_watch_delete|audit_watch_write,RS2,Audit: Deleted: /run/systemd/users/.,ruido_conocido,baseline,,,,rule_id=80791
ATA023,1,2026-09-29T02:02:48.501Z,victima-linux,80792,3,audit|audit_command,RS2,Audit: Command: /usr/sbin/sshd.,ruido_conocido,baseline,,,,rule_id=80792
ATA023,1,2026-09-29T02:02:48.508Z,victima-linux,80780,3,audit|audit_watch_write,RS2,Audit: Watch - Write access.,ruido_conocido,baseline,,,,rule_id=80780
ATA023,1,2026-09-29T02:02:48.513Z,victima-linux,80791,3,audit|audit_watch_delete|audit_watch_write,RS2,Audit: Deleted: /run/systemd/sessions/.,ruido_conocido,baseline,,,,rule_id=80791
ATA023,1,2026-09-29T02:02:48.515Z,victima-linux,80791,3,audit|audit_watch_delete|audit_watch_write,RS2,Audit: Deleted: /run/systemd/users/.,ruido_conocido,baseline,,,,rule_id=80791
ATA023,1,2026-09-29T02:02:48.518Z,victima-linux,80791,3,audit|audit_watch_delete|audit_watch_write,RS2,Audit: Deleted: /run/systemd/sessions/.,ruido_conocido,baseline,,,,rule_id=80791
ATA023,1,2026-09-29T02:02:48.525Z,victima-linux,80791,3,audit|audit_watch_delete|audit_watch_write,RS2,Audit: Deleted: /run/systemd/sessions/.,ruido_conocido,baseline,,,,rule_id=80791
ATA023,1,2026-09-29T02:02:48.525Z,victima-linux,80791,3,audit|audit_watch_delete|audit_watch_write,RS2,Audit: Deleted: /run/systemd/users/.,ruido_conocido,baseline,,,,rule_id=80791
ATA023,1,2026-09-29T02:02:48.525Z,victima-linux,80792,3,audit|audit_command,RS2,Audit: Command: /usr/bin/dash.,ruido_conocido,baseline,,,,rule_id=80792
ATA023,1,2026-09-29T02:02:48.527Z,victima-linux,80792,3,audit|audit_command,RS2,Audit: Command: /usr/bin/env.,ruido_conocido,baseline,,,,rule_id=80792
ATA023,1,2026-09-29T02:02:48.529Z,victima-linux,80792,3,audit|audit_command,RS2,Audit: Command: /usr/bin/env.,ruido_conocido,baseline,,,,rule_id=80792
ATA023,1,2026-09-29T02:02:48.531Z,victima-linux,80792,3,audit|audit_command,RS2,Audit: Command: /usr/bin/env.,ruido_conocido,baseline,,,,rule_id=80792
ATA023,1,2026-09-29T02:02:48.538Z,victima-linux,80792,3,audit|audit_command,RS2,Audit: Command: /usr/bin/env.,ruido_conocido,baseline,,,,rule_id=80792
ATA023,1,2026-09-29T02:02:48.538Z,victima-linux,80792,3,audit|audit_command,RS2,Audit: Command: /usr/bin/run-parts.,ruido_conocido,baseline,,,,rule_id=80792
ATA023,1,2026-09-29T02:02:48.539Z,victima-linux,80792,3,audit|audit_command,RS2,Audit: Command: /usr/bin/dash.,ruido_conocido,baseline,,,,rule_id=80792
ATA023,1,2026-09-29T02:02:48.540Z,victima-linux,80792,3,audit|audit_command,RS2,Audit: Command: /usr/bin/uname.,ruido_conocido,baseline,,,,rule_id=80792
ATA023,1,2026-09-29T02:02:48.543Z,victima-linux,80792,3,audit|audit_command,RS2,Audit: Command: /usr/bin/uname.,ruido_conocido,baseline,,,,rule_id=80792
ATA023,1,2026-09-29T02:02:48.550Z,victima-linux,80792,3,audit|audit_command,RS2,Audit: Command: /usr/bin/dash.,ruido_conocido,baseline,,,,rule_id=80792
ATA023,1,2026-09-29T02:02:48.550Z,victima-linux,80792,3,audit|audit_command,RS2,Audit: Command: /usr/bin/dash.,ruido_conocido,baseline,,,,rule_id=80792
ATA023,1,2026-09-29T02:02:48.550Z,victima-linux,80792,3,audit|audit_command,RS2,Audit: Command: /usr/bin/uname.,ruido_conocido,baseline,,,,rule_id=80792
ATA023,1,2026-09-29T02:02:48.552Z,victima-linux,80792,3,audit|audit_command,RS2,Audit: Command: /usr/bin/find.,ruido_conocido,baseline,,,,rule_id=80792
ATA023,1,2026-09-29T02:02:48.554Z,victima-linux,80792,3,audit|audit_command,RS2,Audit: Command: /usr/bin/cat.,ruido_conocido,baseline,,,,rule_id=80792
ATA023,1,2026-09-29T02:02:48.556Z,victima-linux,80792,3,audit|audit_command,RS2,Audit: Command: /usr/bin/dash.,ruido_conocido,baseline,,,,rule_id=80792
ATA023,1,2026-09-29T02:02:48.558Z,victima-linux,80792,3,audit|audit_command,RS2,Audit: Command: /usr/bin/tr.,ruido_conocido,baseline,,,,rule_id=80792
ATA023,1,2026-09-29T02:02:48.561Z,victima-linux,80792,3,audit|audit_command,RS2,Audit: Command: /usr/bin/head.,ruido_conocido,sin_ancla:T1496.002-S2,T1496.002|Process Creation,resuelta,ruido,audit_cwd=/;revisor=executor ampliacion tanda B;fecha=2026-09-29;nota=ajena al ataque (churn del operador: login SSH/PAM) — criterio ratificado 2026-09-28; fuera de la carpeta del ataque
ATA023,1,2026-09-29T02:02:48.563Z,victima-linux,80792,3,audit|audit_command,RS2,Audit: Command: /usr/bin/cat.,ruido_conocido,baseline,,,,rule_id=80792
ATA023,1,2026-09-29T02:02:48.565Z,victima-linux,80792,3,audit|audit_command,RS2,Audit: Command: /usr/bin/cut.,ruido_conocido,baseline,,,,rule_id=80792
ATA023,1,2026-09-29T02:02:48.568Z,victima-linux,80792,3,audit|audit_command,RS2,Audit: Command: /usr/bin/dash.,ruido_conocido,baseline,,,,rule_id=80792
ATA023,1,2026-09-29T02:02:48.570Z,victima-linux,80792,3,audit|audit_command,RS2,Audit: Command: /usr/bin/dash.,ruido_conocido,baseline,,,,rule_id=80792
ATA023,1,2026-09-29T02:02:48.572Z,victima-linux,80792,3,audit|audit_command,RS2,Audit: Command: /usr/bin/cat.,ruido_conocido,baseline,,,,rule_id=80792
ATA023,1,2026-09-29T02:02:48.575Z,victima-linux,80792,3,audit|audit_command,RS2,Audit: Command: /usr/bin/find.,ruido_conocido,baseline,,,,rule_id=80792
ATA023,1,2026-09-29T02:02:48.578Z,victima-linux,80792,3,audit|audit_command,RS2,Audit: Command: /usr/bin/grep.,ruido_conocido,baseline,,,,rule_id=80792
ATA023,1,2026-09-29T02:02:48.580Z,victima-linux,80792,3,audit|audit_command,RS2,Audit: Command: /usr/bin/dash.,ruido_conocido,baseline,,,,rule_id=80792
ATA023,1,2026-09-29T02:02:48.582Z,victima-linux,80792,3,audit|audit_command,RS2,Audit: Command: /usr/bin/dash.,ruido_conocido,baseline,,,,rule_id=80792
ATA023,1,2026-09-29T02:02:48.584Z,victima-linux,80792,3,audit|audit_command,RS2,Audit: Command: /usr/bin/cut.,ruido_conocido,baseline,,,,rule_id=80792
ATA023,1,2026-09-29T02:02:48.587Z,victima-linux,80792,3,audit|audit_command,RS2,Audit: Command: /usr/bin/id.,ruido_conocido,baseline,,,,rule_id=80792
ATA023,1,2026-09-29T02:02:48.589Z,victima-linux,80792,3,audit|audit_command,RS2,Audit: Command: /usr/bin/dash.,ruido_conocido,baseline,,,,rule_id=80792
ATA023,1,2026-09-29T02:02:48.592Z,victima-linux,80792,3,audit|audit_command,RS2,Audit: Command: /usr/bin/date.,ruido_conocido,baseline,,,,rule_id=80792
ATA023,1,2026-09-29T02:02:48.594Z,victima-linux,80792,3,audit|audit_command,RS2,Audit: Command: /usr/bin/stat.,ruido_conocido,baseline,,,,rule_id=80792
ATA023,1,2026-09-29T02:02:48.597Z,victima-linux,80792,3,audit|audit_command,RS2,Audit: Command: /usr/bin/expr.,ruido_conocido,baseline,,,,rule_id=80792
ATA023,1,2026-09-29T02:02:48.599Z,victima-linux,80792,3,audit|audit_command,RS2,Audit: Command: /usr/bin/dash.,ruido_conocido,baseline,,,,rule_id=80792
ATA023,1,2026-09-29T02:02:48.602Z,victima-linux,80792,3,audit|audit_command,RS2,Audit: Command: /usr/bin/dash.,ruido_conocido,baseline,,,,rule_id=80792
ATA023,1,2026-09-29T02:02:48.609Z,victima-linux,80792,3,audit|audit_command,RS2,Audit: Command: /usr/bin/dash.,ruido_conocido,baseline,,,,rule_id=80792
ATA023,1,2026-09-29T02:02:48.609Z,victima-linux,80792,3,audit|audit_command,RS2,Audit: Command: /usr/bin/dash.,ruido_conocido,baseline,,,,rule_id=80792
ATA023,1,2026-09-29T02:02:48.609Z,victima-linux,80792,3,audit|audit_command,RS2,Audit: Command: /usr/bin/find.,ruido_conocido,baseline,,,,rule_id=80792
ATA023,1,2026-09-29T02:02:48.611Z,victima-linux,80792,3,audit|audit_command,RS2,Audit: Command: /usr/bin/sort.,ruido_conocido,baseline,,,,rule_id=80792
ATA023,1,2026-09-29T02:02:48.613Z,victima-linux,80792,3,audit|audit_command,RS2,Audit: Command: /usr/bin/dash.,ruido_conocido,baseline,,,,rule_id=80792
ATA023,1,2026-09-29T02:02:48.616Z,victima-linux,80792,3,audit|audit_command,RS2,Audit: Command: /usr/bin/dash.,ruido_conocido,baseline,,,,rule_id=80792
ATA023,1,2026-09-29T02:02:48.618Z,victima-linux,80792,3,audit|audit_command,RS2,Audit: Command: /usr/bin/dash.,ruido_conocido,baseline,,,,rule_id=80792
ATA023,1,2026-09-29T02:02:48.626Z,victima-linux,80792,3,audit|audit_command,RS2,Audit: Command: /usr/bin/dash.,ruido_conocido,baseline,,,,rule_id=80792
ATA023,1,2026-09-29T02:02:48.626Z,victima-linux,80792,3,audit|audit_command,RS2,Audit: Command: /usr/bin/dash.,ruido_conocido,baseline,,,,rule_id=80792
ATA023,1,2026-09-29T02:02:48.626Z,victima-linux,80792,3,audit|audit_command,RS2,Audit: Command: /usr/bin/grep.,ruido_conocido,baseline,,,,rule_id=80792
ATA023,1,2026-09-29T02:02:48.628Z,victima-linux,80792,3,audit|audit_command,RS2,Audit: Command: /usr/bin/dash.,ruido_conocido,baseline,,,,rule_id=80792
ATA023,1,2026-09-29T02:02:48.630Z,victima-linux,80792,3,audit|audit_command,RS2,Audit: Command: /usr/bin/id.,ruido_conocido,baseline,,,,rule_id=80792
ATA023,1,2026-09-29T02:02:48.632Z,victima-linux,80792,3,audit|audit_command,RS2,Audit: Command: /usr/bin/stat.,ruido_conocido,baseline,,,,rule_id=80792
ATA023,1,2026-09-29T02:02:48.635Z,victima-linux,80792,3,audit|audit_command,RS2,Audit: Command: /usr/bin/gawk.,ruido_conocido,baseline,,,,rule_id=80792
ATA023,1,2026-09-29T02:02:48.637Z,victima-linux,80792,3,audit|audit_command,RS2,Audit: Command: /usr/bin/date.,ruido_conocido,baseline,,,,rule_id=80792
ATA023,1,2026-09-29T02:02:48.644Z,victima-linux,80792,3,audit|audit_command,RS2,Audit: Command: /usr/bin/cat.,ruido_conocido,baseline,,,,rule_id=80792
ATA023,1,2026-09-29T02:02:48.644Z,victima-linux,80792,3,audit|audit_command,RS2,Audit: Command: /usr/bin/dash.,ruido_conocido,baseline,,,,rule_id=80792
ATA023,1,2026-09-29T02:02:48.644Z,victima-linux,80792,3,audit|audit_command,RS2,Audit: Command: /usr/bin/date.,ruido_conocido,baseline,,,,rule_id=80792
ATA023,1,2026-09-29T02:02:48.647Z,victima-linux,80792,3,audit|audit_command,RS2,Audit: Command: /usr/bin/dash.,ruido_conocido,baseline,,,,rule_id=80792
ATA023,1,2026-09-29T02:02:48.649Z,victima-linux,80791,3,audit|audit_watch_delete|audit_watch_write,RS2,Audit: Deleted: /run/.,ruido_conocido,baseline,,,,rule_id=80791
ATA023,1,2026-09-29T02:02:48.656Z,victima-linux,80792,3,audit|audit_command,RS2,Audit: Command: /usr/bin/bash.,ruido_conocido,baseline,,,,rule_id=80792
ATA023,1,2026-09-29T02:02:48.658Z,victima-linux,80792,3,audit|audit_command,RS2,Audit: Command: /usr/bin/bash.,artefacto_ataque,del_ataque,,,,audit_cwd=/home/angel/lab-attack/ATA023
ATA023,1,2026-09-29T02:02:48.661Z,victima-linux,80792,3,audit|audit_command,RS2,Audit: Command: /usr/bin/tee.,artefacto_ataque,del_ataque,,,,audit_cwd=/home/angel/lab-attack/ATA023
ATA023,1,2026-09-29T02:02:48.663Z,victima-linux,80792,3,audit|audit_command,RS2,Audit: Command: /usr/bin/date.,artefacto_ataque,del_ataque,,,,audit_cwd=/home/angel/lab-attack/ATA023
ATA023,1,2026-09-29T02:02:48.665Z,victima-linux,80792,3,audit|audit_command,RS2,Audit: Command: /usr/bin/head.,deteccion,senal:T1496.002-S2,T1496.002|Process Creation,,,audit_exe=/usr/bin/head
ATA023,1,2026-09-29T02:02:48.668Z,victima-linux,80792,3,audit|audit_command,RS2,Audit: Command: /usr/bin/curl.,deteccion,senal:T1496.002-S1,T1496.002|Process Creation,,,audit_exe=/usr/bin/curl
ATA023,1,2026-09-29T02:02:48.670Z,victima-linux,80791,3,audit|audit_watch_delete|audit_watch_write,RS2,Audit: Deleted: var/run/.,auto_ruido,auto_ruido:wazuh-agentd,,,,audit_exe=/var/ossec/bin/wazuh-agentd
ATA023,1,2026-09-29T02:02:48.673Z,victima-linux,80792,3,audit|audit_command,RS2,Audit: Command: /usr/bin/sleep.,artefacto_ataque,del_ataque,,,,audit_cwd=/home/angel/lab-attack/ATA023
ATA023,1,2026-09-29T02:02:48.675Z,victima-linux,5715,3,syslog|sshd|authentication_success,RS1,sshd: authentication success.,ruido_conocido,operador:5715,,,,srcip=192.168.65.1
ATA023,1,2026-09-29T02:02:48.677Z,victima-linux,5501,3,pam|syslog|authentication_success,RS1,PAM: Login session opened.,ruido_conocido,sin_campos,,resuelta,ruido,revisor=executor ampliacion tanda B;fecha=2026-09-29;nota=ajena al ataque (churn del operador: login SSH/PAM) — criterio ratificado 2026-09-28; fuera de la carpeta del ataque
ATA023,1,2026-09-29T02:02:48.688Z,victima-linux,5502,3,pam|syslog,RS1,PAM: Login session closed.,ruido_conocido,sin_campos,,resuelta,ruido,revisor=executor ampliacion tanda B;fecha=2026-09-29;nota=ajena al ataque (churn del operador: login SSH/PAM) — criterio ratificado 2026-09-28; fuera de la carpeta del ataque
ATA023,1,2026-09-29T02:02:48.698Z,victima-linux,5715,3,syslog|sshd|authentication_success,RS1,sshd: authentication success.,ruido_conocido,operador:5715,,,,srcip=192.168.65.1
ATA023,1,2026-09-29T02:02:48.700Z,victima-linux,5501,3,pam|syslog|authentication_success,RS1,PAM: Login session opened.,ruido_conocido,sin_campos,,resuelta,ruido,revisor=executor ampliacion tanda B;fecha=2026-09-29;nota=ajena al ataque (churn del operador: login SSH/PAM) — criterio ratificado 2026-09-28; fuera de la carpeta del ataque
ATA023,1,2026-09-29T02:02:50.326Z,victima-linux,80792,3,audit|audit_command,RS2,Audit: Command: /usr/bin/date.,artefacto_ataque,del_ataque,,,,audit_cwd=/home/angel/lab-attack/ATA023
ATA023,1,2026-09-29T02:02:50.331Z,victima-linux,80791,3,audit|audit_watch_delete|audit_watch_write,RS2,Audit: Deleted: /run/systemd/sessions/10.ref.,ruido_conocido,baseline,,,,rule_id=80791
ATA023,1,2026-09-29T02:02:50.333Z,victima-linux,80791,3,audit|audit_watch_delete|audit_watch_write,RS2,Audit: Deleted: /run/systemd/sessions/.,ruido_conocido,baseline,,,,rule_id=80791
ATA023,1,2026-09-29T02:02:50.336Z,victima-linux,80791,3,audit|audit_watch_delete|audit_watch_write,RS2,Audit: Deleted: /run/systemd/users/.,ruido_conocido,baseline,,,,rule_id=80791
ATA023,1,2026-09-29T02:02:50.338Z,victima-linux,80791,3,audit|audit_watch_delete|audit_watch_write,RS2,Audit: Deleted: /run/systemd/sessions/10.,ruido_conocido,baseline,,,,rule_id=80791
ATA023,1,2026-09-29T02:02:50.341Z,victima-linux,80791,3,audit|audit_watch_delete|audit_watch_write,RS2,Audit: Deleted: /run/systemd/users/.,ruido_conocido,baseline,,,,rule_id=80791
ATA023,1,2026-09-29T02:02:50.367Z,victima-linux,5502,3,pam|syslog,RS1,PAM: Login session closed.,ruido_conocido,sin_campos,,resuelta,ruido,revisor=executor ampliacion tanda B;fecha=2026-09-29;nota=ajena al ataque (churn del operador: login SSH/PAM) — criterio ratificado 2026-09-28; fuera de la carpeta del ataque
ATA023,1,2026-09-29T02:02:52.325Z,victima-linux,80792,3,audit|audit_command,RS2,Audit: Command: /usr/bin/dash.,auto_ruido,auto_ruido:dash,,,,audit_cwd=/var/ossec
ATA023,1,2026-09-29T02:02:52.325Z,victima-linux,80792,3,audit|audit_command,RS2,Audit: Command: /usr/bin/ps.,auto_ruido,auto_ruido:ps,,,,audit_cwd=/var/ossec
ATA023,1,2026-09-29T02:02:52.327Z,victima-linux,80792,3,audit|audit_command,RS2,Audit: Command: /usr/bin/dash.,auto_ruido,auto_ruido:dash,,,,audit_cwd=/var/ossec
ATA023,1,2026-09-29T02:02:52.330Z,victima-linux,80792,3,audit|audit_command,RS2,Audit: Command: /usr/bin/ps.,auto_ruido,auto_ruido:ps,,,,audit_cwd=/var/ossec
ATA023,1,2026-09-29T02:02:52.332Z,victima-linux,80792,3,audit|audit_command,RS2,Audit: Command: /usr/bin/dash.,auto_ruido,auto_ruido:dash,,,,audit_cwd=/var/ossec
ATA023,1,2026-09-29T02:02:52.335Z,victima-linux,80792,3,audit|audit_command,RS2,Audit: Command: /usr/bin/ps.,auto_ruido,auto_ruido:ps,,,,audit_cwd=/var/ossec
ATA023,1,2026-09-29T02:02:52.337Z,victima-linux,80792,3,audit|audit_command,RS2,Audit: Command: /usr/bin/dash.,auto_ruido,auto_ruido:dash,,,,audit_cwd=/var/ossec
ATA023,1,2026-09-29T02:02:52.340Z,victima-linux,80792,3,audit|audit_command,RS2,Audit: Command: /usr/bin/ps.,auto_ruido,auto_ruido:ps,,,,audit_cwd=/var/ossec
ATA023,1,2026-09-29T02:02:52.342Z,victima-linux,80792,3,audit|audit_command,RS2,Audit: Command: /usr/bin/dash.,auto_ruido,auto_ruido:dash,,,,audit_cwd=/var/ossec
ATA023,1,2026-09-29T02:02:52.344Z,victima-linux,80792,3,audit|audit_command,RS2,Audit: Command: /usr/bin/ps.,auto_ruido,auto_ruido:ps,,,,audit_cwd=/var/ossec
ATA023,1,2026-09-29T02:02:52.346Z,victima-linux,80792,3,audit|audit_command,RS2,Audit: Command: /usr/bin/dash.,auto_ruido,auto_ruido:dash,,,,audit_cwd=/var/ossec
ATA023,1,2026-09-29T02:02:52.349Z,victima-linux,80792,3,audit|audit_command,RS2,Audit: Command: /usr/bin/ps.,auto_ruido,auto_ruido:ps,,,,audit_cwd=/var/ossec
ATA023,1,2026-09-29T02:02:52.351Z,victima-linux,80792,3,audit|audit_command,RS2,Audit: Command: /usr/bin/dash.,auto_ruido,auto_ruido:dash,,,,audit_cwd=/var/ossec
ATA023,1,2026-09-29T02:02:52.353Z,victima-linux,80792,3,audit|audit_command,RS2,Audit: Command: /usr/bin/ps.,auto_ruido,auto_ruido:ps,,,,audit_cwd=/var/ossec
ATA023,1,2026-09-29T02:02:52.356Z,victima-linux,80792,3,audit|audit_command,RS2,Audit: Command: /usr/bin/dash.,auto_ruido,auto_ruido:dash,,,,audit_cwd=/var/ossec
ATA023,1,2026-09-29T02:02:52.358Z,victima-linux,80792,3,audit|audit_command,RS2,Audit: Command: /usr/bin/ps.,auto_ruido,auto_ruido:ps,,,,audit_cwd=/var/ossec
ATA023,1,2026-09-29T02:02:52.360Z,victima-linux,80791,3,audit|audit_watch_delete|audit_watch_write,RS2,Audit: Deleted: var/run/.,auto_ruido,auto_ruido:wazuh-agentd,,,,audit_exe=/var/ossec/bin/wazuh-agentd
ATA023,1,2026-09-29T02:02:52.363Z,victima-linux,80792,3,audit|audit_command,RS2,Audit: Command: /usr/bin/dash.,auto_ruido,auto_ruido:dash,,,,audit_cwd=/var/ossec
ATA023,1,2026-09-29T02:02:52.365Z,victima-linux,80792,3,audit|audit_command,RS2,Audit: Command: /usr/bin/ps.,auto_ruido,auto_ruido:ps,,,,audit_cwd=/var/ossec
ATA023,1,2026-09-29T02:02:52.367Z,victima-linux,80792,3,audit|audit_command,RS2,Audit: Command: /usr/bin/dash.,auto_ruido,auto_ruido:dash,,,,audit_cwd=/var/ossec
ATA023,1,2026-09-29T02:02:52.369Z,victima-linux,80792,3,audit|audit_command,RS2,Audit: Command: /usr/bin/ps.,auto_ruido,auto_ruido:ps,,,,audit_cwd=/var/ossec
ATA023,1,2026-09-29T02:02:52.372Z,victima-linux,80780,3,audit|audit_watch_write,RS2,Audit: Watch - Write access.,auto_ruido,auto_ruido:wazuh-syscheckd,,,,audit_exe=/var/ossec/bin/wazuh-syscheckd
ATA023,1,2026-09-29T02:02:52.374Z,victima-linux,80792,3,audit|audit_command,RS2,Audit: Command: /usr/bin/dash.,auto_ruido,auto_ruido:dash,,,,audit_cwd=/var/ossec
ATA023,1,2026-09-29T02:02:52.376Z,victima-linux,80792,3,audit|audit_command,RS2,Audit: Command: /usr/bin/ps.,auto_ruido,auto_ruido:ps,,,,audit_cwd=/var/ossec
ATA023,1,2026-09-29T02:02:52.379Z,victima-linux,80792,3,audit|audit_command,RS2,Audit: Command: /usr/bin/dash.,auto_ruido,auto_ruido:dash,,,,audit_cwd=/var/ossec
ATA023,1,2026-09-29T02:02:52.381Z,victima-linux,80792,3,audit|audit_command,RS2,Audit: Command: /usr/bin/ps.,auto_ruido,auto_ruido:ps,,,,audit_cwd=/var/ossec
ATA023,1,2026-09-29T02:02:54.326Z,victima-linux,80792,3,audit|audit_command,RS2,Audit: Command: /usr/bin/dash.,auto_ruido,auto_ruido:dash,,,,audit_cwd=/var/ossec
ATA023,1,2026-09-29T02:02:54.326Z,victima-linux,80792,3,audit|audit_command,RS2,Audit: Command: /usr/bin/ps.,auto_ruido,auto_ruido:ps,,,,audit_cwd=/var/ossec
ATA023,1,2026-09-29T02:02:54.328Z,victima-linux,80792,3,audit|audit_command,RS2,Audit: Command: /usr/bin/dash.,auto_ruido,auto_ruido:dash,,,,audit_cwd=/var/ossec
ATA023,1,2026-09-29T02:02:54.330Z,victima-linux,80792,3,audit|audit_command,RS2,Audit: Command: /usr/bin/ps.,auto_ruido,auto_ruido:ps,,,,audit_cwd=/var/ossec
ATA023,1,2026-09-29T02:02:54.332Z,victima-linux,80792,3,audit|audit_command,RS2,Audit: Command: /usr/bin/dash.,auto_ruido,auto_ruido:dash,,,,audit_cwd=/var/ossec
ATA023,1,2026-09-29T02:02:54.335Z,victima-linux,80792,3,audit|audit_command,RS2,Audit: Command: /usr/bin/ps.,auto_ruido,auto_ruido:ps,,,,audit_cwd=/var/ossec
ATA023,1,2026-09-29T02:02:54.337Z,victima-linux,80792,3,audit|audit_command,RS2,Audit: Command: /usr/bin/dash.,auto_ruido,auto_ruido:dash,,,,audit_cwd=/var/ossec
ATA023,1,2026-09-29T02:02:54.339Z,victima-linux,80792,3,audit|audit_command,RS2,Audit: Command: /usr/bin/ps.,auto_ruido,auto_ruido:ps,,,,audit_cwd=/var/ossec
ATA023,1,2026-09-29T02:02:54.341Z,victima-linux,80792,3,audit|audit_command,RS2,Audit: Command: /usr/bin/dash.,auto_ruido,auto_ruido:dash,,,,audit_cwd=/var/ossec
ATA023,1,2026-09-29T02:02:54.343Z,victima-linux,80792,3,audit|audit_command,RS2,Audit: Command: /usr/bin/ps.,auto_ruido,auto_ruido:ps,,,,audit_cwd=/var/ossec
ATA023,1,2026-09-29T02:02:54.346Z,victima-linux,80792,3,audit|audit_command,RS2,Audit: Command: /usr/bin/dash.,auto_ruido,auto_ruido:dash,,,,audit_cwd=/var/ossec
ATA023,1,2026-09-29T02:02:54.348Z,victima-linux,80792,3,audit|audit_command,RS2,Audit: Command: /usr/bin/ps.,auto_ruido,auto_ruido:ps,,,,audit_cwd=/var/ossec
ATA023,1,2026-09-29T02:02:54.350Z,victima-linux,80792,3,audit|audit_command,RS2,Audit: Command: /usr/bin/dash.,auto_ruido,auto_ruido:dash,,,,audit_cwd=/var/ossec
ATA023,1,2026-09-29T02:02:54.352Z,victima-linux,80792,3,audit|audit_command,RS2,Audit: Command: /usr/bin/ps.,auto_ruido,auto_ruido:ps,,,,audit_cwd=/var/ossec
ATA023,1,2026-09-29T02:02:54.355Z,victima-linux,80792,3,audit|audit_command,RS2,Audit: Command: /usr/bin/dash.,auto_ruido,auto_ruido:dash,,,,audit_cwd=/var/ossec
ATA023,1,2026-09-29T02:02:54.357Z,victima-linux,80792,3,audit|audit_command,RS2,Audit: Command: /usr/bin/ps.,auto_ruido,auto_ruido:ps,,,,audit_cwd=/var/ossec
ATA023,1,2026-09-29T02:02:54.359Z,victima-linux,80792,3,audit|audit_command,RS2,Audit: Command: /usr/bin/dash.,auto_ruido,auto_ruido:dash,,,,audit_cwd=/var/ossec
ATA023,1,2026-09-29T02:02:54.362Z,victima-linux,80792,3,audit|audit_command,RS2,Audit: Command: /usr/bin/ps.,auto_ruido,auto_ruido:ps,,,,audit_cwd=/var/ossec
ATA023,1,2026-09-29T02:02:54.364Z,victima-linux,80792,3,audit|audit_command,RS2,Audit: Command: /usr/bin/dash.,auto_ruido,auto_ruido:dash,,,,audit_cwd=/var/ossec
ATA023,1,2026-09-29T02:02:54.366Z,victima-linux,80792,3,audit|audit_command,RS2,Audit: Command: /usr/bin/ps.,auto_ruido,auto_ruido:ps,,,,audit_cwd=/var/ossec
ATA023,1,2026-09-29T02:02:54.368Z,victima-linux,80792,3,audit|audit_command,RS2,Audit: Command: /usr/bin/dash.,auto_ruido,auto_ruido:dash,,,,audit_cwd=/var/ossec
ATA023,1,2026-09-29T02:02:54.371Z,victima-linux,80792,3,audit|audit_command,RS2,Audit: Command: /usr/bin/ps.,auto_ruido,auto_ruido:ps,,,,audit_cwd=/var/ossec
ATA023,1,2026-09-29T02:02:54.373Z,victima-linux,80792,3,audit|audit_command,RS2,Audit: Command: /usr/bin/dash.,auto_ruido,auto_ruido:dash,,,,audit_cwd=/var/ossec
ATA023,1,2026-09-29T02:02:54.375Z,victima-linux,80792,3,audit|audit_command,RS2,Audit: Command: /usr/bin/ps.,auto_ruido,auto_ruido:ps,,,,audit_cwd=/var/ossec
ATA023,1,2026-09-29T02:02:54.377Z,victima-linux,80792,3,audit|audit_command,RS2,Audit: Command: /usr/bin/dash.,auto_ruido,auto_ruido:dash,,,,audit_cwd=/var/ossec
ATA023,1,2026-09-29T02:02:54.380Z,victima-linux,80792,3,audit|audit_command,RS2,Audit: Command: /usr/bin/ps.,auto_ruido,auto_ruido:ps,,,,audit_cwd=/var/ossec
ATA023,1,2026-09-29T02:02:54.382Z,victima-linux,80792,3,audit|audit_command,RS2,Audit: Command: /usr/bin/dash.,auto_ruido,auto_ruido:dash,,,,audit_cwd=/var/ossec
ATA023,1,2026-09-29T02:02:54.385Z,victima-linux,80792,3,audit|audit_command,RS2,Audit: Command: /usr/bin/ps.,auto_ruido,auto_ruido:ps,,,,audit_cwd=/var/ossec
ATA023,1,2026-09-29T02:02:54.387Z,victima-linux,80792,3,audit|audit_command,RS2,Audit: Command: /usr/bin/dash.,auto_ruido,auto_ruido:dash,,,,audit_cwd=/var/ossec
ATA023,1,2026-09-29T02:02:54.390Z,victima-linux,80792,3,audit|audit_command,RS2,Audit: Command: /usr/bin/ps.,auto_ruido,auto_ruido:ps,,,,audit_cwd=/var/ossec
ATA023,1,2026-09-29T02:02:54.392Z,victima-linux,80792,3,audit|audit_command,RS2,Audit: Command: /usr/bin/dash.,auto_ruido,auto_ruido:dash,,,,audit_cwd=/var/ossec
ATA023,1,2026-09-29T02:02:54.394Z,victima-linux,80792,3,audit|audit_command,RS2,Audit: Command: /usr/bin/ps.,auto_ruido,auto_ruido:ps,,,,audit_cwd=/var/ossec
ATA023,1,2026-09-29T02:02:54.397Z,victima-linux,80792,3,audit|audit_command,RS2,Audit: Command: /usr/bin/dash.,auto_ruido,auto_ruido:dash,,,,audit_cwd=/var/ossec
ATA023,1,2026-09-29T02:02:54.399Z,victima-linux,80792,3,audit|audit_command,RS2,Audit: Command: /usr/bin/ps.,auto_ruido,auto_ruido:ps,,,,audit_cwd=/var/ossec
ATA023,1,2026-09-29T02:02:54.401Z,victima-linux,80792,3,audit|audit_command,RS2,Audit: Command: /usr/bin/dash.,auto_ruido,auto_ruido:dash,,,,audit_cwd=/var/ossec
ATA023,1,2026-09-29T02:02:54.404Z,victima-linux,80792,3,audit|audit_command,RS2,Audit: Command: /usr/bin/ps.,auto_ruido,auto_ruido:ps,,,,audit_cwd=/var/ossec
ATA023,1,2026-09-29T02:02:54.405Z,victima-linux,80792,3,audit|audit_command,RS2,Audit: Command: /usr/bin/dash.,auto_ruido,auto_ruido:dash,,,,audit_cwd=/var/ossec
ATA023,1,2026-09-29T02:02:54.408Z,victima-linux,80792,3,audit|audit_command,RS2,Audit: Command: /usr/bin/ps.,auto_ruido,auto_ruido:ps,,,,audit_cwd=/var/ossec
ATA023,1,2026-09-29T02:02:54.410Z,victima-linux,80792,3,audit|audit_command,RS2,Audit: Command: /usr/bin/dash.,auto_ruido,auto_ruido:dash,,,,audit_cwd=/var/ossec
ATA023,1,2026-09-29T02:02:54.412Z,victima-linux,80792,3,audit|audit_command,RS2,Audit: Command: /usr/bin/ps.,auto_ruido,auto_ruido:ps,,,,audit_cwd=/var/ossec
ATA023,1,2026-09-29T02:02:54.414Z,victima-linux,80792,3,audit|audit_command,RS2,Audit: Command: /usr/bin/dash.,auto_ruido,auto_ruido:dash,,,,audit_cwd=/var/ossec
ATA023,1,2026-09-29T02:02:54.416Z,victima-linux,80792,3,audit|audit_command,RS2,Audit: Command: /usr/bin/ps.,auto_ruido,auto_ruido:ps,,,,audit_cwd=/var/ossec
ATA023,1,2026-09-29T02:02:54.419Z,victima-linux,80792,3,audit|audit_command,RS2,Audit: Command: /usr/bin/dash.,auto_ruido,auto_ruido:dash,,,,audit_cwd=/var/ossec
ATA023,1,2026-09-29T02:02:54.421Z,victima-linux,80792,3,audit|audit_command,RS2,Audit: Command: /usr/bin/ps.,auto_ruido,auto_ruido:ps,,,,audit_cwd=/var/ossec
ATA023,1,2026-09-29T02:02:54.423Z,victima-linux,80792,3,audit|audit_command,RS2,Audit: Command: /usr/bin/dash.,auto_ruido,auto_ruido:dash,,,,audit_cwd=/var/ossec
ATA023,1,2026-09-29T02:02:54.425Z,victima-linux,80792,3,audit|audit_command,RS2,Audit: Command: /usr/bin/ps.,auto_ruido,auto_ruido:ps,,,,audit_cwd=/var/ossec
ATA023,1,2026-09-29T02:02:54.427Z,victima-linux,80792,3,audit|audit_command,RS2,Audit: Command: /usr/bin/dash.,auto_ruido,auto_ruido:dash,,,,audit_cwd=/var/ossec
ATA023,1,2026-09-29T02:02:54.430Z,victima-linux,80792,3,audit|audit_command,RS2,Audit: Command: /usr/bin/ps.,auto_ruido,auto_ruido:ps,,,,audit_cwd=/var/ossec
ATA023,1,2026-09-29T02:02:54.432Z,victima-linux,80792,3,audit|audit_command,RS2,Audit: Command: /usr/bin/dash.,auto_ruido,auto_ruido:dash,,,,audit_cwd=/var/ossec
ATA023,1,2026-09-29T02:02:54.434Z,victima-linux,80792,3,audit|audit_command,RS2,Audit: Command: /usr/bin/ps.,auto_ruido,auto_ruido:ps,,,,audit_cwd=/var/ossec
ATA023,1,2026-09-29T02:02:54.436Z,victima-linux,80792,3,audit|audit_command,RS2,Audit: Command: /usr/bin/dash.,auto_ruido,auto_ruido:dash,,,,audit_cwd=/var/ossec
ATA023,1,2026-09-29T02:02:54.439Z,victima-linux,80792,3,audit|audit_command,RS2,Audit: Command: /usr/bin/ps.,auto_ruido,auto_ruido:ps,,,,audit_cwd=/var/ossec
ATA023,1,2026-09-29T02:02:54.441Z,victima-linux,80792,3,audit|audit_command,RS2,Audit: Command: /usr/bin/dash.,auto_ruido,auto_ruido:dash,,,,audit_cwd=/var/ossec
ATA023,1,2026-09-29T02:02:54.443Z,victima-linux,80792,3,audit|audit_command,RS2,Audit: Command: /usr/bin/ps.,auto_ruido,auto_ruido:ps,,,,audit_cwd=/var/ossec
ATA023,1,2026-09-29T02:02:54.446Z,victima-linux,80792,3,audit|audit_command,RS2,Audit: Command: /usr/bin/dash.,auto_ruido,auto_ruido:dash,,,,audit_cwd=/var/ossec
ATA023,1,2026-09-29T02:02:54.448Z,victima-linux,80792,3,audit|audit_command,RS2,Audit: Command: /usr/bin/ps.,auto_ruido,auto_ruido:ps,,,,audit_cwd=/var/ossec
ATA023,1,2026-09-29T02:02:54.451Z,victima-linux,80792,3,audit|audit_command,RS2,Audit: Command: /usr/bin/dash.,auto_ruido,auto_ruido:dash,,,,audit_cwd=/var/ossec
ATA023,1,2026-09-29T02:02:54.453Z,victima-linux,80792,3,audit|audit_command,RS2,Audit: Command: /usr/bin/ps.,auto_ruido,auto_ruido:ps,,,,audit_cwd=/var/ossec
ATA023,1,2026-09-29T02:02:56.324Z,victima-linux,80792,3,audit|audit_command,RS2,Audit: Command: /usr/bin/dash.,auto_ruido,auto_ruido:dash,,,,audit_cwd=/var/ossec
ATA023,1,2026-09-29T02:02:56.324Z,victima-linux,80792,3,audit|audit_command,RS2,Audit: Command: /usr/bin/ps.,auto_ruido,auto_ruido:ps,,,,audit_cwd=/var/ossec
ATA023,1,2026-09-29T02:02:56.326Z,victima-linux,80792,3,audit|audit_command,RS2,Audit: Command: /usr/bin/dash.,auto_ruido,auto_ruido:dash,,,,audit_cwd=/var/ossec
ATA023,1,2026-09-29T02:02:56.328Z,victima-linux,80792,3,audit|audit_command,RS2,Audit: Command: /usr/bin/ps.,auto_ruido,auto_ruido:ps,,,,audit_cwd=/var/ossec
ATA023,1,2026-09-29T02:02:56.331Z,victima-linux,80792,3,audit|audit_command,RS2,Audit: Command: /usr/bin/dash.,auto_ruido,auto_ruido:dash,,,,audit_cwd=/var/ossec
ATA023,1,2026-09-29T02:02:56.333Z,victima-linux,80792,3,audit|audit_command,RS2,Audit: Command: /usr/bin/ps.,auto_ruido,auto_ruido:ps,,,,audit_cwd=/var/ossec
ATA023,1,2026-09-29T02:02:56.335Z,victima-linux,80792,3,audit|audit_command,RS2,Audit: Command: /usr/bin/dash.,auto_ruido,auto_ruido:dash,,,,audit_cwd=/var/ossec
ATA023,1,2026-09-29T02:02:56.337Z,victima-linux,80792,3,audit|audit_command,RS2,Audit: Command: /usr/bin/ps.,auto_ruido,auto_ruido:ps,,,,audit_cwd=/var/ossec
ATA023,1,2026-09-29T02:02:56.339Z,victima-linux,80792,3,audit|audit_command,RS2,Audit: Command: /usr/bin/dash.,auto_ruido,auto_ruido:dash,,,,audit_cwd=/var/ossec
ATA023,1,2026-09-29T02:02:56.342Z,victima-linux,80792,3,audit|audit_command,RS2,Audit: Command: /usr/bin/ps.,auto_ruido,auto_ruido:ps,,,,audit_cwd=/var/ossec
ATA023,1,2026-09-29T02:02:56.344Z,victima-linux,80792,3,audit|audit_command,RS2,Audit: Command: /usr/bin/dash.,auto_ruido,auto_ruido:dash,,,,audit_cwd=/var/ossec
ATA023,1,2026-09-29T02:02:56.347Z,victima-linux,80792,3,audit|audit_command,RS2,Audit: Command: /usr/bin/ps.,auto_ruido,auto_ruido:ps,,,,audit_cwd=/var/ossec
ATA023,1,2026-09-29T02:02:56.349Z,victima-linux,80792,3,audit|audit_command,RS2,Audit: Command: /usr/bin/dash.,auto_ruido,auto_ruido:dash,,,,audit_cwd=/var/ossec
ATA023,1,2026-09-29T02:02:56.352Z,victima-linux,80792,3,audit|audit_command,RS2,Audit: Command: /usr/bin/ps.,auto_ruido,auto_ruido:ps,,,,audit_cwd=/var/ossec
ATA023,1,2026-09-29T02:02:56.354Z,victima-linux,80792,3,audit|audit_command,RS2,Audit: Command: /usr/bin/dash.,auto_ruido,auto_ruido:dash,,,,audit_cwd=/var/ossec
ATA023,1,2026-09-29T02:02:56.356Z,victima-linux,80792,3,audit|audit_command,RS2,Audit: Command: /usr/bin/ps.,auto_ruido,auto_ruido:ps,,,,audit_cwd=/var/ossec
ATA023,1,2026-09-29T02:02:56.359Z,victima-linux,80792,3,audit|audit_command,RS2,Audit: Command: /usr/bin/dash.,auto_ruido,auto_ruido:dash,,,,audit_cwd=/var/ossec
ATA023,1,2026-09-29T02:02:56.361Z,victima-linux,80792,3,audit|audit_command,RS2,Audit: Command: /usr/bin/ps.,auto_ruido,auto_ruido:ps,,,,audit_cwd=/var/ossec
ATA023,1,2026-09-29T02:02:56.363Z,victima-linux,80792,3,audit|audit_command,RS2,Audit: Command: /usr/bin/dash.,auto_ruido,auto_ruido:dash,,,,audit_cwd=/var/ossec
ATA023,1,2026-09-29T02:02:56.365Z,victima-linux,80792,3,audit|audit_command,RS2,Audit: Command: /usr/bin/ps.,auto_ruido,auto_ruido:ps,,,,audit_cwd=/var/ossec
ATA023,1,2026-09-29T02:02:56.368Z,victima-linux,80792,3,audit|audit_command,RS2,Audit: Command: /usr/bin/dash.,auto_ruido,auto_ruido:dash,,,,audit_cwd=/var/ossec
ATA023,1,2026-09-29T02:02:56.371Z,victima-linux,80792,3,audit|audit_command,RS2,Audit: Command: /usr/bin/ps.,auto_ruido,auto_ruido:ps,,,,audit_cwd=/var/ossec
ATA023,1,2026-09-29T02:02:56.373Z,victima-linux,80792,3,audit|audit_command,RS2,Audit: Command: /usr/bin/dash.,auto_ruido,auto_ruido:dash,,,,audit_cwd=/var/ossec
ATA023,1,2026-09-29T02:02:56.375Z,victima-linux,80792,3,audit|audit_command,RS2,Audit: Command: /usr/bin/ps.,auto_ruido,auto_ruido:ps,,,,audit_cwd=/var/ossec
ATA023,1,2026-09-29T02:02:56.378Z,victima-linux,80792,3,audit|audit_command,RS2,Audit: Command: /usr/bin/dash.,auto_ruido,auto_ruido:dash,,,,audit_cwd=/var/ossec
ATA023,1,2026-09-29T02:02:56.380Z,victima-linux,80792,3,audit|audit_command,RS2,Audit: Command: /usr/bin/ps.,auto_ruido,auto_ruido:ps,,,,audit_cwd=/var/ossec
ATA023,1,2026-09-29T02:02:56.383Z,victima-linux,80792,3,audit|audit_command,RS2,Audit: Command: /usr/bin/dash.,auto_ruido,auto_ruido:dash,,,,audit_cwd=/var/ossec
ATA023,1,2026-09-29T02:02:56.385Z,victima-linux,80792,3,audit|audit_command,RS2,Audit: Command: /usr/bin/ps.,auto_ruido,auto_ruido:ps,,,,audit_cwd=/var/ossec
ATA023,1,2026-09-29T02:02:56.388Z,victima-linux,80792,3,audit|audit_command,RS2,Audit: Command: /usr/bin/dash.,auto_ruido,auto_ruido:dash,,,,audit_cwd=/var/ossec
ATA023,1,2026-09-29T02:02:56.390Z,victima-linux,80792,3,audit|audit_command,RS2,Audit: Command: /usr/bin/ps.,auto_ruido,auto_ruido:ps,,,,audit_cwd=/var/ossec
ATA023,1,2026-09-29T02:02:56.392Z,victima-linux,80792,3,audit|audit_command,RS2,Audit: Command: /usr/bin/dash.,auto_ruido,auto_ruido:dash,,,,audit_cwd=/var/ossec
ATA023,1,2026-09-29T02:02:56.394Z,victima-linux,80792,3,audit|audit_command,RS2,Audit: Command: /usr/bin/ps.,auto_ruido,auto_ruido:ps,,,,audit_cwd=/var/ossec
ATA023,1,2026-09-29T02:02:56.397Z,victima-linux,80792,3,audit|audit_command,RS2,Audit: Command: /usr/bin/dash.,auto_ruido,auto_ruido:dash,,,,audit_cwd=/var/ossec
ATA023,1,2026-09-29T02:02:56.399Z,victima-linux,80792,3,audit|audit_command,RS2,Audit: Command: /usr/bin/ps.,auto_ruido,auto_ruido:ps,,,,audit_cwd=/var/ossec
ATA023,1,2026-09-29T02:02:56.401Z,victima-linux,80792,3,audit|audit_command,RS2,Audit: Command: /usr/bin/dash.,auto_ruido,auto_ruido:dash,,,,audit_cwd=/var/ossec
ATA023,1,2026-09-29T02:02:56.404Z,victima-linux,80792,3,audit|audit_command,RS2,Audit: Command: /usr/bin/ps.,auto_ruido,auto_ruido:ps,,,,audit_cwd=/var/ossec
ATA023,1,2026-09-29T02:02:56.406Z,victima-linux,80792,3,audit|audit_command,RS2,Audit: Command: /usr/bin/dash.,auto_ruido,auto_ruido:dash,,,,audit_cwd=/var/ossec
ATA023,1,2026-09-29T02:02:56.409Z,victima-linux,80792,3,audit|audit_command,RS2,Audit: Command: /usr/bin/ps.,auto_ruido,auto_ruido:ps,,,,audit_cwd=/var/ossec
ATA023,1,2026-09-29T02:02:56.411Z,victima-linux,80792,3,audit|audit_command,RS2,Audit: Command: /usr/bin/dash.,auto_ruido,auto_ruido:dash,,,,audit_cwd=/var/ossec
ATA023,1,2026-09-29T02:02:56.414Z,victima-linux,80792,3,audit|audit_command,RS2,Audit: Command: /usr/bin/ps.,auto_ruido,auto_ruido:ps,,,,audit_cwd=/var/ossec
ATA023,1,2026-09-29T02:02:56.416Z,victima-linux,80792,3,audit|audit_command,RS2,Audit: Command: /usr/bin/dash.,auto_ruido,auto_ruido:dash,,,,audit_cwd=/var/ossec
ATA023,1,2026-09-29T02:02:56.418Z,victima-linux,80792,3,audit|audit_command,RS2,Audit: Command: /usr/bin/ps.,auto_ruido,auto_ruido:ps,,,,audit_cwd=/var/ossec
ATA023,1,2026-09-29T02:02:56.421Z,victima-linux,80792,3,audit|audit_command,RS2,Audit: Command: /usr/bin/dash.,auto_ruido,auto_ruido:dash,,,,audit_cwd=/var/ossec
ATA023,1,2026-09-29T02:02:56.423Z,victima-linux,80792,3,audit|audit_command,RS2,Audit: Command: /usr/bin/ps.,auto_ruido,auto_ruido:ps,,,,audit_cwd=/var/ossec
ATA023,1,2026-09-29T02:02:56.425Z,victima-linux,80792,3,audit|audit_command,RS2,Audit: Command: /usr/bin/dash.,auto_ruido,auto_ruido:dash,,,,audit_cwd=/var/ossec
ATA023,1,2026-09-29T02:02:56.427Z,victima-linux,80792,3,audit|audit_command,RS2,Audit: Command: /usr/bin/ps.,auto_ruido,auto_ruido:ps,,,,audit_cwd=/var/ossec
ATA023,1,2026-09-29T02:02:56.429Z,victima-linux,80792,3,audit|audit_command,RS2,Audit: Command: /usr/bin/dash.,auto_ruido,auto_ruido:dash,,,,audit_cwd=/var/ossec
ATA023,1,2026-09-29T02:02:56.431Z,victima-linux,80792,3,audit|audit_command,RS2,Audit: Command: /usr/bin/ps.,auto_ruido,auto_ruido:ps,,,,audit_cwd=/var/ossec
ATA023,1,2026-09-29T02:02:56.434Z,victima-linux,80792,3,audit|audit_command,RS2,Audit: Command: /usr/bin/dash.,auto_ruido,auto_ruido:dash,,,,audit_cwd=/var/ossec
ATA023,1,2026-09-29T02:02:56.436Z,victima-linux,80792,3,audit|audit_command,RS2,Audit: Command: /usr/bin/ps.,auto_ruido,auto_ruido:ps,,,,audit_cwd=/var/ossec
ATA023,1,2026-09-29T02:02:56.439Z,victima-linux,80792,3,audit|audit_command,RS2,Audit: Command: /usr/bin/dash.,auto_ruido,auto_ruido:dash,,,,audit_cwd=/var/ossec
ATA023,1,2026-09-29T02:02:56.441Z,victima-linux,80792,3,audit|audit_command,RS2,Audit: Command: /usr/bin/ps.,auto_ruido,auto_ruido:ps,,,,audit_cwd=/var/ossec
ATA023,1,2026-09-29T02:02:56.444Z,victima-linux,80792,3,audit|audit_command,RS2,Audit: Command: /usr/bin/dash.,auto_ruido,auto_ruido:dash,,,,audit_cwd=/var/ossec
ATA023,1,2026-09-29T02:02:56.446Z,victima-linux,80792,3,audit|audit_command,RS2,Audit: Command: /usr/bin/ps.,auto_ruido,auto_ruido:ps,,,,audit_cwd=/var/ossec
ATA023,1,2026-09-29T02:02:56.448Z,victima-linux,80792,3,audit|audit_command,RS2,Audit: Command: /usr/bin/dash.,auto_ruido,auto_ruido:dash,,,,audit_cwd=/var/ossec
ATA023,1,2026-09-29T02:02:56.451Z,victima-linux,80792,3,audit|audit_command,RS2,Audit: Command: /usr/bin/ps.,auto_ruido,auto_ruido:ps,,,,audit_cwd=/var/ossec
ATA023,1,2026-09-29T02:02:56.453Z,victima-linux,80792,3,audit|audit_command,RS2,Audit: Command: /usr/bin/dash.,auto_ruido,auto_ruido:dash,,,,audit_cwd=/var/ossec
ATA023,1,2026-09-29T02:02:56.455Z,victima-linux,80792,3,audit|audit_command,RS2,Audit: Command: /usr/bin/ps.,auto_ruido,auto_ruido:ps,,,,audit_cwd=/var/ossec
ATA023,1,2026-09-29T02:02:56.457Z,victima-linux,80792,3,audit|audit_command,RS2,Audit: Command: /usr/bin/dash.,auto_ruido,auto_ruido:dash,,,,audit_cwd=/var/ossec
ATA023,1,2026-09-29T02:02:56.459Z,victima-linux,80792,3,audit|audit_command,RS2,Audit: Command: /usr/bin/ps.,auto_ruido,auto_ruido:ps,,,,audit_cwd=/var/ossec
ATA023,1,2026-09-29T02:02:58.323Z,victima-linux,80792,3,audit|audit_command,RS2,Audit: Command: /usr/bin/dash.,auto_ruido,auto_ruido:dash,,,,audit_cwd=/var/ossec
ATA023,1,2026-09-29T02:02:58.323Z,victima-linux,80792,3,audit|audit_command,RS2,Audit: Command: /usr/bin/ps.,auto_ruido,auto_ruido:ps,,,,audit_cwd=/var/ossec
ATA023,1,2026-09-29T02:02:58.325Z,victima-linux,80792,3,audit|audit_command,RS2,Audit: Command: /usr/bin/dash.,auto_ruido,auto_ruido:dash,,,,audit_cwd=/var/ossec
ATA023,1,2026-09-29T02:02:58.328Z,victima-linux,80792,3,audit|audit_command,RS2,Audit: Command: /usr/bin/ps.,auto_ruido,auto_ruido:ps,,,,audit_cwd=/var/ossec
ATA023,1,2026-09-29T02:02:58.330Z,victima-linux,80792,3,audit|audit_command,RS2,Audit: Command: /usr/bin/dash.,auto_ruido,auto_ruido:dash,,,,audit_cwd=/var/ossec
ATA023,1,2026-09-29T02:02:58.332Z,victima-linux,80792,3,audit|audit_command,RS2,Audit: Command: /usr/bin/ps.,auto_ruido,auto_ruido:ps,,,,audit_cwd=/var/ossec
ATA023,1,2026-09-29T02:02:58.335Z,victima-linux,80792,3,audit|audit_command,RS2,Audit: Command: /usr/bin/dash.,auto_ruido,auto_ruido:dash,,,,audit_cwd=/var/ossec
ATA023,1,2026-09-29T02:02:58.337Z,victima-linux,80792,3,audit|audit_command,RS2,Audit: Command: /usr/bin/ps.,auto_ruido,auto_ruido:ps,,,,audit_cwd=/var/ossec
ATA023,1,2026-09-29T02:02:58.339Z,victima-linux,80792,3,audit|audit_command,RS2,Audit: Command: /usr/bin/dash.,auto_ruido,auto_ruido:dash,,,,audit_cwd=/var/ossec
ATA023,1,2026-09-29T02:02:58.341Z,victima-linux,80792,3,audit|audit_command,RS2,Audit: Command: /usr/bin/ps.,auto_ruido,auto_ruido:ps,,,,audit_cwd=/var/ossec
ATA023,1,2026-09-29T02:02:58.344Z,victima-linux,80792,3,audit|audit_command,RS2,Audit: Command: /usr/bin/dash.,auto_ruido,auto_ruido:dash,,,,audit_cwd=/var/ossec
ATA023,1,2026-09-29T02:02:58.346Z,victima-linux,80792,3,audit|audit_command,RS2,Audit: Command: /usr/bin/ps.,auto_ruido,auto_ruido:ps,,,,audit_cwd=/var/ossec
ATA023,1,2026-09-29T02:02:58.349Z,victima-linux,80792,3,audit|audit_command,RS2,Audit: Command: /usr/bin/dash.,auto_ruido,auto_ruido:dash,,,,audit_cwd=/var/ossec
ATA023,1,2026-09-29T02:02:58.351Z,victima-linux,80792,3,audit|audit_command,RS2,Audit: Command: /usr/bin/ps.,auto_ruido,auto_ruido:ps,,,,audit_cwd=/var/ossec
ATA023,1,2026-09-29T02:02:58.353Z,victima-linux,80792,3,audit|audit_command,RS2,Audit: Command: /usr/bin/dash.,auto_ruido,auto_ruido:dash,,,,audit_cwd=/var/ossec
ATA023,1,2026-09-29T02:02:58.355Z,victima-linux,80792,3,audit|audit_command,RS2,Audit: Command: /usr/bin/ps.,auto_ruido,auto_ruido:ps,,,,audit_cwd=/var/ossec
ATA023,1,2026-09-29T02:02:58.357Z,victima-linux,80792,3,audit|audit_command,RS2,Audit: Command: /usr/bin/dash.,auto_ruido,auto_ruido:dash,,,,audit_cwd=/var/ossec
ATA023,1,2026-09-29T02:02:58.360Z,victima-linux,80792,3,audit|audit_command,RS2,Audit: Command: /usr/bin/ps.,auto_ruido,auto_ruido:ps,,,,audit_cwd=/var/ossec
ATA023,1,2026-09-29T02:02:58.362Z,victima-linux,80792,3,audit|audit_command,RS2,Audit: Command: /usr/bin/dash.,auto_ruido,auto_ruido:dash,,,,audit_cwd=/var/ossec
ATA023,1,2026-09-29T02:02:58.364Z,victima-linux,80792,3,audit|audit_command,RS2,Audit: Command: /usr/bin/ps.,auto_ruido,auto_ruido:ps,,,,audit_cwd=/var/ossec
ATA023,1,2026-09-29T02:02:58.367Z,victima-linux,80792,3,audit|audit_command,RS2,Audit: Command: /usr/bin/dash.,auto_ruido,auto_ruido:dash,,,,audit_cwd=/var/ossec
ATA023,1,2026-09-29T02:02:58.370Z,victima-linux,80792,3,audit|audit_command,RS2,Audit: Command: /usr/bin/ps.,auto_ruido,auto_ruido:ps,,,,audit_cwd=/var/ossec
ATA023,1,2026-09-29T02:02:58.373Z,victima-linux,80791,3,audit|audit_watch_delete|audit_watch_write,RS2,Audit: Deleted: var/run/.,auto_ruido,auto_ruido:wazuh-agentd,,,,audit_exe=/var/ossec/bin/wazuh-agentd
ATA023,1,2026-09-29T02:02:58.380Z,victima-linux,80792,3,audit|audit_command,RS2,Audit: Command: /usr/bin/dash.,auto_ruido,auto_ruido:dash,,,,audit_cwd=/var/ossec
ATA023,1,2026-09-29T02:02:58.380Z,victima-linux,80792,3,audit|audit_command,RS2,Audit: Command: /usr/bin/dash.,auto_ruido,auto_ruido:dash,,,,audit_cwd=/var/ossec
ATA023,1,2026-09-29T02:02:58.380Z,victima-linux,80792,3,audit|audit_command,RS2,Audit: Command: /usr/bin/ps.,auto_ruido,auto_ruido:ps,,,,audit_cwd=/var/ossec
ATA023,1,2026-09-29T02:02:58.382Z,victima-linux,80792,3,audit|audit_command,RS2,Audit: Command: /usr/bin/ps.,auto_ruido,auto_ruido:ps,,,,audit_cwd=/var/ossec
ATA023,1,2026-09-29T02:02:58.385Z,victima-linux,80792,3,audit|audit_command,RS2,Audit: Command: /usr/bin/dash.,auto_ruido,auto_ruido:dash,,,,audit_cwd=/var/ossec
ATA023,1,2026-09-29T02:02:58.387Z,victima-linux,80792,3,audit|audit_command,RS2,Audit: Command: /usr/bin/ps.,auto_ruido,auto_ruido:ps,,,,audit_cwd=/var/ossec
ATA023,1,2026-09-29T02:02:58.389Z,victima-linux,80792,3,audit|audit_command,RS2,Audit: Command: /usr/bin/dash.,auto_ruido,auto_ruido:dash,,,,audit_cwd=/var/ossec
ATA023,1,2026-09-29T02:02:58.391Z,victima-linux,80792,3,audit|audit_command,RS2,Audit: Command: /usr/bin/ps.,auto_ruido,auto_ruido:ps,,,,audit_cwd=/var/ossec
ATA023,1,2026-09-29T02:02:58.394Z,victima-linux,80792,3,audit|audit_command,RS2,Audit: Command: /usr/bin/dash.,auto_ruido,auto_ruido:dash,,,,audit_cwd=/var/ossec
ATA023,1,2026-09-29T02:02:58.396Z,victima-linux,80792,3,audit|audit_command,RS2,Audit: Command: /usr/bin/ps.,auto_ruido,auto_ruido:ps,,,,audit_cwd=/var/ossec
ATA023,1,2026-09-29T02:02:58.398Z,victima-linux,80792,3,audit|audit_command,RS2,Audit: Command: /usr/bin/dash.,auto_ruido,auto_ruido:dash,,,,audit_cwd=/var/ossec
ATA023,1,2026-09-29T02:02:58.401Z,victima-linux,80792,3,audit|audit_command,RS2,Audit: Command: /usr/bin/ps.,auto_ruido,auto_ruido:ps,,,,audit_cwd=/var/ossec
ATA023,1,2026-09-29T02:02:58.403Z,victima-linux,80792,3,audit|audit_command,RS2,Audit: Command: /usr/bin/dash.,auto_ruido,auto_ruido:dash,,,,audit_cwd=/var/ossec
ATA023,1,2026-09-29T02:02:58.405Z,victima-linux,80792,3,audit|audit_command,RS2,Audit: Command: /usr/bin/ps.,auto_ruido,auto_ruido:ps,,,,audit_cwd=/var/ossec
ATA023,1,2026-09-29T02:02:58.407Z,victima-linux,80792,3,audit|audit_command,RS2,Audit: Command: /usr/bin/dash.,auto_ruido,auto_ruido:dash,,,,audit_cwd=/var/ossec
ATA023,1,2026-09-29T02:02:58.409Z,victima-linux,80792,3,audit|audit_command,RS2,Audit: Command: /usr/bin/ps.,auto_ruido,auto_ruido:ps,,,,audit_cwd=/var/ossec
ATA023,1,2026-09-29T02:02:58.411Z,victima-linux,80792,3,audit|audit_command,RS2,Audit: Command: /usr/bin/dash.,auto_ruido,auto_ruido:dash,,,,audit_cwd=/var/ossec
ATA023,1,2026-09-29T02:02:58.414Z,victima-linux,80792,3,audit|audit_command,RS2,Audit: Command: /usr/bin/ps.,auto_ruido,auto_ruido:ps,,,,audit_cwd=/var/ossec
ATA023,1,2026-09-29T02:02:58.416Z,victima-linux,80792,3,audit|audit_command,RS2,Audit: Command: /usr/bin/dash.,auto_ruido,auto_ruido:dash,,,,audit_cwd=/var/ossec
ATA023,1,2026-09-29T02:02:58.418Z,victima-linux,80792,3,audit|audit_command,RS2,Audit: Command: /usr/bin/ps.,auto_ruido,auto_ruido:ps,,,,audit_cwd=/var/ossec
ATA023,1,2026-09-29T02:02:58.421Z,victima-linux,80792,3,audit|audit_command,RS2,Audit: Command: /usr/bin/dash.,auto_ruido,auto_ruido:dash,,,,audit_cwd=/var/ossec
ATA023,1,2026-09-29T02:02:58.423Z,victima-linux,80792,3,audit|audit_command,RS2,Audit: Command: /usr/bin/ps.,auto_ruido,auto_ruido:ps,,,,audit_cwd=/var/ossec
ATA023,1,2026-09-29T02:02:58.425Z,victima-linux,80792,3,audit|audit_command,RS2,Audit: Command: /usr/bin/dash.,auto_ruido,auto_ruido:dash,,,,audit_cwd=/var/ossec
ATA023,1,2026-09-29T02:02:58.427Z,victima-linux,80792,3,audit|audit_command,RS2,Audit: Command: /usr/bin/ps.,auto_ruido,auto_ruido:ps,,,,audit_cwd=/var/ossec
ATA023,1,2026-09-29T02:02:58.429Z,victima-linux,80792,3,audit|audit_command,RS2,Audit: Command: /usr/bin/dash.,auto_ruido,auto_ruido:dash,,,,audit_cwd=/var/ossec
ATA023,1,2026-09-29T02:02:58.432Z,victima-linux,80792,3,audit|audit_command,RS2,Audit: Command: /usr/bin/ps.,auto_ruido,auto_ruido:ps,,,,audit_cwd=/var/ossec
ATA023,1,2026-09-29T02:02:58.434Z,victima-linux,80792,3,audit|audit_command,RS2,Audit: Command: /usr/bin/dash.,auto_ruido,auto_ruido:dash,,,,audit_cwd=/var/ossec
ATA023,1,2026-09-29T02:02:58.437Z,victima-linux,80792,3,audit|audit_command,RS2,Audit: Command: /usr/bin/ps.,auto_ruido,auto_ruido:ps,,,,audit_cwd=/var/ossec
ATA023,1,2026-09-29T02:02:58.440Z,victima-linux,80792,3,audit|audit_command,RS2,Audit: Command: /usr/bin/dash.,auto_ruido,auto_ruido:dash,,,,audit_cwd=/var/ossec
ATA023,1,2026-09-29T02:02:58.442Z,victima-linux,80792,3,audit|audit_command,RS2,Audit: Command: /usr/bin/ps.,auto_ruido,auto_ruido:ps,,,,audit_cwd=/var/ossec
ATA023,1,2026-09-29T02:02:58.445Z,victima-linux,80792,3,audit|audit_command,RS2,Audit: Command: /usr/bin/dash.,auto_ruido,auto_ruido:dash,,,,audit_cwd=/var/ossec
ATA023,1,2026-09-29T02:02:58.447Z,victima-linux,80792,3,audit|audit_command,RS2,Audit: Command: /usr/bin/ps.,auto_ruido,auto_ruido:ps,,,,audit_cwd=/var/ossec
ATA023,1,2026-09-29T02:02:58.449Z,victima-linux,80792,3,audit|audit_command,RS2,Audit: Command: /usr/bin/dash.,auto_ruido,auto_ruido:dash,,,,audit_cwd=/var/ossec
ATA023,1,2026-09-29T02:02:58.452Z,victima-linux,80792,3,audit|audit_command,RS2,Audit: Command: /usr/bin/ps.,auto_ruido,auto_ruido:ps,,,,audit_cwd=/var/ossec
ATA023,1,2026-09-29T02:02:58.454Z,victima-linux,80792,3,audit|audit_command,RS2,Audit: Command: /usr/bin/dash.,auto_ruido,auto_ruido:dash,,,,audit_cwd=/var/ossec
ATA023,1,2026-09-29T02:02:58.456Z,victima-linux,80792,3,audit|audit_command,RS2,Audit: Command: /usr/bin/ps.,auto_ruido,auto_ruido:ps,,,,audit_cwd=/var/ossec
ATA023,1,2026-09-29T02:03:00.323Z,victima-linux,80792,3,audit|audit_command,RS2,Audit: Command: /usr/bin/dash.,auto_ruido,auto_ruido:dash,,,,audit_cwd=/var/ossec
ATA023,1,2026-09-29T02:03:00.323Z,victima-linux,80792,3,audit|audit_command,RS2,Audit: Command: /usr/bin/ps.,auto_ruido,auto_ruido:ps,,,,audit_cwd=/var/ossec
ATA023,1,2026-09-29T02:03:00.325Z,victima-linux,80792,3,audit|audit_command,RS2,Audit: Command: /usr/bin/dash.,auto_ruido,auto_ruido:dash,,,,audit_cwd=/var/ossec
ATA023,1,2026-09-29T02:03:00.327Z,victima-linux,80792,3,audit|audit_command,RS2,Audit: Command: /usr/bin/ps.,auto_ruido,auto_ruido:ps,,,,audit_cwd=/var/ossec
ATA023,1,2026-09-29T02:03:00.330Z,victima-linux,80792,3,audit|audit_command,RS2,Audit: Command: /usr/bin/dash.,auto_ruido,auto_ruido:dash,,,,audit_cwd=/var/ossec
ATA023,1,2026-09-29T02:03:00.332Z,victima-linux,80792,3,audit|audit_command,RS2,Audit: Command: /usr/bin/ps.,auto_ruido,auto_ruido:ps,,,,audit_cwd=/var/ossec
ATA023,1,2026-09-29T02:03:00.335Z,victima-linux,80792,3,audit|audit_command,RS2,Audit: Command: /usr/bin/dash.,auto_ruido,auto_ruido:dash,,,,audit_cwd=/var/ossec
ATA023,1,2026-09-29T02:03:00.337Z,victima-linux,80792,3,audit|audit_command,RS2,Audit: Command: /usr/bin/ps.,auto_ruido,auto_ruido:ps,,,,audit_cwd=/var/ossec
ATA023,1,2026-09-29T02:03:00.339Z,victima-linux,80792,3,audit|audit_command,RS2,Audit: Command: /usr/bin/dash.,auto_ruido,auto_ruido:dash,,,,audit_cwd=/var/ossec
ATA023,1,2026-09-29T02:03:00.341Z,victima-linux,80792,3,audit|audit_command,RS2,Audit: Command: /usr/bin/ps.,auto_ruido,auto_ruido:ps,,,,audit_cwd=/var/ossec
ATA023,1,2026-09-29T02:03:00.344Z,victima-linux,80792,3,audit|audit_command,RS2,Audit: Command: /usr/bin/dash.,auto_ruido,auto_ruido:dash,,,,audit_cwd=/var/ossec
ATA023,1,2026-09-29T02:03:00.346Z,victima-linux,80792,3,audit|audit_command,RS2,Audit: Command: /usr/bin/ps.,auto_ruido,auto_ruido:ps,,,,audit_cwd=/var/ossec
ATA023,1,2026-09-29T02:03:00.349Z,victima-linux,80792,3,audit|audit_command,RS2,Audit: Command: /usr/bin/dash.,auto_ruido,auto_ruido:dash,,,,audit_cwd=/var/ossec
ATA023,1,2026-09-29T02:03:00.351Z,victima-linux,80792,3,audit|audit_command,RS2,Audit: Command: /usr/bin/ps.,auto_ruido,auto_ruido:ps,,,,audit_cwd=/var/ossec
ATA023,1,2026-09-29T02:03:00.353Z,victima-linux,80792,3,audit|audit_command,RS2,Audit: Command: /usr/bin/dash.,auto_ruido,auto_ruido:dash,,,,audit_cwd=/var/ossec
ATA023,1,2026-09-29T02:03:00.356Z,victima-linux,80792,3,audit|audit_command,RS2,Audit: Command: /usr/bin/ps.,auto_ruido,auto_ruido:ps,,,,audit_cwd=/var/ossec
ATA023,1,2026-09-29T02:03:00.358Z,victima-linux,80792,3,audit|audit_command,RS2,Audit: Command: /usr/bin/dash.,auto_ruido,auto_ruido:dash,,,,audit_cwd=/var/ossec
ATA023,1,2026-09-29T02:03:00.360Z,victima-linux,80792,3,audit|audit_command,RS2,Audit: Command: /usr/bin/ps.,auto_ruido,auto_ruido:ps,,,,audit_cwd=/var/ossec
ATA023,1,2026-09-29T02:03:00.363Z,victima-linux,80792,3,audit|audit_command,RS2,Audit: Command: /usr/bin/dash.,auto_ruido,auto_ruido:dash,,,,audit_cwd=/var/ossec
ATA023,1,2026-09-29T02:03:00.365Z,victima-linux,80792,3,audit|audit_command,RS2,Audit: Command: /usr/bin/ps.,auto_ruido,auto_ruido:ps,,,,audit_cwd=/var/ossec
ATA023,1,2026-09-29T02:03:00.367Z,victima-linux,80792,3,audit|audit_command,RS2,Audit: Command: /usr/bin/dash.,auto_ruido,auto_ruido:dash,,,,audit_cwd=/var/ossec
ATA023,1,2026-09-29T02:03:00.370Z,victima-linux,80792,3,audit|audit_command,RS2,Audit: Command: /usr/bin/ps.,auto_ruido,auto_ruido:ps,,,,audit_cwd=/var/ossec
ATA023,1,2026-09-29T02:03:00.372Z,victima-linux,80792,3,audit|audit_command,RS2,Audit: Command: /usr/bin/dash.,auto_ruido,auto_ruido:dash,,,,audit_cwd=/var/ossec
ATA023,1,2026-09-29T02:03:00.375Z,victima-linux,80792,3,audit|audit_command,RS2,Audit: Command: /usr/bin/ps.,auto_ruido,auto_ruido:ps,,,,audit_cwd=/var/ossec
ATA023,1,2026-09-29T02:03:00.377Z,victima-linux,80792,3,audit|audit_command,RS2,Audit: Command: /usr/bin/dash.,auto_ruido,auto_ruido:dash,,,,audit_cwd=/var/ossec
ATA023,1,2026-09-29T02:03:00.380Z,victima-linux,80792,3,audit|audit_command,RS2,Audit: Command: /usr/bin/ps.,auto_ruido,auto_ruido:ps,,,,audit_cwd=/var/ossec
ATA023,1,2026-09-29T02:03:00.382Z,victima-linux,80792,3,audit|audit_command,RS2,Audit: Command: /usr/bin/dash.,auto_ruido,auto_ruido:dash,,,,audit_cwd=/var/ossec
ATA023,1,2026-09-29T02:03:00.384Z,victima-linux,80792,3,audit|audit_command,RS2,Audit: Command: /usr/bin/ps.,auto_ruido,auto_ruido:ps,,,,audit_cwd=/var/ossec
ATA023,1,2026-09-29T02:03:00.386Z,victima-linux,80792,3,audit|audit_command,RS2,Audit: Command: /usr/bin/dash.,auto_ruido,auto_ruido:dash,,,,audit_cwd=/var/ossec
ATA023,1,2026-09-29T02:03:00.389Z,victima-linux,80792,3,audit|audit_command,RS2,Audit: Command: /usr/bin/ps.,auto_ruido,auto_ruido:ps,,,,audit_cwd=/var/ossec
ATA023,1,2026-09-29T02:03:00.392Z,victima-linux,80792,3,audit|audit_command,RS2,Audit: Command: /usr/bin/dash.,auto_ruido,auto_ruido:dash,,,,audit_cwd=/var/ossec
ATA023,1,2026-09-29T02:03:00.394Z,victima-linux,80792,3,audit|audit_command,RS2,Audit: Command: /usr/bin/ps.,auto_ruido,auto_ruido:ps,,,,audit_cwd=/var/ossec
ATA023,1,2026-09-29T02:03:00.396Z,victima-linux,80792,3,audit|audit_command,RS2,Audit: Command: /usr/bin/dash.,auto_ruido,auto_ruido:dash,,,,audit_cwd=/var/ossec
ATA023,1,2026-09-29T02:03:00.399Z,victima-linux,80792,3,audit|audit_command,RS2,Audit: Command: /usr/bin/ps.,auto_ruido,auto_ruido:ps,,,,audit_cwd=/var/ossec
ATA023,1,2026-09-29T02:03:00.401Z,victima-linux,80792,3,audit|audit_command,RS2,Audit: Command: /usr/bin/dash.,auto_ruido,auto_ruido:dash,,,,audit_cwd=/var/ossec
ATA023,1,2026-09-29T02:03:00.404Z,victima-linux,80792,3,audit|audit_command,RS2,Audit: Command: /usr/bin/ps.,auto_ruido,auto_ruido:ps,,,,audit_cwd=/var/ossec
ATA023,1,2026-09-29T02:03:00.406Z,victima-linux,80792,3,audit|audit_command,RS2,Audit: Command: /usr/bin/dash.,auto_ruido,auto_ruido:dash,,,,audit_cwd=/var/ossec
ATA023,1,2026-09-29T02:03:00.409Z,victima-linux,80792,3,audit|audit_command,RS2,Audit: Command: /usr/bin/ps.,auto_ruido,auto_ruido:ps,,,,audit_cwd=/var/ossec
ATA023,1,2026-09-29T02:03:00.411Z,victima-linux,80792,3,audit|audit_command,RS2,Audit: Command: /usr/bin/dash.,auto_ruido,auto_ruido:dash,,,,audit_cwd=/var/ossec
ATA023,1,2026-09-29T02:03:00.413Z,victima-linux,80792,3,audit|audit_command,RS2,Audit: Command: /usr/bin/ps.,auto_ruido,auto_ruido:ps,,,,audit_cwd=/var/ossec
ATA023,1,2026-09-29T02:03:00.416Z,victima-linux,80792,3,audit|audit_command,RS2,Audit: Command: /usr/bin/dash.,auto_ruido,auto_ruido:dash,,,,audit_cwd=/var/ossec
ATA023,1,2026-09-29T02:03:00.418Z,victima-linux,80792,3,audit|audit_command,RS2,Audit: Command: /usr/bin/ps.,auto_ruido,auto_ruido:ps,,,,audit_cwd=/var/ossec
ATA023,1,2026-09-29T02:03:00.420Z,victima-linux,80792,3,audit|audit_command,RS2,Audit: Command: /usr/bin/dash.,auto_ruido,auto_ruido:dash,,,,audit_cwd=/var/ossec
ATA023,1,2026-09-29T02:03:00.423Z,victima-linux,80792,3,audit|audit_command,RS2,Audit: Command: /usr/bin/ps.,auto_ruido,auto_ruido:ps,,,,audit_cwd=/var/ossec
ATA023,1,2026-09-29T02:03:00.425Z,victima-linux,80792,3,audit|audit_command,RS2,Audit: Command: /usr/bin/dash.,auto_ruido,auto_ruido:dash,,,,audit_cwd=/var/ossec
ATA023,1,2026-09-29T02:03:00.427Z,victima-linux,80792,3,audit|audit_command,RS2,Audit: Command: /usr/bin/ps.,auto_ruido,auto_ruido:ps,,,,audit_cwd=/var/ossec
ATA023,1,2026-09-29T02:03:00.430Z,victima-linux,80792,3,audit|audit_command,RS2,Audit: Command: /usr/bin/dash.,auto_ruido,auto_ruido:dash,,,,audit_cwd=/var/ossec
ATA023,1,2026-09-29T02:03:00.432Z,victima-linux,80792,3,audit|audit_command,RS2,Audit: Command: /usr/bin/ps.,auto_ruido,auto_ruido:ps,,,,audit_cwd=/var/ossec
ATA023,1,2026-09-29T02:03:00.435Z,victima-linux,80792,3,audit|audit_command,RS2,Audit: Command: /usr/bin/dash.,auto_ruido,auto_ruido:dash,,,,audit_cwd=/var/ossec
ATA023,1,2026-09-29T02:03:00.437Z,victima-linux,80792,3,audit|audit_command,RS2,Audit: Command: /usr/bin/ps.,auto_ruido,auto_ruido:ps,,,,audit_cwd=/var/ossec
ATA023,1,2026-09-29T02:03:00.439Z,victima-linux,80792,3,audit|audit_command,RS2,Audit: Command: /usr/bin/dash.,auto_ruido,auto_ruido:dash,,,,audit_cwd=/var/ossec
ATA023,1,2026-09-29T02:03:00.442Z,victima-linux,80792,3,audit|audit_command,RS2,Audit: Command: /usr/bin/ps.,auto_ruido,auto_ruido:ps,,,,audit_cwd=/var/ossec
ATA023,1,2026-09-29T02:03:00.444Z,victima-linux,80792,3,audit|audit_command,RS2,Audit: Command: /usr/bin/dash.,auto_ruido,auto_ruido:dash,,,,audit_cwd=/var/ossec
ATA023,1,2026-09-29T02:03:00.447Z,victima-linux,80792,3,audit|audit_command,RS2,Audit: Command: /usr/bin/ps.,auto_ruido,auto_ruido:ps,,,,audit_cwd=/var/ossec
ATA023,1,2026-09-29T02:03:00.449Z,victima-linux,80792,3,audit|audit_command,RS2,Audit: Command: /usr/bin/dash.,auto_ruido,auto_ruido:dash,,,,audit_cwd=/var/ossec
ATA023,1,2026-09-29T02:03:00.451Z,victima-linux,80792,3,audit|audit_command,RS2,Audit: Command: /usr/bin/ps.,auto_ruido,auto_ruido:ps,,,,audit_cwd=/var/ossec
ATA023,1,2026-09-29T02:03:00.454Z,victima-linux,80792,3,audit|audit_command,RS2,Audit: Command: /usr/bin/dash.,auto_ruido,auto_ruido:dash,,,,audit_cwd=/var/ossec
ATA023,1,2026-09-29T02:03:00.457Z,victima-linux,80792,3,audit|audit_command,RS2,Audit: Command: /usr/bin/ps.,auto_ruido,auto_ruido:ps,,,,audit_cwd=/var/ossec
ATA023,1,2026-09-29T02:03:00.459Z,victima-linux,80792,3,audit|audit_command,RS2,Audit: Command: /usr/bin/dash.,auto_ruido,auto_ruido:dash,,,,audit_cwd=/var/ossec
ATA023,1,2026-09-29T02:03:00.461Z,victima-linux,80792,3,audit|audit_command,RS2,Audit: Command: /usr/bin/ps.,auto_ruido,auto_ruido:ps,,,,audit_cwd=/var/ossec
ATA023,1,2026-09-29T02:03:02.322Z,victima-linux,80792,3,audit|audit_command,RS2,Audit: Command: /usr/bin/dash.,auto_ruido,auto_ruido:dash,,,,audit_cwd=/var/ossec
ATA023,1,2026-09-29T02:03:02.322Z,victima-linux,80792,3,audit|audit_command,RS2,Audit: Command: /usr/bin/ps.,auto_ruido,auto_ruido:ps,,,,audit_cwd=/var/ossec
ATA023,1,2026-09-29T02:03:02.324Z,victima-linux,80792,3,audit|audit_command,RS2,Audit: Command: /usr/bin/dash.,auto_ruido,auto_ruido:dash,,,,audit_cwd=/var/ossec
ATA023,1,2026-09-29T02:03:02.331Z,victima-linux,80792,3,audit|audit_command,RS2,Audit: Command: /usr/bin/dash.,auto_ruido,auto_ruido:dash,,,,audit_cwd=/var/ossec
ATA023,1,2026-09-29T02:03:02.331Z,victima-linux,80792,3,audit|audit_command,RS2,Audit: Command: /usr/bin/ps.,auto_ruido,auto_ruido:ps,,,,audit_cwd=/var/ossec
ATA023,1,2026-09-29T02:03:02.332Z,victima-linux,80792,3,audit|audit_command,RS2,Audit: Command: /usr/bin/ps.,auto_ruido,auto_ruido:ps,,,,audit_cwd=/var/ossec
ATA023,1,2026-09-29T02:03:02.338Z,victima-linux,80792,3,audit|audit_command,RS2,Audit: Command: /usr/bin/dash.,auto_ruido,auto_ruido:dash,,,,audit_cwd=/var/ossec
ATA023,1,2026-09-29T02:03:02.338Z,victima-linux,80792,3,audit|audit_command,RS2,Audit: Command: /usr/bin/dash.,auto_ruido,auto_ruido:dash,,,,audit_cwd=/var/ossec
ATA023,1,2026-09-29T02:03:02.338Z,victima-linux,80792,3,audit|audit_command,RS2,Audit: Command: /usr/bin/ps.,auto_ruido,auto_ruido:ps,,,,audit_cwd=/var/ossec
ATA023,1,2026-09-29T02:03:02.345Z,victima-linux,80792,3,audit|audit_command,RS2,Audit: Command: /usr/bin/dash.,auto_ruido,auto_ruido:dash,,,,audit_cwd=/var/ossec
ATA023,1,2026-09-29T02:03:02.345Z,victima-linux,80792,3,audit|audit_command,RS2,Audit: Command: /usr/bin/ps.,auto_ruido,auto_ruido:ps,,,,audit_cwd=/var/ossec
ATA023,1,2026-09-29T02:03:02.345Z,victima-linux,80792,3,audit|audit_command,RS2,Audit: Command: /usr/bin/ps.,auto_ruido,auto_ruido:ps,,,,audit_cwd=/var/ossec
ATA023,1,2026-09-29T02:03:02.352Z,victima-linux,80792,3,audit|audit_command,RS2,Audit: Command: /usr/bin/dash.,auto_ruido,auto_ruido:dash,,,,audit_cwd=/var/ossec
ATA023,1,2026-09-29T02:03:02.352Z,victima-linux,80792,3,audit|audit_command,RS2,Audit: Command: /usr/bin/dash.,auto_ruido,auto_ruido:dash,,,,audit_cwd=/var/ossec
ATA023,1,2026-09-29T02:03:02.352Z,victima-linux,80792,3,audit|audit_command,RS2,Audit: Command: /usr/bin/ps.,auto_ruido,auto_ruido:ps,,,,audit_cwd=/var/ossec
ATA023,1,2026-09-29T02:03:02.359Z,victima-linux,80792,3,audit|audit_command,RS2,Audit: Command: /usr/bin/dash.,auto_ruido,auto_ruido:dash,,,,audit_cwd=/var/ossec
ATA023,1,2026-09-29T02:03:02.359Z,victima-linux,80792,3,audit|audit_command,RS2,Audit: Command: /usr/bin/ps.,auto_ruido,auto_ruido:ps,,,,audit_cwd=/var/ossec
ATA023,1,2026-09-29T02:03:02.359Z,victima-linux,80792,3,audit|audit_command,RS2,Audit: Command: /usr/bin/ps.,auto_ruido,auto_ruido:ps,,,,audit_cwd=/var/ossec
ATA023,1,2026-09-29T02:03:02.366Z,victima-linux,80792,3,audit|audit_command,RS2,Audit: Command: /usr/bin/dash.,auto_ruido,auto_ruido:dash,,,,audit_cwd=/var/ossec
ATA023,1,2026-09-29T02:03:02.366Z,victima-linux,80792,3,audit|audit_command,RS2,Audit: Command: /usr/bin/dash.,auto_ruido,auto_ruido:dash,,,,audit_cwd=/var/ossec
ATA023,1,2026-09-29T02:03:02.366Z,victima-linux,80792,3,audit|audit_command,RS2,Audit: Command: /usr/bin/ps.,auto_ruido,auto_ruido:ps,,,,audit_cwd=/var/ossec
ATA023,1,2026-09-29T02:03:02.373Z,victima-linux,80792,3,audit|audit_command,RS2,Audit: Command: /usr/bin/dash.,auto_ruido,auto_ruido:dash,,,,audit_cwd=/var/ossec
ATA023,1,2026-09-29T02:03:02.373Z,victima-linux,80792,3,audit|audit_command,RS2,Audit: Command: /usr/bin/ps.,auto_ruido,auto_ruido:ps,,,,audit_cwd=/var/ossec
ATA023,1,2026-09-29T02:03:02.373Z,victima-linux,80792,3,audit|audit_command,RS2,Audit: Command: /usr/bin/ps.,auto_ruido,auto_ruido:ps,,,,audit_cwd=/var/ossec
ATA023,1,2026-09-29T02:03:02.381Z,victima-linux,80792,3,audit|audit_command,RS2,Audit: Command: /usr/bin/dash.,auto_ruido,auto_ruido:dash,,,,audit_cwd=/var/ossec
ATA023,1,2026-09-29T02:03:02.381Z,victima-linux,80792,3,audit|audit_command,RS2,Audit: Command: /usr/bin/dash.,auto_ruido,auto_ruido:dash,,,,audit_cwd=/var/ossec
ATA023,1,2026-09-29T02:03:02.381Z,victima-linux,80792,3,audit|audit_command,RS2,Audit: Command: /usr/bin/ps.,auto_ruido,auto_ruido:ps,,,,audit_cwd=/var/ossec
ATA023,1,2026-09-29T02:03:02.387Z,victima-linux,80792,3,audit|audit_command,RS2,Audit: Command: /usr/bin/dash.,auto_ruido,auto_ruido:dash,,,,audit_cwd=/var/ossec
ATA023,1,2026-09-29T02:03:02.387Z,victima-linux,80792,3,audit|audit_command,RS2,Audit: Command: /usr/bin/ps.,auto_ruido,auto_ruido:ps,,,,audit_cwd=/var/ossec
ATA023,1,2026-09-29T02:03:02.388Z,victima-linux,80792,3,audit|audit_command,RS2,Audit: Command: /usr/bin/ps.,auto_ruido,auto_ruido:ps,,,,audit_cwd=/var/ossec
ATA023,1,2026-09-29T02:03:02.394Z,victima-linux,80792,3,audit|audit_command,RS2,Audit: Command: /usr/bin/dash.,auto_ruido,auto_ruido:dash,,,,audit_cwd=/var/ossec
ATA023,1,2026-09-29T02:03:02.395Z,victima-linux,80792,3,audit|audit_command,RS2,Audit: Command: /usr/bin/dash.,auto_ruido,auto_ruido:dash,,,,audit_cwd=/var/ossec
ATA023,1,2026-09-29T02:03:02.395Z,victima-linux,80792,3,audit|audit_command,RS2,Audit: Command: /usr/bin/ps.,auto_ruido,auto_ruido:ps,,,,audit_cwd=/var/ossec
ATA023,1,2026-09-29T02:03:02.401Z,victima-linux,80792,3,audit|audit_command,RS2,Audit: Command: /usr/bin/dash.,auto_ruido,auto_ruido:dash,,,,audit_cwd=/var/ossec
ATA023,1,2026-09-29T02:03:02.402Z,victima-linux,80792,3,audit|audit_command,RS2,Audit: Command: /usr/bin/ps.,auto_ruido,auto_ruido:ps,,,,audit_cwd=/var/ossec
ATA023,1,2026-09-29T02:03:02.402Z,victima-linux,80792,3,audit|audit_command,RS2,Audit: Command: /usr/bin/ps.,auto_ruido,auto_ruido:ps,,,,audit_cwd=/var/ossec
ATA023,1,2026-09-29T02:03:02.409Z,victima-linux,80792,3,audit|audit_command,RS2,Audit: Command: /usr/bin/dash.,auto_ruido,auto_ruido:dash,,,,audit_cwd=/var/ossec
ATA023,1,2026-09-29T02:03:02.409Z,victima-linux,80792,3,audit|audit_command,RS2,Audit: Command: /usr/bin/dash.,auto_ruido,auto_ruido:dash,,,,audit_cwd=/var/ossec
ATA023,1,2026-09-29T02:03:02.409Z,victima-linux,80792,3,audit|audit_command,RS2,Audit: Command: /usr/bin/ps.,auto_ruido,auto_ruido:ps,,,,audit_cwd=/var/ossec
ATA023,1,2026-09-29T02:03:02.415Z,victima-linux,80792,3,audit|audit_command,RS2,Audit: Command: /usr/bin/ps.,auto_ruido,auto_ruido:ps,,,,audit_cwd=/var/ossec
ATA023,1,2026-09-29T02:03:02.416Z,victima-linux,80792,3,audit|audit_command,RS2,Audit: Command: /usr/bin/dash.,auto_ruido,auto_ruido:dash,,,,audit_cwd=/var/ossec
ATA023,1,2026-09-29T02:03:02.416Z,victima-linux,80792,3,audit|audit_command,RS2,Audit: Command: /usr/bin/ps.,auto_ruido,auto_ruido:ps,,,,audit_cwd=/var/ossec
ATA023,1,2026-09-29T02:03:02.422Z,victima-linux,80792,3,audit|audit_command,RS2,Audit: Command: /usr/bin/ps.,auto_ruido,auto_ruido:ps,,,,audit_cwd=/var/ossec
ATA023,1,2026-09-29T02:03:02.423Z,victima-linux,80792,3,audit|audit_command,RS2,Audit: Command: /usr/bin/dash.,auto_ruido,auto_ruido:dash,,,,audit_cwd=/var/ossec
ATA023,1,2026-09-29T02:03:02.423Z,victima-linux,80792,3,audit|audit_command,RS2,Audit: Command: /usr/bin/dash.,auto_ruido,auto_ruido:dash,,,,audit_cwd=/var/ossec
ATA023,1,2026-09-29T02:03:02.429Z,victima-linux,80792,3,audit|audit_command,RS2,Audit: Command: /usr/bin/dash.,auto_ruido,auto_ruido:dash,,,,audit_cwd=/var/ossec
ATA023,1,2026-09-29T02:03:02.429Z,victima-linux,80792,3,audit|audit_command,RS2,Audit: Command: /usr/bin/ps.,auto_ruido,auto_ruido:ps,,,,audit_cwd=/var/ossec
ATA023,1,2026-09-29T02:03:02.429Z,victima-linux,80792,3,audit|audit_command,RS2,Audit: Command: /usr/bin/ps.,auto_ruido,auto_ruido:ps,,,,audit_cwd=/var/ossec
ATA023,1,2026-09-29T02:03:02.436Z,victima-linux,80792,3,audit|audit_command,RS2,Audit: Command: /usr/bin/dash.,auto_ruido,auto_ruido:dash,,,,audit_cwd=/var/ossec
ATA023,1,2026-09-29T02:03:02.436Z,victima-linux,80792,3,audit|audit_command,RS2,Audit: Command: /usr/bin/dash.,auto_ruido,auto_ruido:dash,,,,audit_cwd=/var/ossec
ATA023,1,2026-09-29T02:03:02.436Z,victima-linux,80792,3,audit|audit_command,RS2,Audit: Command: /usr/bin/ps.,auto_ruido,auto_ruido:ps,,,,audit_cwd=/var/ossec
ATA023,1,2026-09-29T02:03:02.443Z,victima-linux,80791,3,audit|audit_watch_delete|audit_watch_write,RS2,Audit: Deleted: var/run/.,auto_ruido,auto_ruido:wazuh-agentd,,,,audit_exe=/var/ossec/bin/wazuh-agentd
ATA023,1,2026-09-29T02:03:02.443Z,victima-linux,80792,3,audit|audit_command,RS2,Audit: Command: /usr/bin/ps.,auto_ruido,auto_ruido:ps,,,,audit_cwd=/var/ossec
ATA023,1,2026-09-29T02:03:02.444Z,victima-linux,80792,3,audit|audit_command,RS2,Audit: Command: /usr/bin/dash.,auto_ruido,auto_ruido:dash,,,,audit_cwd=/var/ossec
ATA023,1,2026-09-29T02:03:02.450Z,victima-linux,80792,3,audit|audit_command,RS2,Audit: Command: /usr/bin/dash.,auto_ruido,auto_ruido:dash,,,,audit_cwd=/var/ossec
ATA023,1,2026-09-29T02:03:02.450Z,victima-linux,80792,3,audit|audit_command,RS2,Audit: Command: /usr/bin/ps.,auto_ruido,auto_ruido:ps,,,,audit_cwd=/var/ossec
ATA023,1,2026-09-29T02:03:02.450Z,victima-linux,80792,3,audit|audit_command,RS2,Audit: Command: /usr/bin/ps.,auto_ruido,auto_ruido:ps,,,,audit_cwd=/var/ossec
ATA023,1,2026-09-29T02:03:02.491Z,victima-linux,80792,3,audit|audit_command,RS2,Audit: Command: /usr/bin/dash.,auto_ruido,auto_ruido:dash,,,,audit_cwd=/var/ossec
ATA023,1,2026-09-29T02:03:02.491Z,victima-linux,80792,3,audit|audit_command,RS2,Audit: Command: /usr/bin/ps.,auto_ruido,auto_ruido:ps,,,,audit_cwd=/var/ossec
ATA023,1,2026-09-29T02:03:04.321Z,victima-linux,80792,3,audit|audit_command,RS2,Audit: Command: /usr/bin/dash.,auto_ruido,auto_ruido:dash,,,,audit_cwd=/var/ossec
ATA023,1,2026-09-29T02:03:04.321Z,victima-linux,80792,3,audit|audit_command,RS2,Audit: Command: /usr/bin/ps.,auto_ruido,auto_ruido:ps,,,,audit_cwd=/var/ossec
ATA023,1,2026-09-29T02:03:04.323Z,victima-linux,80792,3,audit|audit_command,RS2,Audit: Command: /usr/bin/dash.,auto_ruido,auto_ruido:dash,,,,audit_cwd=/var/ossec
ATA023,1,2026-09-29T02:03:04.326Z,victima-linux,80792,3,audit|audit_command,RS2,Audit: Command: /usr/bin/ps.,auto_ruido,auto_ruido:ps,,,,audit_cwd=/var/ossec
ATA023,1,2026-09-29T02:03:04.328Z,victima-linux,80792,3,audit|audit_command,RS2,Audit: Command: /usr/bin/dash.,auto_ruido,auto_ruido:dash,,,,audit_cwd=/var/ossec
ATA023,1,2026-09-29T02:03:04.330Z,victima-linux,80792,3,audit|audit_command,RS2,Audit: Command: /usr/bin/ps.,auto_ruido,auto_ruido:ps,,,,audit_cwd=/var/ossec
ATA023,1,2026-09-29T02:03:04.333Z,victima-linux,80792,3,audit|audit_command,RS2,Audit: Command: /usr/bin/dash.,auto_ruido,auto_ruido:dash,,,,audit_cwd=/var/ossec
ATA023,1,2026-09-29T02:03:04.335Z,victima-linux,80792,3,audit|audit_command,RS2,Audit: Command: /usr/bin/ps.,auto_ruido,auto_ruido:ps,,,,audit_cwd=/var/ossec
ATA023,1,2026-09-29T02:03:04.338Z,victima-linux,80792,3,audit|audit_command,RS2,Audit: Command: /usr/bin/dash.,auto_ruido,auto_ruido:dash,,,,audit_cwd=/var/ossec
ATA023,1,2026-09-29T02:03:04.340Z,victima-linux,80792,3,audit|audit_command,RS2,Audit: Command: /usr/bin/ps.,auto_ruido,auto_ruido:ps,,,,audit_cwd=/var/ossec
ATA023,1,2026-09-29T02:03:04.343Z,victima-linux,80792,3,audit|audit_command,RS2,Audit: Command: /usr/bin/dash.,auto_ruido,auto_ruido:dash,,,,audit_cwd=/var/ossec
ATA023,1,2026-09-29T02:03:04.346Z,victima-linux,80792,3,audit|audit_command,RS2,Audit: Command: /usr/bin/ps.,auto_ruido,auto_ruido:ps,,,,audit_cwd=/var/ossec
ATA023,1,2026-09-29T02:03:04.348Z,victima-linux,80792,3,audit|audit_command,RS2,Audit: Command: /usr/bin/dash.,auto_ruido,auto_ruido:dash,,,,audit_cwd=/var/ossec
ATA023,1,2026-09-29T02:03:04.350Z,victima-linux,80792,3,audit|audit_command,RS2,Audit: Command: /usr/bin/ps.,auto_ruido,auto_ruido:ps,,,,audit_cwd=/var/ossec
ATA023,1,2026-09-29T02:03:04.353Z,victima-linux,80792,3,audit|audit_command,RS2,Audit: Command: /usr/bin/dash.,auto_ruido,auto_ruido:dash,,,,audit_cwd=/var/ossec
ATA023,1,2026-09-29T02:03:04.355Z,victima-linux,80792,3,audit|audit_command,RS2,Audit: Command: /usr/bin/ps.,auto_ruido,auto_ruido:ps,,,,audit_cwd=/var/ossec
ATA023,1,2026-09-29T02:03:04.358Z,victima-linux,80792,3,audit|audit_command,RS2,Audit: Command: /usr/bin/dash.,auto_ruido,auto_ruido:dash,,,,audit_cwd=/var/ossec
ATA023,1,2026-09-29T02:03:04.360Z,victima-linux,80792,3,audit|audit_command,RS2,Audit: Command: /usr/bin/ps.,auto_ruido,auto_ruido:ps,,,,audit_cwd=/var/ossec
ATA023,1,2026-09-29T02:03:04.362Z,victima-linux,80792,3,audit|audit_command,RS2,Audit: Command: /usr/bin/dash.,auto_ruido,auto_ruido:dash,,,,audit_cwd=/var/ossec
ATA023,1,2026-09-29T02:03:04.365Z,victima-linux,80792,3,audit|audit_command,RS2,Audit: Command: /usr/bin/ps.,auto_ruido,auto_ruido:ps,,,,audit_cwd=/var/ossec
ATA023,1,2026-09-29T02:03:04.367Z,victima-linux,80791,3,audit|audit_watch_delete|audit_watch_write,RS2,Audit: Deleted: /run/systemd/sessions/1.,ruido_conocido,baseline,,,,rule_id=80791
ATA023,1,2026-09-29T02:03:04.369Z,victima-linux,80791,3,audit|audit_watch_delete|audit_watch_write,RS2,Audit: Deleted: /run/systemd/users/.,ruido_conocido,baseline,,,,rule_id=80791
ATA023,1,2026-09-29T02:03:04.371Z,victima-linux,80792,3,audit|audit_command,RS2,Audit: Command: /usr/bin/dash.,auto_ruido,auto_ruido:dash,,,,audit_cwd=/var/ossec
ATA023,1,2026-09-29T02:03:04.374Z,victima-linux,80792,3,audit|audit_command,RS2,Audit: Command: /usr/bin/ps.,auto_ruido,auto_ruido:ps,,,,audit_cwd=/var/ossec
ATA023,1,2026-09-29T02:03:04.376Z,victima-linux,80792,3,audit|audit_command,RS2,Audit: Command: /usr/bin/dash.,auto_ruido,auto_ruido:dash,,,,audit_cwd=/var/ossec
ATA023,1,2026-09-29T02:03:04.378Z,victima-linux,80792,3,audit|audit_command,RS2,Audit: Command: /usr/bin/ps.,auto_ruido,auto_ruido:ps,,,,audit_cwd=/var/ossec
ATA023,1,2026-09-29T02:03:04.380Z,victima-linux,80792,3,audit|audit_command,RS2,Audit: Command: /usr/bin/dash.,auto_ruido,auto_ruido:dash,,,,audit_cwd=/var/ossec
ATA023,1,2026-09-29T02:03:04.382Z,victima-linux,80792,3,audit|audit_command,RS2,Audit: Command: /usr/bin/ps.,auto_ruido,auto_ruido:ps,,,,audit_cwd=/var/ossec
ATA023,1,2026-09-29T02:03:04.385Z,victima-linux,80792,3,audit|audit_command,RS2,Audit: Command: /usr/bin/dash.,auto_ruido,auto_ruido:dash,,,,audit_cwd=/var/ossec
ATA023,1,2026-09-29T02:03:04.388Z,victima-linux,80792,3,audit|audit_command,RS2,Audit: Command: /usr/bin/ps.,auto_ruido,auto_ruido:ps,,,,audit_cwd=/var/ossec
ATA023,1,2026-09-29T02:03:04.389Z,victima-linux,80792,3,audit|audit_command,RS2,Audit: Command: /usr/bin/dash.,auto_ruido,auto_ruido:dash,,,,audit_cwd=/var/ossec
ATA023,1,2026-09-29T02:03:04.392Z,victima-linux,80792,3,audit|audit_command,RS2,Audit: Command: /usr/bin/ps.,auto_ruido,auto_ruido:ps,,,,audit_cwd=/var/ossec
ATA023,1,2026-09-29T02:03:04.394Z,victima-linux,80792,3,audit|audit_command,RS2,Audit: Command: /usr/bin/dash.,auto_ruido,auto_ruido:dash,,,,audit_cwd=/var/ossec
ATA023,1,2026-09-29T02:03:04.396Z,victima-linux,80792,3,audit|audit_command,RS2,Audit: Command: /usr/bin/ps.,auto_ruido,auto_ruido:ps,,,,audit_cwd=/var/ossec
ATA023,1,2026-09-29T02:03:04.398Z,victima-linux,80792,3,audit|audit_command,RS2,Audit: Command: /usr/bin/dash.,auto_ruido,auto_ruido:dash,,,,audit_cwd=/var/ossec
ATA023,1,2026-09-29T02:03:04.401Z,victima-linux,80792,3,audit|audit_command,RS2,Audit: Command: /usr/bin/ps.,auto_ruido,auto_ruido:ps,,,,audit_cwd=/var/ossec
ATA023,1,2026-09-29T02:03:04.403Z,victima-linux,80792,3,audit|audit_command,RS2,Audit: Command: /usr/bin/dash.,auto_ruido,auto_ruido:dash,,,,audit_cwd=/var/ossec
ATA023,1,2026-09-29T02:03:04.405Z,victima-linux,80792,3,audit|audit_command,RS2,Audit: Command: /usr/bin/ps.,auto_ruido,auto_ruido:ps,,,,audit_cwd=/var/ossec
ATA023,1,2026-09-29T02:03:04.407Z,victima-linux,80792,3,audit|audit_command,RS2,Audit: Command: /usr/bin/dash.,auto_ruido,auto_ruido:dash,,,,audit_cwd=/var/ossec
ATA023,1,2026-09-29T02:03:04.410Z,victima-linux,80792,3,audit|audit_command,RS2,Audit: Command: /usr/bin/ps.,auto_ruido,auto_ruido:ps,,,,audit_cwd=/var/ossec
ATA023,1,2026-09-29T02:03:04.412Z,victima-linux,80792,3,audit|audit_command,RS2,Audit: Command: /usr/bin/dash.,auto_ruido,auto_ruido:dash,,,,audit_cwd=/var/ossec
ATA023,1,2026-09-29T02:03:04.415Z,victima-linux,80792,3,audit|audit_command,RS2,Audit: Command: /usr/bin/ps.,auto_ruido,auto_ruido:ps,,,,audit_cwd=/var/ossec
ATA023,1,2026-09-29T02:03:04.417Z,victima-linux,80792,3,audit|audit_command,RS2,Audit: Command: /usr/bin/dash.,auto_ruido,auto_ruido:dash,,,,audit_cwd=/var/ossec
ATA023,1,2026-09-29T02:03:04.420Z,victima-linux,80792,3,audit|audit_command,RS2,Audit: Command: /usr/bin/ps.,auto_ruido,auto_ruido:ps,,,,audit_cwd=/var/ossec
ATA023,1,2026-09-29T02:03:04.422Z,victima-linux,80792,3,audit|audit_command,RS2,Audit: Command: /usr/bin/dash.,auto_ruido,auto_ruido:dash,,,,audit_cwd=/var/ossec
ATA023,1,2026-09-29T02:03:04.424Z,victima-linux,80792,3,audit|audit_command,RS2,Audit: Command: /usr/bin/ps.,auto_ruido,auto_ruido:ps,,,,audit_cwd=/var/ossec
ATA023,1,2026-09-29T02:03:04.427Z,victima-linux,80792,3,audit|audit_command,RS2,Audit: Command: /usr/bin/dash.,auto_ruido,auto_ruido:dash,,,,audit_cwd=/var/ossec
ATA023,1,2026-09-29T02:03:04.429Z,victima-linux,80792,3,audit|audit_command,RS2,Audit: Command: /usr/bin/ps.,auto_ruido,auto_ruido:ps,,,,audit_cwd=/var/ossec
ATA023,1,2026-09-29T02:03:04.431Z,victima-linux,80792,3,audit|audit_command,RS2,Audit: Command: /usr/bin/dash.,auto_ruido,auto_ruido:dash,,,,audit_cwd=/var/ossec
ATA023,1,2026-09-29T02:03:04.433Z,victima-linux,80792,3,audit|audit_command,RS2,Audit: Command: /usr/bin/ps.,auto_ruido,auto_ruido:ps,,,,audit_cwd=/var/ossec
ATA023,1,2026-09-29T02:03:04.436Z,victima-linux,80792,3,audit|audit_command,RS2,Audit: Command: /usr/bin/dash.,auto_ruido,auto_ruido:dash,,,,audit_cwd=/var/ossec
ATA023,1,2026-09-29T02:03:04.438Z,victima-linux,80792,3,audit|audit_command,RS2,Audit: Command: /usr/bin/ps.,auto_ruido,auto_ruido:ps,,,,audit_cwd=/var/ossec
ATA023,1,2026-09-29T02:03:04.441Z,victima-linux,80792,3,audit|audit_command,RS2,Audit: Command: /usr/bin/dash.,auto_ruido,auto_ruido:dash,,,,audit_cwd=/var/ossec
ATA023,1,2026-09-29T02:03:04.443Z,victima-linux,80792,3,audit|audit_command,RS2,Audit: Command: /usr/bin/ps.,auto_ruido,auto_ruido:ps,,,,audit_cwd=/var/ossec
ATA023,1,2026-09-29T02:03:04.445Z,victima-linux,80792,3,audit|audit_command,RS2,Audit: Command: /usr/bin/dash.,auto_ruido,auto_ruido:dash,,,,audit_cwd=/var/ossec
ATA023,1,2026-09-29T02:03:04.448Z,victima-linux,80792,3,audit|audit_command,RS2,Audit: Command: /usr/bin/ps.,auto_ruido,auto_ruido:ps,,,,audit_cwd=/var/ossec
ATA023,1,2026-09-29T02:03:04.450Z,victima-linux,80792,3,audit|audit_command,RS2,Audit: Command: /usr/bin/dash.,auto_ruido,auto_ruido:dash,,,,audit_cwd=/var/ossec
ATA023,1,2026-09-29T02:03:04.452Z,victima-linux,80792,3,audit|audit_command,RS2,Audit: Command: /usr/bin/ps.,auto_ruido,auto_ruido:ps,,,,audit_cwd=/var/ossec
ATA023,1,2026-09-29T02:03:04.455Z,victima-linux,80792,3,audit|audit_command,RS2,Audit: Command: /usr/bin/dash.,auto_ruido,auto_ruido:dash,,,,audit_cwd=/var/ossec
ATA023,1,2026-09-29T02:03:04.457Z,victima-linux,80792,3,audit|audit_command,RS2,Audit: Command: /usr/bin/ps.,auto_ruido,auto_ruido:ps,,,,audit_cwd=/var/ossec
ATA023,1,2026-09-29T02:03:04.466Z,victima-linux,80792,3,audit|audit_command,RS2,Audit: Command: /usr/bin/dash.,auto_ruido,auto_ruido:dash,,,,audit_cwd=/var/ossec
ATA023,1,2026-09-29T02:03:04.468Z,victima-linux,80792,3,audit|audit_command,RS2,Audit: Command: /usr/bin/ps.,auto_ruido,auto_ruido:ps,,,,audit_cwd=/var/ossec
ATA023,1,2026-09-29T02:03:06.319Z,victima-linux,80792,3,audit|audit_command,RS2,Audit: Command: /usr/bin/dash.,auto_ruido,auto_ruido:dash,,,,audit_cwd=/var/ossec
ATA023,1,2026-09-29T02:03:06.320Z,victima-linux,80792,3,audit|audit_command,RS2,Audit: Command: /usr/bin/ps.,auto_ruido,auto_ruido:ps,,,,audit_cwd=/var/ossec
ATA023,1,2026-09-29T02:03:06.322Z,victima-linux,80792,3,audit|audit_command,RS2,Audit: Command: /usr/bin/dash.,auto_ruido,auto_ruido:dash,,,,audit_cwd=/var/ossec
ATA023,1,2026-09-29T02:03:06.324Z,victima-linux,80792,3,audit|audit_command,RS2,Audit: Command: /usr/bin/ps.,auto_ruido,auto_ruido:ps,,,,audit_cwd=/var/ossec
ATA023,1,2026-09-29T02:03:06.326Z,victima-linux,80792,3,audit|audit_command,RS2,Audit: Command: /usr/bin/dash.,auto_ruido,auto_ruido:dash,,,,audit_cwd=/var/ossec
ATA023,1,2026-09-29T02:03:06.329Z,victima-linux,80792,3,audit|audit_command,RS2,Audit: Command: /usr/bin/ps.,auto_ruido,auto_ruido:ps,,,,audit_cwd=/var/ossec
ATA023,1,2026-09-29T02:03:06.331Z,victima-linux,80792,3,audit|audit_command,RS2,Audit: Command: /usr/bin/dash.,auto_ruido,auto_ruido:dash,,,,audit_cwd=/var/ossec
ATA023,1,2026-09-29T02:03:06.333Z,victima-linux,80792,3,audit|audit_command,RS2,Audit: Command: /usr/bin/ps.,auto_ruido,auto_ruido:ps,,,,audit_cwd=/var/ossec
ATA023,1,2026-09-29T02:03:06.336Z,victima-linux,80792,3,audit|audit_command,RS2,Audit: Command: /usr/bin/dash.,auto_ruido,auto_ruido:dash,,,,audit_cwd=/var/ossec
ATA023,1,2026-09-29T02:03:06.338Z,victima-linux,80792,3,audit|audit_command,RS2,Audit: Command: /usr/bin/ps.,auto_ruido,auto_ruido:ps,,,,audit_cwd=/var/ossec
ATA023,1,2026-09-29T02:03:06.340Z,victima-linux,80792,3,audit|audit_command,RS2,Audit: Command: /usr/bin/dash.,auto_ruido,auto_ruido:dash,,,,audit_cwd=/var/ossec
ATA023,1,2026-09-29T02:03:06.343Z,victima-linux,80792,3,audit|audit_command,RS2,Audit: Command: /usr/bin/ps.,auto_ruido,auto_ruido:ps,,,,audit_cwd=/var/ossec
ATA023,1,2026-09-29T02:03:06.345Z,victima-linux,80792,3,audit|audit_command,RS2,Audit: Command: /usr/bin/dash.,auto_ruido,auto_ruido:dash,,,,audit_cwd=/var/ossec
ATA023,1,2026-09-29T02:03:06.347Z,victima-linux,80792,3,audit|audit_command,RS2,Audit: Command: /usr/bin/ps.,auto_ruido,auto_ruido:ps,,,,audit_cwd=/var/ossec
ATA023,1,2026-09-29T02:03:06.349Z,victima-linux,80792,3,audit|audit_command,RS2,Audit: Command: /usr/bin/dash.,auto_ruido,auto_ruido:dash,,,,audit_cwd=/var/ossec
ATA023,1,2026-09-29T02:03:06.352Z,victima-linux,80792,3,audit|audit_command,RS2,Audit: Command: /usr/bin/ps.,auto_ruido,auto_ruido:ps,,,,audit_cwd=/var/ossec
ATA023,1,2026-09-29T02:03:06.354Z,victima-linux,80792,3,audit|audit_command,RS2,Audit: Command: /usr/bin/dash.,auto_ruido,auto_ruido:dash,,,,audit_cwd=/var/ossec
ATA023,1,2026-09-29T02:03:06.357Z,victima-linux,80792,3,audit|audit_command,RS2,Audit: Command: /usr/bin/ps.,auto_ruido,auto_ruido:ps,,,,audit_cwd=/var/ossec
ATA023,1,2026-09-29T02:03:06.359Z,victima-linux,80792,3,audit|audit_command,RS2,Audit: Command: /usr/bin/dash.,auto_ruido,auto_ruido:dash,,,,audit_cwd=/var/ossec
ATA023,1,2026-09-29T02:03:06.362Z,victima-linux,80792,3,audit|audit_command,RS2,Audit: Command: /usr/bin/ps.,auto_ruido,auto_ruido:ps,,,,audit_cwd=/var/ossec
ATA023,1,2026-09-29T02:03:06.364Z,victima-linux,80792,3,audit|audit_command,RS2,Audit: Command: /usr/bin/dash.,auto_ruido,auto_ruido:dash,,,,audit_cwd=/var/ossec
ATA023,1,2026-09-29T02:03:06.367Z,victima-linux,80792,3,audit|audit_command,RS2,Audit: Command: /usr/bin/ps.,auto_ruido,auto_ruido:ps,,,,audit_cwd=/var/ossec
ATA023,1,2026-09-29T02:03:06.369Z,victima-linux,80792,3,audit|audit_command,RS2,Audit: Command: /usr/bin/dash.,auto_ruido,auto_ruido:dash,,,,audit_cwd=/var/ossec
ATA023,1,2026-09-29T02:03:06.371Z,victima-linux,80792,3,audit|audit_command,RS2,Audit: Command: /usr/bin/ps.,auto_ruido,auto_ruido:ps,,,,audit_cwd=/var/ossec
ATA023,1,2026-09-29T02:03:06.374Z,victima-linux,80792,3,audit|audit_command,RS2,Audit: Command: /usr/bin/dash.,auto_ruido,auto_ruido:dash,,,,audit_cwd=/var/ossec
ATA023,1,2026-09-29T02:03:06.376Z,victima-linux,80792,3,audit|audit_command,RS2,Audit: Command: /usr/bin/ps.,auto_ruido,auto_ruido:ps,,,,audit_cwd=/var/ossec
ATA023,1,2026-09-29T02:03:06.378Z,victima-linux,80792,3,audit|audit_command,RS2,Audit: Command: /usr/bin/dash.,auto_ruido,auto_ruido:dash,,,,audit_cwd=/var/ossec
ATA023,1,2026-09-29T02:03:06.381Z,victima-linux,80792,3,audit|audit_command,RS2,Audit: Command: /usr/bin/ps.,auto_ruido,auto_ruido:ps,,,,audit_cwd=/var/ossec
ATA023,1,2026-09-29T02:03:06.383Z,victima-linux,80792,3,audit|audit_command,RS2,Audit: Command: /usr/bin/dash.,auto_ruido,auto_ruido:dash,,,,audit_cwd=/var/ossec
ATA023,1,2026-09-29T02:03:06.386Z,victima-linux,80792,3,audit|audit_command,RS2,Audit: Command: /usr/bin/ps.,auto_ruido,auto_ruido:ps,,,,audit_cwd=/var/ossec
ATA023,1,2026-09-29T02:03:06.389Z,victima-linux,80792,3,audit|audit_command,RS2,Audit: Command: /usr/bin/dash.,auto_ruido,auto_ruido:dash,,,,audit_cwd=/var/ossec
ATA023,1,2026-09-29T02:03:06.391Z,victima-linux,80792,3,audit|audit_command,RS2,Audit: Command: /usr/bin/ps.,auto_ruido,auto_ruido:ps,,,,audit_cwd=/var/ossec
ATA023,1,2026-09-29T02:03:06.393Z,victima-linux,80792,3,audit|audit_command,RS2,Audit: Command: /usr/bin/dash.,auto_ruido,auto_ruido:dash,,,,audit_cwd=/var/ossec
ATA023,1,2026-09-29T02:03:06.395Z,victima-linux,80792,3,audit|audit_command,RS2,Audit: Command: /usr/bin/ps.,auto_ruido,auto_ruido:ps,,,,audit_cwd=/var/ossec
ATA023,1,2026-09-29T02:03:06.398Z,victima-linux,80792,3,audit|audit_command,RS2,Audit: Command: /usr/bin/dash.,auto_ruido,auto_ruido:dash,,,,audit_cwd=/var/ossec
ATA023,1,2026-09-29T02:03:06.400Z,victima-linux,80792,3,audit|audit_command,RS2,Audit: Command: /usr/bin/ps.,auto_ruido,auto_ruido:ps,,,,audit_cwd=/var/ossec
ATA023,1,2026-09-29T02:03:06.403Z,victima-linux,80792,3,audit|audit_command,RS2,Audit: Command: /usr/bin/dash.,auto_ruido,auto_ruido:dash,,,,audit_cwd=/var/ossec
ATA023,1,2026-09-29T02:03:06.405Z,victima-linux,80792,3,audit|audit_command,RS2,Audit: Command: /usr/bin/ps.,auto_ruido,auto_ruido:ps,,,,audit_cwd=/var/ossec
ATA023,1,2026-09-29T02:03:06.407Z,victima-linux,80792,3,audit|audit_command,RS2,Audit: Command: /usr/bin/dash.,auto_ruido,auto_ruido:dash,,,,audit_cwd=/var/ossec
ATA023,1,2026-09-29T02:03:06.409Z,victima-linux,80792,3,audit|audit_command,RS2,Audit: Command: /usr/bin/ps.,auto_ruido,auto_ruido:ps,,,,audit_cwd=/var/ossec
ATA023,1,2026-09-29T02:03:06.411Z,victima-linux,80792,3,audit|audit_command,RS2,Audit: Command: /usr/bin/dash.,auto_ruido,auto_ruido:dash,,,,audit_cwd=/var/ossec
ATA023,1,2026-09-29T02:03:06.414Z,victima-linux,80792,3,audit|audit_command,RS2,Audit: Command: /usr/bin/ps.,auto_ruido,auto_ruido:ps,,,,audit_cwd=/var/ossec
ATA023,1,2026-09-29T02:03:06.416Z,victima-linux,80792,3,audit|audit_command,RS2,Audit: Command: /usr/bin/dash.,auto_ruido,auto_ruido:dash,,,,audit_cwd=/var/ossec
ATA023,1,2026-09-29T02:03:06.418Z,victima-linux,80792,3,audit|audit_command,RS2,Audit: Command: /usr/bin/ps.,auto_ruido,auto_ruido:ps,,,,audit_cwd=/var/ossec
ATA023,1,2026-09-29T02:03:06.421Z,victima-linux,80792,3,audit|audit_command,RS2,Audit: Command: /usr/bin/dash.,auto_ruido,auto_ruido:dash,,,,audit_cwd=/var/ossec
ATA023,1,2026-09-29T02:03:06.423Z,victima-linux,80792,3,audit|audit_command,RS2,Audit: Command: /usr/bin/ps.,auto_ruido,auto_ruido:ps,,,,audit_cwd=/var/ossec
ATA023,1,2026-09-29T02:03:06.426Z,victima-linux,80792,3,audit|audit_command,RS2,Audit: Command: /usr/bin/dash.,auto_ruido,auto_ruido:dash,,,,audit_cwd=/var/ossec
ATA023,1,2026-09-29T02:03:06.428Z,victima-linux,80792,3,audit|audit_command,RS2,Audit: Command: /usr/bin/ps.,auto_ruido,auto_ruido:ps,,,,audit_cwd=/var/ossec
ATA023,1,2026-09-29T02:03:06.430Z,victima-linux,80792,3,audit|audit_command,RS2,Audit: Command: /usr/bin/dash.,auto_ruido,auto_ruido:dash,,,,audit_cwd=/var/ossec
ATA023,1,2026-09-29T02:03:06.432Z,victima-linux,80792,3,audit|audit_command,RS2,Audit: Command: /usr/bin/ps.,auto_ruido,auto_ruido:ps,,,,audit_cwd=/var/ossec
ATA023,1,2026-09-29T02:03:06.435Z,victima-linux,80792,3,audit|audit_command,RS2,Audit: Command: /usr/bin/dash.,auto_ruido,auto_ruido:dash,,,,audit_cwd=/var/ossec
ATA023,1,2026-09-29T02:03:06.437Z,victima-linux,80792,3,audit|audit_command,RS2,Audit: Command: /usr/bin/ps.,auto_ruido,auto_ruido:ps,,,,audit_cwd=/var/ossec
ATA023,1,2026-09-29T02:03:06.439Z,victima-linux,80792,3,audit|audit_command,RS2,Audit: Command: /usr/bin/dash.,auto_ruido,auto_ruido:dash,,,,audit_cwd=/var/ossec
ATA023,1,2026-09-29T02:03:06.441Z,victima-linux,80792,3,audit|audit_command,RS2,Audit: Command: /usr/bin/ps.,auto_ruido,auto_ruido:ps,,,,audit_cwd=/var/ossec
ATA023,1,2026-09-29T02:03:06.444Z,victima-linux,80792,3,audit|audit_command,RS2,Audit: Command: /usr/bin/dash.,auto_ruido,auto_ruido:dash,,,,audit_cwd=/var/ossec
ATA023,1,2026-09-29T02:03:06.446Z,victima-linux,80792,3,audit|audit_command,RS2,Audit: Command: /usr/bin/ps.,auto_ruido,auto_ruido:ps,,,,audit_cwd=/var/ossec
ATA023,1,2026-09-29T02:03:08.319Z,victima-linux,80792,3,audit|audit_command,RS2,Audit: Command: /usr/bin/dash.,auto_ruido,auto_ruido:dash,,,,audit_cwd=/var/ossec
ATA023,1,2026-09-29T02:03:08.319Z,victima-linux,80792,3,audit|audit_command,RS2,Audit: Command: /usr/bin/ps.,auto_ruido,auto_ruido:ps,,,,audit_cwd=/var/ossec
ATA023,1,2026-09-29T02:03:08.321Z,victima-linux,80792,3,audit|audit_command,RS2,Audit: Command: /usr/bin/dash.,auto_ruido,auto_ruido:dash,,,,audit_cwd=/var/ossec
ATA023,1,2026-09-29T02:03:08.324Z,victima-linux,80792,3,audit|audit_command,RS2,Audit: Command: /usr/bin/ps.,auto_ruido,auto_ruido:ps,,,,audit_cwd=/var/ossec
ATA023,1,2026-09-29T02:03:08.326Z,victima-linux,80792,3,audit|audit_command,RS2,Audit: Command: /usr/bin/dash.,auto_ruido,auto_ruido:dash,,,,audit_cwd=/var/ossec
ATA023,1,2026-09-29T02:03:08.329Z,victima-linux,80792,3,audit|audit_command,RS2,Audit: Command: /usr/bin/ps.,auto_ruido,auto_ruido:ps,,,,audit_cwd=/var/ossec
ATA023,1,2026-09-29T02:03:08.331Z,victima-linux,80792,3,audit|audit_command,RS2,Audit: Command: /usr/bin/dash.,auto_ruido,auto_ruido:dash,,,,audit_cwd=/var/ossec
ATA023,1,2026-09-29T02:03:08.333Z,victima-linux,80792,3,audit|audit_command,RS2,Audit: Command: /usr/bin/ps.,auto_ruido,auto_ruido:ps,,,,audit_cwd=/var/ossec
ATA023,1,2026-09-29T02:03:08.336Z,victima-linux,80792,3,audit|audit_command,RS2,Audit: Command: /usr/bin/dash.,auto_ruido,auto_ruido:dash,,,,audit_cwd=/var/ossec
ATA023,1,2026-09-29T02:03:08.338Z,victima-linux,80792,3,audit|audit_command,RS2,Audit: Command: /usr/bin/ps.,auto_ruido,auto_ruido:ps,,,,audit_cwd=/var/ossec
ATA023,1,2026-09-29T02:03:08.341Z,victima-linux,80792,3,audit|audit_command,RS2,Audit: Command: /usr/bin/dash.,auto_ruido,auto_ruido:dash,,,,audit_cwd=/var/ossec
ATA023,1,2026-09-29T02:03:08.343Z,victima-linux,80792,3,audit|audit_command,RS2,Audit: Command: /usr/bin/ps.,auto_ruido,auto_ruido:ps,,,,audit_cwd=/var/ossec
ATA023,1,2026-09-29T02:03:08.345Z,victima-linux,80792,3,audit|audit_command,RS2,Audit: Command: /usr/bin/dash.,auto_ruido,auto_ruido:dash,,,,audit_cwd=/var/ossec
ATA023,1,2026-09-29T02:03:08.347Z,victima-linux,80792,3,audit|audit_command,RS2,Audit: Command: /usr/bin/ps.,auto_ruido,auto_ruido:ps,,,,audit_cwd=/var/ossec
ATA023,1,2026-09-29T02:03:08.349Z,victima-linux,80792,3,audit|audit_command,RS2,Audit: Command: /usr/bin/dash.,auto_ruido,auto_ruido:dash,,,,audit_cwd=/var/ossec
ATA023,1,2026-09-29T02:03:08.352Z,victima-linux,80792,3,audit|audit_command,RS2,Audit: Command: /usr/bin/ps.,auto_ruido,auto_ruido:ps,,,,audit_cwd=/var/ossec
ATA023,1,2026-09-29T02:03:08.354Z,victima-linux,80792,3,audit|audit_command,RS2,Audit: Command: /usr/bin/dash.,auto_ruido,auto_ruido:dash,,,,audit_cwd=/var/ossec
ATA023,1,2026-09-29T02:03:08.357Z,victima-linux,80792,3,audit|audit_command,RS2,Audit: Command: /usr/bin/ps.,auto_ruido,auto_ruido:ps,,,,audit_cwd=/var/ossec
ATA023,1,2026-09-29T02:03:08.359Z,victima-linux,80792,3,audit|audit_command,RS2,Audit: Command: /usr/bin/dash.,auto_ruido,auto_ruido:dash,,,,audit_cwd=/var/ossec
ATA023,1,2026-09-29T02:03:08.361Z,victima-linux,80792,3,audit|audit_command,RS2,Audit: Command: /usr/bin/ps.,auto_ruido,auto_ruido:ps,,,,audit_cwd=/var/ossec
ATA023,1,2026-09-29T02:03:08.363Z,victima-linux,80792,3,audit|audit_command,RS2,Audit: Command: /usr/bin/dash.,auto_ruido,auto_ruido:dash,,,,audit_cwd=/var/ossec
ATA023,1,2026-09-29T02:03:08.366Z,victima-linux,80792,3,audit|audit_command,RS2,Audit: Command: /usr/bin/ps.,auto_ruido,auto_ruido:ps,,,,audit_cwd=/var/ossec
ATA023,1,2026-09-29T02:03:08.368Z,victima-linux,80791,3,audit|audit_watch_delete|audit_watch_write,RS2,Audit: Deleted: var/run/.,auto_ruido,auto_ruido:wazuh-agentd,,,,audit_exe=/var/ossec/bin/wazuh-agentd
ATA023,1,2026-09-29T02:03:08.375Z,victima-linux,80792,3,audit|audit_command,RS2,Audit: Command: /usr/bin/dash.,auto_ruido,auto_ruido:dash,,,,audit_cwd=/var/ossec
ATA023,1,2026-09-29T02:03:08.375Z,victima-linux,80792,3,audit|audit_command,RS2,Audit: Command: /usr/bin/dash.,auto_ruido,auto_ruido:dash,,,,audit_cwd=/var/ossec
ATA023,1,2026-09-29T02:03:08.375Z,victima-linux,80792,3,audit|audit_command,RS2,Audit: Command: /usr/bin/ps.,auto_ruido,auto_ruido:ps,,,,audit_cwd=/var/ossec
ATA023,1,2026-09-29T02:03:08.377Z,victima-linux,80792,3,audit|audit_command,RS2,Audit: Command: /usr/bin/ps.,auto_ruido,auto_ruido:ps,,,,audit_cwd=/var/ossec
ATA023,1,2026-09-29T02:03:08.380Z,victima-linux,80792,3,audit|audit_command,RS2,Audit: Command: /usr/bin/dash.,auto_ruido,auto_ruido:dash,,,,audit_cwd=/var/ossec
ATA023,1,2026-09-29T02:03:08.382Z,victima-linux,80792,3,audit|audit_command,RS2,Audit: Command: /usr/bin/ps.,auto_ruido,auto_ruido:ps,,,,audit_cwd=/var/ossec
ATA023,1,2026-09-29T02:03:08.385Z,victima-linux,80792,3,audit|audit_command,RS2,Audit: Command: /usr/bin/dash.,auto_ruido,auto_ruido:dash,,,,audit_cwd=/var/ossec
ATA023,1,2026-09-29T02:03:08.387Z,victima-linux,80792,3,audit|audit_command,RS2,Audit: Command: /usr/bin/ps.,auto_ruido,auto_ruido:ps,,,,audit_cwd=/var/ossec
ATA023,1,2026-09-29T02:03:08.389Z,victima-linux,80792,3,audit|audit_command,RS2,Audit: Command: /usr/bin/dash.,auto_ruido,auto_ruido:dash,,,,audit_cwd=/var/ossec
ATA023,1,2026-09-29T02:03:08.392Z,victima-linux,80792,3,audit|audit_command,RS2,Audit: Command: /usr/bin/ps.,auto_ruido,auto_ruido:ps,,,,audit_cwd=/var/ossec
ATA023,1,2026-09-29T02:03:08.394Z,victima-linux,80792,3,audit|audit_command,RS2,Audit: Command: /usr/bin/dash.,auto_ruido,auto_ruido:dash,,,,audit_cwd=/var/ossec
ATA023,1,2026-09-29T02:03:08.397Z,victima-linux,80792,3,audit|audit_command,RS2,Audit: Command: /usr/bin/ps.,auto_ruido,auto_ruido:ps,,,,audit_cwd=/var/ossec
ATA023,1,2026-09-29T02:03:08.399Z,victima-linux,80792,3,audit|audit_command,RS2,Audit: Command: /usr/bin/dash.,auto_ruido,auto_ruido:dash,,,,audit_cwd=/var/ossec
ATA023,1,2026-09-29T02:03:08.401Z,victima-linux,80792,3,audit|audit_command,RS2,Audit: Command: /usr/bin/ps.,auto_ruido,auto_ruido:ps,,,,audit_cwd=/var/ossec
ATA023,1,2026-09-29T02:03:08.404Z,victima-linux,80792,3,audit|audit_command,RS2,Audit: Command: /usr/bin/dash.,auto_ruido,auto_ruido:dash,,,,audit_cwd=/var/ossec
ATA023,1,2026-09-29T02:03:08.406Z,victima-linux,80792,3,audit|audit_command,RS2,Audit: Command: /usr/bin/ps.,auto_ruido,auto_ruido:ps,,,,audit_cwd=/var/ossec
ATA023,1,2026-09-29T02:03:08.409Z,victima-linux,80792,3,audit|audit_command,RS2,Audit: Command: /usr/bin/dash.,auto_ruido,auto_ruido:dash,,,,audit_cwd=/var/ossec
ATA023,1,2026-09-29T02:03:08.411Z,victima-linux,80792,3,audit|audit_command,RS2,Audit: Command: /usr/bin/ps.,auto_ruido,auto_ruido:ps,,,,audit_cwd=/var/ossec
ATA023,1,2026-09-29T02:03:08.413Z,victima-linux,80792,3,audit|audit_command,RS2,Audit: Command: /usr/bin/dash.,auto_ruido,auto_ruido:dash,,,,audit_cwd=/var/ossec
ATA023,1,2026-09-29T02:03:08.416Z,victima-linux,80792,3,audit|audit_command,RS2,Audit: Command: /usr/bin/ps.,auto_ruido,auto_ruido:ps,,,,audit_cwd=/var/ossec
ATA023,1,2026-09-29T02:03:08.418Z,victima-linux,80792,3,audit|audit_command,RS2,Audit: Command: /usr/bin/dash.,auto_ruido,auto_ruido:dash,,,,audit_cwd=/var/ossec
ATA023,1,2026-09-29T02:03:08.421Z,victima-linux,80792,3,audit|audit_command,RS2,Audit: Command: /usr/bin/ps.,auto_ruido,auto_ruido:ps,,,,audit_cwd=/var/ossec
ATA023,1,2026-09-29T02:03:08.423Z,victima-linux,80792,3,audit|audit_command,RS2,Audit: Command: /usr/bin/dash.,auto_ruido,auto_ruido:dash,,,,audit_cwd=/var/ossec
ATA023,1,2026-09-29T02:03:08.425Z,victima-linux,80792,3,audit|audit_command,RS2,Audit: Command: /usr/bin/ps.,auto_ruido,auto_ruido:ps,,,,audit_cwd=/var/ossec
ATA023,1,2026-09-29T02:03:08.428Z,victima-linux,80792,3,audit|audit_command,RS2,Audit: Command: /usr/bin/dash.,auto_ruido,auto_ruido:dash,,,,audit_cwd=/var/ossec
ATA023,1,2026-09-29T02:03:08.430Z,victima-linux,80792,3,audit|audit_command,RS2,Audit: Command: /usr/bin/ps.,auto_ruido,auto_ruido:ps,,,,audit_cwd=/var/ossec
ATA023,1,2026-09-29T02:03:08.432Z,victima-linux,80792,3,audit|audit_command,RS2,Audit: Command: /usr/bin/dash.,auto_ruido,auto_ruido:dash,,,,audit_cwd=/var/ossec
ATA023,1,2026-09-29T02:03:08.434Z,victima-linux,80792,3,audit|audit_command,RS2,Audit: Command: /usr/bin/ps.,auto_ruido,auto_ruido:ps,,,,audit_cwd=/var/ossec
ATA023,1,2026-09-29T02:03:08.437Z,victima-linux,80792,3,audit|audit_command,RS2,Audit: Command: /usr/bin/dash.,auto_ruido,auto_ruido:dash,,,,audit_cwd=/var/ossec
ATA023,1,2026-09-29T02:03:08.439Z,victima-linux,80792,3,audit|audit_command,RS2,Audit: Command: /usr/bin/ps.,auto_ruido,auto_ruido:ps,,,,audit_cwd=/var/ossec
ATA023,1,2026-09-29T02:03:08.441Z,victima-linux,80792,3,audit|audit_command,RS2,Audit: Command: /usr/bin/dash.,auto_ruido,auto_ruido:dash,,,,audit_cwd=/var/ossec
ATA023,1,2026-09-29T02:03:08.443Z,victima-linux,80792,3,audit|audit_command,RS2,Audit: Command: /usr/bin/ps.,auto_ruido,auto_ruido:ps,,,,audit_cwd=/var/ossec
ATA023,1,2026-09-29T02:03:08.446Z,victima-linux,80792,3,audit|audit_command,RS2,Audit: Command: /usr/bin/dash.,auto_ruido,auto_ruido:dash,,,,audit_cwd=/var/ossec
ATA023,1,2026-09-29T02:03:08.448Z,victima-linux,80792,3,audit|audit_command,RS2,Audit: Command: /usr/bin/ps.,auto_ruido,auto_ruido:ps,,,,audit_cwd=/var/ossec
ATA023,1,2026-09-29T02:03:08.450Z,victima-linux,80792,3,audit|audit_command,RS2,Audit: Command: /usr/bin/dash.,auto_ruido,auto_ruido:dash,,,,audit_cwd=/var/ossec
ATA023,1,2026-09-29T02:03:08.453Z,victima-linux,80792,3,audit|audit_command,RS2,Audit: Command: /usr/bin/ps.,auto_ruido,auto_ruido:ps,,,,audit_cwd=/var/ossec
ATA023,1,2026-09-29T02:03:10.318Z,victima-linux,80792,3,audit|audit_command,RS2,Audit: Command: /usr/bin/dash.,auto_ruido,auto_ruido:dash,,,,audit_cwd=/var/ossec
ATA023,1,2026-09-29T02:03:10.319Z,victima-linux,80792,3,audit|audit_command,RS2,Audit: Command: /usr/bin/ps.,auto_ruido,auto_ruido:ps,,,,audit_cwd=/var/ossec
ATA023,1,2026-09-29T02:03:10.322Z,victima-linux,80792,3,audit|audit_command,RS2,Audit: Command: /usr/bin/dash.,auto_ruido,auto_ruido:dash,,,,audit_cwd=/var/ossec
ATA023,1,2026-09-29T02:03:10.325Z,victima-linux,80792,3,audit|audit_command,RS2,Audit: Command: /usr/bin/ps.,auto_ruido,auto_ruido:ps,,,,audit_cwd=/var/ossec
ATA023,1,2026-09-29T02:03:10.327Z,victima-linux,80792,3,audit|audit_command,RS2,Audit: Command: /usr/bin/dash.,auto_ruido,auto_ruido:dash,,,,audit_cwd=/var/ossec
ATA023,1,2026-09-29T02:03:10.330Z,victima-linux,80792,3,audit|audit_command,RS2,Audit: Command: /usr/bin/ps.,auto_ruido,auto_ruido:ps,,,,audit_cwd=/var/ossec
ATA023,1,2026-09-29T02:03:10.333Z,victima-linux,80792,3,audit|audit_command,RS2,Audit: Command: /usr/bin/dash.,auto_ruido,auto_ruido:dash,,,,audit_cwd=/var/ossec
ATA023,1,2026-09-29T02:03:10.335Z,victima-linux,80792,3,audit|audit_command,RS2,Audit: Command: /usr/bin/ps.,auto_ruido,auto_ruido:ps,,,,audit_cwd=/var/ossec
ATA023,1,2026-09-29T02:03:10.337Z,victima-linux,80792,3,audit|audit_command,RS2,Audit: Command: /usr/bin/dash.,auto_ruido,auto_ruido:dash,,,,audit_cwd=/var/ossec
ATA023,1,2026-09-29T02:03:10.341Z,victima-linux,80792,3,audit|audit_command,RS2,Audit: Command: /usr/bin/ps.,auto_ruido,auto_ruido:ps,,,,audit_cwd=/var/ossec
ATA023,1,2026-09-29T02:03:10.343Z,victima-linux,80792,3,audit|audit_command,RS2,Audit: Command: /usr/bin/dash.,auto_ruido,auto_ruido:dash,,,,audit_cwd=/var/ossec
ATA023,1,2026-09-29T02:03:10.344Z,victima-linux,80792,3,audit|audit_command,RS2,Audit: Command: /usr/bin/ps.,auto_ruido,auto_ruido:ps,,,,audit_cwd=/var/ossec
ATA023,1,2026-09-29T02:03:10.346Z,victima-linux,80792,3,audit|audit_command,RS2,Audit: Command: /usr/bin/dash.,auto_ruido,auto_ruido:dash,,,,audit_cwd=/var/ossec
ATA023,1,2026-09-29T02:03:10.349Z,victima-linux,80792,3,audit|audit_command,RS2,Audit: Command: /usr/bin/ps.,auto_ruido,auto_ruido:ps,,,,audit_cwd=/var/ossec
ATA023,1,2026-09-29T02:03:10.351Z,victima-linux,80792,3,audit|audit_command,RS2,Audit: Command: /usr/bin/dash.,auto_ruido,auto_ruido:dash,,,,audit_cwd=/var/ossec
ATA023,1,2026-09-29T02:03:10.354Z,victima-linux,80792,3,audit|audit_command,RS2,Audit: Command: /usr/bin/ps.,auto_ruido,auto_ruido:ps,,,,audit_cwd=/var/ossec
ATA023,1,2026-09-29T02:03:10.356Z,victima-linux,80792,3,audit|audit_command,RS2,Audit: Command: /usr/bin/dash.,auto_ruido,auto_ruido:dash,,,,audit_cwd=/var/ossec
ATA023,1,2026-09-29T02:03:10.359Z,victima-linux,80792,3,audit|audit_command,RS2,Audit: Command: /usr/bin/ps.,auto_ruido,auto_ruido:ps,,,,audit_cwd=/var/ossec
ATA023,1,2026-09-29T02:03:10.361Z,victima-linux,80792,3,audit|audit_command,RS2,Audit: Command: /usr/bin/dash.,auto_ruido,auto_ruido:dash,,,,audit_cwd=/var/ossec
ATA023,1,2026-09-29T02:03:10.363Z,victima-linux,80792,3,audit|audit_command,RS2,Audit: Command: /usr/bin/ps.,auto_ruido,auto_ruido:ps,,,,audit_cwd=/var/ossec
ATA023,1,2026-09-29T02:03:10.366Z,victima-linux,80792,3,audit|audit_command,RS2,Audit: Command: /usr/bin/dash.,auto_ruido,auto_ruido:dash,,,,audit_cwd=/var/ossec
ATA023,1,2026-09-29T02:03:10.368Z,victima-linux,80792,3,audit|audit_command,RS2,Audit: Command: /usr/bin/ps.,auto_ruido,auto_ruido:ps,,,,audit_cwd=/var/ossec
ATA023,1,2026-09-29T02:03:10.370Z,victima-linux,80792,3,audit|audit_command,RS2,Audit: Command: /usr/bin/dash.,auto_ruido,auto_ruido:dash,,,,audit_cwd=/var/ossec
ATA023,1,2026-09-29T02:03:10.373Z,victima-linux,80792,3,audit|audit_command,RS2,Audit: Command: /usr/bin/ps.,auto_ruido,auto_ruido:ps,,,,audit_cwd=/var/ossec
ATA023,1,2026-09-29T02:03:10.375Z,victima-linux,80792,3,audit|audit_command,RS2,Audit: Command: /usr/bin/dash.,auto_ruido,auto_ruido:dash,,,,audit_cwd=/var/ossec
ATA023,1,2026-09-29T02:03:10.377Z,victima-linux,80792,3,audit|audit_command,RS2,Audit: Command: /usr/bin/ps.,auto_ruido,auto_ruido:ps,,,,audit_cwd=/var/ossec
ATA023,1,2026-09-29T02:03:10.379Z,victima-linux,80792,3,audit|audit_command,RS2,Audit: Command: /usr/bin/dash.,auto_ruido,auto_ruido:dash,,,,audit_cwd=/var/ossec
ATA023,1,2026-09-29T02:03:10.382Z,victima-linux,80792,3,audit|audit_command,RS2,Audit: Command: /usr/bin/ps.,auto_ruido,auto_ruido:ps,,,,audit_cwd=/var/ossec
ATA023,1,2026-09-29T02:03:10.384Z,victima-linux,80792,3,audit|audit_command,RS2,Audit: Command: /usr/bin/dash.,auto_ruido,auto_ruido:dash,,,,audit_cwd=/var/ossec
ATA023,1,2026-09-29T02:03:10.387Z,victima-linux,80792,3,audit|audit_command,RS2,Audit: Command: /usr/bin/ps.,auto_ruido,auto_ruido:ps,,,,audit_cwd=/var/ossec
ATA023,1,2026-09-29T02:03:10.389Z,victima-linux,80792,3,audit|audit_command,RS2,Audit: Command: /usr/bin/dash.,auto_ruido,auto_ruido:dash,,,,audit_cwd=/var/ossec
ATA023,1,2026-09-29T02:03:10.392Z,victima-linux,80792,3,audit|audit_command,RS2,Audit: Command: /usr/bin/ps.,auto_ruido,auto_ruido:ps,,,,audit_cwd=/var/ossec
ATA023,1,2026-09-29T02:03:10.394Z,victima-linux,80792,3,audit|audit_command,RS2,Audit: Command: /usr/bin/dash.,auto_ruido,auto_ruido:dash,,,,audit_cwd=/var/ossec
ATA023,1,2026-09-29T02:03:10.398Z,victima-linux,80792,3,audit|audit_command,RS2,Audit: Command: /usr/bin/ps.,auto_ruido,auto_ruido:ps,,,,audit_cwd=/var/ossec
ATA023,1,2026-09-29T02:03:10.400Z,victima-linux,80792,3,audit|audit_command,RS2,Audit: Command: /usr/bin/dash.,auto_ruido,auto_ruido:dash,,,,audit_cwd=/var/ossec
ATA023,1,2026-09-29T02:03:10.403Z,victima-linux,80792,3,audit|audit_command,RS2,Audit: Command: /usr/bin/ps.,auto_ruido,auto_ruido:ps,,,,audit_cwd=/var/ossec
ATA023,1,2026-09-29T02:03:10.405Z,victima-linux,80792,3,audit|audit_command,RS2,Audit: Command: /usr/bin/dash.,auto_ruido,auto_ruido:dash,,,,audit_cwd=/var/ossec
ATA023,1,2026-09-29T02:03:10.408Z,victima-linux,80792,3,audit|audit_command,RS2,Audit: Command: /usr/bin/ps.,auto_ruido,auto_ruido:ps,,,,audit_cwd=/var/ossec
ATA023,1,2026-09-29T02:03:10.410Z,victima-linux,80792,3,audit|audit_command,RS2,Audit: Command: /usr/bin/dash.,auto_ruido,auto_ruido:dash,,,,audit_cwd=/var/ossec
ATA023,1,2026-09-29T02:03:10.413Z,victima-linux,80792,3,audit|audit_command,RS2,Audit: Command: /usr/bin/ps.,auto_ruido,auto_ruido:ps,,,,audit_cwd=/var/ossec
ATA023,1,2026-09-29T02:03:10.415Z,victima-linux,80792,3,audit|audit_command,RS2,Audit: Command: /usr/bin/dash.,auto_ruido,auto_ruido:dash,,,,audit_cwd=/var/ossec
ATA023,1,2026-09-29T02:03:10.417Z,victima-linux,80792,3,audit|audit_command,RS2,Audit: Command: /usr/bin/ps.,auto_ruido,auto_ruido:ps,,,,audit_cwd=/var/ossec
ATA023,1,2026-09-29T02:03:10.419Z,victima-linux,80792,3,audit|audit_command,RS2,Audit: Command: /usr/bin/dash.,auto_ruido,auto_ruido:dash,,,,audit_cwd=/var/ossec
ATA023,1,2026-09-29T02:03:10.422Z,victima-linux,80792,3,audit|audit_command,RS2,Audit: Command: /usr/bin/ps.,auto_ruido,auto_ruido:ps,,,,audit_cwd=/var/ossec
ATA023,1,2026-09-29T02:03:10.424Z,victima-linux,80792,3,audit|audit_command,RS2,Audit: Command: /usr/bin/dash.,auto_ruido,auto_ruido:dash,,,,audit_cwd=/var/ossec
ATA023,1,2026-09-29T02:03:10.427Z,victima-linux,80792,3,audit|audit_command,RS2,Audit: Command: /usr/bin/ps.,auto_ruido,auto_ruido:ps,,,,audit_cwd=/var/ossec
ATA023,1,2026-09-29T02:03:10.429Z,victima-linux,80792,3,audit|audit_command,RS2,Audit: Command: /usr/bin/dash.,auto_ruido,auto_ruido:dash,,,,audit_cwd=/var/ossec
ATA023,1,2026-09-29T02:03:10.432Z,victima-linux,80792,3,audit|audit_command,RS2,Audit: Command: /usr/bin/ps.,auto_ruido,auto_ruido:ps,,,,audit_cwd=/var/ossec
ATA023,1,2026-09-29T02:03:10.434Z,victima-linux,80792,3,audit|audit_command,RS2,Audit: Command: /usr/bin/dash.,auto_ruido,auto_ruido:dash,,,,audit_cwd=/var/ossec
ATA023,1,2026-09-29T02:03:10.436Z,victima-linux,80792,3,audit|audit_command,RS2,Audit: Command: /usr/bin/ps.,auto_ruido,auto_ruido:ps,,,,audit_cwd=/var/ossec
ATA023,1,2026-09-29T02:03:10.438Z,victima-linux,80792,3,audit|audit_command,RS2,Audit: Command: /usr/bin/dash.,auto_ruido,auto_ruido:dash,,,,audit_cwd=/var/ossec
ATA023,1,2026-09-29T02:03:10.441Z,victima-linux,80792,3,audit|audit_command,RS2,Audit: Command: /usr/bin/ps.,auto_ruido,auto_ruido:ps,,,,audit_cwd=/var/ossec
ATA023,1,2026-09-29T02:03:10.443Z,victima-linux,80792,3,audit|audit_command,RS2,Audit: Command: /usr/bin/dash.,auto_ruido,auto_ruido:dash,,,,audit_cwd=/var/ossec
ATA023,1,2026-09-29T02:03:10.445Z,victima-linux,80792,3,audit|audit_command,RS2,Audit: Command: /usr/bin/ps.,auto_ruido,auto_ruido:ps,,,,audit_cwd=/var/ossec
ATA023,1,2026-09-29T02:03:12.319Z,victima-linux,80792,3,audit|audit_command,RS2,Audit: Command: /usr/bin/dash.,auto_ruido,auto_ruido:dash,,,,audit_cwd=/var/ossec
ATA023,1,2026-09-29T02:03:12.319Z,victima-linux,80792,3,audit|audit_command,RS2,Audit: Command: /usr/bin/ps.,auto_ruido,auto_ruido:ps,,,,audit_cwd=/var/ossec
ATA023,1,2026-09-29T02:03:12.322Z,victima-linux,80792,3,audit|audit_command,RS2,Audit: Command: /usr/bin/dash.,auto_ruido,auto_ruido:dash,,,,audit_cwd=/var/ossec
ATA023,1,2026-09-29T02:03:12.324Z,victima-linux,80792,3,audit|audit_command,RS2,Audit: Command: /usr/bin/ps.,auto_ruido,auto_ruido:ps,,,,audit_cwd=/var/ossec
ATA023,1,2026-09-29T02:03:12.327Z,victima-linux,80792,3,audit|audit_command,RS2,Audit: Command: /usr/bin/dash.,auto_ruido,auto_ruido:dash,,,,audit_cwd=/var/ossec
ATA023,1,2026-09-29T02:03:12.329Z,victima-linux,80792,3,audit|audit_command,RS2,Audit: Command: /usr/bin/ps.,auto_ruido,auto_ruido:ps,,,,audit_cwd=/var/ossec
ATA023,1,2026-09-29T02:03:12.332Z,victima-linux,80792,3,audit|audit_command,RS2,Audit: Command: /usr/bin/dash.,auto_ruido,auto_ruido:dash,,,,audit_cwd=/var/ossec
ATA023,1,2026-09-29T02:03:12.334Z,victima-linux,80792,3,audit|audit_command,RS2,Audit: Command: /usr/bin/ps.,auto_ruido,auto_ruido:ps,,,,audit_cwd=/var/ossec
ATA023,1,2026-09-29T02:03:12.337Z,victima-linux,80792,3,audit|audit_command,RS2,Audit: Command: /usr/bin/dash.,auto_ruido,auto_ruido:dash,,,,audit_cwd=/var/ossec
ATA023,1,2026-09-29T02:03:12.339Z,victima-linux,80792,3,audit|audit_command,RS2,Audit: Command: /usr/bin/ps.,auto_ruido,auto_ruido:ps,,,,audit_cwd=/var/ossec
ATA023,1,2026-09-29T02:03:12.342Z,victima-linux,80792,3,audit|audit_command,RS2,Audit: Command: /usr/bin/dash.,auto_ruido,auto_ruido:dash,,,,audit_cwd=/var/ossec
ATA023,1,2026-09-29T02:03:12.344Z,victima-linux,80792,3,audit|audit_command,RS2,Audit: Command: /usr/bin/ps.,auto_ruido,auto_ruido:ps,,,,audit_cwd=/var/ossec
ATA023,1,2026-09-29T02:03:12.347Z,victima-linux,80792,3,audit|audit_command,RS2,Audit: Command: /usr/bin/dash.,auto_ruido,auto_ruido:dash,,,,audit_cwd=/var/ossec
ATA023,1,2026-09-29T02:03:12.349Z,victima-linux,80792,3,audit|audit_command,RS2,Audit: Command: /usr/bin/ps.,auto_ruido,auto_ruido:ps,,,,audit_cwd=/var/ossec
ATA023,1,2026-09-29T02:03:12.351Z,victima-linux,80792,3,audit|audit_command,RS2,Audit: Command: /usr/bin/dash.,auto_ruido,auto_ruido:dash,,,,audit_cwd=/var/ossec
ATA023,1,2026-09-29T02:03:12.354Z,victima-linux,80792,3,audit|audit_command,RS2,Audit: Command: /usr/bin/ps.,auto_ruido,auto_ruido:ps,,,,audit_cwd=/var/ossec
ATA023,1,2026-09-29T02:03:12.356Z,victima-linux,80792,3,audit|audit_command,RS2,Audit: Command: /usr/bin/dash.,auto_ruido,auto_ruido:dash,,,,audit_cwd=/var/ossec
ATA023,1,2026-09-29T02:03:12.359Z,victima-linux,80792,3,audit|audit_command,RS2,Audit: Command: /usr/bin/ps.,auto_ruido,auto_ruido:ps,,,,audit_cwd=/var/ossec
ATA023,1,2026-09-29T02:03:12.361Z,victima-linux,80792,3,audit|audit_command,RS2,Audit: Command: /usr/bin/dash.,auto_ruido,auto_ruido:dash,,,,audit_cwd=/var/ossec
ATA023,1,2026-09-29T02:03:12.363Z,victima-linux,80792,3,audit|audit_command,RS2,Audit: Command: /usr/bin/ps.,auto_ruido,auto_ruido:ps,,,,audit_cwd=/var/ossec
ATA023,1,2026-09-29T02:03:12.366Z,victima-linux,80792,3,audit|audit_command,RS2,Audit: Command: /usr/bin/dash.,auto_ruido,auto_ruido:dash,,,,audit_cwd=/var/ossec
ATA023,1,2026-09-29T02:03:12.369Z,victima-linux,80792,3,audit|audit_command,RS2,Audit: Command: /usr/bin/ps.,auto_ruido,auto_ruido:ps,,,,audit_cwd=/var/ossec
ATA023,1,2026-09-29T02:03:12.371Z,victima-linux,80792,3,audit|audit_command,RS2,Audit: Command: /usr/bin/dash.,auto_ruido,auto_ruido:dash,,,,audit_cwd=/var/ossec
ATA023,1,2026-09-29T02:03:12.373Z,victima-linux,80792,3,audit|audit_command,RS2,Audit: Command: /usr/bin/ps.,auto_ruido,auto_ruido:ps,,,,audit_cwd=/var/ossec
ATA023,1,2026-09-29T02:03:12.376Z,victima-linux,80792,3,audit|audit_command,RS2,Audit: Command: /usr/bin/dash.,auto_ruido,auto_ruido:dash,,,,audit_cwd=/var/ossec
ATA023,1,2026-09-29T02:03:12.378Z,victima-linux,80792,3,audit|audit_command,RS2,Audit: Command: /usr/bin/ps.,auto_ruido,auto_ruido:ps,,,,audit_cwd=/var/ossec
ATA023,1,2026-09-29T02:03:12.380Z,victima-linux,80792,3,audit|audit_command,RS2,Audit: Command: /usr/bin/dash.,auto_ruido,auto_ruido:dash,,,,audit_cwd=/var/ossec
ATA023,1,2026-09-29T02:03:12.383Z,victima-linux,80792,3,audit|audit_command,RS2,Audit: Command: /usr/bin/ps.,auto_ruido,auto_ruido:ps,,,,audit_cwd=/var/ossec
ATA023,1,2026-09-29T02:03:12.385Z,victima-linux,80792,3,audit|audit_command,RS2,Audit: Command: /usr/bin/dash.,auto_ruido,auto_ruido:dash,,,,audit_cwd=/var/ossec
ATA023,1,2026-09-29T02:03:12.387Z,victima-linux,80792,3,audit|audit_command,RS2,Audit: Command: /usr/bin/ps.,auto_ruido,auto_ruido:ps,,,,audit_cwd=/var/ossec
ATA023,1,2026-09-29T02:03:12.389Z,victima-linux,80792,3,audit|audit_command,RS2,Audit: Command: /usr/bin/dash.,auto_ruido,auto_ruido:dash,,,,audit_cwd=/var/ossec
ATA023,1,2026-09-29T02:03:12.392Z,victima-linux,80792,3,audit|audit_command,RS2,Audit: Command: /usr/bin/ps.,auto_ruido,auto_ruido:ps,,,,audit_cwd=/var/ossec
ATA023,1,2026-09-29T02:03:12.394Z,victima-linux,80792,3,audit|audit_command,RS2,Audit: Command: /usr/bin/dash.,auto_ruido,auto_ruido:dash,,,,audit_cwd=/var/ossec
ATA023,1,2026-09-29T02:03:12.397Z,victima-linux,80792,3,audit|audit_command,RS2,Audit: Command: /usr/bin/ps.,auto_ruido,auto_ruido:ps,,,,audit_cwd=/var/ossec
ATA023,1,2026-09-29T02:03:12.399Z,victima-linux,80792,3,audit|audit_command,RS2,Audit: Command: /usr/bin/dash.,auto_ruido,auto_ruido:dash,,,,audit_cwd=/var/ossec
ATA023,1,2026-09-29T02:03:12.402Z,victima-linux,80792,3,audit|audit_command,RS2,Audit: Command: /usr/bin/ps.,auto_ruido,auto_ruido:ps,,,,audit_cwd=/var/ossec
ATA023,1,2026-09-29T02:03:12.404Z,victima-linux,80792,3,audit|audit_command,RS2,Audit: Command: /usr/bin/dash.,auto_ruido,auto_ruido:dash,,,,audit_cwd=/var/ossec
ATA023,1,2026-09-29T02:03:12.407Z,victima-linux,80792,3,audit|audit_command,RS2,Audit: Command: /usr/bin/ps.,auto_ruido,auto_ruido:ps,,,,audit_cwd=/var/ossec
ATA023,1,2026-09-29T02:03:12.409Z,victima-linux,80792,3,audit|audit_command,RS2,Audit: Command: /usr/bin/dash.,auto_ruido,auto_ruido:dash,,,,audit_cwd=/var/ossec
ATA023,1,2026-09-29T02:03:12.412Z,victima-linux,80792,3,audit|audit_command,RS2,Audit: Command: /usr/bin/ps.,auto_ruido,auto_ruido:ps,,,,audit_cwd=/var/ossec
ATA023,1,2026-09-29T02:03:12.414Z,victima-linux,80792,3,audit|audit_command,RS2,Audit: Command: /usr/bin/dash.,auto_ruido,auto_ruido:dash,,,,audit_cwd=/var/ossec
ATA023,1,2026-09-29T02:03:12.417Z,victima-linux,80792,3,audit|audit_command,RS2,Audit: Command: /usr/bin/ps.,auto_ruido,auto_ruido:ps,,,,audit_cwd=/var/ossec
ATA023,1,2026-09-29T02:03:12.419Z,victima-linux,80792,3,audit|audit_command,RS2,Audit: Command: /usr/bin/dash.,auto_ruido,auto_ruido:dash,,,,audit_cwd=/var/ossec
ATA023,1,2026-09-29T02:03:12.422Z,victima-linux,80792,3,audit|audit_command,RS2,Audit: Command: /usr/bin/ps.,auto_ruido,auto_ruido:ps,,,,audit_cwd=/var/ossec
ATA023,1,2026-09-29T02:03:12.424Z,victima-linux,80792,3,audit|audit_command,RS2,Audit: Command: /usr/bin/dash.,auto_ruido,auto_ruido:dash,,,,audit_cwd=/var/ossec
ATA023,1,2026-09-29T02:03:12.426Z,victima-linux,80792,3,audit|audit_command,RS2,Audit: Command: /usr/bin/ps.,auto_ruido,auto_ruido:ps,,,,audit_cwd=/var/ossec
ATA023,1,2026-09-29T02:03:12.429Z,victima-linux,80792,3,audit|audit_command,RS2,Audit: Command: /usr/bin/dash.,auto_ruido,auto_ruido:dash,,,,audit_cwd=/var/ossec
ATA023,1,2026-09-29T02:03:12.431Z,victima-linux,80792,3,audit|audit_command,RS2,Audit: Command: /usr/bin/ps.,auto_ruido,auto_ruido:ps,,,,audit_cwd=/var/ossec
ATA023,1,2026-09-29T02:03:12.433Z,victima-linux,80791,3,audit|audit_watch_delete|audit_watch_write,RS2,Audit: Deleted: var/run/.,auto_ruido,auto_ruido:wazuh-agentd,,,,audit_exe=/var/ossec/bin/wazuh-agentd
ATA023,1,2026-09-29T02:03:12.441Z,victima-linux,80792,3,audit|audit_command,RS2,Audit: Command: /usr/bin/dash.,auto_ruido,auto_ruido:dash,,,,audit_cwd=/var/ossec
ATA023,1,2026-09-29T02:03:12.441Z,victima-linux,80792,3,audit|audit_command,RS2,Audit: Command: /usr/bin/dash.,auto_ruido,auto_ruido:dash,,,,audit_cwd=/var/ossec
ATA023,1,2026-09-29T02:03:12.441Z,victima-linux,80792,3,audit|audit_command,RS2,Audit: Command: /usr/bin/ps.,auto_ruido,auto_ruido:ps,,,,audit_cwd=/var/ossec
ATA023,1,2026-09-29T02:03:12.443Z,victima-linux,80792,3,audit|audit_command,RS2,Audit: Command: /usr/bin/ps.,auto_ruido,auto_ruido:ps,,,,audit_cwd=/var/ossec
ATA023,1,2026-09-29T02:03:12.445Z,victima-linux,80792,3,audit|audit_command,RS2,Audit: Command: /usr/bin/dash.,auto_ruido,auto_ruido:dash,,,,audit_cwd=/var/ossec
ATA023,1,2026-09-29T02:03:12.447Z,victima-linux,80792,3,audit|audit_command,RS2,Audit: Command: /usr/bin/ps.,auto_ruido,auto_ruido:ps,,,,audit_cwd=/var/ossec
ATA023,1,2026-09-29T02:03:14.317Z,victima-linux,80792,3,audit|audit_command,RS2,Audit: Command: /usr/bin/dash.,auto_ruido,auto_ruido:dash,,,,audit_cwd=/var/ossec
ATA023,1,2026-09-29T02:03:14.317Z,victima-linux,80792,3,audit|audit_command,RS2,Audit: Command: /usr/bin/ps.,auto_ruido,auto_ruido:ps,,,,audit_cwd=/var/ossec
ATA023,1,2026-09-29T02:03:14.319Z,victima-linux,80792,3,audit|audit_command,RS2,Audit: Command: /usr/bin/dash.,auto_ruido,auto_ruido:dash,,,,audit_cwd=/var/ossec
ATA023,1,2026-09-29T02:03:14.321Z,victima-linux,80792,3,audit|audit_command,RS2,Audit: Command: /usr/bin/ps.,auto_ruido,auto_ruido:ps,,,,audit_cwd=/var/ossec
ATA023,1,2026-09-29T02:03:14.324Z,victima-linux,80792,3,audit|audit_command,RS2,Audit: Command: /usr/bin/dash.,auto_ruido,auto_ruido:dash,,,,audit_cwd=/var/ossec
ATA023,1,2026-09-29T02:03:14.326Z,victima-linux,80792,3,audit|audit_command,RS2,Audit: Command: /usr/bin/ps.,auto_ruido,auto_ruido:ps,,,,audit_cwd=/var/ossec
ATA023,1,2026-09-29T02:03:14.329Z,victima-linux,80792,3,audit|audit_command,RS2,Audit: Command: /usr/bin/dash.,auto_ruido,auto_ruido:dash,,,,audit_cwd=/var/ossec
ATA023,1,2026-09-29T02:03:14.331Z,victima-linux,80792,3,audit|audit_command,RS2,Audit: Command: /usr/bin/ps.,auto_ruido,auto_ruido:ps,,,,audit_cwd=/var/ossec
ATA023,1,2026-09-29T02:03:14.334Z,victima-linux,80792,3,audit|audit_command,RS2,Audit: Command: /usr/bin/dash.,auto_ruido,auto_ruido:dash,,,,audit_cwd=/var/ossec
ATA023,1,2026-09-29T02:03:14.336Z,victima-linux,80792,3,audit|audit_command,RS2,Audit: Command: /usr/bin/ps.,auto_ruido,auto_ruido:ps,,,,audit_cwd=/var/ossec
ATA023,1,2026-09-29T02:03:14.339Z,victima-linux,80792,3,audit|audit_command,RS2,Audit: Command: /usr/bin/dash.,auto_ruido,auto_ruido:dash,,,,audit_cwd=/var/ossec
ATA023,1,2026-09-29T02:03:14.341Z,victima-linux,80792,3,audit|audit_command,RS2,Audit: Command: /usr/bin/ps.,auto_ruido,auto_ruido:ps,,,,audit_cwd=/var/ossec
ATA023,1,2026-09-29T02:03:14.343Z,victima-linux,80792,3,audit|audit_command,RS2,Audit: Command: /usr/bin/dash.,auto_ruido,auto_ruido:dash,,,,audit_cwd=/var/ossec
ATA023,1,2026-09-29T02:03:14.346Z,victima-linux,80792,3,audit|audit_command,RS2,Audit: Command: /usr/bin/ps.,auto_ruido,auto_ruido:ps,,,,audit_cwd=/var/ossec
ATA023,1,2026-09-29T02:03:14.348Z,victima-linux,80791,3,audit|audit_watch_delete|audit_watch_write,RS2,Audit: Deleted: /run/systemd/users/.,ruido_conocido,baseline,,,,rule_id=80791
ATA023,1,2026-09-29T02:03:14.350Z,victima-linux,80791,3,audit|audit_watch_delete|audit_watch_write,RS2,Audit: Deleted: /run/user/1000/systemd/units/invocation:dbus.socket.,ruido_conocido,baseline,,,,rule_id=80791
ATA023,1,2026-09-29T02:03:14.353Z,victima-linux,80792,3,audit|audit_command,RS2,Audit: Command: /usr/lib/systemd/systemd-executor.,ruido_conocido,baseline,,,,rule_id=80792
ATA023,1,2026-09-29T02:03:14.356Z,victima-linux,80792,3,audit|audit_command,RS2,Audit: Command: /usr/bin/systemctl.,ruido_conocido,baseline,,,,rule_id=80792
ATA023,1,2026-09-29T02:03:14.358Z,victima-linux,80792,3,audit|audit_command,RS2,Audit: Command: /usr/lib/systemd/systemd-executor.,ruido_conocido,baseline,,,,rule_id=80792
ATA023,1,2026-09-29T02:03:14.360Z,victima-linux,80792,3,audit|audit_command,RS2,Audit: Command: /usr/bin/systemctl.,ruido_conocido,baseline,,,,rule_id=80792
ATA023,1,2026-09-29T02:03:14.368Z,victima-linux,80791,3,audit|audit_watch_delete|audit_watch_write,RS2,Audit: Deleted: /run/user/1000/systemd/units/invocation:gpg-agent-ssh.socket.,ruido_conocido,baseline,,,,rule_id=80791
ATA023,1,2026-09-29T02:03:14.368Z,victima-linux,80791,3,audit|audit_watch_delete|audit_watch_write,RS2,Audit: Deleted: app-snap\x2duserd\x2dautostart@autostart.service.,ruido_conocido,baseline,,,,rule_id=80791
ATA023,1,2026-09-29T02:03:14.368Z,victima-linux,80791,3,audit|audit_watch_delete|audit_watch_write,RS2,Audit: Deleted: init.scope.,ruido_conocido,baseline,,,,rule_id=80791
ATA023,1,2026-09-29T02:03:14.370Z,victima-linux,80791,3,audit|audit_watch_delete|audit_watch_write,RS2,Audit: Deleted: app-snap\x2duserd\x2dautostart@autostart.service.,ruido_conocido,baseline,,,,rule_id=80791
ATA023,1,2026-09-29T02:03:14.373Z,victima-linux,80791,3,audit|audit_watch_delete|audit_watch_write,RS2,Audit: Deleted: app-xdg\x2duser\x2ddirs@autostart.service.,ruido_conocido,baseline,,,,rule_id=80791
ATA023,1,2026-09-29T02:03:14.380Z,victima-linux,80791,3,audit|audit_watch_delete|audit_watch_write,RS2,Audit: Deleted: /run/user/1000/systemd/generator.late.,ruido_conocido,baseline,,,,rule_id=80791
ATA023,1,2026-09-29T02:03:14.380Z,victima-linux,80791,3,audit|audit_watch_delete|audit_watch_write,RS2,Audit: Deleted: app-xdg\x2duser\x2ddirs@autostart.service.,ruido_conocido,baseline,,,,rule_id=80791
ATA023,1,2026-09-29T02:03:14.380Z,victima-linux,80791,3,audit|audit_watch_delete|audit_watch_write,RS2,Audit: Deleted: xdg-desktop-autostart.target.wants.,ruido_conocido,baseline,,,,rule_id=80791
ATA023,1,2026-09-29T02:03:14.385Z,victima-linux,80791,3,audit|audit_watch_delete|audit_watch_write,RS2,Audit: Deleted: /run/systemd/users/.,ruido_conocido,baseline,,,,rule_id=80791
ATA023,1,2026-09-29T02:03:14.388Z,victima-linux,80792,3,audit|audit_command,RS2,Audit: Command: /usr/lib/systemd/systemd-executor.,ruido_conocido,baseline,,,,rule_id=80792
ATA023,1,2026-09-29T02:03:14.390Z,victima-linux,80792,3,audit|audit_command,RS2,Audit: Command: /usr/lib/systemd/systemd-user-runtime-dir.,ruido_conocido,baseline,,,,rule_id=80792
ATA023,1,2026-09-29T02:03:14.393Z,victima-linux,80791,3,audit|audit_watch_delete|audit_watch_write,RS2,Audit: Deleted: /run/systemd/users/1000.,ruido_conocido,baseline,,,,rule_id=80791
ATA023,1,2026-09-29T02:03:14.395Z,victima-linux,80791,3,audit|audit_watch_delete|audit_watch_write,RS2,Audit: Deleted: snapd-session-agent.socket.,ruido_conocido,baseline,,,,rule_id=80791
ATA023,1,2026-09-29T02:03:14.397Z,victima-linux,80791,3,audit|audit_watch_delete|audit_watch_write,RS2,Audit: Deleted: pk-debconf-socket.,ruido_conocido,baseline,,,,rule_id=80791
ATA023,1,2026-09-29T02:03:14.405Z,victima-linux,80791,3,audit|audit_watch_delete|audit_watch_write,RS2,Audit: Deleted: S.gpg-agent.,ruido_conocido,baseline,,,,rule_id=80791
ATA023,1,2026-09-29T02:03:14.405Z,victima-linux,80791,3,audit|audit_watch_delete|audit_watch_write,RS2,Audit: Deleted: S.gpg-agent.ssh.,ruido_conocido,baseline,,,,rule_id=80791
ATA023,1,2026-09-29T02:03:14.405Z,victima-linux,80791,3,audit|audit_watch_delete|audit_watch_write,RS2,Audit: Deleted: S.keyboxd.,ruido_conocido,baseline,,,,rule_id=80791
ATA023,1,2026-09-29T02:03:14.407Z,victima-linux,80791,3,audit|audit_watch_delete|audit_watch_write,RS2,Audit: Deleted: S.gpg-agent.extra.,ruido_conocido,baseline,,,,rule_id=80791
ATA023,1,2026-09-29T02:03:14.409Z,victima-linux,80791,3,audit|audit_watch_delete|audit_watch_write,RS2,Audit: Deleted: S.gpg-agent.browser.,ruido_conocido,baseline,,,,rule_id=80791
ATA023,1,2026-09-29T02:03:14.417Z,victima-linux,80791,3,audit|audit_watch_delete|audit_watch_write,RS2,Audit: Deleted: S.dirmngr.,ruido_conocido,baseline,,,,rule_id=80791
ATA023,1,2026-09-29T02:03:14.417Z,victima-linux,80791,3,audit|audit_watch_delete|audit_watch_write,RS2,Audit: Deleted: bus.,ruido_conocido,baseline,,,,rule_id=80791
ATA023,1,2026-09-29T02:03:14.417Z,victima-linux,80791,3,audit|audit_watch_delete|audit_watch_write,RS2,Audit: Deleted: gnupg.,ruido_conocido,baseline,,,,rule_id=80791
ATA023,1,2026-09-29T02:03:14.420Z,victima-linux,80791,3,audit|audit_watch_delete|audit_watch_write,RS2,Audit: Deleted: private.,ruido_conocido,baseline,,,,rule_id=80791
ATA023,1,2026-09-29T02:03:14.422Z,victima-linux,80791,3,audit|audit_watch_delete|audit_watch_write,RS2,Audit: Deleted: notify.,ruido_conocido,baseline,,,,rule_id=80791
ATA023,1,2026-09-29T02:03:14.429Z,victima-linux,80791,3,audit|audit_watch_delete|audit_watch_write,RS2,Audit: Deleted: os-release.,ruido_conocido,baseline,,,,rule_id=80791
ATA023,1,2026-09-29T02:03:14.429Z,victima-linux,80791,3,audit|audit_watch_delete|audit_watch_write,RS2,Audit: Deleted: units.,ruido_conocido,baseline,,,,rule_id=80791
ATA023,1,2026-09-29T02:03:14.430Z,victima-linux,80791,3,audit|audit_watch_delete|audit_watch_write,RS2,Audit: Deleted: .os-release-stage.,ruido_conocido,baseline,,,,rule_id=80791
ATA023,1,2026-09-29T02:03:14.432Z,victima-linux,80791,3,audit|audit_watch_delete|audit_watch_write,RS2,Audit: Deleted: propagate.,ruido_conocido,baseline,,,,rule_id=80791
ATA023,1,2026-09-29T02:03:14.434Z,victima-linux,80791,3,audit|audit_watch_delete|audit_watch_write,RS2,Audit: Deleted: chr.,ruido_conocido,baseline,,,,rule_id=80791
ATA023,1,2026-09-29T02:03:14.441Z,victima-linux,80791,3,audit|audit_watch_delete|audit_watch_write,RS2,Audit: Deleted: fifo.,ruido_conocido,baseline,,,,rule_id=80791
ATA023,1,2026-09-29T02:03:14.441Z,victima-linux,80791,3,audit|audit_watch_delete|audit_watch_write,RS2,Audit: Deleted: sock.,ruido_conocido,baseline,,,,rule_id=80791
ATA023,1,2026-09-29T02:03:14.442Z,victima-linux,80791,3,audit|audit_watch_delete|audit_watch_write,RS2,Audit: Deleted: dir.,ruido_conocido,baseline,,,,rule_id=80791
ATA023,1,2026-09-29T02:03:14.444Z,victima-linux,80791,3,audit|audit_watch_delete|audit_watch_write,RS2,Audit: Deleted: reg.,ruido_conocido,baseline,,,,rule_id=80791
ATA023,1,2026-09-29T02:03:14.446Z,victima-linux,80791,3,audit|audit_watch_delete|audit_watch_write,RS2,Audit: Deleted: inaccessible.,ruido_conocido,baseline,,,,rule_id=80791
ATA023,1,2026-09-29T02:03:14.454Z,victima-linux,80791,3,audit|audit_watch_delete|audit_watch_write,RS2,Audit: Deleted: /run/user/1000.,ruido_conocido,baseline,,,,rule_id=80791
ATA023,1,2026-09-29T02:03:14.454Z,victima-linux,80791,3,audit|audit_watch_delete|audit_watch_write,RS2,Audit: Deleted: systemd.,ruido_conocido,baseline,,,,rule_id=80791
ATA023,1,2026-09-29T02:03:14.509Z,victima-linux,5502,3,pam|syslog,RS1,PAM: Login session closed.,ruido_conocido,sin_campos,,resuelta,ruido,revisor=executor ampliacion tanda B;fecha=2026-09-29;nota=ajena al ataque (churn del operador: login SSH/PAM) — criterio ratificado 2026-09-28; fuera de la carpeta del ataque
ATA023,1,2026-09-29T02:03:18.315Z,victima-linux,80791,3,audit|audit_watch_delete|audit_watch_write,RS2,Audit: Deleted: var/run/.,auto_ruido,auto_ruido:wazuh-agentd,,,,audit_exe=/var/ossec/bin/wazuh-agentd
