# ATA036_iter2-Audited.csv | TFG HIDS - Fase 3 A2.1 (R-09/R-13) | ata=ATA036 iter=2 | modo=ataque | alerta=Dataset/Ataques/Resultados/Wazuh/linux/CSV/ATA036_iter2-Detalle.csv sha256=a583aa38cd89f32c542ad0b3bea694da4296a1a41319c4566671d752cb061dff | catalogo=Dataset/Legitimo/ruleids_legitimos.csv sha256=388dce2f0a3c51e8dcb5583a393a25d4b9483e35881701817bc1d3bd41561be8 | esperado=Dataset/Ataques/Comandos\T1565.003-Runtime_Data_Manipulation\ATA036_esperado.csv sha256=f3e5315cf3ad1e1c47d5d04480aef283682ac9915a5874de37e7608775d94510 | conteos: filas=955 deteccion=1 auto_ruido=641 ruido_conocido=292 dudosa=0 artefacto_ataque=21 | columnas: ata_id,iter,timestamp_utc,agent_name,rule_id,rule_level,rule_groups,rs_origen,rule_description,categoria,motivo,atribucion,revision,veredicto_humano,evidencia
ata_id,iter,timestamp_utc,agent_name,rule_id,rule_level,rule_groups,rs_origen,rule_description,categoria,motivo,atribucion,revision,veredicto_humano,evidencia
ATA036,2,2026-09-29T10:39:20.515Z,victima-linux,80792,3,audit|audit_command,RS2,Audit: Command: /usr/sbin/sshd.,ruido_conocido,baseline,,,,rule_id=80792
ATA036,2,2026-09-29T10:39:20.520Z,victima-linux,80780,3,audit|audit_watch_write,RS2,Audit: Watch - Write access.,ruido_conocido,baseline,,,,rule_id=80780
ATA036,2,2026-09-29T10:39:20.525Z,victima-linux,80791,3,audit|audit_watch_delete|audit_watch_write,RS2,Audit: Deleted: /run/systemd/users/.,ruido_conocido,baseline,,,,rule_id=80791
ATA036,2,2026-09-29T10:39:20.527Z,victima-linux,80791,3,audit|audit_watch_delete|audit_watch_write,RS2,Audit: Deleted: /run/systemd/users/.,ruido_conocido,baseline,,,,rule_id=80791
ATA036,2,2026-09-29T10:39:20.529Z,victima-linux,80791,3,audit|audit_watch_delete|audit_watch_write,RS2,Audit: Deleted: /run/systemd/sessions/.,ruido_conocido,baseline,,,,rule_id=80791
ATA036,2,2026-09-29T10:39:20.532Z,victima-linux,80791,3,audit|audit_watch_delete|audit_watch_write,RS2,Audit: Deleted: /run/systemd/users/.,ruido_conocido,baseline,,,,rule_id=80791
ATA036,2,2026-09-29T10:39:20.535Z,victima-linux,80792,3,audit|audit_command,RS2,Audit: Command: /usr/lib/systemd/systemd-executor.,ruido_conocido,baseline,,,,rule_id=80792
ATA036,2,2026-09-29T10:39:20.537Z,victima-linux,80792,3,audit|audit_command,RS2,Audit: Command: /usr/lib/systemd/systemd-user-runtime-dir.,ruido_conocido,baseline,,,,rule_id=80792
ATA036,2,2026-09-29T10:39:20.542Z,victima-linux,80792,3,audit|audit_command,RS2,Audit: Command: /usr/lib/systemd/systemd-executor.,ruido_conocido,baseline,,,,rule_id=80792
ATA036,2,2026-09-29T10:39:20.549Z,victima-linux,80780,3,audit|audit_watch_write,RS2,Audit: Watch - Write access.,ruido_conocido,baseline,,,,rule_id=80780
ATA036,2,2026-09-29T10:39:20.557Z,victima-linux,80792,3,audit|audit_command,RS2,Audit: Command: /usr/lib/systemd/systemd.,ruido_conocido,baseline,,,,rule_id=80792
ATA036,2,2026-09-29T10:39:20.559Z,victima-linux,80792,3,audit|audit_command,RS2,Audit: Command: /usr/lib/systemd/user-environment-generators/30-systemd-environment-d-generator.,ruido_conocido,baseline,,,,rule_id=80792
ATA036,2,2026-09-29T10:39:20.562Z,victima-linux,80792,3,audit|audit_command,RS2,Audit: Command: /usr/lib/systemd/user-generators/systemd-xdg-autostart-generator.,ruido_conocido,baseline,,,,rule_id=80792
ATA036,2,2026-09-29T10:39:20.564Z,victima-linux,80782,3,audit|audit_watch_write,RS2,Audit: Watch - Write access: /run/user/1000/systemd/.,ruido_conocido,baseline,,,,rule_id=80782
ATA036,2,2026-09-29T10:39:20.567Z,victima-linux,80782,3,audit|audit_watch_write,RS2,Audit: Watch - Write access: /run/user/1000/systemd/.,ruido_conocido,baseline,,,,rule_id=80782
ATA036,2,2026-09-29T10:39:20.574Z,victima-linux,80791,3,audit|audit_watch_delete|audit_watch_write,RS2,Audit: Deleted: /run/user/1000/systemd/units/.,ruido_conocido,baseline,,,,rule_id=80791
ATA036,2,2026-09-29T10:39:20.575Z,victima-linux,80791,3,audit|audit_watch_delete|audit_watch_write,RS2,Audit: Deleted: /run/user/1000/systemd/units/.,ruido_conocido,baseline,,,,rule_id=80791
ATA036,2,2026-09-29T10:39:20.575Z,victima-linux,80792,3,audit|audit_command,RS2,Audit: Command: /usr/lib/systemd/systemd-executor.,ruido_conocido,baseline,,,,rule_id=80792
ATA036,2,2026-09-29T10:39:20.576Z,victima-linux,80792,3,audit|audit_command,RS2,Audit: Command: /usr/lib/systemd/systemd-executor.,ruido_conocido,baseline,,,,rule_id=80792
ATA036,2,2026-09-29T10:39:20.579Z,victima-linux,80792,3,audit|audit_command,RS2,Audit: Command: /usr/bin/systemctl.,ruido_conocido,baseline,,,,rule_id=80792
ATA036,2,2026-09-29T10:39:20.581Z,victima-linux,80792,3,audit|audit_command,RS2,Audit: Command: /usr/bin/systemctl.,ruido_conocido,baseline,,,,rule_id=80792
ATA036,2,2026-09-29T10:39:20.584Z,victima-linux,80792,3,audit|audit_command,RS2,Audit: Command: /usr/lib/systemd/systemd-executor.,ruido_conocido,baseline,,,,rule_id=80792
ATA036,2,2026-09-29T10:39:20.591Z,victima-linux,80791,3,audit|audit_watch_delete|audit_watch_write,RS2,Audit: Deleted: /run/systemd/users/.,ruido_conocido,baseline,,,,rule_id=80791
ATA036,2,2026-09-29T10:39:20.591Z,victima-linux,80792,3,audit|audit_command,RS2,Audit: Command: /usr/bin/systemctl.,ruido_conocido,baseline,,,,rule_id=80792
ATA036,2,2026-09-29T10:39:20.593Z,victima-linux,80791,3,audit|audit_watch_delete|audit_watch_write,RS2,Audit: Deleted: /run/systemd/sessions/.,ruido_conocido,baseline,,,,rule_id=80791
ATA036,2,2026-09-29T10:39:20.596Z,victima-linux,80780,3,audit|audit_watch_write,RS2,Audit: Watch - Write access.,ruido_conocido,baseline,,,,rule_id=80780
ATA036,2,2026-09-29T10:39:20.598Z,victima-linux,80792,3,audit|audit_command,RS2,Audit: Command: /usr/bin/dash.,ruido_conocido,baseline,,,,rule_id=80792
ATA036,2,2026-09-29T10:39:20.608Z,victima-linux,80780,3,audit|audit_watch_write,RS2,Audit: Watch - Write access.,ruido_conocido,baseline,,,,rule_id=80780
ATA036,2,2026-09-29T10:39:20.615Z,victima-linux,80792,3,audit|audit_command,RS2,Audit: Command: /usr/bin/env.,ruido_conocido,baseline,,,,rule_id=80792
ATA036,2,2026-09-29T10:39:20.617Z,victima-linux,80792,3,audit|audit_command,RS2,Audit: Command: /usr/bin/env.,ruido_conocido,baseline,,,,rule_id=80792
ATA036,2,2026-09-29T10:39:20.620Z,victima-linux,80792,3,audit|audit_command,RS2,Audit: Command: /usr/bin/env.,ruido_conocido,baseline,,,,rule_id=80792
ATA036,2,2026-09-29T10:39:20.628Z,victima-linux,80792,3,audit|audit_command,RS2,Audit: Command: /usr/bin/dash.,ruido_conocido,baseline,,,,rule_id=80792
ATA036,2,2026-09-29T10:39:20.628Z,victima-linux,80792,3,audit|audit_command,RS2,Audit: Command: /usr/bin/env.,ruido_conocido,baseline,,,,rule_id=80792
ATA036,2,2026-09-29T10:39:20.628Z,victima-linux,80792,3,audit|audit_command,RS2,Audit: Command: /usr/bin/run-parts.,ruido_conocido,baseline,,,,rule_id=80792
ATA036,2,2026-09-29T10:39:20.630Z,victima-linux,80792,3,audit|audit_command,RS2,Audit: Command: /usr/bin/uname.,ruido_conocido,baseline,,,,rule_id=80792
ATA036,2,2026-09-29T10:39:20.632Z,victima-linux,80792,3,audit|audit_command,RS2,Audit: Command: /usr/bin/uname.,ruido_conocido,baseline,,,,rule_id=80792
ATA036,2,2026-09-29T10:39:20.639Z,victima-linux,80792,3,audit|audit_command,RS2,Audit: Command: /usr/bin/dash.,ruido_conocido,baseline,,,,rule_id=80792
ATA036,2,2026-09-29T10:39:20.639Z,victima-linux,80792,3,audit|audit_command,RS2,Audit: Command: /usr/bin/uname.,ruido_conocido,baseline,,,,rule_id=80792
ATA036,2,2026-09-29T10:39:20.640Z,victima-linux,80792,3,audit|audit_command,RS2,Audit: Command: /usr/bin/dash.,ruido_conocido,baseline,,,,rule_id=80792
ATA036,2,2026-09-29T10:39:20.642Z,victima-linux,80792,3,audit|audit_command,RS2,Audit: Command: /usr/bin/find.,ruido_conocido,baseline,,,,rule_id=80792
ATA036,2,2026-09-29T10:39:20.644Z,victima-linux,80792,3,audit|audit_command,RS2,Audit: Command: /usr/bin/grep.,ruido_conocido,baseline,,,,rule_id=80792
ATA036,2,2026-09-29T10:39:20.646Z,victima-linux,80792,3,audit|audit_command,RS2,Audit: Command: /usr/bin/bc.,ruido_conocido,baseline,,,,rule_id=80792
ATA036,2,2026-09-29T10:39:20.648Z,victima-linux,80792,3,audit|audit_command,RS2,Audit: Command: /usr/bin/cut.,ruido_conocido,baseline,,,,rule_id=80792
ATA036,2,2026-09-29T10:39:20.651Z,victima-linux,80792,3,audit|audit_command,RS2,Audit: Command: /usr/bin/date.,ruido_conocido,baseline,,,,rule_id=80792
ATA036,2,2026-09-29T10:39:20.665Z,victima-linux,80792,3,audit|audit_command,RS2,Audit: Command: /usr/bin/chmod.,ruido_conocido,baseline,,,,rule_id=80792
ATA036,2,2026-09-29T10:39:20.665Z,victima-linux,80792,3,audit|audit_command,RS2,Audit: Command: /usr/bin/who.,ruido_conocido,baseline,,,,rule_id=80792
ATA036,2,2026-09-29T10:39:20.667Z,victima-linux,80792,3,audit|audit_command,RS2,Audit: Command: /usr/bin/dash.,ruido_conocido,baseline,,,,rule_id=80792
ATA036,2,2026-09-29T10:39:20.670Z,victima-linux,80792,3,audit|audit_command,RS2,Audit: Command: /usr/bin/cat.,ruido_conocido,baseline,,,,rule_id=80792
ATA036,2,2026-09-29T10:39:20.672Z,victima-linux,80792,3,audit|audit_command,RS2,Audit: Command: /usr/bin/head.,ruido_conocido,baseline,,,,rule_id=80792
ATA036,2,2026-09-29T10:39:20.675Z,victima-linux,80792,3,audit|audit_command,RS2,Audit: Command: /usr/bin/cut.,ruido_conocido,baseline,,,,rule_id=80792
ATA036,2,2026-09-29T10:39:20.677Z,victima-linux,80792,3,audit|audit_command,RS2,Audit: Command: /usr/bin/tr.,ruido_conocido,baseline,,,,rule_id=80792
ATA036,2,2026-09-29T10:39:20.682Z,victima-linux,80792,3,audit|audit_command,RS2,Audit: Command: /usr/bin/dash.,ruido_conocido,baseline,,,,rule_id=80792
ATA036,2,2026-09-29T10:39:20.685Z,victima-linux,80792,3,audit|audit_command,RS2,Audit: Command: /usr/bin/dash.,ruido_conocido,baseline,,,,rule_id=80792
ATA036,2,2026-09-29T10:39:20.687Z,victima-linux,80792,3,audit|audit_command,RS2,Audit: Command: /usr/bin/cat.,ruido_conocido,baseline,,,,rule_id=80792
ATA036,2,2026-09-29T10:39:20.690Z,victima-linux,80792,3,audit|audit_command,RS2,Audit: Command: /usr/bin/find.,ruido_conocido,baseline,,,,rule_id=80792
ATA036,2,2026-09-29T10:39:20.692Z,victima-linux,80792,3,audit|audit_command,RS2,Audit: Command: /usr/bin/grep.,ruido_conocido,baseline,,,,rule_id=80792
ATA036,2,2026-09-29T10:39:20.694Z,victima-linux,80792,3,audit|audit_command,RS2,Audit: Command: /usr/bin/dash.,ruido_conocido,baseline,,,,rule_id=80792
ATA036,2,2026-09-29T10:39:20.697Z,victima-linux,80792,3,audit|audit_command,RS2,Audit: Command: /usr/bin/dash.,ruido_conocido,baseline,,,,rule_id=80792
ATA036,2,2026-09-29T10:39:20.704Z,victima-linux,80792,3,audit|audit_command,RS2,Audit: Command: /usr/bin/cut.,ruido_conocido,baseline,,,,rule_id=80792
ATA036,2,2026-09-29T10:39:20.704Z,victima-linux,80792,3,audit|audit_command,RS2,Audit: Command: /usr/bin/id.,ruido_conocido,baseline,,,,rule_id=80792
ATA036,2,2026-09-29T10:39:20.705Z,victima-linux,80792,3,audit|audit_command,RS2,Audit: Command: /usr/bin/dash.,ruido_conocido,baseline,,,,rule_id=80792
ATA036,2,2026-09-29T10:39:20.707Z,victima-linux,80792,3,audit|audit_command,RS2,Audit: Command: /usr/bin/date.,ruido_conocido,baseline,,,,rule_id=80792
ATA036,2,2026-09-29T10:39:20.709Z,victima-linux,80792,3,audit|audit_command,RS2,Audit: Command: /usr/bin/stat.,ruido_conocido,baseline,,,,rule_id=80792
ATA036,2,2026-09-29T10:39:20.711Z,victima-linux,80792,3,audit|audit_command,RS2,Audit: Command: /usr/bin/expr.,ruido_conocido,baseline,,,,rule_id=80792
ATA036,2,2026-09-29T10:39:20.714Z,victima-linux,80792,3,audit|audit_command,RS2,Audit: Command: /usr/bin/cat.,ruido_conocido,baseline,,,,rule_id=80792
ATA036,2,2026-09-29T10:39:20.716Z,victima-linux,80792,3,audit|audit_command,RS2,Audit: Command: /usr/bin/dash.,ruido_conocido,baseline,,,,rule_id=80792
ATA036,2,2026-09-29T10:39:20.719Z,victima-linux,80792,3,audit|audit_command,RS2,Audit: Command: /usr/bin/dash.,ruido_conocido,baseline,,,,rule_id=80792
ATA036,2,2026-09-29T10:39:20.726Z,victima-linux,80792,3,audit|audit_command,RS2,Audit: Command: /usr/bin/dash.,ruido_conocido,baseline,,,,rule_id=80792
ATA036,2,2026-09-29T10:39:20.726Z,victima-linux,80792,3,audit|audit_command,RS2,Audit: Command: /usr/bin/dash.,ruido_conocido,baseline,,,,rule_id=80792
ATA036,2,2026-09-29T10:39:20.726Z,victima-linux,80792,3,audit|audit_command,RS2,Audit: Command: /usr/bin/find.,ruido_conocido,baseline,,,,rule_id=80792
ATA036,2,2026-09-29T10:39:20.728Z,victima-linux,80792,3,audit|audit_command,RS2,Audit: Command: /usr/bin/dash.,ruido_conocido,baseline,,,,rule_id=80792
ATA036,2,2026-09-29T10:39:20.731Z,victima-linux,80792,3,audit|audit_command,RS2,Audit: Command: /usr/bin/sort.,ruido_conocido,baseline,,,,rule_id=80792
ATA036,2,2026-09-29T10:39:20.733Z,victima-linux,80792,3,audit|audit_command,RS2,Audit: Command: /usr/bin/dash.,ruido_conocido,baseline,,,,rule_id=80792
ATA036,2,2026-09-29T10:39:20.736Z,victima-linux,80792,3,audit|audit_command,RS2,Audit: Command: /usr/bin/dash.,ruido_conocido,baseline,,,,rule_id=80792
ATA036,2,2026-09-29T10:39:20.743Z,victima-linux,80792,3,audit|audit_command,RS2,Audit: Command: /usr/bin/dash.,ruido_conocido,baseline,,,,rule_id=80792
ATA036,2,2026-09-29T10:39:20.743Z,victima-linux,80792,3,audit|audit_command,RS2,Audit: Command: /usr/bin/dash.,ruido_conocido,baseline,,,,rule_id=80792
ATA036,2,2026-09-29T10:39:20.743Z,victima-linux,80792,3,audit|audit_command,RS2,Audit: Command: /usr/bin/grep.,ruido_conocido,baseline,,,,rule_id=80792
ATA036,2,2026-09-29T10:39:20.745Z,victima-linux,80792,3,audit|audit_command,RS2,Audit: Command: /usr/bin/dash.,ruido_conocido,baseline,,,,rule_id=80792
ATA036,2,2026-09-29T10:39:20.748Z,victima-linux,80792,3,audit|audit_command,RS2,Audit: Command: /usr/bin/id.,ruido_conocido,baseline,,,,rule_id=80792
ATA036,2,2026-09-29T10:39:20.750Z,victima-linux,80792,3,audit|audit_command,RS2,Audit: Command: /usr/bin/stat.,ruido_conocido,baseline,,,,rule_id=80792
ATA036,2,2026-09-29T10:39:20.753Z,victima-linux,80792,3,audit|audit_command,RS2,Audit: Command: /usr/bin/gawk.,ruido_conocido,baseline,,,,rule_id=80792
ATA036,2,2026-09-29T10:39:20.755Z,victima-linux,80792,3,audit|audit_command,RS2,Audit: Command: /usr/bin/date.,ruido_conocido,baseline,,,,rule_id=80792
ATA036,2,2026-09-29T10:39:20.763Z,victima-linux,80792,3,audit|audit_command,RS2,Audit: Command: /usr/bin/cat.,ruido_conocido,baseline,,,,rule_id=80792
ATA036,2,2026-09-29T10:39:20.763Z,victima-linux,80792,3,audit|audit_command,RS2,Audit: Command: /usr/bin/dash.,ruido_conocido,baseline,,,,rule_id=80792
ATA036,2,2026-09-29T10:39:20.763Z,victima-linux,80792,3,audit|audit_command,RS2,Audit: Command: /usr/bin/date.,ruido_conocido,baseline,,,,rule_id=80792
ATA036,2,2026-09-29T10:39:20.765Z,victima-linux,80792,3,audit|audit_command,RS2,Audit: Command: /usr/bin/dash.,ruido_conocido,baseline,,,,rule_id=80792
ATA036,2,2026-09-29T10:39:20.767Z,victima-linux,80791,3,audit|audit_watch_delete|audit_watch_write,RS2,Audit: Deleted: /run/.,ruido_conocido,baseline,,,,rule_id=80791
ATA036,2,2026-09-29T10:39:20.775Z,victima-linux,80792,3,audit|audit_command,RS2,Audit: Command: /usr/bin/bash.,ruido_conocido,baseline,,,,rule_id=80792
ATA036,2,2026-09-29T10:39:20.777Z,victima-linux,80792,3,audit|audit_command,RS2,Audit: Command: /usr/bin/mkdir.,ruido_conocido,baseline,,,,rule_id=80792
ATA036,2,2026-09-29T10:39:20.784Z,victima-linux,80791,3,audit|audit_watch_delete|audit_watch_write,RS2,Audit: Deleted: /run/systemd/sessions/3.ref.,ruido_conocido,baseline,,,,rule_id=80791
ATA036,2,2026-09-29T10:39:20.786Z,victima-linux,80791,3,audit|audit_watch_delete|audit_watch_write,RS2,Audit: Deleted: /run/systemd/sessions/.,ruido_conocido,baseline,,,,rule_id=80791
ATA036,2,2026-09-29T10:39:20.788Z,victima-linux,80791,3,audit|audit_watch_delete|audit_watch_write,RS2,Audit: Deleted: /run/systemd/users/.,ruido_conocido,baseline,,,,rule_id=80791
ATA036,2,2026-09-29T10:39:20.796Z,victima-linux,80791,3,audit|audit_watch_delete|audit_watch_write,RS2,Audit: Deleted: /run/systemd/sessions/3.,ruido_conocido,baseline,,,,rule_id=80791
ATA036,2,2026-09-29T10:39:20.796Z,victima-linux,80791,3,audit|audit_watch_delete|audit_watch_write,RS2,Audit: Deleted: /run/systemd/users/.,ruido_conocido,baseline,,,,rule_id=80791
ATA036,2,2026-09-29T10:39:20.796Z,victima-linux,80792,3,audit|audit_command,RS2,Audit: Command: /usr/sbin/sshd.,ruido_conocido,baseline,,,,rule_id=80792
ATA036,2,2026-09-29T10:39:20.802Z,victima-linux,80780,3,audit|audit_watch_write,RS2,Audit: Watch - Write access.,ruido_conocido,baseline,,,,rule_id=80780
ATA036,2,2026-09-29T10:39:20.806Z,victima-linux,80791,3,audit|audit_watch_delete|audit_watch_write,RS2,Audit: Deleted: /run/systemd/sessions/.,ruido_conocido,baseline,,,,rule_id=80791
ATA036,2,2026-09-29T10:39:20.809Z,victima-linux,80791,3,audit|audit_watch_delete|audit_watch_write,RS2,Audit: Deleted: /run/systemd/users/.,ruido_conocido,baseline,,,,rule_id=80791
ATA036,2,2026-09-29T10:39:20.811Z,victima-linux,80791,3,audit|audit_watch_delete|audit_watch_write,RS2,Audit: Deleted: /run/systemd/sessions/.,ruido_conocido,baseline,,,,rule_id=80791
ATA036,2,2026-09-29T10:39:20.818Z,victima-linux,80791,3,audit|audit_watch_delete|audit_watch_write,RS2,Audit: Deleted: /run/systemd/sessions/.,ruido_conocido,baseline,,,,rule_id=80791
ATA036,2,2026-09-29T10:39:20.818Z,victima-linux,80791,3,audit|audit_watch_delete|audit_watch_write,RS2,Audit: Deleted: /run/systemd/users/.,ruido_conocido,baseline,,,,rule_id=80791
ATA036,2,2026-09-29T10:39:20.818Z,victima-linux,80792,3,audit|audit_command,RS2,Audit: Command: /usr/bin/dash.,ruido_conocido,baseline,,,,rule_id=80792
ATA036,2,2026-09-29T10:39:20.820Z,victima-linux,80792,3,audit|audit_command,RS2,Audit: Command: /usr/bin/env.,ruido_conocido,baseline,,,,rule_id=80792
ATA036,2,2026-09-29T10:39:20.822Z,victima-linux,80792,3,audit|audit_command,RS2,Audit: Command: /usr/bin/env.,ruido_conocido,baseline,,,,rule_id=80792
ATA036,2,2026-09-29T10:39:20.824Z,victima-linux,80792,3,audit|audit_command,RS2,Audit: Command: /usr/bin/env.,ruido_conocido,baseline,,,,rule_id=80792
ATA036,2,2026-09-29T10:39:20.831Z,victima-linux,80792,3,audit|audit_command,RS2,Audit: Command: /usr/bin/env.,ruido_conocido,baseline,,,,rule_id=80792
ATA036,2,2026-09-29T10:39:20.831Z,victima-linux,80792,3,audit|audit_command,RS2,Audit: Command: /usr/bin/run-parts.,ruido_conocido,baseline,,,,rule_id=80792
ATA036,2,2026-09-29T10:39:20.832Z,victima-linux,80792,3,audit|audit_command,RS2,Audit: Command: /usr/bin/dash.,ruido_conocido,baseline,,,,rule_id=80792
ATA036,2,2026-09-29T10:39:20.833Z,victima-linux,80792,3,audit|audit_command,RS2,Audit: Command: /usr/bin/uname.,ruido_conocido,baseline,,,,rule_id=80792
ATA036,2,2026-09-29T10:39:20.836Z,victima-linux,80792,3,audit|audit_command,RS2,Audit: Command: /usr/bin/uname.,ruido_conocido,baseline,,,,rule_id=80792
ATA036,2,2026-09-29T10:39:20.843Z,victima-linux,80792,3,audit|audit_command,RS2,Audit: Command: /usr/bin/dash.,ruido_conocido,baseline,,,,rule_id=80792
ATA036,2,2026-09-29T10:39:20.843Z,victima-linux,80792,3,audit|audit_command,RS2,Audit: Command: /usr/bin/dash.,ruido_conocido,baseline,,,,rule_id=80792
ATA036,2,2026-09-29T10:39:20.843Z,victima-linux,80792,3,audit|audit_command,RS2,Audit: Command: /usr/bin/uname.,ruido_conocido,baseline,,,,rule_id=80792
ATA036,2,2026-09-29T10:39:20.845Z,victima-linux,80792,3,audit|audit_command,RS2,Audit: Command: /usr/bin/find.,ruido_conocido,baseline,,,,rule_id=80792
ATA036,2,2026-09-29T10:39:20.847Z,victima-linux,80792,3,audit|audit_command,RS2,Audit: Command: /usr/bin/cat.,ruido_conocido,baseline,,,,rule_id=80792
ATA036,2,2026-09-29T10:39:20.850Z,victima-linux,80792,3,audit|audit_command,RS2,Audit: Command: /usr/bin/dash.,ruido_conocido,baseline,,,,rule_id=80792
ATA036,2,2026-09-29T10:39:20.852Z,victima-linux,80792,3,audit|audit_command,RS2,Audit: Command: /usr/bin/cat.,ruido_conocido,baseline,,,,rule_id=80792
ATA036,2,2026-09-29T10:39:20.854Z,victima-linux,80792,3,audit|audit_command,RS2,Audit: Command: /usr/bin/head.,ruido_conocido,baseline,,,,rule_id=80792
ATA036,2,2026-09-29T10:39:20.857Z,victima-linux,80792,3,audit|audit_command,RS2,Audit: Command: /usr/bin/cut.,ruido_conocido,baseline,,,,rule_id=80792
ATA036,2,2026-09-29T10:39:20.864Z,victima-linux,80792,3,audit|audit_command,RS2,Audit: Command: /usr/bin/dash.,ruido_conocido,baseline,,,,rule_id=80792
ATA036,2,2026-09-29T10:39:20.864Z,victima-linux,80792,3,audit|audit_command,RS2,Audit: Command: /usr/bin/dash.,ruido_conocido,baseline,,,,rule_id=80792
ATA036,2,2026-09-29T10:39:20.864Z,victima-linux,80792,3,audit|audit_command,RS2,Audit: Command: /usr/bin/tr.,ruido_conocido,baseline,,,,rule_id=80792
ATA036,2,2026-09-29T10:39:20.866Z,victima-linux,80792,3,audit|audit_command,RS2,Audit: Command: /usr/bin/cat.,ruido_conocido,baseline,,,,rule_id=80792
ATA036,2,2026-09-29T10:39:20.869Z,victima-linux,80792,3,audit|audit_command,RS2,Audit: Command: /usr/bin/find.,ruido_conocido,baseline,,,,rule_id=80792
ATA036,2,2026-09-29T10:39:20.871Z,victima-linux,80792,3,audit|audit_command,RS2,Audit: Command: /usr/bin/grep.,ruido_conocido,baseline,,,,rule_id=80792
ATA036,2,2026-09-29T10:39:20.873Z,victima-linux,80792,3,audit|audit_command,RS2,Audit: Command: /usr/bin/dash.,ruido_conocido,baseline,,,,rule_id=80792
ATA036,2,2026-09-29T10:39:20.876Z,victima-linux,80792,3,audit|audit_command,RS2,Audit: Command: /usr/bin/dash.,ruido_conocido,baseline,,,,rule_id=80792
ATA036,2,2026-09-29T10:39:20.878Z,victima-linux,80792,3,audit|audit_command,RS2,Audit: Command: /usr/bin/cut.,ruido_conocido,baseline,,,,rule_id=80792
ATA036,2,2026-09-29T10:39:20.881Z,victima-linux,80792,3,audit|audit_command,RS2,Audit: Command: /usr/bin/id.,ruido_conocido,baseline,,,,rule_id=80792
ATA036,2,2026-09-29T10:39:20.883Z,victima-linux,80792,3,audit|audit_command,RS2,Audit: Command: /usr/bin/dash.,ruido_conocido,baseline,,,,rule_id=80792
ATA036,2,2026-09-29T10:39:20.886Z,victima-linux,80792,3,audit|audit_command,RS2,Audit: Command: /usr/bin/date.,ruido_conocido,baseline,,,,rule_id=80792
ATA036,2,2026-09-29T10:39:20.888Z,victima-linux,80792,3,audit|audit_command,RS2,Audit: Command: /usr/bin/stat.,ruido_conocido,baseline,,,,rule_id=80792
ATA036,2,2026-09-29T10:39:20.891Z,victima-linux,80792,3,audit|audit_command,RS2,Audit: Command: /usr/bin/expr.,ruido_conocido,baseline,,,,rule_id=80792
ATA036,2,2026-09-29T10:39:20.893Z,victima-linux,80792,3,audit|audit_command,RS2,Audit: Command: /usr/bin/cat.,ruido_conocido,baseline,,,,rule_id=80792
ATA036,2,2026-09-29T10:39:20.896Z,victima-linux,80792,3,audit|audit_command,RS2,Audit: Command: /usr/bin/dash.,ruido_conocido,baseline,,,,rule_id=80792
ATA036,2,2026-09-29T10:39:20.898Z,victima-linux,80792,3,audit|audit_command,RS2,Audit: Command: /usr/bin/dash.,ruido_conocido,baseline,,,,rule_id=80792
ATA036,2,2026-09-29T10:39:20.906Z,victima-linux,80792,3,audit|audit_command,RS2,Audit: Command: /usr/bin/dash.,ruido_conocido,baseline,,,,rule_id=80792
ATA036,2,2026-09-29T10:39:20.906Z,victima-linux,80792,3,audit|audit_command,RS2,Audit: Command: /usr/bin/dash.,ruido_conocido,baseline,,,,rule_id=80792
ATA036,2,2026-09-29T10:39:20.906Z,victima-linux,80792,3,audit|audit_command,RS2,Audit: Command: /usr/bin/find.,ruido_conocido,baseline,,,,rule_id=80792
ATA036,2,2026-09-29T10:39:20.908Z,victima-linux,80792,3,audit|audit_command,RS2,Audit: Command: /usr/bin/dash.,ruido_conocido,baseline,,,,rule_id=80792
ATA036,2,2026-09-29T10:39:20.910Z,victima-linux,80792,3,audit|audit_command,RS2,Audit: Command: /usr/bin/sort.,ruido_conocido,baseline,,,,rule_id=80792
ATA036,2,2026-09-29T10:39:20.912Z,victima-linux,80792,3,audit|audit_command,RS2,Audit: Command: /usr/bin/dash.,ruido_conocido,baseline,,,,rule_id=80792
ATA036,2,2026-09-29T10:39:20.914Z,victima-linux,80792,3,audit|audit_command,RS2,Audit: Command: /usr/bin/dash.,ruido_conocido,baseline,,,,rule_id=80792
ATA036,2,2026-09-29T10:39:20.922Z,victima-linux,80792,3,audit|audit_command,RS2,Audit: Command: /usr/bin/dash.,ruido_conocido,baseline,,,,rule_id=80792
ATA036,2,2026-09-29T10:39:20.922Z,victima-linux,80792,3,audit|audit_command,RS2,Audit: Command: /usr/bin/dash.,ruido_conocido,baseline,,,,rule_id=80792
ATA036,2,2026-09-29T10:39:20.922Z,victima-linux,80792,3,audit|audit_command,RS2,Audit: Command: /usr/bin/grep.,ruido_conocido,baseline,,,,rule_id=80792
ATA036,2,2026-09-29T10:39:20.924Z,victima-linux,80792,3,audit|audit_command,RS2,Audit: Command: /usr/bin/dash.,ruido_conocido,baseline,,,,rule_id=80792
ATA036,2,2026-09-29T10:39:20.926Z,victima-linux,80792,3,audit|audit_command,RS2,Audit: Command: /usr/bin/id.,ruido_conocido,baseline,,,,rule_id=80792
ATA036,2,2026-09-29T10:39:20.929Z,victima-linux,80792,3,audit|audit_command,RS2,Audit: Command: /usr/bin/stat.,ruido_conocido,baseline,,,,rule_id=80792
ATA036,2,2026-09-29T10:39:20.931Z,victima-linux,80792,3,audit|audit_command,RS2,Audit: Command: /usr/bin/gawk.,ruido_conocido,baseline,,,,rule_id=80792
ATA036,2,2026-09-29T10:39:20.934Z,victima-linux,80792,3,audit|audit_command,RS2,Audit: Command: /usr/bin/date.,ruido_conocido,baseline,,,,rule_id=80792
ATA036,2,2026-09-29T10:39:20.941Z,victima-linux,80792,3,audit|audit_command,RS2,Audit: Command: /usr/bin/cat.,ruido_conocido,baseline,,,,rule_id=80792
ATA036,2,2026-09-29T10:39:20.941Z,victima-linux,80792,3,audit|audit_command,RS2,Audit: Command: /usr/bin/dash.,ruido_conocido,baseline,,,,rule_id=80792
ATA036,2,2026-09-29T10:39:20.941Z,victima-linux,80792,3,audit|audit_command,RS2,Audit: Command: /usr/bin/date.,ruido_conocido,baseline,,,,rule_id=80792
ATA036,2,2026-09-29T10:39:20.943Z,victima-linux,80792,3,audit|audit_command,RS2,Audit: Command: /usr/bin/dash.,ruido_conocido,baseline,,,,rule_id=80792
ATA036,2,2026-09-29T10:39:20.945Z,victima-linux,80791,3,audit|audit_watch_delete|audit_watch_write,RS2,Audit: Deleted: /run/.,ruido_conocido,baseline,,,,rule_id=80791
ATA036,2,2026-09-29T10:39:20.952Z,victima-linux,80792,3,audit|audit_command,RS2,Audit: Command: /usr/bin/bash.,ruido_conocido,baseline,,,,rule_id=80792
ATA036,2,2026-09-29T10:39:20.955Z,victima-linux,80792,3,audit|audit_command,RS2,Audit: Command: /usr/lib/openssh/sftp-server.,ruido_conocido,baseline,,,,rule_id=80792
ATA036,2,2026-09-29T10:39:20.964Z,victima-linux,80780,3,audit|audit_watch_write,RS2,Audit: Watch - Write access.,ruido_conocido,baseline,,,,rule_id=80780
ATA036,2,2026-09-29T10:39:20.964Z,victima-linux,80780,3,audit|audit_watch_write,RS2,Audit: Watch - Write access.,ruido_conocido,baseline,,,,rule_id=80780
ATA036,2,2026-09-29T10:39:20.964Z,victima-linux,80780,3,audit|audit_watch_write,RS2,Audit: Watch - Write access.,ruido_conocido,baseline,,,,rule_id=80780
ATA036,2,2026-09-29T10:39:20.964Z,victima-linux,80780,3,audit|audit_watch_write,RS2,Audit: Watch - Write access.,ruido_conocido,baseline,,,,rule_id=80780
ATA036,2,2026-09-29T10:39:20.966Z,victima-linux,80780,3,audit|audit_watch_write,RS2,Audit: Watch - Write access.,ruido_conocido,baseline,,,,rule_id=80780
ATA036,2,2026-09-29T10:39:20.968Z,victima-linux,80780,3,audit|audit_watch_write,RS2,Audit: Watch - Write access.,ruido_conocido,baseline,,,,rule_id=80780
ATA036,2,2026-09-29T10:39:20.971Z,victima-linux,80780,3,audit|audit_watch_write,RS2,Audit: Watch - Write access.,ruido_conocido,baseline,,,,rule_id=80780
ATA036,2,2026-09-29T10:39:20.977Z,victima-linux,80791,3,audit|audit_watch_delete|audit_watch_write,RS2,Audit: Deleted: /run/systemd/sessions/5.ref.,ruido_conocido,baseline,,,,rule_id=80791
ATA036,2,2026-09-29T10:39:20.980Z,victima-linux,80791,3,audit|audit_watch_delete|audit_watch_write,RS2,Audit: Deleted: /run/systemd/sessions/.,ruido_conocido,baseline,,,,rule_id=80791
ATA036,2,2026-09-29T10:39:20.982Z,victima-linux,80791,3,audit|audit_watch_delete|audit_watch_write,RS2,Audit: Deleted: /run/systemd/users/.,ruido_conocido,baseline,,,,rule_id=80791
ATA036,2,2026-09-29T10:39:20.989Z,victima-linux,80791,3,audit|audit_watch_delete|audit_watch_write,RS2,Audit: Deleted: /run/systemd/sessions/5.,ruido_conocido,baseline,,,,rule_id=80791
ATA036,2,2026-09-29T10:39:20.989Z,victima-linux,80791,3,audit|audit_watch_delete|audit_watch_write,RS2,Audit: Deleted: /run/systemd/users/.,ruido_conocido,baseline,,,,rule_id=80791
ATA036,2,2026-09-29T10:39:20.989Z,victima-linux,80792,3,audit|audit_command,RS2,Audit: Command: /usr/sbin/sshd.,ruido_conocido,baseline,,,,rule_id=80792
ATA036,2,2026-09-29T10:39:20.996Z,victima-linux,80780,3,audit|audit_watch_write,RS2,Audit: Watch - Write access.,ruido_conocido,baseline,,,,rule_id=80780
ATA036,2,2026-09-29T10:39:21.001Z,victima-linux,80791,3,audit|audit_watch_delete|audit_watch_write,RS2,Audit: Deleted: /run/systemd/sessions/.,ruido_conocido,baseline,,,,rule_id=80791
ATA036,2,2026-09-29T10:39:21.003Z,victima-linux,80791,3,audit|audit_watch_delete|audit_watch_write,RS2,Audit: Deleted: /run/systemd/users/.,ruido_conocido,baseline,,,,rule_id=80791
ATA036,2,2026-09-29T10:39:21.005Z,victima-linux,80791,3,audit|audit_watch_delete|audit_watch_write,RS2,Audit: Deleted: /run/systemd/sessions/.,ruido_conocido,baseline,,,,rule_id=80791
ATA036,2,2026-09-29T10:39:21.012Z,victima-linux,80791,3,audit|audit_watch_delete|audit_watch_write,RS2,Audit: Deleted: /run/systemd/sessions/.,ruido_conocido,baseline,,,,rule_id=80791
ATA036,2,2026-09-29T10:39:21.012Z,victima-linux,80791,3,audit|audit_watch_delete|audit_watch_write,RS2,Audit: Deleted: /run/systemd/users/.,ruido_conocido,baseline,,,,rule_id=80791
ATA036,2,2026-09-29T10:39:21.012Z,victima-linux,80792,3,audit|audit_command,RS2,Audit: Command: /usr/bin/dash.,ruido_conocido,baseline,,,,rule_id=80792
ATA036,2,2026-09-29T10:39:21.014Z,victima-linux,80792,3,audit|audit_command,RS2,Audit: Command: /usr/bin/env.,ruido_conocido,baseline,,,,rule_id=80792
ATA036,2,2026-09-29T10:39:21.016Z,victima-linux,80792,3,audit|audit_command,RS2,Audit: Command: /usr/bin/env.,ruido_conocido,baseline,,,,rule_id=80792
ATA036,2,2026-09-29T10:39:21.019Z,victima-linux,80792,3,audit|audit_command,RS2,Audit: Command: /usr/bin/env.,ruido_conocido,baseline,,,,rule_id=80792
ATA036,2,2026-09-29T10:39:21.026Z,victima-linux,80792,3,audit|audit_command,RS2,Audit: Command: /usr/bin/dash.,ruido_conocido,baseline,,,,rule_id=80792
ATA036,2,2026-09-29T10:39:21.026Z,victima-linux,80792,3,audit|audit_command,RS2,Audit: Command: /usr/bin/env.,ruido_conocido,baseline,,,,rule_id=80792
ATA036,2,2026-09-29T10:39:21.026Z,victima-linux,80792,3,audit|audit_command,RS2,Audit: Command: /usr/bin/run-parts.,ruido_conocido,baseline,,,,rule_id=80792
ATA036,2,2026-09-29T10:39:21.028Z,victima-linux,80792,3,audit|audit_command,RS2,Audit: Command: /usr/bin/uname.,ruido_conocido,baseline,,,,rule_id=80792
ATA036,2,2026-09-29T10:39:21.030Z,victima-linux,80792,3,audit|audit_command,RS2,Audit: Command: /usr/bin/uname.,ruido_conocido,baseline,,,,rule_id=80792
ATA036,2,2026-09-29T10:39:21.038Z,victima-linux,80792,3,audit|audit_command,RS2,Audit: Command: /usr/bin/dash.,ruido_conocido,baseline,,,,rule_id=80792
ATA036,2,2026-09-29T10:39:21.038Z,victima-linux,80792,3,audit|audit_command,RS2,Audit: Command: /usr/bin/dash.,ruido_conocido,baseline,,,,rule_id=80792
ATA036,2,2026-09-29T10:39:21.038Z,victima-linux,80792,3,audit|audit_command,RS2,Audit: Command: /usr/bin/uname.,ruido_conocido,baseline,,,,rule_id=80792
ATA036,2,2026-09-29T10:39:21.040Z,victima-linux,80792,3,audit|audit_command,RS2,Audit: Command: /usr/bin/find.,ruido_conocido,baseline,,,,rule_id=80792
ATA036,2,2026-09-29T10:39:21.042Z,victima-linux,80792,3,audit|audit_command,RS2,Audit: Command: /usr/bin/cat.,ruido_conocido,baseline,,,,rule_id=80792
ATA036,2,2026-09-29T10:39:21.044Z,victima-linux,80792,3,audit|audit_command,RS2,Audit: Command: /usr/bin/dash.,ruido_conocido,baseline,,,,rule_id=80792
ATA036,2,2026-09-29T10:39:21.046Z,victima-linux,80792,3,audit|audit_command,RS2,Audit: Command: /usr/bin/cat.,ruido_conocido,baseline,,,,rule_id=80792
ATA036,2,2026-09-29T10:39:21.049Z,victima-linux,80792,3,audit|audit_command,RS2,Audit: Command: /usr/bin/head.,ruido_conocido,baseline,,,,rule_id=80792
ATA036,2,2026-09-29T10:39:21.051Z,victima-linux,80792,3,audit|audit_command,RS2,Audit: Command: /usr/bin/tr.,ruido_conocido,baseline,,,,rule_id=80792
ATA036,2,2026-09-29T10:39:21.053Z,victima-linux,80792,3,audit|audit_command,RS2,Audit: Command: /usr/bin/cut.,ruido_conocido,baseline,,,,rule_id=80792
ATA036,2,2026-09-29T10:39:21.055Z,victima-linux,80792,3,audit|audit_command,RS2,Audit: Command: /usr/bin/dash.,ruido_conocido,baseline,,,,rule_id=80792
ATA036,2,2026-09-29T10:39:21.058Z,victima-linux,80792,3,audit|audit_command,RS2,Audit: Command: /usr/bin/dash.,ruido_conocido,baseline,,,,rule_id=80792
ATA036,2,2026-09-29T10:39:21.060Z,victima-linux,80792,3,audit|audit_command,RS2,Audit: Command: /usr/bin/cat.,ruido_conocido,baseline,,,,rule_id=80792
ATA036,2,2026-09-29T10:39:21.063Z,victima-linux,80792,3,audit|audit_command,RS2,Audit: Command: /usr/bin/find.,ruido_conocido,baseline,,,,rule_id=80792
ATA036,2,2026-09-29T10:39:21.065Z,victima-linux,80792,3,audit|audit_command,RS2,Audit: Command: /usr/bin/grep.,ruido_conocido,baseline,,,,rule_id=80792
ATA036,2,2026-09-29T10:39:21.067Z,victima-linux,80792,3,audit|audit_command,RS2,Audit: Command: /usr/bin/dash.,ruido_conocido,baseline,,,,rule_id=80792
ATA036,2,2026-09-29T10:39:21.069Z,victima-linux,80792,3,audit|audit_command,RS2,Audit: Command: /usr/bin/dash.,ruido_conocido,baseline,,,,rule_id=80792
ATA036,2,2026-09-29T10:39:21.072Z,victima-linux,80792,3,audit|audit_command,RS2,Audit: Command: /usr/bin/cut.,ruido_conocido,baseline,,,,rule_id=80792
ATA036,2,2026-09-29T10:39:21.074Z,victima-linux,80792,3,audit|audit_command,RS2,Audit: Command: /usr/bin/id.,ruido_conocido,baseline,,,,rule_id=80792
ATA036,2,2026-09-29T10:39:21.077Z,victima-linux,80792,3,audit|audit_command,RS2,Audit: Command: /usr/bin/dash.,ruido_conocido,baseline,,,,rule_id=80792
ATA036,2,2026-09-29T10:39:21.079Z,victima-linux,80792,3,audit|audit_command,RS2,Audit: Command: /usr/bin/date.,ruido_conocido,baseline,,,,rule_id=80792
ATA036,2,2026-09-29T10:39:21.081Z,victima-linux,80792,3,audit|audit_command,RS2,Audit: Command: /usr/bin/stat.,ruido_conocido,baseline,,,,rule_id=80792
ATA036,2,2026-09-29T10:39:21.083Z,victima-linux,80792,3,audit|audit_command,RS2,Audit: Command: /usr/bin/expr.,ruido_conocido,baseline,,,,rule_id=80792
ATA036,2,2026-09-29T10:39:21.086Z,victima-linux,80792,3,audit|audit_command,RS2,Audit: Command: /usr/bin/cat.,ruido_conocido,baseline,,,,rule_id=80792
ATA036,2,2026-09-29T10:39:21.088Z,victima-linux,80792,3,audit|audit_command,RS2,Audit: Command: /usr/bin/dash.,ruido_conocido,baseline,,,,rule_id=80792
ATA036,2,2026-09-29T10:39:21.090Z,victima-linux,80792,3,audit|audit_command,RS2,Audit: Command: /usr/bin/dash.,ruido_conocido,baseline,,,,rule_id=80792
ATA036,2,2026-09-29T10:39:21.097Z,victima-linux,80792,3,audit|audit_command,RS2,Audit: Command: /usr/bin/dash.,ruido_conocido,baseline,,,,rule_id=80792
ATA036,2,2026-09-29T10:39:21.098Z,victima-linux,80792,3,audit|audit_command,RS2,Audit: Command: /usr/bin/dash.,ruido_conocido,baseline,,,,rule_id=80792
ATA036,2,2026-09-29T10:39:21.098Z,victima-linux,80792,3,audit|audit_command,RS2,Audit: Command: /usr/bin/find.,ruido_conocido,baseline,,,,rule_id=80792
ATA036,2,2026-09-29T10:39:21.100Z,victima-linux,80792,3,audit|audit_command,RS2,Audit: Command: /usr/bin/dash.,ruido_conocido,baseline,,,,rule_id=80792
ATA036,2,2026-09-29T10:39:21.102Z,victima-linux,80792,3,audit|audit_command,RS2,Audit: Command: /usr/bin/sort.,ruido_conocido,baseline,,,,rule_id=80792
ATA036,2,2026-09-29T10:39:21.107Z,victima-linux,80792,3,audit|audit_command,RS2,Audit: Command: /usr/bin/dash.,ruido_conocido,baseline,,,,rule_id=80792
ATA036,2,2026-09-29T10:39:21.110Z,victima-linux,80792,3,audit|audit_command,RS2,Audit: Command: /usr/bin/dash.,ruido_conocido,baseline,,,,rule_id=80792
ATA036,2,2026-09-29T10:39:21.116Z,victima-linux,80792,3,audit|audit_command,RS2,Audit: Command: /usr/bin/dash.,ruido_conocido,baseline,,,,rule_id=80792
ATA036,2,2026-09-29T10:39:21.116Z,victima-linux,80792,3,audit|audit_command,RS2,Audit: Command: /usr/bin/dash.,ruido_conocido,baseline,,,,rule_id=80792
ATA036,2,2026-09-29T10:39:21.116Z,victima-linux,80792,3,audit|audit_command,RS2,Audit: Command: /usr/bin/grep.,ruido_conocido,baseline,,,,rule_id=80792
ATA036,2,2026-09-29T10:39:21.119Z,victima-linux,80792,3,audit|audit_command,RS2,Audit: Command: /usr/bin/dash.,ruido_conocido,baseline,,,,rule_id=80792
ATA036,2,2026-09-29T10:39:21.121Z,victima-linux,80792,3,audit|audit_command,RS2,Audit: Command: /usr/bin/id.,ruido_conocido,baseline,,,,rule_id=80792
ATA036,2,2026-09-29T10:39:21.123Z,victima-linux,80792,3,audit|audit_command,RS2,Audit: Command: /usr/bin/stat.,ruido_conocido,baseline,,,,rule_id=80792
ATA036,2,2026-09-29T10:39:21.125Z,victima-linux,80792,3,audit|audit_command,RS2,Audit: Command: /usr/bin/gawk.,ruido_conocido,baseline,,,,rule_id=80792
ATA036,2,2026-09-29T10:39:21.128Z,victima-linux,80792,3,audit|audit_command,RS2,Audit: Command: /usr/bin/date.,ruido_conocido,baseline,,,,rule_id=80792
ATA036,2,2026-09-29T10:39:21.130Z,victima-linux,80792,3,audit|audit_command,RS2,Audit: Command: /usr/bin/date.,ruido_conocido,baseline,,,,rule_id=80792
ATA036,2,2026-09-29T10:39:21.132Z,victima-linux,80792,3,audit|audit_command,RS2,Audit: Command: /usr/bin/cat.,ruido_conocido,baseline,,,,rule_id=80792
ATA036,2,2026-09-29T10:39:21.135Z,victima-linux,80792,3,audit|audit_command,RS2,Audit: Command: /usr/bin/dash.,ruido_conocido,baseline,,,,rule_id=80792
ATA036,2,2026-09-29T10:39:21.137Z,victima-linux,80792,3,audit|audit_command,RS2,Audit: Command: /usr/bin/dash.,ruido_conocido,baseline,,,,rule_id=80792
ATA036,2,2026-09-29T10:39:21.146Z,victima-linux,80791,3,audit|audit_watch_delete|audit_watch_write,RS2,Audit: Deleted: /run/.,ruido_conocido,baseline,,,,rule_id=80791
ATA036,2,2026-09-29T10:39:21.146Z,victima-linux,80792,3,audit|audit_command,RS2,Audit: Command: /usr/bin/bash.,ruido_conocido,baseline,,,,rule_id=80792
ATA036,2,2026-09-29T10:39:21.148Z,victima-linux,80792,3,audit|audit_command,RS2,Audit: Command: /usr/bin/date.,ruido_conocido,baseline,,,,rule_id=80792
ATA036,2,2026-09-29T10:39:21.151Z,victima-linux,80792,3,audit|audit_command,RS2,Audit: Command: /usr/bin/bash.,artefacto_ataque,del_ataque,,,,audit_cwd=/home/angel/lab-attack/ATA036
ATA036,2,2026-09-29T10:39:21.158Z,victima-linux,80792,3,audit|audit_command,RS2,Audit: Command: /usr/bin/base64.,artefacto_ataque,del_ataque,,,,audit_cwd=/home/angel/lab-attack/ATA036
ATA036,2,2026-09-29T10:39:21.158Z,victima-linux,80792,3,audit|audit_command,RS2,Audit: Command: /usr/bin/date.,artefacto_ataque,del_ataque,,,,audit_cwd=/home/angel/lab-attack/ATA036
ATA036,2,2026-09-29T10:39:21.158Z,victima-linux,80792,3,audit|audit_command,RS2,Audit: Command: /usr/bin/tee.,artefacto_ataque,del_ataque,,,,audit_cwd=/home/angel/lab-attack/ATA036
ATA036,2,2026-09-29T10:39:21.160Z,victima-linux,80792,3,audit|audit_command,RS2,Audit: Command: /usr/bin/base64.,artefacto_ataque,del_ataque,,,,audit_cwd=/home/angel/lab-attack/ATA036
ATA036,2,2026-09-29T10:39:21.162Z,victima-linux,80792,3,audit|audit_command,RS2,Audit: Command: /usr/bin/chmod.,artefacto_ataque,del_ataque,,,,audit_cwd=/home/angel/lab-attack/ATA036
ATA036,2,2026-09-29T10:39:21.165Z,victima-linux,80792,3,audit|audit_command,RS2,Audit: Command: /usr/bin/ls.,artefacto_ataque,del_ataque,,,,audit_cwd=/home/angel/lab-attack/ATA036
ATA036,2,2026-09-29T10:39:21.172Z,victima-linux,80792,3,audit|audit_command,RS2,Audit: Command: /home/angel/lab-attack/ATA036/target.,artefacto_ataque,del_ataque,,,,audit_cwd=/home/angel/lab-attack/ATA036
ATA036,2,2026-09-29T10:39:21.172Z,victima-linux,80792,3,audit|audit_command,RS2,Audit: Command: /usr/bin/sha256sum.,artefacto_ataque,del_ataque,,,,audit_cwd=/home/angel/lab-attack/ATA036
ATA036,2,2026-09-29T10:39:21.172Z,victima-linux,80792,3,audit|audit_command,RS2,Audit: Command: /usr/bin/sleep.,artefacto_ataque,del_ataque,,,,audit_cwd=/home/angel/lab-attack/ATA036
ATA036,2,2026-09-29T10:39:21.175Z,victima-linux,5715,3,syslog|sshd|authentication_success,RS1,sshd: authentication success.,ruido_conocido,operador:5715,,,,srcip=192.168.65.1
ATA036,2,2026-09-29T10:39:21.177Z,victima-linux,5501,3,pam|syslog|authentication_success,RS1,PAM: Login session opened.,ruido_conocido,baseline,,,,rule_id=5501
ATA036,2,2026-09-29T10:39:21.192Z,victima-linux,5501,3,pam|syslog|authentication_success,RS1,PAM: Login session opened.,ruido_conocido,baseline,,,,rule_id=5501
ATA036,2,2026-09-29T10:39:21.254Z,victima-linux,5502,3,pam|syslog,RS1,PAM: Login session closed.,ruido_conocido,baseline,,,,rule_id=5502
ATA036,2,2026-09-29T10:39:21.264Z,victima-linux,5715,3,syslog|sshd|authentication_success,RS1,sshd: authentication success.,ruido_conocido,operador:5715,,,,srcip=192.168.65.1
ATA036,2,2026-09-29T10:39:21.266Z,victima-linux,5501,3,pam|syslog|authentication_success,RS1,PAM: Login session opened.,ruido_conocido,baseline,,,,rule_id=5501
ATA036,2,2026-09-29T10:39:21.279Z,victima-linux,5502,3,pam|syslog,RS1,PAM: Login session closed.,ruido_conocido,baseline,,,,rule_id=5502
ATA036,2,2026-09-29T10:39:21.288Z,victima-linux,5715,3,syslog|sshd|authentication_success,RS1,sshd: authentication success.,ruido_conocido,operador:5715,,,,srcip=192.168.65.1
ATA036,2,2026-09-29T10:39:21.290Z,victima-linux,5501,3,pam|syslog|authentication_success,RS1,PAM: Login session opened.,ruido_conocido,baseline,,,,rule_id=5501
ATA036,2,2026-09-29T10:39:22.512Z,victima-linux,80792,3,audit|audit_command,RS2,Audit: Command: /usr/bin/head.,artefacto_ataque,del_ataque,,,,audit_cwd=/home/angel/lab-attack/ATA036
ATA036,2,2026-09-29T10:39:22.513Z,victima-linux,80792,3,audit|audit_command,RS2,Audit: Command: /usr/bin/tr.,artefacto_ataque,del_ataque,,,,audit_cwd=/home/angel/lab-attack/ATA036
ATA036,2,2026-09-29T10:39:22.515Z,victima-linux,80792,3,audit|audit_command,RS2,Audit: Command: /usr/bin/readlink.,artefacto_ataque,del_ataque,,,,audit_cwd=/home/angel/lab-attack/ATA036
ATA036,2,2026-09-29T10:39:22.517Z,victima-linux,80792,3,audit|audit_command,RS2,Audit: Command: /usr/bin/sleep.,artefacto_ataque,del_ataque,,,,audit_cwd=/home/angel/lab-attack/ATA036
ATA036,2,2026-09-29T10:39:24.512Z,victima-linux,80791,3,audit|audit_watch_delete|audit_watch_write,RS2,Audit: Deleted: var/run/.,auto_ruido,auto_ruido:wazuh-agentd,,,,audit_exe=/var/ossec/bin/wazuh-agentd
ATA036,2,2026-09-29T10:39:24.518Z,victima-linux,80792,3,audit|audit_command,RS2,Audit: Command: /usr/bin/sleep.,artefacto_ataque,del_ataque,,,,audit_cwd=/home/angel/lab-attack/ATA036
ATA036,2,2026-09-29T10:39:24.518Z,victima-linux,80792,3,audit|audit_command,RS2,Audit: Command: /usr/bin/tail.,artefacto_ataque,del_ataque,,,,audit_cwd=/home/angel/lab-attack/ATA036
ATA036,2,2026-09-29T10:39:24.518Z,victima-linux,80792,3,audit|audit_command,RS2,Audit: Command: /home/angel/lab-attack/ATA036/memedit.,deteccion,senal:T1565.003-S1,T1565.003|Process Creation,,,audit_exe=/home/angel/lab-attack/ATA036/memedit
ATA036,2,2026-09-29T10:39:28.512Z,victima-linux,80792,3,audit|audit_command,RS2,Audit: Command: /usr/bin/grep.,artefacto_ataque,del_ataque,,,,audit_cwd=/home/angel/lab-attack/ATA036
ATA036,2,2026-09-29T10:39:28.512Z,victima-linux,80792,3,audit|audit_command,RS2,Audit: Command: /usr/bin/tail.,artefacto_ataque,del_ataque,,,,audit_cwd=/home/angel/lab-attack/ATA036
ATA036,2,2026-09-29T10:39:28.514Z,victima-linux,80792,3,audit|audit_command,RS2,Audit: Command: /usr/bin/grep.,artefacto_ataque,del_ataque,,,,audit_cwd=/home/angel/lab-attack/ATA036
ATA036,2,2026-09-29T10:39:28.518Z,victima-linux,80792,3,audit|audit_command,RS2,Audit: Command: /usr/bin/sleep.,artefacto_ataque,del_ataque,,,,audit_cwd=/home/angel/lab-attack/ATA036
ATA036,2,2026-09-29T10:39:28.520Z,victima-linux,80791,3,audit|audit_watch_delete|audit_watch_write,RS2,Audit: Deleted: var/run/.,auto_ruido,auto_ruido:wazuh-agentd,,,,audit_exe=/var/ossec/bin/wazuh-agentd
ATA036,2,2026-09-29T10:39:28.522Z,victima-linux,80792,3,audit|audit_command,RS2,Audit: Command: /usr/bin/date.,artefacto_ataque,del_ataque,,,,audit_cwd=/home/angel/lab-attack/ATA036
ATA036,2,2026-09-29T10:39:28.529Z,victima-linux,80791,3,audit|audit_watch_delete|audit_watch_write,RS2,Audit: Deleted: /run/systemd/sessions/6.ref.,ruido_conocido,baseline,,,,rule_id=80791
ATA036,2,2026-09-29T10:39:28.532Z,victima-linux,80791,3,audit|audit_watch_delete|audit_watch_write,RS2,Audit: Deleted: /run/systemd/sessions/.,ruido_conocido,baseline,,,,rule_id=80791
ATA036,2,2026-09-29T10:39:28.535Z,victima-linux,80791,3,audit|audit_watch_delete|audit_watch_write,RS2,Audit: Deleted: /run/systemd/users/.,ruido_conocido,baseline,,,,rule_id=80791
ATA036,2,2026-09-29T10:39:28.537Z,victima-linux,80791,3,audit|audit_watch_delete|audit_watch_write,RS2,Audit: Deleted: /run/systemd/sessions/6.,ruido_conocido,baseline,,,,rule_id=80791
ATA036,2,2026-09-29T10:39:28.539Z,victima-linux,80791,3,audit|audit_watch_delete|audit_watch_write,RS2,Audit: Deleted: /run/systemd/users/.,ruido_conocido,baseline,,,,rule_id=80791
ATA036,2,2026-09-29T10:39:28.573Z,victima-linux,5502,3,pam|syslog,RS1,PAM: Login session closed.,ruido_conocido,baseline,,,,rule_id=5502
ATA036,2,2026-09-29T10:39:32.512Z,victima-linux,80792,3,audit|audit_command,RS2,Audit: Command: /usr/bin/dash.,auto_ruido,auto_ruido:dash,,,,audit_cwd=/var/ossec
ATA036,2,2026-09-29T10:39:32.513Z,victima-linux,80792,3,audit|audit_command,RS2,Audit: Command: /usr/bin/ps.,auto_ruido,auto_ruido:ps,,,,audit_cwd=/var/ossec
ATA036,2,2026-09-29T10:39:32.515Z,victima-linux,80792,3,audit|audit_command,RS2,Audit: Command: /usr/bin/dash.,auto_ruido,auto_ruido:dash,,,,audit_cwd=/var/ossec
ATA036,2,2026-09-29T10:39:32.518Z,victima-linux,80792,3,audit|audit_command,RS2,Audit: Command: /usr/bin/ps.,auto_ruido,auto_ruido:ps,,,,audit_cwd=/var/ossec
ATA036,2,2026-09-29T10:39:32.520Z,victima-linux,80792,3,audit|audit_command,RS2,Audit: Command: /usr/bin/dash.,auto_ruido,auto_ruido:dash,,,,audit_cwd=/var/ossec
ATA036,2,2026-09-29T10:39:32.523Z,victima-linux,80792,3,audit|audit_command,RS2,Audit: Command: /usr/bin/ps.,auto_ruido,auto_ruido:ps,,,,audit_cwd=/var/ossec
ATA036,2,2026-09-29T10:39:32.525Z,victima-linux,80792,3,audit|audit_command,RS2,Audit: Command: /usr/bin/dash.,auto_ruido,auto_ruido:dash,,,,audit_cwd=/var/ossec
ATA036,2,2026-09-29T10:39:32.528Z,victima-linux,80792,3,audit|audit_command,RS2,Audit: Command: /usr/bin/ps.,auto_ruido,auto_ruido:ps,,,,audit_cwd=/var/ossec
ATA036,2,2026-09-29T10:39:32.530Z,victima-linux,80792,3,audit|audit_command,RS2,Audit: Command: /usr/bin/dash.,auto_ruido,auto_ruido:dash,,,,audit_cwd=/var/ossec
ATA036,2,2026-09-29T10:39:32.532Z,victima-linux,80792,3,audit|audit_command,RS2,Audit: Command: /usr/bin/ps.,auto_ruido,auto_ruido:ps,,,,audit_cwd=/var/ossec
ATA036,2,2026-09-29T10:39:32.535Z,victima-linux,80792,3,audit|audit_command,RS2,Audit: Command: /usr/bin/dash.,auto_ruido,auto_ruido:dash,,,,audit_cwd=/var/ossec
ATA036,2,2026-09-29T10:39:32.537Z,victima-linux,80792,3,audit|audit_command,RS2,Audit: Command: /usr/bin/ps.,auto_ruido,auto_ruido:ps,,,,audit_cwd=/var/ossec
ATA036,2,2026-09-29T10:39:32.539Z,victima-linux,80792,3,audit|audit_command,RS2,Audit: Command: /usr/bin/dash.,auto_ruido,auto_ruido:dash,,,,audit_cwd=/var/ossec
ATA036,2,2026-09-29T10:39:32.542Z,victima-linux,80792,3,audit|audit_command,RS2,Audit: Command: /usr/bin/ps.,auto_ruido,auto_ruido:ps,,,,audit_cwd=/var/ossec
ATA036,2,2026-09-29T10:39:32.544Z,victima-linux,80780,3,audit|audit_watch_write,RS2,Audit: Watch - Write access.,auto_ruido,auto_ruido:wazuh-syscheckd,,,,audit_exe=/var/ossec/bin/wazuh-syscheckd
ATA036,2,2026-09-29T10:39:32.546Z,victima-linux,80792,3,audit|audit_command,RS2,Audit: Command: /usr/bin/dash.,auto_ruido,auto_ruido:dash,,,,audit_cwd=/var/ossec
ATA036,2,2026-09-29T10:39:32.548Z,victima-linux,80792,3,audit|audit_command,RS2,Audit: Command: /usr/bin/ps.,auto_ruido,auto_ruido:ps,,,,audit_cwd=/var/ossec
ATA036,2,2026-09-29T10:39:32.551Z,victima-linux,80792,3,audit|audit_command,RS2,Audit: Command: /usr/bin/dash.,auto_ruido,auto_ruido:dash,,,,audit_cwd=/var/ossec
ATA036,2,2026-09-29T10:39:32.553Z,victima-linux,80792,3,audit|audit_command,RS2,Audit: Command: /usr/bin/ps.,auto_ruido,auto_ruido:ps,,,,audit_cwd=/var/ossec
ATA036,2,2026-09-29T10:39:32.555Z,victima-linux,80792,3,audit|audit_command,RS2,Audit: Command: /usr/bin/dash.,auto_ruido,auto_ruido:dash,,,,audit_cwd=/var/ossec
ATA036,2,2026-09-29T10:39:32.557Z,victima-linux,80792,3,audit|audit_command,RS2,Audit: Command: /usr/bin/ps.,auto_ruido,auto_ruido:ps,,,,audit_cwd=/var/ossec
ATA036,2,2026-09-29T10:39:32.559Z,victima-linux,80792,3,audit|audit_command,RS2,Audit: Command: /usr/bin/dash.,auto_ruido,auto_ruido:dash,,,,audit_cwd=/var/ossec
ATA036,2,2026-09-29T10:39:32.562Z,victima-linux,80792,3,audit|audit_command,RS2,Audit: Command: /usr/bin/ps.,auto_ruido,auto_ruido:ps,,,,audit_cwd=/var/ossec
ATA036,2,2026-09-29T10:39:32.564Z,victima-linux,80792,3,audit|audit_command,RS2,Audit: Command: /usr/bin/dash.,auto_ruido,auto_ruido:dash,,,,audit_cwd=/var/ossec
ATA036,2,2026-09-29T10:39:32.566Z,victima-linux,80792,3,audit|audit_command,RS2,Audit: Command: /usr/bin/ps.,auto_ruido,auto_ruido:ps,,,,audit_cwd=/var/ossec
ATA036,2,2026-09-29T10:39:32.568Z,victima-linux,80792,3,audit|audit_command,RS2,Audit: Command: /usr/bin/dash.,auto_ruido,auto_ruido:dash,,,,audit_cwd=/var/ossec
ATA036,2,2026-09-29T10:39:32.571Z,victima-linux,80792,3,audit|audit_command,RS2,Audit: Command: /usr/bin/ps.,auto_ruido,auto_ruido:ps,,,,audit_cwd=/var/ossec
ATA036,2,2026-09-29T10:39:32.573Z,victima-linux,80792,3,audit|audit_command,RS2,Audit: Command: /usr/bin/dash.,auto_ruido,auto_ruido:dash,,,,audit_cwd=/var/ossec
ATA036,2,2026-09-29T10:39:32.575Z,victima-linux,80792,3,audit|audit_command,RS2,Audit: Command: /usr/bin/ps.,auto_ruido,auto_ruido:ps,,,,audit_cwd=/var/ossec
ATA036,2,2026-09-29T10:39:32.577Z,victima-linux,80792,3,audit|audit_command,RS2,Audit: Command: /usr/bin/dash.,auto_ruido,auto_ruido:dash,,,,audit_cwd=/var/ossec
ATA036,2,2026-09-29T10:39:32.579Z,victima-linux,80792,3,audit|audit_command,RS2,Audit: Command: /usr/bin/ps.,auto_ruido,auto_ruido:ps,,,,audit_cwd=/var/ossec
ATA036,2,2026-09-29T10:39:32.582Z,victima-linux,80792,3,audit|audit_command,RS2,Audit: Command: /usr/bin/dash.,auto_ruido,auto_ruido:dash,,,,audit_cwd=/var/ossec
ATA036,2,2026-09-29T10:39:32.584Z,victima-linux,80792,3,audit|audit_command,RS2,Audit: Command: /usr/bin/ps.,auto_ruido,auto_ruido:ps,,,,audit_cwd=/var/ossec
ATA036,2,2026-09-29T10:39:32.587Z,victima-linux,80792,3,audit|audit_command,RS2,Audit: Command: /usr/bin/dash.,auto_ruido,auto_ruido:dash,,,,audit_cwd=/var/ossec
ATA036,2,2026-09-29T10:39:32.589Z,victima-linux,80792,3,audit|audit_command,RS2,Audit: Command: /usr/bin/ps.,auto_ruido,auto_ruido:ps,,,,audit_cwd=/var/ossec
ATA036,2,2026-09-29T10:39:32.592Z,victima-linux,80792,3,audit|audit_command,RS2,Audit: Command: /usr/bin/dash.,auto_ruido,auto_ruido:dash,,,,audit_cwd=/var/ossec
ATA036,2,2026-09-29T10:39:32.594Z,victima-linux,80792,3,audit|audit_command,RS2,Audit: Command: /usr/bin/ps.,auto_ruido,auto_ruido:ps,,,,audit_cwd=/var/ossec
ATA036,2,2026-09-29T10:39:32.597Z,victima-linux,80792,3,audit|audit_command,RS2,Audit: Command: /usr/bin/dash.,auto_ruido,auto_ruido:dash,,,,audit_cwd=/var/ossec
ATA036,2,2026-09-29T10:39:32.599Z,victima-linux,80792,3,audit|audit_command,RS2,Audit: Command: /usr/bin/ps.,auto_ruido,auto_ruido:ps,,,,audit_cwd=/var/ossec
ATA036,2,2026-09-29T10:39:32.602Z,victima-linux,80792,3,audit|audit_command,RS2,Audit: Command: /usr/bin/dash.,auto_ruido,auto_ruido:dash,,,,audit_cwd=/var/ossec
ATA036,2,2026-09-29T10:39:32.604Z,victima-linux,80792,3,audit|audit_command,RS2,Audit: Command: /usr/bin/ps.,auto_ruido,auto_ruido:ps,,,,audit_cwd=/var/ossec
ATA036,2,2026-09-29T10:39:32.606Z,victima-linux,80792,3,audit|audit_command,RS2,Audit: Command: /usr/bin/dash.,auto_ruido,auto_ruido:dash,,,,audit_cwd=/var/ossec
ATA036,2,2026-09-29T10:39:32.608Z,victima-linux,80792,3,audit|audit_command,RS2,Audit: Command: /usr/bin/ps.,auto_ruido,auto_ruido:ps,,,,audit_cwd=/var/ossec
ATA036,2,2026-09-29T10:39:32.611Z,victima-linux,80792,3,audit|audit_command,RS2,Audit: Command: /usr/bin/dash.,auto_ruido,auto_ruido:dash,,,,audit_cwd=/var/ossec
ATA036,2,2026-09-29T10:39:32.613Z,victima-linux,80792,3,audit|audit_command,RS2,Audit: Command: /usr/bin/ps.,auto_ruido,auto_ruido:ps,,,,audit_cwd=/var/ossec
ATA036,2,2026-09-29T10:39:32.616Z,victima-linux,80792,3,audit|audit_command,RS2,Audit: Command: /usr/bin/dash.,auto_ruido,auto_ruido:dash,,,,audit_cwd=/var/ossec
ATA036,2,2026-09-29T10:39:32.618Z,victima-linux,80792,3,audit|audit_command,RS2,Audit: Command: /usr/bin/ps.,auto_ruido,auto_ruido:ps,,,,audit_cwd=/var/ossec
ATA036,2,2026-09-29T10:39:32.620Z,victima-linux,80792,3,audit|audit_command,RS2,Audit: Command: /usr/bin/dash.,auto_ruido,auto_ruido:dash,,,,audit_cwd=/var/ossec
ATA036,2,2026-09-29T10:39:32.622Z,victima-linux,80792,3,audit|audit_command,RS2,Audit: Command: /usr/bin/ps.,auto_ruido,auto_ruido:ps,,,,audit_cwd=/var/ossec
ATA036,2,2026-09-29T10:39:32.625Z,victima-linux,80792,3,audit|audit_command,RS2,Audit: Command: /usr/bin/dash.,auto_ruido,auto_ruido:dash,,,,audit_cwd=/var/ossec
ATA036,2,2026-09-29T10:39:32.627Z,victima-linux,80792,3,audit|audit_command,RS2,Audit: Command: /usr/bin/ps.,auto_ruido,auto_ruido:ps,,,,audit_cwd=/var/ossec
ATA036,2,2026-09-29T10:39:32.630Z,victima-linux,80792,3,audit|audit_command,RS2,Audit: Command: /usr/bin/dash.,auto_ruido,auto_ruido:dash,,,,audit_cwd=/var/ossec
ATA036,2,2026-09-29T10:39:32.632Z,victima-linux,80792,3,audit|audit_command,RS2,Audit: Command: /usr/bin/ps.,auto_ruido,auto_ruido:ps,,,,audit_cwd=/var/ossec
ATA036,2,2026-09-29T10:39:32.634Z,victima-linux,80792,3,audit|audit_command,RS2,Audit: Command: /usr/bin/dash.,auto_ruido,auto_ruido:dash,,,,audit_cwd=/var/ossec
ATA036,2,2026-09-29T10:39:32.636Z,victima-linux,80792,3,audit|audit_command,RS2,Audit: Command: /usr/bin/ps.,auto_ruido,auto_ruido:ps,,,,audit_cwd=/var/ossec
ATA036,2,2026-09-29T10:39:34.513Z,victima-linux,80792,3,audit|audit_command,RS2,Audit: Command: /usr/bin/dash.,auto_ruido,auto_ruido:dash,,,,audit_cwd=/var/ossec
ATA036,2,2026-09-29T10:39:34.513Z,victima-linux,80792,3,audit|audit_command,RS2,Audit: Command: /usr/bin/ps.,auto_ruido,auto_ruido:ps,,,,audit_cwd=/var/ossec
ATA036,2,2026-09-29T10:39:34.516Z,victima-linux,80792,3,audit|audit_command,RS2,Audit: Command: /usr/bin/dash.,auto_ruido,auto_ruido:dash,,,,audit_cwd=/var/ossec
ATA036,2,2026-09-29T10:39:34.518Z,victima-linux,80792,3,audit|audit_command,RS2,Audit: Command: /usr/bin/ps.,auto_ruido,auto_ruido:ps,,,,audit_cwd=/var/ossec
ATA036,2,2026-09-29T10:39:34.520Z,victima-linux,80792,3,audit|audit_command,RS2,Audit: Command: /usr/bin/dash.,auto_ruido,auto_ruido:dash,,,,audit_cwd=/var/ossec
ATA036,2,2026-09-29T10:39:34.522Z,victima-linux,80792,3,audit|audit_command,RS2,Audit: Command: /usr/bin/ps.,auto_ruido,auto_ruido:ps,,,,audit_cwd=/var/ossec
ATA036,2,2026-09-29T10:39:34.525Z,victima-linux,80792,3,audit|audit_command,RS2,Audit: Command: /usr/bin/dash.,auto_ruido,auto_ruido:dash,,,,audit_cwd=/var/ossec
ATA036,2,2026-09-29T10:39:34.527Z,victima-linux,80792,3,audit|audit_command,RS2,Audit: Command: /usr/bin/ps.,auto_ruido,auto_ruido:ps,,,,audit_cwd=/var/ossec
ATA036,2,2026-09-29T10:39:34.529Z,victima-linux,80792,3,audit|audit_command,RS2,Audit: Command: /usr/bin/dash.,auto_ruido,auto_ruido:dash,,,,audit_cwd=/var/ossec
ATA036,2,2026-09-29T10:39:34.531Z,victima-linux,80792,3,audit|audit_command,RS2,Audit: Command: /usr/bin/ps.,auto_ruido,auto_ruido:ps,,,,audit_cwd=/var/ossec
ATA036,2,2026-09-29T10:39:34.534Z,victima-linux,80792,3,audit|audit_command,RS2,Audit: Command: /usr/bin/dash.,auto_ruido,auto_ruido:dash,,,,audit_cwd=/var/ossec
ATA036,2,2026-09-29T10:39:34.536Z,victima-linux,80792,3,audit|audit_command,RS2,Audit: Command: /usr/bin/ps.,auto_ruido,auto_ruido:ps,,,,audit_cwd=/var/ossec
ATA036,2,2026-09-29T10:39:34.539Z,victima-linux,80792,3,audit|audit_command,RS2,Audit: Command: /usr/bin/dash.,auto_ruido,auto_ruido:dash,,,,audit_cwd=/var/ossec
ATA036,2,2026-09-29T10:39:34.541Z,victima-linux,80792,3,audit|audit_command,RS2,Audit: Command: /usr/bin/ps.,auto_ruido,auto_ruido:ps,,,,audit_cwd=/var/ossec
ATA036,2,2026-09-29T10:39:34.543Z,victima-linux,80792,3,audit|audit_command,RS2,Audit: Command: /usr/bin/dash.,auto_ruido,auto_ruido:dash,,,,audit_cwd=/var/ossec
ATA036,2,2026-09-29T10:39:34.546Z,victima-linux,80792,3,audit|audit_command,RS2,Audit: Command: /usr/bin/ps.,auto_ruido,auto_ruido:ps,,,,audit_cwd=/var/ossec
ATA036,2,2026-09-29T10:39:34.548Z,victima-linux,80792,3,audit|audit_command,RS2,Audit: Command: /usr/bin/dash.,auto_ruido,auto_ruido:dash,,,,audit_cwd=/var/ossec
ATA036,2,2026-09-29T10:39:34.551Z,victima-linux,80792,3,audit|audit_command,RS2,Audit: Command: /usr/bin/ps.,auto_ruido,auto_ruido:ps,,,,audit_cwd=/var/ossec
ATA036,2,2026-09-29T10:39:34.553Z,victima-linux,80792,3,audit|audit_command,RS2,Audit: Command: /usr/bin/dash.,auto_ruido,auto_ruido:dash,,,,audit_cwd=/var/ossec
ATA036,2,2026-09-29T10:39:34.555Z,victima-linux,80792,3,audit|audit_command,RS2,Audit: Command: /usr/bin/ps.,auto_ruido,auto_ruido:ps,,,,audit_cwd=/var/ossec
ATA036,2,2026-09-29T10:39:34.558Z,victima-linux,80792,3,audit|audit_command,RS2,Audit: Command: /usr/bin/dash.,auto_ruido,auto_ruido:dash,,,,audit_cwd=/var/ossec
ATA036,2,2026-09-29T10:39:34.560Z,victima-linux,80792,3,audit|audit_command,RS2,Audit: Command: /usr/bin/ps.,auto_ruido,auto_ruido:ps,,,,audit_cwd=/var/ossec
ATA036,2,2026-09-29T10:39:34.563Z,victima-linux,80792,3,audit|audit_command,RS2,Audit: Command: /usr/bin/dash.,auto_ruido,auto_ruido:dash,,,,audit_cwd=/var/ossec
ATA036,2,2026-09-29T10:39:34.565Z,victima-linux,80792,3,audit|audit_command,RS2,Audit: Command: /usr/bin/ps.,auto_ruido,auto_ruido:ps,,,,audit_cwd=/var/ossec
ATA036,2,2026-09-29T10:39:34.567Z,victima-linux,80791,3,audit|audit_watch_delete|audit_watch_write,RS2,Audit: Deleted: var/run/.,auto_ruido,auto_ruido:wazuh-agentd,,,,audit_exe=/var/ossec/bin/wazuh-agentd
ATA036,2,2026-09-29T10:39:34.570Z,victima-linux,80792,3,audit|audit_command,RS2,Audit: Command: /usr/bin/dash.,auto_ruido,auto_ruido:dash,,,,audit_cwd=/var/ossec
ATA036,2,2026-09-29T10:39:34.572Z,victima-linux,80792,3,audit|audit_command,RS2,Audit: Command: /usr/bin/ps.,auto_ruido,auto_ruido:ps,,,,audit_cwd=/var/ossec
ATA036,2,2026-09-29T10:39:34.574Z,victima-linux,80792,3,audit|audit_command,RS2,Audit: Command: /usr/bin/dash.,auto_ruido,auto_ruido:dash,,,,audit_cwd=/var/ossec
ATA036,2,2026-09-29T10:39:34.577Z,victima-linux,80792,3,audit|audit_command,RS2,Audit: Command: /usr/bin/ps.,auto_ruido,auto_ruido:ps,,,,audit_cwd=/var/ossec
ATA036,2,2026-09-29T10:39:34.579Z,victima-linux,80792,3,audit|audit_command,RS2,Audit: Command: /usr/bin/dash.,auto_ruido,auto_ruido:dash,,,,audit_cwd=/var/ossec
ATA036,2,2026-09-29T10:39:34.582Z,victima-linux,80792,3,audit|audit_command,RS2,Audit: Command: /usr/bin/ps.,auto_ruido,auto_ruido:ps,,,,audit_cwd=/var/ossec
ATA036,2,2026-09-29T10:39:34.584Z,victima-linux,80792,3,audit|audit_command,RS2,Audit: Command: /usr/bin/dash.,auto_ruido,auto_ruido:dash,,,,audit_cwd=/var/ossec
ATA036,2,2026-09-29T10:39:34.587Z,victima-linux,80792,3,audit|audit_command,RS2,Audit: Command: /usr/bin/ps.,auto_ruido,auto_ruido:ps,,,,audit_cwd=/var/ossec
ATA036,2,2026-09-29T10:39:34.589Z,victima-linux,80792,3,audit|audit_command,RS2,Audit: Command: /usr/bin/dash.,auto_ruido,auto_ruido:dash,,,,audit_cwd=/var/ossec
ATA036,2,2026-09-29T10:39:34.591Z,victima-linux,80792,3,audit|audit_command,RS2,Audit: Command: /usr/bin/ps.,auto_ruido,auto_ruido:ps,,,,audit_cwd=/var/ossec
ATA036,2,2026-09-29T10:39:34.594Z,victima-linux,80792,3,audit|audit_command,RS2,Audit: Command: /usr/bin/dash.,auto_ruido,auto_ruido:dash,,,,audit_cwd=/var/ossec
ATA036,2,2026-09-29T10:39:34.596Z,victima-linux,80792,3,audit|audit_command,RS2,Audit: Command: /usr/bin/ps.,auto_ruido,auto_ruido:ps,,,,audit_cwd=/var/ossec
ATA036,2,2026-09-29T10:39:34.599Z,victima-linux,80792,3,audit|audit_command,RS2,Audit: Command: /usr/bin/dash.,auto_ruido,auto_ruido:dash,,,,audit_cwd=/var/ossec
ATA036,2,2026-09-29T10:39:34.601Z,victima-linux,80792,3,audit|audit_command,RS2,Audit: Command: /usr/bin/ps.,auto_ruido,auto_ruido:ps,,,,audit_cwd=/var/ossec
ATA036,2,2026-09-29T10:39:34.603Z,victima-linux,80792,3,audit|audit_command,RS2,Audit: Command: /usr/bin/dash.,auto_ruido,auto_ruido:dash,,,,audit_cwd=/var/ossec
ATA036,2,2026-09-29T10:39:34.605Z,victima-linux,80792,3,audit|audit_command,RS2,Audit: Command: /usr/bin/ps.,auto_ruido,auto_ruido:ps,,,,audit_cwd=/var/ossec
ATA036,2,2026-09-29T10:39:34.608Z,victima-linux,80792,3,audit|audit_command,RS2,Audit: Command: /usr/bin/dash.,auto_ruido,auto_ruido:dash,,,,audit_cwd=/var/ossec
ATA036,2,2026-09-29T10:39:34.610Z,victima-linux,80792,3,audit|audit_command,RS2,Audit: Command: /usr/bin/ps.,auto_ruido,auto_ruido:ps,,,,audit_cwd=/var/ossec
ATA036,2,2026-09-29T10:39:34.612Z,victima-linux,80792,3,audit|audit_command,RS2,Audit: Command: /usr/bin/dash.,auto_ruido,auto_ruido:dash,,,,audit_cwd=/var/ossec
ATA036,2,2026-09-29T10:39:34.615Z,victima-linux,80792,3,audit|audit_command,RS2,Audit: Command: /usr/bin/ps.,auto_ruido,auto_ruido:ps,,,,audit_cwd=/var/ossec
ATA036,2,2026-09-29T10:39:34.617Z,victima-linux,80792,3,audit|audit_command,RS2,Audit: Command: /usr/bin/dash.,auto_ruido,auto_ruido:dash,,,,audit_cwd=/var/ossec
ATA036,2,2026-09-29T10:39:34.619Z,victima-linux,80792,3,audit|audit_command,RS2,Audit: Command: /usr/bin/ps.,auto_ruido,auto_ruido:ps,,,,audit_cwd=/var/ossec
ATA036,2,2026-09-29T10:39:34.622Z,victima-linux,80792,3,audit|audit_command,RS2,Audit: Command: /usr/bin/dash.,auto_ruido,auto_ruido:dash,,,,audit_cwd=/var/ossec
ATA036,2,2026-09-29T10:39:34.624Z,victima-linux,80792,3,audit|audit_command,RS2,Audit: Command: /usr/bin/ps.,auto_ruido,auto_ruido:ps,,,,audit_cwd=/var/ossec
ATA036,2,2026-09-29T10:39:34.627Z,victima-linux,80792,3,audit|audit_command,RS2,Audit: Command: /usr/bin/dash.,auto_ruido,auto_ruido:dash,,,,audit_cwd=/var/ossec
ATA036,2,2026-09-29T10:39:34.629Z,victima-linux,80792,3,audit|audit_command,RS2,Audit: Command: /usr/bin/ps.,auto_ruido,auto_ruido:ps,,,,audit_cwd=/var/ossec
ATA036,2,2026-09-29T10:39:34.631Z,victima-linux,80792,3,audit|audit_command,RS2,Audit: Command: /usr/bin/dash.,auto_ruido,auto_ruido:dash,,,,audit_cwd=/var/ossec
ATA036,2,2026-09-29T10:39:34.633Z,victima-linux,80792,3,audit|audit_command,RS2,Audit: Command: /usr/bin/ps.,auto_ruido,auto_ruido:ps,,,,audit_cwd=/var/ossec
ATA036,2,2026-09-29T10:39:34.636Z,victima-linux,80792,3,audit|audit_command,RS2,Audit: Command: /usr/bin/dash.,auto_ruido,auto_ruido:dash,,,,audit_cwd=/var/ossec
ATA036,2,2026-09-29T10:39:34.638Z,victima-linux,80792,3,audit|audit_command,RS2,Audit: Command: /usr/bin/ps.,auto_ruido,auto_ruido:ps,,,,audit_cwd=/var/ossec
ATA036,2,2026-09-29T10:39:34.641Z,victima-linux,80792,3,audit|audit_command,RS2,Audit: Command: /usr/bin/dash.,auto_ruido,auto_ruido:dash,,,,audit_cwd=/var/ossec
ATA036,2,2026-09-29T10:39:34.643Z,victima-linux,80792,3,audit|audit_command,RS2,Audit: Command: /usr/bin/ps.,auto_ruido,auto_ruido:ps,,,,audit_cwd=/var/ossec
ATA036,2,2026-09-29T10:39:34.645Z,victima-linux,80792,3,audit|audit_command,RS2,Audit: Command: /usr/bin/dash.,auto_ruido,auto_ruido:dash,,,,audit_cwd=/var/ossec
ATA036,2,2026-09-29T10:39:34.648Z,victima-linux,80792,3,audit|audit_command,RS2,Audit: Command: /usr/bin/ps.,auto_ruido,auto_ruido:ps,,,,audit_cwd=/var/ossec
ATA036,2,2026-09-29T10:39:36.513Z,victima-linux,80792,3,audit|audit_command,RS2,Audit: Command: /usr/bin/dash.,auto_ruido,auto_ruido:dash,,,,audit_cwd=/var/ossec
ATA036,2,2026-09-29T10:39:36.513Z,victima-linux,80792,3,audit|audit_command,RS2,Audit: Command: /usr/bin/ps.,auto_ruido,auto_ruido:ps,,,,audit_cwd=/var/ossec
ATA036,2,2026-09-29T10:39:36.516Z,victima-linux,80792,3,audit|audit_command,RS2,Audit: Command: /usr/bin/dash.,auto_ruido,auto_ruido:dash,,,,audit_cwd=/var/ossec
ATA036,2,2026-09-29T10:39:36.518Z,victima-linux,80792,3,audit|audit_command,RS2,Audit: Command: /usr/bin/ps.,auto_ruido,auto_ruido:ps,,,,audit_cwd=/var/ossec
ATA036,2,2026-09-29T10:39:36.520Z,victima-linux,80792,3,audit|audit_command,RS2,Audit: Command: /usr/bin/dash.,auto_ruido,auto_ruido:dash,,,,audit_cwd=/var/ossec
ATA036,2,2026-09-29T10:39:36.523Z,victima-linux,80792,3,audit|audit_command,RS2,Audit: Command: /usr/bin/ps.,auto_ruido,auto_ruido:ps,,,,audit_cwd=/var/ossec
ATA036,2,2026-09-29T10:39:36.525Z,victima-linux,80792,3,audit|audit_command,RS2,Audit: Command: /usr/bin/dash.,auto_ruido,auto_ruido:dash,,,,audit_cwd=/var/ossec
ATA036,2,2026-09-29T10:39:36.527Z,victima-linux,80792,3,audit|audit_command,RS2,Audit: Command: /usr/bin/ps.,auto_ruido,auto_ruido:ps,,,,audit_cwd=/var/ossec
ATA036,2,2026-09-29T10:39:36.530Z,victima-linux,80792,3,audit|audit_command,RS2,Audit: Command: /usr/bin/dash.,auto_ruido,auto_ruido:dash,,,,audit_cwd=/var/ossec
ATA036,2,2026-09-29T10:39:36.532Z,victima-linux,80792,3,audit|audit_command,RS2,Audit: Command: /usr/bin/ps.,auto_ruido,auto_ruido:ps,,,,audit_cwd=/var/ossec
ATA036,2,2026-09-29T10:39:36.534Z,victima-linux,80792,3,audit|audit_command,RS2,Audit: Command: /usr/bin/dash.,auto_ruido,auto_ruido:dash,,,,audit_cwd=/var/ossec
ATA036,2,2026-09-29T10:39:36.537Z,victima-linux,80792,3,audit|audit_command,RS2,Audit: Command: /usr/bin/ps.,auto_ruido,auto_ruido:ps,,,,audit_cwd=/var/ossec
ATA036,2,2026-09-29T10:39:36.539Z,victima-linux,80792,3,audit|audit_command,RS2,Audit: Command: /usr/bin/dash.,auto_ruido,auto_ruido:dash,,,,audit_cwd=/var/ossec
ATA036,2,2026-09-29T10:39:36.544Z,victima-linux,80792,3,audit|audit_command,RS2,Audit: Command: /usr/bin/dash.,auto_ruido,auto_ruido:dash,,,,audit_cwd=/var/ossec
ATA036,2,2026-09-29T10:39:36.544Z,victima-linux,80792,3,audit|audit_command,RS2,Audit: Command: /usr/bin/ps.,auto_ruido,auto_ruido:ps,,,,audit_cwd=/var/ossec
ATA036,2,2026-09-29T10:39:36.547Z,victima-linux,80792,3,audit|audit_command,RS2,Audit: Command: /usr/bin/ps.,auto_ruido,auto_ruido:ps,,,,audit_cwd=/var/ossec
ATA036,2,2026-09-29T10:39:36.550Z,victima-linux,80792,3,audit|audit_command,RS2,Audit: Command: /usr/bin/dash.,auto_ruido,auto_ruido:dash,,,,audit_cwd=/var/ossec
ATA036,2,2026-09-29T10:39:36.552Z,victima-linux,80792,3,audit|audit_command,RS2,Audit: Command: /usr/bin/ps.,auto_ruido,auto_ruido:ps,,,,audit_cwd=/var/ossec
ATA036,2,2026-09-29T10:39:36.554Z,victima-linux,80792,3,audit|audit_command,RS2,Audit: Command: /usr/bin/dash.,auto_ruido,auto_ruido:dash,,,,audit_cwd=/var/ossec
ATA036,2,2026-09-29T10:39:36.557Z,victima-linux,80792,3,audit|audit_command,RS2,Audit: Command: /usr/bin/ps.,auto_ruido,auto_ruido:ps,,,,audit_cwd=/var/ossec
ATA036,2,2026-09-29T10:39:36.559Z,victima-linux,80792,3,audit|audit_command,RS2,Audit: Command: /usr/bin/dash.,auto_ruido,auto_ruido:dash,,,,audit_cwd=/var/ossec
ATA036,2,2026-09-29T10:39:36.562Z,victima-linux,80792,3,audit|audit_command,RS2,Audit: Command: /usr/bin/ps.,auto_ruido,auto_ruido:ps,,,,audit_cwd=/var/ossec
ATA036,2,2026-09-29T10:39:36.565Z,victima-linux,80792,3,audit|audit_command,RS2,Audit: Command: /usr/bin/dash.,auto_ruido,auto_ruido:dash,,,,audit_cwd=/var/ossec
ATA036,2,2026-09-29T10:39:36.567Z,victima-linux,80792,3,audit|audit_command,RS2,Audit: Command: /usr/bin/ps.,auto_ruido,auto_ruido:ps,,,,audit_cwd=/var/ossec
ATA036,2,2026-09-29T10:39:36.569Z,victima-linux,80792,3,audit|audit_command,RS2,Audit: Command: /usr/bin/dash.,auto_ruido,auto_ruido:dash,,,,audit_cwd=/var/ossec
ATA036,2,2026-09-29T10:39:36.571Z,victima-linux,80792,3,audit|audit_command,RS2,Audit: Command: /usr/bin/ps.,auto_ruido,auto_ruido:ps,,,,audit_cwd=/var/ossec
ATA036,2,2026-09-29T10:39:36.574Z,victima-linux,80792,3,audit|audit_command,RS2,Audit: Command: /usr/bin/dash.,auto_ruido,auto_ruido:dash,,,,audit_cwd=/var/ossec
ATA036,2,2026-09-29T10:39:36.577Z,victima-linux,80792,3,audit|audit_command,RS2,Audit: Command: /usr/bin/ps.,auto_ruido,auto_ruido:ps,,,,audit_cwd=/var/ossec
ATA036,2,2026-09-29T10:39:36.580Z,victima-linux,80792,3,audit|audit_command,RS2,Audit: Command: /usr/bin/dash.,auto_ruido,auto_ruido:dash,,,,audit_cwd=/var/ossec
ATA036,2,2026-09-29T10:39:36.581Z,victima-linux,80792,3,audit|audit_command,RS2,Audit: Command: /usr/bin/ps.,auto_ruido,auto_ruido:ps,,,,audit_cwd=/var/ossec
ATA036,2,2026-09-29T10:39:36.584Z,victima-linux,80792,3,audit|audit_command,RS2,Audit: Command: /usr/bin/dash.,auto_ruido,auto_ruido:dash,,,,audit_cwd=/var/ossec
ATA036,2,2026-09-29T10:39:36.586Z,victima-linux,80792,3,audit|audit_command,RS2,Audit: Command: /usr/bin/ps.,auto_ruido,auto_ruido:ps,,,,audit_cwd=/var/ossec
ATA036,2,2026-09-29T10:39:36.588Z,victima-linux,80792,3,audit|audit_command,RS2,Audit: Command: /usr/bin/dash.,auto_ruido,auto_ruido:dash,,,,audit_cwd=/var/ossec
ATA036,2,2026-09-29T10:39:36.590Z,victima-linux,80792,3,audit|audit_command,RS2,Audit: Command: /usr/bin/ps.,auto_ruido,auto_ruido:ps,,,,audit_cwd=/var/ossec
ATA036,2,2026-09-29T10:39:36.593Z,victima-linux,80792,3,audit|audit_command,RS2,Audit: Command: /usr/bin/dash.,auto_ruido,auto_ruido:dash,,,,audit_cwd=/var/ossec
ATA036,2,2026-09-29T10:39:36.595Z,victima-linux,80792,3,audit|audit_command,RS2,Audit: Command: /usr/bin/ps.,auto_ruido,auto_ruido:ps,,,,audit_cwd=/var/ossec
ATA036,2,2026-09-29T10:39:36.598Z,victima-linux,80792,3,audit|audit_command,RS2,Audit: Command: /usr/bin/dash.,auto_ruido,auto_ruido:dash,,,,audit_cwd=/var/ossec
ATA036,2,2026-09-29T10:39:36.600Z,victima-linux,80792,3,audit|audit_command,RS2,Audit: Command: /usr/bin/ps.,auto_ruido,auto_ruido:ps,,,,audit_cwd=/var/ossec
ATA036,2,2026-09-29T10:39:36.603Z,victima-linux,80792,3,audit|audit_command,RS2,Audit: Command: /usr/bin/dash.,auto_ruido,auto_ruido:dash,,,,audit_cwd=/var/ossec
ATA036,2,2026-09-29T10:39:36.605Z,victima-linux,80792,3,audit|audit_command,RS2,Audit: Command: /usr/bin/ps.,auto_ruido,auto_ruido:ps,,,,audit_cwd=/var/ossec
ATA036,2,2026-09-29T10:39:36.608Z,victima-linux,80792,3,audit|audit_command,RS2,Audit: Command: /usr/bin/dash.,auto_ruido,auto_ruido:dash,,,,audit_cwd=/var/ossec
ATA036,2,2026-09-29T10:39:36.612Z,victima-linux,80792,3,audit|audit_command,RS2,Audit: Command: /usr/bin/dash.,auto_ruido,auto_ruido:dash,,,,audit_cwd=/var/ossec
ATA036,2,2026-09-29T10:39:36.612Z,victima-linux,80792,3,audit|audit_command,RS2,Audit: Command: /usr/bin/ps.,auto_ruido,auto_ruido:ps,,,,audit_cwd=/var/ossec
ATA036,2,2026-09-29T10:39:36.615Z,victima-linux,80792,3,audit|audit_command,RS2,Audit: Command: /usr/bin/ps.,auto_ruido,auto_ruido:ps,,,,audit_cwd=/var/ossec
ATA036,2,2026-09-29T10:39:36.618Z,victima-linux,80792,3,audit|audit_command,RS2,Audit: Command: /usr/bin/dash.,auto_ruido,auto_ruido:dash,,,,audit_cwd=/var/ossec
ATA036,2,2026-09-29T10:39:36.620Z,victima-linux,80792,3,audit|audit_command,RS2,Audit: Command: /usr/bin/ps.,auto_ruido,auto_ruido:ps,,,,audit_cwd=/var/ossec
ATA036,2,2026-09-29T10:39:36.622Z,victima-linux,80792,3,audit|audit_command,RS2,Audit: Command: /usr/bin/dash.,auto_ruido,auto_ruido:dash,,,,audit_cwd=/var/ossec
ATA036,2,2026-09-29T10:39:36.625Z,victima-linux,80792,3,audit|audit_command,RS2,Audit: Command: /usr/bin/ps.,auto_ruido,auto_ruido:ps,,,,audit_cwd=/var/ossec
ATA036,2,2026-09-29T10:39:36.627Z,victima-linux,80792,3,audit|audit_command,RS2,Audit: Command: /usr/bin/dash.,auto_ruido,auto_ruido:dash,,,,audit_cwd=/var/ossec
ATA036,2,2026-09-29T10:39:36.630Z,victima-linux,80792,3,audit|audit_command,RS2,Audit: Command: /usr/bin/ps.,auto_ruido,auto_ruido:ps,,,,audit_cwd=/var/ossec
ATA036,2,2026-09-29T10:39:36.633Z,victima-linux,80792,3,audit|audit_command,RS2,Audit: Command: /usr/bin/dash.,auto_ruido,auto_ruido:dash,,,,audit_cwd=/var/ossec
ATA036,2,2026-09-29T10:39:36.635Z,victima-linux,80792,3,audit|audit_command,RS2,Audit: Command: /usr/bin/ps.,auto_ruido,auto_ruido:ps,,,,audit_cwd=/var/ossec
ATA036,2,2026-09-29T10:39:36.637Z,victima-linux,80792,3,audit|audit_command,RS2,Audit: Command: /usr/bin/dash.,auto_ruido,auto_ruido:dash,,,,audit_cwd=/var/ossec
ATA036,2,2026-09-29T10:39:36.640Z,victima-linux,80792,3,audit|audit_command,RS2,Audit: Command: /usr/bin/ps.,auto_ruido,auto_ruido:ps,,,,audit_cwd=/var/ossec
ATA036,2,2026-09-29T10:39:36.644Z,victima-linux,80792,3,audit|audit_command,RS2,Audit: Command: /usr/bin/dash.,auto_ruido,auto_ruido:dash,,,,audit_cwd=/var/ossec
ATA036,2,2026-09-29T10:39:36.644Z,victima-linux,80792,3,audit|audit_command,RS2,Audit: Command: /usr/bin/ps.,auto_ruido,auto_ruido:ps,,,,audit_cwd=/var/ossec
ATA036,2,2026-09-29T10:39:36.647Z,victima-linux,80792,3,audit|audit_command,RS2,Audit: Command: /usr/bin/dash.,auto_ruido,auto_ruido:dash,,,,audit_cwd=/var/ossec
ATA036,2,2026-09-29T10:39:36.649Z,victima-linux,80792,3,audit|audit_command,RS2,Audit: Command: /usr/bin/ps.,auto_ruido,auto_ruido:ps,,,,audit_cwd=/var/ossec
ATA036,2,2026-09-29T10:39:36.652Z,victima-linux,80792,3,audit|audit_command,RS2,Audit: Command: /usr/bin/dash.,auto_ruido,auto_ruido:dash,,,,audit_cwd=/var/ossec
ATA036,2,2026-09-29T10:39:36.654Z,victima-linux,80792,3,audit|audit_command,RS2,Audit: Command: /usr/bin/ps.,auto_ruido,auto_ruido:ps,,,,audit_cwd=/var/ossec
ATA036,2,2026-09-29T10:39:38.513Z,victima-linux,80792,3,audit|audit_command,RS2,Audit: Command: /usr/bin/dash.,auto_ruido,auto_ruido:dash,,,,audit_cwd=/var/ossec
ATA036,2,2026-09-29T10:39:38.514Z,victima-linux,80792,3,audit|audit_command,RS2,Audit: Command: /usr/bin/ps.,auto_ruido,auto_ruido:ps,,,,audit_cwd=/var/ossec
ATA036,2,2026-09-29T10:39:38.515Z,victima-linux,80792,3,audit|audit_command,RS2,Audit: Command: /usr/bin/dash.,auto_ruido,auto_ruido:dash,,,,audit_cwd=/var/ossec
ATA036,2,2026-09-29T10:39:38.518Z,victima-linux,80792,3,audit|audit_command,RS2,Audit: Command: /usr/bin/ps.,auto_ruido,auto_ruido:ps,,,,audit_cwd=/var/ossec
ATA036,2,2026-09-29T10:39:38.520Z,victima-linux,80792,3,audit|audit_command,RS2,Audit: Command: /usr/bin/dash.,auto_ruido,auto_ruido:dash,,,,audit_cwd=/var/ossec
ATA036,2,2026-09-29T10:39:38.523Z,victima-linux,80792,3,audit|audit_command,RS2,Audit: Command: /usr/bin/ps.,auto_ruido,auto_ruido:ps,,,,audit_cwd=/var/ossec
ATA036,2,2026-09-29T10:39:38.525Z,victima-linux,80792,3,audit|audit_command,RS2,Audit: Command: /usr/bin/dash.,auto_ruido,auto_ruido:dash,,,,audit_cwd=/var/ossec
ATA036,2,2026-09-29T10:39:38.527Z,victima-linux,80792,3,audit|audit_command,RS2,Audit: Command: /usr/bin/ps.,auto_ruido,auto_ruido:ps,,,,audit_cwd=/var/ossec
ATA036,2,2026-09-29T10:39:38.530Z,victima-linux,80792,3,audit|audit_command,RS2,Audit: Command: /usr/bin/dash.,auto_ruido,auto_ruido:dash,,,,audit_cwd=/var/ossec
ATA036,2,2026-09-29T10:39:38.532Z,victima-linux,80792,3,audit|audit_command,RS2,Audit: Command: /usr/bin/ps.,auto_ruido,auto_ruido:ps,,,,audit_cwd=/var/ossec
ATA036,2,2026-09-29T10:39:38.535Z,victima-linux,80792,3,audit|audit_command,RS2,Audit: Command: /usr/bin/dash.,auto_ruido,auto_ruido:dash,,,,audit_cwd=/var/ossec
ATA036,2,2026-09-29T10:39:38.538Z,victima-linux,80792,3,audit|audit_command,RS2,Audit: Command: /usr/bin/ps.,auto_ruido,auto_ruido:ps,,,,audit_cwd=/var/ossec
ATA036,2,2026-09-29T10:39:38.540Z,victima-linux,80792,3,audit|audit_command,RS2,Audit: Command: /usr/bin/dash.,auto_ruido,auto_ruido:dash,,,,audit_cwd=/var/ossec
ATA036,2,2026-09-29T10:39:38.543Z,victima-linux,80792,3,audit|audit_command,RS2,Audit: Command: /usr/bin/ps.,auto_ruido,auto_ruido:ps,,,,audit_cwd=/var/ossec
ATA036,2,2026-09-29T10:39:38.545Z,victima-linux,80792,3,audit|audit_command,RS2,Audit: Command: /usr/bin/dash.,auto_ruido,auto_ruido:dash,,,,audit_cwd=/var/ossec
ATA036,2,2026-09-29T10:39:38.547Z,victima-linux,80792,3,audit|audit_command,RS2,Audit: Command: /usr/bin/ps.,auto_ruido,auto_ruido:ps,,,,audit_cwd=/var/ossec
ATA036,2,2026-09-29T10:39:38.551Z,victima-linux,80792,3,audit|audit_command,RS2,Audit: Command: /usr/bin/dash.,auto_ruido,auto_ruido:dash,,,,audit_cwd=/var/ossec
ATA036,2,2026-09-29T10:39:38.552Z,victima-linux,80792,3,audit|audit_command,RS2,Audit: Command: /usr/bin/ps.,auto_ruido,auto_ruido:ps,,,,audit_cwd=/var/ossec
ATA036,2,2026-09-29T10:39:38.555Z,victima-linux,80792,3,audit|audit_command,RS2,Audit: Command: /usr/bin/dash.,auto_ruido,auto_ruido:dash,,,,audit_cwd=/var/ossec
ATA036,2,2026-09-29T10:39:38.557Z,victima-linux,80792,3,audit|audit_command,RS2,Audit: Command: /usr/bin/ps.,auto_ruido,auto_ruido:ps,,,,audit_cwd=/var/ossec
ATA036,2,2026-09-29T10:39:38.559Z,victima-linux,80792,3,audit|audit_command,RS2,Audit: Command: /usr/bin/dash.,auto_ruido,auto_ruido:dash,,,,audit_cwd=/var/ossec
ATA036,2,2026-09-29T10:39:38.562Z,victima-linux,80792,3,audit|audit_command,RS2,Audit: Command: /usr/bin/ps.,auto_ruido,auto_ruido:ps,,,,audit_cwd=/var/ossec
ATA036,2,2026-09-29T10:39:38.564Z,victima-linux,80792,3,audit|audit_command,RS2,Audit: Command: /usr/bin/dash.,auto_ruido,auto_ruido:dash,,,,audit_cwd=/var/ossec
ATA036,2,2026-09-29T10:39:38.566Z,victima-linux,80792,3,audit|audit_command,RS2,Audit: Command: /usr/bin/ps.,auto_ruido,auto_ruido:ps,,,,audit_cwd=/var/ossec
ATA036,2,2026-09-29T10:39:38.569Z,victima-linux,80792,3,audit|audit_command,RS2,Audit: Command: /usr/bin/dash.,auto_ruido,auto_ruido:dash,,,,audit_cwd=/var/ossec
ATA036,2,2026-09-29T10:39:38.571Z,victima-linux,80792,3,audit|audit_command,RS2,Audit: Command: /usr/bin/ps.,auto_ruido,auto_ruido:ps,,,,audit_cwd=/var/ossec
ATA036,2,2026-09-29T10:39:38.573Z,victima-linux,80792,3,audit|audit_command,RS2,Audit: Command: /usr/bin/dash.,auto_ruido,auto_ruido:dash,,,,audit_cwd=/var/ossec
ATA036,2,2026-09-29T10:39:38.575Z,victima-linux,80792,3,audit|audit_command,RS2,Audit: Command: /usr/bin/ps.,auto_ruido,auto_ruido:ps,,,,audit_cwd=/var/ossec
ATA036,2,2026-09-29T10:39:38.579Z,victima-linux,80792,3,audit|audit_command,RS2,Audit: Command: /usr/bin/dash.,auto_ruido,auto_ruido:dash,,,,audit_cwd=/var/ossec
ATA036,2,2026-09-29T10:39:38.581Z,victima-linux,80792,3,audit|audit_command,RS2,Audit: Command: /usr/bin/ps.,auto_ruido,auto_ruido:ps,,,,audit_cwd=/var/ossec
ATA036,2,2026-09-29T10:39:38.584Z,victima-linux,80792,3,audit|audit_command,RS2,Audit: Command: /usr/bin/dash.,auto_ruido,auto_ruido:dash,,,,audit_cwd=/var/ossec
ATA036,2,2026-09-29T10:39:38.588Z,victima-linux,80792,3,audit|audit_command,RS2,Audit: Command: /usr/bin/ps.,auto_ruido,auto_ruido:ps,,,,audit_cwd=/var/ossec
ATA036,2,2026-09-29T10:39:38.589Z,victima-linux,80792,3,audit|audit_command,RS2,Audit: Command: /usr/bin/dash.,auto_ruido,auto_ruido:dash,,,,audit_cwd=/var/ossec
ATA036,2,2026-09-29T10:39:38.592Z,victima-linux,80792,3,audit|audit_command,RS2,Audit: Command: /usr/bin/ps.,auto_ruido,auto_ruido:ps,,,,audit_cwd=/var/ossec
ATA036,2,2026-09-29T10:39:38.595Z,victima-linux,80792,3,audit|audit_command,RS2,Audit: Command: /usr/bin/dash.,auto_ruido,auto_ruido:dash,,,,audit_cwd=/var/ossec
ATA036,2,2026-09-29T10:39:38.597Z,victima-linux,80792,3,audit|audit_command,RS2,Audit: Command: /usr/bin/ps.,auto_ruido,auto_ruido:ps,,,,audit_cwd=/var/ossec
ATA036,2,2026-09-29T10:39:38.599Z,victima-linux,80792,3,audit|audit_command,RS2,Audit: Command: /usr/bin/dash.,auto_ruido,auto_ruido:dash,,,,audit_cwd=/var/ossec
ATA036,2,2026-09-29T10:39:38.601Z,victima-linux,80792,3,audit|audit_command,RS2,Audit: Command: /usr/bin/ps.,auto_ruido,auto_ruido:ps,,,,audit_cwd=/var/ossec
ATA036,2,2026-09-29T10:39:38.604Z,victima-linux,80792,3,audit|audit_command,RS2,Audit: Command: /usr/bin/dash.,auto_ruido,auto_ruido:dash,,,,audit_cwd=/var/ossec
ATA036,2,2026-09-29T10:39:38.606Z,victima-linux,80792,3,audit|audit_command,RS2,Audit: Command: /usr/bin/ps.,auto_ruido,auto_ruido:ps,,,,audit_cwd=/var/ossec
ATA036,2,2026-09-29T10:39:38.608Z,victima-linux,80792,3,audit|audit_command,RS2,Audit: Command: /usr/bin/dash.,auto_ruido,auto_ruido:dash,,,,audit_cwd=/var/ossec
ATA036,2,2026-09-29T10:39:38.611Z,victima-linux,80792,3,audit|audit_command,RS2,Audit: Command: /usr/bin/ps.,auto_ruido,auto_ruido:ps,,,,audit_cwd=/var/ossec
ATA036,2,2026-09-29T10:39:38.613Z,victima-linux,80792,3,audit|audit_command,RS2,Audit: Command: /usr/bin/dash.,auto_ruido,auto_ruido:dash,,,,audit_cwd=/var/ossec
ATA036,2,2026-09-29T10:39:38.616Z,victima-linux,80792,3,audit|audit_command,RS2,Audit: Command: /usr/bin/ps.,auto_ruido,auto_ruido:ps,,,,audit_cwd=/var/ossec
ATA036,2,2026-09-29T10:39:38.618Z,victima-linux,80792,3,audit|audit_command,RS2,Audit: Command: /usr/bin/dash.,auto_ruido,auto_ruido:dash,,,,audit_cwd=/var/ossec
ATA036,2,2026-09-29T10:39:38.622Z,victima-linux,80792,3,audit|audit_command,RS2,Audit: Command: /usr/bin/ps.,auto_ruido,auto_ruido:ps,,,,audit_cwd=/var/ossec
ATA036,2,2026-09-29T10:39:38.623Z,victima-linux,80792,3,audit|audit_command,RS2,Audit: Command: /usr/bin/dash.,auto_ruido,auto_ruido:dash,,,,audit_cwd=/var/ossec
ATA036,2,2026-09-29T10:39:38.625Z,victima-linux,80792,3,audit|audit_command,RS2,Audit: Command: /usr/bin/ps.,auto_ruido,auto_ruido:ps,,,,audit_cwd=/var/ossec
ATA036,2,2026-09-29T10:39:38.627Z,victima-linux,80792,3,audit|audit_command,RS2,Audit: Command: /usr/bin/dash.,auto_ruido,auto_ruido:dash,,,,audit_cwd=/var/ossec
ATA036,2,2026-09-29T10:39:38.629Z,victima-linux,80792,3,audit|audit_command,RS2,Audit: Command: /usr/bin/ps.,auto_ruido,auto_ruido:ps,,,,audit_cwd=/var/ossec
ATA036,2,2026-09-29T10:39:38.632Z,victima-linux,80792,3,audit|audit_command,RS2,Audit: Command: /usr/bin/dash.,auto_ruido,auto_ruido:dash,,,,audit_cwd=/var/ossec
ATA036,2,2026-09-29T10:39:38.634Z,victima-linux,80792,3,audit|audit_command,RS2,Audit: Command: /usr/bin/ps.,auto_ruido,auto_ruido:ps,,,,audit_cwd=/var/ossec
ATA036,2,2026-09-29T10:39:38.636Z,victima-linux,80791,3,audit|audit_watch_delete|audit_watch_write,RS2,Audit: Deleted: var/run/.,auto_ruido,auto_ruido:wazuh-agentd,,,,audit_exe=/var/ossec/bin/wazuh-agentd
ATA036,2,2026-09-29T10:39:38.643Z,victima-linux,80792,3,audit|audit_command,RS2,Audit: Command: /usr/bin/dash.,auto_ruido,auto_ruido:dash,,,,audit_cwd=/var/ossec
ATA036,2,2026-09-29T10:39:38.643Z,victima-linux,80792,3,audit|audit_command,RS2,Audit: Command: /usr/bin/dash.,auto_ruido,auto_ruido:dash,,,,audit_cwd=/var/ossec
ATA036,2,2026-09-29T10:39:38.643Z,victima-linux,80792,3,audit|audit_command,RS2,Audit: Command: /usr/bin/ps.,auto_ruido,auto_ruido:ps,,,,audit_cwd=/var/ossec
ATA036,2,2026-09-29T10:39:38.645Z,victima-linux,80792,3,audit|audit_command,RS2,Audit: Command: /usr/bin/ps.,auto_ruido,auto_ruido:ps,,,,audit_cwd=/var/ossec
ATA036,2,2026-09-29T10:39:38.687Z,victima-linux,80792,3,audit|audit_command,RS2,Audit: Command: /usr/bin/dash.,auto_ruido,auto_ruido:dash,,,,audit_cwd=/var/ossec
ATA036,2,2026-09-29T10:39:38.689Z,victima-linux,80792,3,audit|audit_command,RS2,Audit: Command: /usr/bin/ps.,auto_ruido,auto_ruido:ps,,,,audit_cwd=/var/ossec
ATA036,2,2026-09-29T10:39:38.691Z,victima-linux,80791,3,audit|audit_watch_delete|audit_watch_write,RS2,Audit: Deleted: /run/systemd/users/.,ruido_conocido,baseline,,,,rule_id=80791
ATA036,2,2026-09-29T10:39:38.694Z,victima-linux,80791,3,audit|audit_watch_delete|audit_watch_write,RS2,Audit: Deleted: /run/user/1000/systemd/units/invocation:dbus.socket.,ruido_conocido,baseline,,,,rule_id=80791
ATA036,2,2026-09-29T10:39:38.696Z,victima-linux,80792,3,audit|audit_command,RS2,Audit: Command: /usr/lib/systemd/systemd-executor.,ruido_conocido,baseline,,,,rule_id=80792
ATA036,2,2026-09-29T10:39:38.698Z,victima-linux,80792,3,audit|audit_command,RS2,Audit: Command: /usr/bin/systemctl.,ruido_conocido,baseline,,,,rule_id=80792
ATA036,2,2026-09-29T10:39:38.701Z,victima-linux,80792,3,audit|audit_command,RS2,Audit: Command: /usr/lib/systemd/systemd-executor.,ruido_conocido,baseline,,,,rule_id=80792
ATA036,2,2026-09-29T10:39:40.514Z,victima-linux,80791,3,audit|audit_watch_delete|audit_watch_write,RS2,Audit: Deleted: /run/user/1000/systemd/units/invocation:gpg-agent-ssh.socket.,ruido_conocido,baseline,,,,rule_id=80791
ATA036,2,2026-09-29T10:39:40.514Z,victima-linux,80792,3,audit|audit_command,RS2,Audit: Command: /usr/bin/systemctl.,ruido_conocido,baseline,,,,rule_id=80792
ATA036,2,2026-09-29T10:39:40.516Z,victima-linux,80791,3,audit|audit_watch_delete|audit_watch_write,RS2,Audit: Deleted: init.scope.,ruido_conocido,baseline,,,,rule_id=80791
ATA036,2,2026-09-29T10:39:40.519Z,victima-linux,80791,3,audit|audit_watch_delete|audit_watch_write,RS2,Audit: Deleted: app-xdg\x2duser\x2ddirs@autostart.service.,ruido_conocido,baseline,,,,rule_id=80791
ATA036,2,2026-09-29T10:39:40.521Z,victima-linux,80791,3,audit|audit_watch_delete|audit_watch_write,RS2,Audit: Deleted: app-xdg\x2duser\x2ddirs@autostart.service.,ruido_conocido,baseline,,,,rule_id=80791
ATA036,2,2026-09-29T10:39:40.524Z,victima-linux,80791,3,audit|audit_watch_delete|audit_watch_write,RS2,Audit: Deleted: app-snap\x2duserd\x2dautostart@autostart.service.,ruido_conocido,baseline,,,,rule_id=80791
ATA036,2,2026-09-29T10:39:40.526Z,victima-linux,80791,3,audit|audit_watch_delete|audit_watch_write,RS2,Audit: Deleted: xdg-desktop-autostart.target.wants.,ruido_conocido,baseline,,,,rule_id=80791
ATA036,2,2026-09-29T10:39:40.529Z,victima-linux,80791,3,audit|audit_watch_delete|audit_watch_write,RS2,Audit: Deleted: app-snap\x2duserd\x2dautostart@autostart.service.,ruido_conocido,baseline,,,,rule_id=80791
ATA036,2,2026-09-29T10:39:40.531Z,victima-linux,80791,3,audit|audit_watch_delete|audit_watch_write,RS2,Audit: Deleted: /run/user/1000/systemd/generator.late.,ruido_conocido,baseline,,,,rule_id=80791
ATA036,2,2026-09-29T10:39:40.536Z,victima-linux,80792,3,audit|audit_command,RS2,Audit: Command: /usr/bin/dash.,auto_ruido,auto_ruido:dash,,,,audit_cwd=/var/ossec
ATA036,2,2026-09-29T10:39:40.538Z,victima-linux,80792,3,audit|audit_command,RS2,Audit: Command: /usr/bin/ps.,auto_ruido,auto_ruido:ps,,,,audit_cwd=/var/ossec
ATA036,2,2026-09-29T10:39:40.540Z,victima-linux,80791,3,audit|audit_watch_delete|audit_watch_write,RS2,Audit: Deleted: /run/systemd/users/.,ruido_conocido,baseline,,,,rule_id=80791
ATA036,2,2026-09-29T10:39:40.543Z,victima-linux,80792,3,audit|audit_command,RS2,Audit: Command: /usr/lib/systemd/systemd-executor.,ruido_conocido,baseline,,,,rule_id=80792
ATA036,2,2026-09-29T10:39:40.545Z,victima-linux,80792,3,audit|audit_command,RS2,Audit: Command: /usr/lib/systemd/systemd-user-runtime-dir.,ruido_conocido,baseline,,,,rule_id=80792
ATA036,2,2026-09-29T10:39:40.548Z,victima-linux,80791,3,audit|audit_watch_delete|audit_watch_write,RS2,Audit: Deleted: /run/systemd/users/1000.,ruido_conocido,baseline,,,,rule_id=80791
ATA036,2,2026-09-29T10:39:40.550Z,victima-linux,80791,3,audit|audit_watch_delete|audit_watch_write,RS2,Audit: Deleted: snapd-session-agent.socket.,ruido_conocido,baseline,,,,rule_id=80791
ATA036,2,2026-09-29T10:39:40.553Z,victima-linux,80791,3,audit|audit_watch_delete|audit_watch_write,RS2,Audit: Deleted: pk-debconf-socket.,ruido_conocido,baseline,,,,rule_id=80791
ATA036,2,2026-09-29T10:39:40.560Z,victima-linux,80791,3,audit|audit_watch_delete|audit_watch_write,RS2,Audit: Deleted: S.gpg-agent.ssh.,ruido_conocido,baseline,,,,rule_id=80791
ATA036,2,2026-09-29T10:39:40.560Z,victima-linux,80791,3,audit|audit_watch_delete|audit_watch_write,RS2,Audit: Deleted: S.keyboxd.,ruido_conocido,baseline,,,,rule_id=80791
ATA036,2,2026-09-29T10:39:40.561Z,victima-linux,80791,3,audit|audit_watch_delete|audit_watch_write,RS2,Audit: Deleted: S.gpg-agent.,ruido_conocido,baseline,,,,rule_id=80791
ATA036,2,2026-09-29T10:39:40.562Z,victima-linux,80791,3,audit|audit_watch_delete|audit_watch_write,RS2,Audit: Deleted: S.gpg-agent.extra.,ruido_conocido,baseline,,,,rule_id=80791
ATA036,2,2026-09-29T10:39:40.565Z,victima-linux,80791,3,audit|audit_watch_delete|audit_watch_write,RS2,Audit: Deleted: S.gpg-agent.browser.,ruido_conocido,baseline,,,,rule_id=80791
ATA036,2,2026-09-29T10:39:40.571Z,victima-linux,80791,3,audit|audit_watch_delete|audit_watch_write,RS2,Audit: Deleted: S.dirmngr.,ruido_conocido,baseline,,,,rule_id=80791
ATA036,2,2026-09-29T10:39:40.571Z,victima-linux,80791,3,audit|audit_watch_delete|audit_watch_write,RS2,Audit: Deleted: gnupg.,ruido_conocido,baseline,,,,rule_id=80791
ATA036,2,2026-09-29T10:39:40.572Z,victima-linux,80791,3,audit|audit_watch_delete|audit_watch_write,RS2,Audit: Deleted: bus.,ruido_conocido,baseline,,,,rule_id=80791
ATA036,2,2026-09-29T10:39:40.574Z,victima-linux,80791,3,audit|audit_watch_delete|audit_watch_write,RS2,Audit: Deleted: private.,ruido_conocido,baseline,,,,rule_id=80791
ATA036,2,2026-09-29T10:39:40.576Z,victima-linux,80791,3,audit|audit_watch_delete|audit_watch_write,RS2,Audit: Deleted: notify.,ruido_conocido,baseline,,,,rule_id=80791
ATA036,2,2026-09-29T10:39:40.583Z,victima-linux,80791,3,audit|audit_watch_delete|audit_watch_write,RS2,Audit: Deleted: os-release.,ruido_conocido,baseline,,,,rule_id=80791
ATA036,2,2026-09-29T10:39:40.583Z,victima-linux,80791,3,audit|audit_watch_delete|audit_watch_write,RS2,Audit: Deleted: units.,ruido_conocido,baseline,,,,rule_id=80791
ATA036,2,2026-09-29T10:39:40.584Z,victima-linux,80791,3,audit|audit_watch_delete|audit_watch_write,RS2,Audit: Deleted: .os-release-stage.,ruido_conocido,baseline,,,,rule_id=80791
ATA036,2,2026-09-29T10:39:40.586Z,victima-linux,80791,3,audit|audit_watch_delete|audit_watch_write,RS2,Audit: Deleted: propagate.,ruido_conocido,baseline,,,,rule_id=80791
ATA036,2,2026-09-29T10:39:40.588Z,victima-linux,80791,3,audit|audit_watch_delete|audit_watch_write,RS2,Audit: Deleted: chr.,ruido_conocido,baseline,,,,rule_id=80791
ATA036,2,2026-09-29T10:39:40.595Z,victima-linux,80791,3,audit|audit_watch_delete|audit_watch_write,RS2,Audit: Deleted: sock.,ruido_conocido,baseline,,,,rule_id=80791
ATA036,2,2026-09-29T10:39:40.596Z,victima-linux,80791,3,audit|audit_watch_delete|audit_watch_write,RS2,Audit: Deleted: dir.,ruido_conocido,baseline,,,,rule_id=80791
ATA036,2,2026-09-29T10:39:40.596Z,victima-linux,80791,3,audit|audit_watch_delete|audit_watch_write,RS2,Audit: Deleted: fifo.,ruido_conocido,baseline,,,,rule_id=80791
ATA036,2,2026-09-29T10:39:40.598Z,victima-linux,80791,3,audit|audit_watch_delete|audit_watch_write,RS2,Audit: Deleted: reg.,ruido_conocido,baseline,,,,rule_id=80791
ATA036,2,2026-09-29T10:39:40.600Z,victima-linux,80791,3,audit|audit_watch_delete|audit_watch_write,RS2,Audit: Deleted: inaccessible.,ruido_conocido,baseline,,,,rule_id=80791
ATA036,2,2026-09-29T10:39:40.607Z,victima-linux,80791,3,audit|audit_watch_delete|audit_watch_write,RS2,Audit: Deleted: /run/user/1000.,ruido_conocido,baseline,,,,rule_id=80791
ATA036,2,2026-09-29T10:39:40.607Z,victima-linux,80791,3,audit|audit_watch_delete|audit_watch_write,RS2,Audit: Deleted: systemd.,ruido_conocido,baseline,,,,rule_id=80791
ATA036,2,2026-09-29T10:39:40.610Z,victima-linux,80792,3,audit|audit_command,RS2,Audit: Command: /usr/bin/dash.,auto_ruido,auto_ruido:dash,,,,audit_cwd=/var/ossec
ATA036,2,2026-09-29T10:39:40.612Z,victima-linux,80792,3,audit|audit_command,RS2,Audit: Command: /usr/bin/ps.,auto_ruido,auto_ruido:ps,,,,audit_cwd=/var/ossec
ATA036,2,2026-09-29T10:39:40.615Z,victima-linux,80792,3,audit|audit_command,RS2,Audit: Command: /usr/bin/dash.,auto_ruido,auto_ruido:dash,,,,audit_cwd=/var/ossec
ATA036,2,2026-09-29T10:39:40.617Z,victima-linux,80792,3,audit|audit_command,RS2,Audit: Command: /usr/bin/ps.,auto_ruido,auto_ruido:ps,,,,audit_cwd=/var/ossec
ATA036,2,2026-09-29T10:39:40.619Z,victima-linux,80792,3,audit|audit_command,RS2,Audit: Command: /usr/bin/dash.,auto_ruido,auto_ruido:dash,,,,audit_cwd=/var/ossec
ATA036,2,2026-09-29T10:39:40.622Z,victima-linux,80792,3,audit|audit_command,RS2,Audit: Command: /usr/bin/ps.,auto_ruido,auto_ruido:ps,,,,audit_cwd=/var/ossec
ATA036,2,2026-09-29T10:39:40.624Z,victima-linux,80792,3,audit|audit_command,RS2,Audit: Command: /usr/bin/dash.,auto_ruido,auto_ruido:dash,,,,audit_cwd=/var/ossec
ATA036,2,2026-09-29T10:39:40.626Z,victima-linux,80792,3,audit|audit_command,RS2,Audit: Command: /usr/bin/ps.,auto_ruido,auto_ruido:ps,,,,audit_cwd=/var/ossec
ATA036,2,2026-09-29T10:39:40.628Z,victima-linux,80792,3,audit|audit_command,RS2,Audit: Command: /usr/bin/dash.,auto_ruido,auto_ruido:dash,,,,audit_cwd=/var/ossec
ATA036,2,2026-09-29T10:39:40.631Z,victima-linux,80792,3,audit|audit_command,RS2,Audit: Command: /usr/bin/ps.,auto_ruido,auto_ruido:ps,,,,audit_cwd=/var/ossec
ATA036,2,2026-09-29T10:39:40.633Z,victima-linux,80792,3,audit|audit_command,RS2,Audit: Command: /usr/bin/dash.,auto_ruido,auto_ruido:dash,,,,audit_cwd=/var/ossec
ATA036,2,2026-09-29T10:39:40.635Z,victima-linux,80792,3,audit|audit_command,RS2,Audit: Command: /usr/bin/ps.,auto_ruido,auto_ruido:ps,,,,audit_cwd=/var/ossec
ATA036,2,2026-09-29T10:39:40.637Z,victima-linux,80792,3,audit|audit_command,RS2,Audit: Command: /usr/bin/dash.,auto_ruido,auto_ruido:dash,,,,audit_cwd=/var/ossec
ATA036,2,2026-09-29T10:39:40.640Z,victima-linux,80792,3,audit|audit_command,RS2,Audit: Command: /usr/bin/ps.,auto_ruido,auto_ruido:ps,,,,audit_cwd=/var/ossec
ATA036,2,2026-09-29T10:39:40.642Z,victima-linux,80792,3,audit|audit_command,RS2,Audit: Command: /usr/bin/dash.,auto_ruido,auto_ruido:dash,,,,audit_cwd=/var/ossec
ATA036,2,2026-09-29T10:39:40.644Z,victima-linux,80792,3,audit|audit_command,RS2,Audit: Command: /usr/bin/ps.,auto_ruido,auto_ruido:ps,,,,audit_cwd=/var/ossec
ATA036,2,2026-09-29T10:39:40.646Z,victima-linux,80792,3,audit|audit_command,RS2,Audit: Command: /usr/bin/dash.,auto_ruido,auto_ruido:dash,,,,audit_cwd=/var/ossec
ATA036,2,2026-09-29T10:39:40.649Z,victima-linux,80792,3,audit|audit_command,RS2,Audit: Command: /usr/bin/ps.,auto_ruido,auto_ruido:ps,,,,audit_cwd=/var/ossec
ATA036,2,2026-09-29T10:39:40.651Z,victima-linux,80792,3,audit|audit_command,RS2,Audit: Command: /usr/bin/dash.,auto_ruido,auto_ruido:dash,,,,audit_cwd=/var/ossec
ATA036,2,2026-09-29T10:39:40.653Z,victima-linux,80792,3,audit|audit_command,RS2,Audit: Command: /usr/bin/ps.,auto_ruido,auto_ruido:ps,,,,audit_cwd=/var/ossec
ATA036,2,2026-09-29T10:39:40.655Z,victima-linux,80792,3,audit|audit_command,RS2,Audit: Command: /usr/bin/dash.,auto_ruido,auto_ruido:dash,,,,audit_cwd=/var/ossec
ATA036,2,2026-09-29T10:39:40.657Z,victima-linux,80792,3,audit|audit_command,RS2,Audit: Command: /usr/bin/ps.,auto_ruido,auto_ruido:ps,,,,audit_cwd=/var/ossec
ATA036,2,2026-09-29T10:39:40.660Z,victima-linux,80792,3,audit|audit_command,RS2,Audit: Command: /usr/bin/dash.,auto_ruido,auto_ruido:dash,,,,audit_cwd=/var/ossec
ATA036,2,2026-09-29T10:39:40.662Z,victima-linux,80792,3,audit|audit_command,RS2,Audit: Command: /usr/bin/ps.,auto_ruido,auto_ruido:ps,,,,audit_cwd=/var/ossec
ATA036,2,2026-09-29T10:39:40.664Z,victima-linux,80792,3,audit|audit_command,RS2,Audit: Command: /usr/bin/dash.,auto_ruido,auto_ruido:dash,,,,audit_cwd=/var/ossec
ATA036,2,2026-09-29T10:39:40.666Z,victima-linux,80792,3,audit|audit_command,RS2,Audit: Command: /usr/bin/ps.,auto_ruido,auto_ruido:ps,,,,audit_cwd=/var/ossec
ATA036,2,2026-09-29T10:39:40.668Z,victima-linux,80792,3,audit|audit_command,RS2,Audit: Command: /usr/bin/dash.,auto_ruido,auto_ruido:dash,,,,audit_cwd=/var/ossec
ATA036,2,2026-09-29T10:39:40.671Z,victima-linux,80792,3,audit|audit_command,RS2,Audit: Command: /usr/bin/ps.,auto_ruido,auto_ruido:ps,,,,audit_cwd=/var/ossec
ATA036,2,2026-09-29T10:39:40.674Z,victima-linux,80792,3,audit|audit_command,RS2,Audit: Command: /usr/bin/dash.,auto_ruido,auto_ruido:dash,,,,audit_cwd=/var/ossec
ATA036,2,2026-09-29T10:39:40.676Z,victima-linux,80792,3,audit|audit_command,RS2,Audit: Command: /usr/bin/ps.,auto_ruido,auto_ruido:ps,,,,audit_cwd=/var/ossec
ATA036,2,2026-09-29T10:39:40.678Z,victima-linux,80792,3,audit|audit_command,RS2,Audit: Command: /usr/bin/dash.,auto_ruido,auto_ruido:dash,,,,audit_cwd=/var/ossec
ATA036,2,2026-09-29T10:39:40.680Z,victima-linux,80792,3,audit|audit_command,RS2,Audit: Command: /usr/bin/ps.,auto_ruido,auto_ruido:ps,,,,audit_cwd=/var/ossec
ATA036,2,2026-09-29T10:39:40.683Z,victima-linux,80792,3,audit|audit_command,RS2,Audit: Command: /usr/bin/dash.,auto_ruido,auto_ruido:dash,,,,audit_cwd=/var/ossec
ATA036,2,2026-09-29T10:39:40.685Z,victima-linux,80792,3,audit|audit_command,RS2,Audit: Command: /usr/bin/ps.,auto_ruido,auto_ruido:ps,,,,audit_cwd=/var/ossec
ATA036,2,2026-09-29T10:39:40.688Z,victima-linux,80792,3,audit|audit_command,RS2,Audit: Command: /usr/bin/dash.,auto_ruido,auto_ruido:dash,,,,audit_cwd=/var/ossec
ATA036,2,2026-09-29T10:39:40.690Z,victima-linux,80792,3,audit|audit_command,RS2,Audit: Command: /usr/bin/ps.,auto_ruido,auto_ruido:ps,,,,audit_cwd=/var/ossec
ATA036,2,2026-09-29T10:39:40.693Z,victima-linux,80792,3,audit|audit_command,RS2,Audit: Command: /usr/bin/dash.,auto_ruido,auto_ruido:dash,,,,audit_cwd=/var/ossec
ATA036,2,2026-09-29T10:39:40.695Z,victima-linux,80792,3,audit|audit_command,RS2,Audit: Command: /usr/bin/ps.,auto_ruido,auto_ruido:ps,,,,audit_cwd=/var/ossec
ATA036,2,2026-09-29T10:39:40.698Z,victima-linux,80792,3,audit|audit_command,RS2,Audit: Command: /usr/bin/dash.,auto_ruido,auto_ruido:dash,,,,audit_cwd=/var/ossec
ATA036,2,2026-09-29T10:39:40.700Z,victima-linux,80792,3,audit|audit_command,RS2,Audit: Command: /usr/bin/ps.,auto_ruido,auto_ruido:ps,,,,audit_cwd=/var/ossec
ATA036,2,2026-09-29T10:39:40.703Z,victima-linux,80792,3,audit|audit_command,RS2,Audit: Command: /usr/bin/dash.,auto_ruido,auto_ruido:dash,,,,audit_cwd=/var/ossec
ATA036,2,2026-09-29T10:39:40.705Z,victima-linux,80792,3,audit|audit_command,RS2,Audit: Command: /usr/bin/ps.,auto_ruido,auto_ruido:ps,,,,audit_cwd=/var/ossec
ATA036,2,2026-09-29T10:39:40.707Z,victima-linux,80792,3,audit|audit_command,RS2,Audit: Command: /usr/bin/dash.,auto_ruido,auto_ruido:dash,,,,audit_cwd=/var/ossec
ATA036,2,2026-09-29T10:39:40.709Z,victima-linux,80792,3,audit|audit_command,RS2,Audit: Command: /usr/bin/ps.,auto_ruido,auto_ruido:ps,,,,audit_cwd=/var/ossec
ATA036,2,2026-09-29T10:39:40.711Z,victima-linux,80792,3,audit|audit_command,RS2,Audit: Command: /usr/bin/dash.,auto_ruido,auto_ruido:dash,,,,audit_cwd=/var/ossec
ATA036,2,2026-09-29T10:39:40.714Z,victima-linux,80792,3,audit|audit_command,RS2,Audit: Command: /usr/bin/ps.,auto_ruido,auto_ruido:ps,,,,audit_cwd=/var/ossec
ATA036,2,2026-09-29T10:39:40.716Z,victima-linux,80792,3,audit|audit_command,RS2,Audit: Command: /usr/bin/dash.,auto_ruido,auto_ruido:dash,,,,audit_cwd=/var/ossec
ATA036,2,2026-09-29T10:39:40.719Z,victima-linux,80792,3,audit|audit_command,RS2,Audit: Command: /usr/bin/ps.,auto_ruido,auto_ruido:ps,,,,audit_cwd=/var/ossec
ATA036,2,2026-09-29T10:39:40.721Z,victima-linux,80792,3,audit|audit_command,RS2,Audit: Command: /usr/bin/dash.,auto_ruido,auto_ruido:dash,,,,audit_cwd=/var/ossec
ATA036,2,2026-09-29T10:39:40.724Z,victima-linux,80792,3,audit|audit_command,RS2,Audit: Command: /usr/bin/ps.,auto_ruido,auto_ruido:ps,,,,audit_cwd=/var/ossec
ATA036,2,2026-09-29T10:39:40.726Z,victima-linux,80792,3,audit|audit_command,RS2,Audit: Command: /usr/bin/dash.,auto_ruido,auto_ruido:dash,,,,audit_cwd=/var/ossec
ATA036,2,2026-09-29T10:39:40.728Z,victima-linux,80792,3,audit|audit_command,RS2,Audit: Command: /usr/bin/ps.,auto_ruido,auto_ruido:ps,,,,audit_cwd=/var/ossec
ATA036,2,2026-09-29T10:39:40.730Z,victima-linux,80792,3,audit|audit_command,RS2,Audit: Command: /usr/bin/dash.,auto_ruido,auto_ruido:dash,,,,audit_cwd=/var/ossec
ATA036,2,2026-09-29T10:39:40.733Z,victima-linux,80792,3,audit|audit_command,RS2,Audit: Command: /usr/bin/ps.,auto_ruido,auto_ruido:ps,,,,audit_cwd=/var/ossec
ATA036,2,2026-09-29T10:39:40.747Z,victima-linux,5502,3,pam|syslog,RS1,PAM: Login session closed.,ruido_conocido,baseline,,,,rule_id=5502
ATA036,2,2026-09-29T10:39:40.765Z,victima-linux,80792,3,audit|audit_command,RS2,Audit: Command: /usr/bin/dash.,auto_ruido,auto_ruido:dash,,,,audit_cwd=/var/ossec
ATA036,2,2026-09-29T10:39:40.767Z,victima-linux,80792,3,audit|audit_command,RS2,Audit: Command: /usr/bin/ps.,auto_ruido,auto_ruido:ps,,,,audit_cwd=/var/ossec
ATA036,2,2026-09-29T10:39:42.515Z,victima-linux,80792,3,audit|audit_command,RS2,Audit: Command: /usr/bin/dash.,auto_ruido,auto_ruido:dash,,,,audit_cwd=/var/ossec
ATA036,2,2026-09-29T10:39:42.515Z,victima-linux,80792,3,audit|audit_command,RS2,Audit: Command: /usr/bin/ps.,auto_ruido,auto_ruido:ps,,,,audit_cwd=/var/ossec
ATA036,2,2026-09-29T10:39:42.519Z,victima-linux,80792,3,audit|audit_command,RS2,Audit: Command: /usr/bin/dash.,auto_ruido,auto_ruido:dash,,,,audit_cwd=/var/ossec
ATA036,2,2026-09-29T10:39:42.522Z,victima-linux,80792,3,audit|audit_command,RS2,Audit: Command: /usr/bin/ps.,auto_ruido,auto_ruido:ps,,,,audit_cwd=/var/ossec
ATA036,2,2026-09-29T10:39:42.524Z,victima-linux,80792,3,audit|audit_command,RS2,Audit: Command: /usr/bin/dash.,auto_ruido,auto_ruido:dash,,,,audit_cwd=/var/ossec
ATA036,2,2026-09-29T10:39:42.527Z,victima-linux,80792,3,audit|audit_command,RS2,Audit: Command: /usr/bin/ps.,auto_ruido,auto_ruido:ps,,,,audit_cwd=/var/ossec
ATA036,2,2026-09-29T10:39:42.529Z,victima-linux,80792,3,audit|audit_command,RS2,Audit: Command: /usr/bin/dash.,auto_ruido,auto_ruido:dash,,,,audit_cwd=/var/ossec
ATA036,2,2026-09-29T10:39:42.532Z,victima-linux,80792,3,audit|audit_command,RS2,Audit: Command: /usr/bin/ps.,auto_ruido,auto_ruido:ps,,,,audit_cwd=/var/ossec
ATA036,2,2026-09-29T10:39:42.534Z,victima-linux,80792,3,audit|audit_command,RS2,Audit: Command: /usr/bin/dash.,auto_ruido,auto_ruido:dash,,,,audit_cwd=/var/ossec
ATA036,2,2026-09-29T10:39:42.536Z,victima-linux,80792,3,audit|audit_command,RS2,Audit: Command: /usr/bin/ps.,auto_ruido,auto_ruido:ps,,,,audit_cwd=/var/ossec
ATA036,2,2026-09-29T10:39:42.538Z,victima-linux,80792,3,audit|audit_command,RS2,Audit: Command: /usr/bin/dash.,auto_ruido,auto_ruido:dash,,,,audit_cwd=/var/ossec
ATA036,2,2026-09-29T10:39:42.541Z,victima-linux,80792,3,audit|audit_command,RS2,Audit: Command: /usr/bin/ps.,auto_ruido,auto_ruido:ps,,,,audit_cwd=/var/ossec
ATA036,2,2026-09-29T10:39:42.543Z,victima-linux,80792,3,audit|audit_command,RS2,Audit: Command: /usr/bin/dash.,auto_ruido,auto_ruido:dash,,,,audit_cwd=/var/ossec
ATA036,2,2026-09-29T10:39:42.546Z,victima-linux,80792,3,audit|audit_command,RS2,Audit: Command: /usr/bin/ps.,auto_ruido,auto_ruido:ps,,,,audit_cwd=/var/ossec
ATA036,2,2026-09-29T10:39:42.548Z,victima-linux,80792,3,audit|audit_command,RS2,Audit: Command: /usr/bin/dash.,auto_ruido,auto_ruido:dash,,,,audit_cwd=/var/ossec
ATA036,2,2026-09-29T10:39:42.550Z,victima-linux,80792,3,audit|audit_command,RS2,Audit: Command: /usr/bin/ps.,auto_ruido,auto_ruido:ps,,,,audit_cwd=/var/ossec
ATA036,2,2026-09-29T10:39:42.552Z,victima-linux,80792,3,audit|audit_command,RS2,Audit: Command: /usr/bin/dash.,auto_ruido,auto_ruido:dash,,,,audit_cwd=/var/ossec
ATA036,2,2026-09-29T10:39:42.554Z,victima-linux,80792,3,audit|audit_command,RS2,Audit: Command: /usr/bin/ps.,auto_ruido,auto_ruido:ps,,,,audit_cwd=/var/ossec
ATA036,2,2026-09-29T10:39:42.557Z,victima-linux,80792,3,audit|audit_command,RS2,Audit: Command: /usr/bin/dash.,auto_ruido,auto_ruido:dash,,,,audit_cwd=/var/ossec
ATA036,2,2026-09-29T10:39:42.559Z,victima-linux,80792,3,audit|audit_command,RS2,Audit: Command: /usr/bin/ps.,auto_ruido,auto_ruido:ps,,,,audit_cwd=/var/ossec
ATA036,2,2026-09-29T10:39:42.561Z,victima-linux,80792,3,audit|audit_command,RS2,Audit: Command: /usr/bin/dash.,auto_ruido,auto_ruido:dash,,,,audit_cwd=/var/ossec
ATA036,2,2026-09-29T10:39:42.564Z,victima-linux,80792,3,audit|audit_command,RS2,Audit: Command: /usr/bin/ps.,auto_ruido,auto_ruido:ps,,,,audit_cwd=/var/ossec
ATA036,2,2026-09-29T10:39:42.566Z,victima-linux,80792,3,audit|audit_command,RS2,Audit: Command: /usr/bin/dash.,auto_ruido,auto_ruido:dash,,,,audit_cwd=/var/ossec
ATA036,2,2026-09-29T10:39:42.568Z,victima-linux,80792,3,audit|audit_command,RS2,Audit: Command: /usr/bin/ps.,auto_ruido,auto_ruido:ps,,,,audit_cwd=/var/ossec
ATA036,2,2026-09-29T10:39:42.571Z,victima-linux,80792,3,audit|audit_command,RS2,Audit: Command: /usr/bin/dash.,auto_ruido,auto_ruido:dash,,,,audit_cwd=/var/ossec
ATA036,2,2026-09-29T10:39:42.573Z,victima-linux,80792,3,audit|audit_command,RS2,Audit: Command: /usr/bin/ps.,auto_ruido,auto_ruido:ps,,,,audit_cwd=/var/ossec
ATA036,2,2026-09-29T10:39:42.575Z,victima-linux,80792,3,audit|audit_command,RS2,Audit: Command: /usr/bin/dash.,auto_ruido,auto_ruido:dash,,,,audit_cwd=/var/ossec
ATA036,2,2026-09-29T10:39:42.577Z,victima-linux,80792,3,audit|audit_command,RS2,Audit: Command: /usr/bin/ps.,auto_ruido,auto_ruido:ps,,,,audit_cwd=/var/ossec
ATA036,2,2026-09-29T10:39:42.579Z,victima-linux,80792,3,audit|audit_command,RS2,Audit: Command: /usr/bin/dash.,auto_ruido,auto_ruido:dash,,,,audit_cwd=/var/ossec
ATA036,2,2026-09-29T10:39:42.582Z,victima-linux,80792,3,audit|audit_command,RS2,Audit: Command: /usr/bin/ps.,auto_ruido,auto_ruido:ps,,,,audit_cwd=/var/ossec
ATA036,2,2026-09-29T10:39:42.584Z,victima-linux,80792,3,audit|audit_command,RS2,Audit: Command: /usr/bin/dash.,auto_ruido,auto_ruido:dash,,,,audit_cwd=/var/ossec
ATA036,2,2026-09-29T10:39:42.586Z,victima-linux,80792,3,audit|audit_command,RS2,Audit: Command: /usr/bin/ps.,auto_ruido,auto_ruido:ps,,,,audit_cwd=/var/ossec
ATA036,2,2026-09-29T10:39:42.589Z,victima-linux,80792,3,audit|audit_command,RS2,Audit: Command: /usr/bin/dash.,auto_ruido,auto_ruido:dash,,,,audit_cwd=/var/ossec
ATA036,2,2026-09-29T10:39:42.591Z,victima-linux,80792,3,audit|audit_command,RS2,Audit: Command: /usr/bin/ps.,auto_ruido,auto_ruido:ps,,,,audit_cwd=/var/ossec
ATA036,2,2026-09-29T10:39:42.594Z,victima-linux,80792,3,audit|audit_command,RS2,Audit: Command: /usr/bin/dash.,auto_ruido,auto_ruido:dash,,,,audit_cwd=/var/ossec
ATA036,2,2026-09-29T10:39:42.596Z,victima-linux,80792,3,audit|audit_command,RS2,Audit: Command: /usr/bin/ps.,auto_ruido,auto_ruido:ps,,,,audit_cwd=/var/ossec
ATA036,2,2026-09-29T10:39:42.599Z,victima-linux,80792,3,audit|audit_command,RS2,Audit: Command: /usr/bin/dash.,auto_ruido,auto_ruido:dash,,,,audit_cwd=/var/ossec
ATA036,2,2026-09-29T10:39:42.601Z,victima-linux,80792,3,audit|audit_command,RS2,Audit: Command: /usr/bin/ps.,auto_ruido,auto_ruido:ps,,,,audit_cwd=/var/ossec
ATA036,2,2026-09-29T10:39:42.604Z,victima-linux,80792,3,audit|audit_command,RS2,Audit: Command: /usr/bin/dash.,auto_ruido,auto_ruido:dash,,,,audit_cwd=/var/ossec
ATA036,2,2026-09-29T10:39:42.606Z,victima-linux,80792,3,audit|audit_command,RS2,Audit: Command: /usr/bin/ps.,auto_ruido,auto_ruido:ps,,,,audit_cwd=/var/ossec
ATA036,2,2026-09-29T10:39:42.608Z,victima-linux,80792,3,audit|audit_command,RS2,Audit: Command: /usr/bin/dash.,auto_ruido,auto_ruido:dash,,,,audit_cwd=/var/ossec
ATA036,2,2026-09-29T10:39:42.610Z,victima-linux,80792,3,audit|audit_command,RS2,Audit: Command: /usr/bin/ps.,auto_ruido,auto_ruido:ps,,,,audit_cwd=/var/ossec
ATA036,2,2026-09-29T10:39:42.613Z,victima-linux,80792,3,audit|audit_command,RS2,Audit: Command: /usr/bin/dash.,auto_ruido,auto_ruido:dash,,,,audit_cwd=/var/ossec
ATA036,2,2026-09-29T10:39:42.615Z,victima-linux,80792,3,audit|audit_command,RS2,Audit: Command: /usr/bin/ps.,auto_ruido,auto_ruido:ps,,,,audit_cwd=/var/ossec
ATA036,2,2026-09-29T10:39:42.617Z,victima-linux,80792,3,audit|audit_command,RS2,Audit: Command: /usr/bin/dash.,auto_ruido,auto_ruido:dash,,,,audit_cwd=/var/ossec
ATA036,2,2026-09-29T10:39:42.619Z,victima-linux,80792,3,audit|audit_command,RS2,Audit: Command: /usr/bin/ps.,auto_ruido,auto_ruido:ps,,,,audit_cwd=/var/ossec
ATA036,2,2026-09-29T10:39:42.622Z,victima-linux,80792,3,audit|audit_command,RS2,Audit: Command: /usr/bin/dash.,auto_ruido,auto_ruido:dash,,,,audit_cwd=/var/ossec
ATA036,2,2026-09-29T10:39:42.624Z,victima-linux,80792,3,audit|audit_command,RS2,Audit: Command: /usr/bin/ps.,auto_ruido,auto_ruido:ps,,,,audit_cwd=/var/ossec
ATA036,2,2026-09-29T10:39:42.627Z,victima-linux,80792,3,audit|audit_command,RS2,Audit: Command: /usr/bin/dash.,auto_ruido,auto_ruido:dash,,,,audit_cwd=/var/ossec
ATA036,2,2026-09-29T10:39:42.629Z,victima-linux,80792,3,audit|audit_command,RS2,Audit: Command: /usr/bin/ps.,auto_ruido,auto_ruido:ps,,,,audit_cwd=/var/ossec
ATA036,2,2026-09-29T10:39:42.631Z,victima-linux,80792,3,audit|audit_command,RS2,Audit: Command: /usr/bin/dash.,auto_ruido,auto_ruido:dash,,,,audit_cwd=/var/ossec
ATA036,2,2026-09-29T10:39:42.633Z,victima-linux,80792,3,audit|audit_command,RS2,Audit: Command: /usr/bin/ps.,auto_ruido,auto_ruido:ps,,,,audit_cwd=/var/ossec
ATA036,2,2026-09-29T10:39:42.636Z,victima-linux,80792,3,audit|audit_command,RS2,Audit: Command: /usr/bin/dash.,auto_ruido,auto_ruido:dash,,,,audit_cwd=/var/ossec
ATA036,2,2026-09-29T10:39:42.638Z,victima-linux,80792,3,audit|audit_command,RS2,Audit: Command: /usr/bin/ps.,auto_ruido,auto_ruido:ps,,,,audit_cwd=/var/ossec
ATA036,2,2026-09-29T10:39:42.641Z,victima-linux,80792,3,audit|audit_command,RS2,Audit: Command: /usr/bin/dash.,auto_ruido,auto_ruido:dash,,,,audit_cwd=/var/ossec
ATA036,2,2026-09-29T10:39:42.643Z,victima-linux,80792,3,audit|audit_command,RS2,Audit: Command: /usr/bin/ps.,auto_ruido,auto_ruido:ps,,,,audit_cwd=/var/ossec
ATA036,2,2026-09-29T10:39:42.645Z,victima-linux,80792,3,audit|audit_command,RS2,Audit: Command: /usr/bin/dash.,auto_ruido,auto_ruido:dash,,,,audit_cwd=/var/ossec
ATA036,2,2026-09-29T10:39:42.647Z,victima-linux,80792,3,audit|audit_command,RS2,Audit: Command: /usr/bin/ps.,auto_ruido,auto_ruido:ps,,,,audit_cwd=/var/ossec
ATA036,2,2026-09-29T10:39:44.517Z,victima-linux,80792,3,audit|audit_command,RS2,Audit: Command: /usr/bin/dash.,auto_ruido,auto_ruido:dash,,,,audit_cwd=/var/ossec
ATA036,2,2026-09-29T10:39:44.522Z,victima-linux,80792,3,audit|audit_command,RS2,Audit: Command: /usr/bin/dash.,auto_ruido,auto_ruido:dash,,,,audit_cwd=/var/ossec
ATA036,2,2026-09-29T10:39:44.522Z,victima-linux,80792,3,audit|audit_command,RS2,Audit: Command: /usr/bin/ps.,auto_ruido,auto_ruido:ps,,,,audit_cwd=/var/ossec
ATA036,2,2026-09-29T10:39:44.522Z,victima-linux,80792,3,audit|audit_command,RS2,Audit: Command: /usr/bin/ps.,auto_ruido,auto_ruido:ps,,,,audit_cwd=/var/ossec
ATA036,2,2026-09-29T10:39:44.529Z,victima-linux,80792,3,audit|audit_command,RS2,Audit: Command: /usr/bin/dash.,auto_ruido,auto_ruido:dash,,,,audit_cwd=/var/ossec
ATA036,2,2026-09-29T10:39:44.530Z,victima-linux,80792,3,audit|audit_command,RS2,Audit: Command: /usr/bin/dash.,auto_ruido,auto_ruido:dash,,,,audit_cwd=/var/ossec
ATA036,2,2026-09-29T10:39:44.530Z,victima-linux,80792,3,audit|audit_command,RS2,Audit: Command: /usr/bin/ps.,auto_ruido,auto_ruido:ps,,,,audit_cwd=/var/ossec
ATA036,2,2026-09-29T10:39:44.537Z,victima-linux,80792,3,audit|audit_command,RS2,Audit: Command: /usr/bin/dash.,auto_ruido,auto_ruido:dash,,,,audit_cwd=/var/ossec
ATA036,2,2026-09-29T10:39:44.537Z,victima-linux,80792,3,audit|audit_command,RS2,Audit: Command: /usr/bin/ps.,auto_ruido,auto_ruido:ps,,,,audit_cwd=/var/ossec
ATA036,2,2026-09-29T10:39:44.537Z,victima-linux,80792,3,audit|audit_command,RS2,Audit: Command: /usr/bin/ps.,auto_ruido,auto_ruido:ps,,,,audit_cwd=/var/ossec
ATA036,2,2026-09-29T10:39:44.544Z,victima-linux,80792,3,audit|audit_command,RS2,Audit: Command: /usr/bin/dash.,auto_ruido,auto_ruido:dash,,,,audit_cwd=/var/ossec
ATA036,2,2026-09-29T10:39:44.544Z,victima-linux,80792,3,audit|audit_command,RS2,Audit: Command: /usr/bin/dash.,auto_ruido,auto_ruido:dash,,,,audit_cwd=/var/ossec
ATA036,2,2026-09-29T10:39:44.544Z,victima-linux,80792,3,audit|audit_command,RS2,Audit: Command: /usr/bin/ps.,auto_ruido,auto_ruido:ps,,,,audit_cwd=/var/ossec
ATA036,2,2026-09-29T10:39:44.550Z,victima-linux,80792,3,audit|audit_command,RS2,Audit: Command: /usr/bin/ps.,auto_ruido,auto_ruido:ps,,,,audit_cwd=/var/ossec
ATA036,2,2026-09-29T10:39:44.551Z,victima-linux,80792,3,audit|audit_command,RS2,Audit: Command: /usr/bin/dash.,auto_ruido,auto_ruido:dash,,,,audit_cwd=/var/ossec
ATA036,2,2026-09-29T10:39:44.551Z,victima-linux,80792,3,audit|audit_command,RS2,Audit: Command: /usr/bin/ps.,auto_ruido,auto_ruido:ps,,,,audit_cwd=/var/ossec
ATA036,2,2026-09-29T10:39:44.557Z,victima-linux,80792,3,audit|audit_command,RS2,Audit: Command: /usr/bin/dash.,auto_ruido,auto_ruido:dash,,,,audit_cwd=/var/ossec
ATA036,2,2026-09-29T10:39:44.557Z,victima-linux,80792,3,audit|audit_command,RS2,Audit: Command: /usr/bin/ps.,auto_ruido,auto_ruido:ps,,,,audit_cwd=/var/ossec
ATA036,2,2026-09-29T10:39:44.558Z,victima-linux,80792,3,audit|audit_command,RS2,Audit: Command: /usr/bin/dash.,auto_ruido,auto_ruido:dash,,,,audit_cwd=/var/ossec
ATA036,2,2026-09-29T10:39:44.565Z,victima-linux,80792,3,audit|audit_command,RS2,Audit: Command: /usr/bin/dash.,auto_ruido,auto_ruido:dash,,,,audit_cwd=/var/ossec
ATA036,2,2026-09-29T10:39:44.565Z,victima-linux,80792,3,audit|audit_command,RS2,Audit: Command: /usr/bin/ps.,auto_ruido,auto_ruido:ps,,,,audit_cwd=/var/ossec
ATA036,2,2026-09-29T10:39:44.565Z,victima-linux,80792,3,audit|audit_command,RS2,Audit: Command: /usr/bin/ps.,auto_ruido,auto_ruido:ps,,,,audit_cwd=/var/ossec
ATA036,2,2026-09-29T10:39:44.571Z,victima-linux,80792,3,audit|audit_command,RS2,Audit: Command: /usr/bin/dash.,auto_ruido,auto_ruido:dash,,,,audit_cwd=/var/ossec
ATA036,2,2026-09-29T10:39:44.571Z,victima-linux,80792,3,audit|audit_command,RS2,Audit: Command: /usr/bin/ps.,auto_ruido,auto_ruido:ps,,,,audit_cwd=/var/ossec
ATA036,2,2026-09-29T10:39:44.572Z,victima-linux,80791,3,audit|audit_watch_delete|audit_watch_write,RS2,Audit: Deleted: var/run/.,auto_ruido,auto_ruido:wazuh-agentd,,,,audit_exe=/var/ossec/bin/wazuh-agentd
ATA036,2,2026-09-29T10:39:44.578Z,victima-linux,80792,3,audit|audit_command,RS2,Audit: Command: /usr/bin/dash.,auto_ruido,auto_ruido:dash,,,,audit_cwd=/var/ossec
ATA036,2,2026-09-29T10:39:44.579Z,victima-linux,80792,3,audit|audit_command,RS2,Audit: Command: /usr/bin/dash.,auto_ruido,auto_ruido:dash,,,,audit_cwd=/var/ossec
ATA036,2,2026-09-29T10:39:44.579Z,victima-linux,80792,3,audit|audit_command,RS2,Audit: Command: /usr/bin/ps.,auto_ruido,auto_ruido:ps,,,,audit_cwd=/var/ossec
ATA036,2,2026-09-29T10:39:44.585Z,victima-linux,80792,3,audit|audit_command,RS2,Audit: Command: /usr/bin/ps.,auto_ruido,auto_ruido:ps,,,,audit_cwd=/var/ossec
ATA036,2,2026-09-29T10:39:44.586Z,victima-linux,80792,3,audit|audit_command,RS2,Audit: Command: /usr/bin/dash.,auto_ruido,auto_ruido:dash,,,,audit_cwd=/var/ossec
ATA036,2,2026-09-29T10:39:44.586Z,victima-linux,80792,3,audit|audit_command,RS2,Audit: Command: /usr/bin/ps.,auto_ruido,auto_ruido:ps,,,,audit_cwd=/var/ossec
ATA036,2,2026-09-29T10:39:44.592Z,victima-linux,80792,3,audit|audit_command,RS2,Audit: Command: /usr/bin/dash.,auto_ruido,auto_ruido:dash,,,,audit_cwd=/var/ossec
ATA036,2,2026-09-29T10:39:44.593Z,victima-linux,80792,3,audit|audit_command,RS2,Audit: Command: /usr/bin/dash.,auto_ruido,auto_ruido:dash,,,,audit_cwd=/var/ossec
ATA036,2,2026-09-29T10:39:44.593Z,victima-linux,80792,3,audit|audit_command,RS2,Audit: Command: /usr/bin/ps.,auto_ruido,auto_ruido:ps,,,,audit_cwd=/var/ossec
ATA036,2,2026-09-29T10:39:44.599Z,victima-linux,80792,3,audit|audit_command,RS2,Audit: Command: /usr/bin/dash.,auto_ruido,auto_ruido:dash,,,,audit_cwd=/var/ossec
ATA036,2,2026-09-29T10:39:44.599Z,victima-linux,80792,3,audit|audit_command,RS2,Audit: Command: /usr/bin/ps.,auto_ruido,auto_ruido:ps,,,,audit_cwd=/var/ossec
ATA036,2,2026-09-29T10:39:44.600Z,victima-linux,80792,3,audit|audit_command,RS2,Audit: Command: /usr/bin/ps.,auto_ruido,auto_ruido:ps,,,,audit_cwd=/var/ossec
ATA036,2,2026-09-29T10:39:44.606Z,victima-linux,80792,3,audit|audit_command,RS2,Audit: Command: /usr/bin/dash.,auto_ruido,auto_ruido:dash,,,,audit_cwd=/var/ossec
ATA036,2,2026-09-29T10:39:44.606Z,victima-linux,80792,3,audit|audit_command,RS2,Audit: Command: /usr/bin/dash.,auto_ruido,auto_ruido:dash,,,,audit_cwd=/var/ossec
ATA036,2,2026-09-29T10:39:44.606Z,victima-linux,80792,3,audit|audit_command,RS2,Audit: Command: /usr/bin/ps.,auto_ruido,auto_ruido:ps,,,,audit_cwd=/var/ossec
ATA036,2,2026-09-29T10:39:44.614Z,victima-linux,80792,3,audit|audit_command,RS2,Audit: Command: /usr/bin/dash.,auto_ruido,auto_ruido:dash,,,,audit_cwd=/var/ossec
ATA036,2,2026-09-29T10:39:44.614Z,victima-linux,80792,3,audit|audit_command,RS2,Audit: Command: /usr/bin/ps.,auto_ruido,auto_ruido:ps,,,,audit_cwd=/var/ossec
ATA036,2,2026-09-29T10:39:44.614Z,victima-linux,80792,3,audit|audit_command,RS2,Audit: Command: /usr/bin/ps.,auto_ruido,auto_ruido:ps,,,,audit_cwd=/var/ossec
ATA036,2,2026-09-29T10:39:44.620Z,victima-linux,80792,3,audit|audit_command,RS2,Audit: Command: /usr/bin/dash.,auto_ruido,auto_ruido:dash,,,,audit_cwd=/var/ossec
ATA036,2,2026-09-29T10:39:44.620Z,victima-linux,80792,3,audit|audit_command,RS2,Audit: Command: /usr/bin/dash.,auto_ruido,auto_ruido:dash,,,,audit_cwd=/var/ossec
ATA036,2,2026-09-29T10:39:44.620Z,victima-linux,80792,3,audit|audit_command,RS2,Audit: Command: /usr/bin/ps.,auto_ruido,auto_ruido:ps,,,,audit_cwd=/var/ossec
ATA036,2,2026-09-29T10:39:44.627Z,victima-linux,80792,3,audit|audit_command,RS2,Audit: Command: /usr/bin/ps.,auto_ruido,auto_ruido:ps,,,,audit_cwd=/var/ossec
ATA036,2,2026-09-29T10:39:44.628Z,victima-linux,80792,3,audit|audit_command,RS2,Audit: Command: /usr/bin/dash.,auto_ruido,auto_ruido:dash,,,,audit_cwd=/var/ossec
ATA036,2,2026-09-29T10:39:44.628Z,victima-linux,80792,3,audit|audit_command,RS2,Audit: Command: /usr/bin/ps.,auto_ruido,auto_ruido:ps,,,,audit_cwd=/var/ossec
ATA036,2,2026-09-29T10:39:44.634Z,victima-linux,80792,3,audit|audit_command,RS2,Audit: Command: /usr/bin/dash.,auto_ruido,auto_ruido:dash,,,,audit_cwd=/var/ossec
ATA036,2,2026-09-29T10:39:44.634Z,victima-linux,80792,3,audit|audit_command,RS2,Audit: Command: /usr/bin/dash.,auto_ruido,auto_ruido:dash,,,,audit_cwd=/var/ossec
ATA036,2,2026-09-29T10:39:44.634Z,victima-linux,80792,3,audit|audit_command,RS2,Audit: Command: /usr/bin/ps.,auto_ruido,auto_ruido:ps,,,,audit_cwd=/var/ossec
ATA036,2,2026-09-29T10:39:44.642Z,victima-linux,80792,3,audit|audit_command,RS2,Audit: Command: /usr/bin/dash.,auto_ruido,auto_ruido:dash,,,,audit_cwd=/var/ossec
ATA036,2,2026-09-29T10:39:44.642Z,victima-linux,80792,3,audit|audit_command,RS2,Audit: Command: /usr/bin/ps.,auto_ruido,auto_ruido:ps,,,,audit_cwd=/var/ossec
ATA036,2,2026-09-29T10:39:44.642Z,victima-linux,80792,3,audit|audit_command,RS2,Audit: Command: /usr/bin/ps.,auto_ruido,auto_ruido:ps,,,,audit_cwd=/var/ossec
ATA036,2,2026-09-29T10:39:44.649Z,victima-linux,80792,3,audit|audit_command,RS2,Audit: Command: /usr/bin/dash.,auto_ruido,auto_ruido:dash,,,,audit_cwd=/var/ossec
ATA036,2,2026-09-29T10:39:44.649Z,victima-linux,80792,3,audit|audit_command,RS2,Audit: Command: /usr/bin/dash.,auto_ruido,auto_ruido:dash,,,,audit_cwd=/var/ossec
ATA036,2,2026-09-29T10:39:44.649Z,victima-linux,80792,3,audit|audit_command,RS2,Audit: Command: /usr/bin/ps.,auto_ruido,auto_ruido:ps,,,,audit_cwd=/var/ossec
ATA036,2,2026-09-29T10:39:44.691Z,victima-linux,80792,3,audit|audit_command,RS2,Audit: Command: /usr/bin/ps.,auto_ruido,auto_ruido:ps,,,,audit_cwd=/var/ossec
ATA036,2,2026-09-29T10:39:46.515Z,victima-linux,80792,3,audit|audit_command,RS2,Audit: Command: /usr/bin/dash.,auto_ruido,auto_ruido:dash,,,,audit_cwd=/var/ossec
ATA036,2,2026-09-29T10:39:46.515Z,victima-linux,80792,3,audit|audit_command,RS2,Audit: Command: /usr/bin/ps.,auto_ruido,auto_ruido:ps,,,,audit_cwd=/var/ossec
ATA036,2,2026-09-29T10:39:46.518Z,victima-linux,80792,3,audit|audit_command,RS2,Audit: Command: /usr/bin/dash.,auto_ruido,auto_ruido:dash,,,,audit_cwd=/var/ossec
ATA036,2,2026-09-29T10:39:46.520Z,victima-linux,80792,3,audit|audit_command,RS2,Audit: Command: /usr/bin/ps.,auto_ruido,auto_ruido:ps,,,,audit_cwd=/var/ossec
ATA036,2,2026-09-29T10:39:46.523Z,victima-linux,80792,3,audit|audit_command,RS2,Audit: Command: /usr/bin/dash.,auto_ruido,auto_ruido:dash,,,,audit_cwd=/var/ossec
ATA036,2,2026-09-29T10:39:46.525Z,victima-linux,80792,3,audit|audit_command,RS2,Audit: Command: /usr/bin/ps.,auto_ruido,auto_ruido:ps,,,,audit_cwd=/var/ossec
ATA036,2,2026-09-29T10:39:46.527Z,victima-linux,80792,3,audit|audit_command,RS2,Audit: Command: /usr/bin/dash.,auto_ruido,auto_ruido:dash,,,,audit_cwd=/var/ossec
ATA036,2,2026-09-29T10:39:46.529Z,victima-linux,80792,3,audit|audit_command,RS2,Audit: Command: /usr/bin/ps.,auto_ruido,auto_ruido:ps,,,,audit_cwd=/var/ossec
ATA036,2,2026-09-29T10:39:46.531Z,victima-linux,80792,3,audit|audit_command,RS2,Audit: Command: /usr/bin/dash.,auto_ruido,auto_ruido:dash,,,,audit_cwd=/var/ossec
ATA036,2,2026-09-29T10:39:46.534Z,victima-linux,80792,3,audit|audit_command,RS2,Audit: Command: /usr/bin/ps.,auto_ruido,auto_ruido:ps,,,,audit_cwd=/var/ossec
ATA036,2,2026-09-29T10:39:46.536Z,victima-linux,80792,3,audit|audit_command,RS2,Audit: Command: /usr/bin/dash.,auto_ruido,auto_ruido:dash,,,,audit_cwd=/var/ossec
ATA036,2,2026-09-29T10:39:46.538Z,victima-linux,80792,3,audit|audit_command,RS2,Audit: Command: /usr/bin/ps.,auto_ruido,auto_ruido:ps,,,,audit_cwd=/var/ossec
ATA036,2,2026-09-29T10:39:46.541Z,victima-linux,80792,3,audit|audit_command,RS2,Audit: Command: /usr/bin/dash.,auto_ruido,auto_ruido:dash,,,,audit_cwd=/var/ossec
ATA036,2,2026-09-29T10:39:46.543Z,victima-linux,80792,3,audit|audit_command,RS2,Audit: Command: /usr/bin/ps.,auto_ruido,auto_ruido:ps,,,,audit_cwd=/var/ossec
ATA036,2,2026-09-29T10:39:46.545Z,victima-linux,80792,3,audit|audit_command,RS2,Audit: Command: /usr/bin/dash.,auto_ruido,auto_ruido:dash,,,,audit_cwd=/var/ossec
ATA036,2,2026-09-29T10:39:46.548Z,victima-linux,80792,3,audit|audit_command,RS2,Audit: Command: /usr/bin/ps.,auto_ruido,auto_ruido:ps,,,,audit_cwd=/var/ossec
ATA036,2,2026-09-29T10:39:46.550Z,victima-linux,80792,3,audit|audit_command,RS2,Audit: Command: /usr/bin/dash.,auto_ruido,auto_ruido:dash,,,,audit_cwd=/var/ossec
ATA036,2,2026-09-29T10:39:46.552Z,victima-linux,80792,3,audit|audit_command,RS2,Audit: Command: /usr/bin/ps.,auto_ruido,auto_ruido:ps,,,,audit_cwd=/var/ossec
ATA036,2,2026-09-29T10:39:46.554Z,victima-linux,80792,3,audit|audit_command,RS2,Audit: Command: /usr/bin/dash.,auto_ruido,auto_ruido:dash,,,,audit_cwd=/var/ossec
ATA036,2,2026-09-29T10:39:46.556Z,victima-linux,80792,3,audit|audit_command,RS2,Audit: Command: /usr/bin/ps.,auto_ruido,auto_ruido:ps,,,,audit_cwd=/var/ossec
ATA036,2,2026-09-29T10:39:46.559Z,victima-linux,80792,3,audit|audit_command,RS2,Audit: Command: /usr/bin/dash.,auto_ruido,auto_ruido:dash,,,,audit_cwd=/var/ossec
ATA036,2,2026-09-29T10:39:46.561Z,victima-linux,80792,3,audit|audit_command,RS2,Audit: Command: /usr/bin/ps.,auto_ruido,auto_ruido:ps,,,,audit_cwd=/var/ossec
ATA036,2,2026-09-29T10:39:46.563Z,victima-linux,80792,3,audit|audit_command,RS2,Audit: Command: /usr/bin/dash.,auto_ruido,auto_ruido:dash,,,,audit_cwd=/var/ossec
ATA036,2,2026-09-29T10:39:46.566Z,victima-linux,80792,3,audit|audit_command,RS2,Audit: Command: /usr/bin/ps.,auto_ruido,auto_ruido:ps,,,,audit_cwd=/var/ossec
ATA036,2,2026-09-29T10:39:46.568Z,victima-linux,80792,3,audit|audit_command,RS2,Audit: Command: /usr/bin/dash.,auto_ruido,auto_ruido:dash,,,,audit_cwd=/var/ossec
ATA036,2,2026-09-29T10:39:46.572Z,victima-linux,80792,3,audit|audit_command,RS2,Audit: Command: /usr/bin/ps.,auto_ruido,auto_ruido:ps,,,,audit_cwd=/var/ossec
ATA036,2,2026-09-29T10:39:46.574Z,victima-linux,80792,3,audit|audit_command,RS2,Audit: Command: /usr/bin/dash.,auto_ruido,auto_ruido:dash,,,,audit_cwd=/var/ossec
ATA036,2,2026-09-29T10:39:46.576Z,victima-linux,80792,3,audit|audit_command,RS2,Audit: Command: /usr/bin/ps.,auto_ruido,auto_ruido:ps,,,,audit_cwd=/var/ossec
ATA036,2,2026-09-29T10:39:46.578Z,victima-linux,80792,3,audit|audit_command,RS2,Audit: Command: /usr/bin/dash.,auto_ruido,auto_ruido:dash,,,,audit_cwd=/var/ossec
ATA036,2,2026-09-29T10:39:46.581Z,victima-linux,80792,3,audit|audit_command,RS2,Audit: Command: /usr/bin/ps.,auto_ruido,auto_ruido:ps,,,,audit_cwd=/var/ossec
ATA036,2,2026-09-29T10:39:46.583Z,victima-linux,80792,3,audit|audit_command,RS2,Audit: Command: /usr/bin/dash.,auto_ruido,auto_ruido:dash,,,,audit_cwd=/var/ossec
ATA036,2,2026-09-29T10:39:46.585Z,victima-linux,80792,3,audit|audit_command,RS2,Audit: Command: /usr/bin/ps.,auto_ruido,auto_ruido:ps,,,,audit_cwd=/var/ossec
ATA036,2,2026-09-29T10:39:46.588Z,victima-linux,80792,3,audit|audit_command,RS2,Audit: Command: /usr/bin/dash.,auto_ruido,auto_ruido:dash,,,,audit_cwd=/var/ossec
ATA036,2,2026-09-29T10:39:46.590Z,victima-linux,80792,3,audit|audit_command,RS2,Audit: Command: /usr/bin/ps.,auto_ruido,auto_ruido:ps,,,,audit_cwd=/var/ossec
ATA036,2,2026-09-29T10:39:46.593Z,victima-linux,80792,3,audit|audit_command,RS2,Audit: Command: /usr/bin/dash.,auto_ruido,auto_ruido:dash,,,,audit_cwd=/var/ossec
ATA036,2,2026-09-29T10:39:46.595Z,victima-linux,80792,3,audit|audit_command,RS2,Audit: Command: /usr/bin/ps.,auto_ruido,auto_ruido:ps,,,,audit_cwd=/var/ossec
ATA036,2,2026-09-29T10:39:46.597Z,victima-linux,80792,3,audit|audit_command,RS2,Audit: Command: /usr/bin/dash.,auto_ruido,auto_ruido:dash,,,,audit_cwd=/var/ossec
ATA036,2,2026-09-29T10:39:46.600Z,victima-linux,80792,3,audit|audit_command,RS2,Audit: Command: /usr/bin/ps.,auto_ruido,auto_ruido:ps,,,,audit_cwd=/var/ossec
ATA036,2,2026-09-29T10:39:46.603Z,victima-linux,80792,3,audit|audit_command,RS2,Audit: Command: /usr/bin/dash.,auto_ruido,auto_ruido:dash,,,,audit_cwd=/var/ossec
ATA036,2,2026-09-29T10:39:46.605Z,victima-linux,80792,3,audit|audit_command,RS2,Audit: Command: /usr/bin/ps.,auto_ruido,auto_ruido:ps,,,,audit_cwd=/var/ossec
ATA036,2,2026-09-29T10:39:46.607Z,victima-linux,80792,3,audit|audit_command,RS2,Audit: Command: /usr/bin/dash.,auto_ruido,auto_ruido:dash,,,,audit_cwd=/var/ossec
ATA036,2,2026-09-29T10:39:46.610Z,victima-linux,80792,3,audit|audit_command,RS2,Audit: Command: /usr/bin/ps.,auto_ruido,auto_ruido:ps,,,,audit_cwd=/var/ossec
ATA036,2,2026-09-29T10:39:46.612Z,victima-linux,80792,3,audit|audit_command,RS2,Audit: Command: /usr/bin/dash.,auto_ruido,auto_ruido:dash,,,,audit_cwd=/var/ossec
ATA036,2,2026-09-29T10:39:46.614Z,victima-linux,80792,3,audit|audit_command,RS2,Audit: Command: /usr/bin/ps.,auto_ruido,auto_ruido:ps,,,,audit_cwd=/var/ossec
ATA036,2,2026-09-29T10:39:46.617Z,victima-linux,80792,3,audit|audit_command,RS2,Audit: Command: /usr/bin/dash.,auto_ruido,auto_ruido:dash,,,,audit_cwd=/var/ossec
ATA036,2,2026-09-29T10:39:46.619Z,victima-linux,80792,3,audit|audit_command,RS2,Audit: Command: /usr/bin/ps.,auto_ruido,auto_ruido:ps,,,,audit_cwd=/var/ossec
ATA036,2,2026-09-29T10:39:46.621Z,victima-linux,80792,3,audit|audit_command,RS2,Audit: Command: /usr/bin/dash.,auto_ruido,auto_ruido:dash,,,,audit_cwd=/var/ossec
ATA036,2,2026-09-29T10:39:46.624Z,victima-linux,80792,3,audit|audit_command,RS2,Audit: Command: /usr/bin/ps.,auto_ruido,auto_ruido:ps,,,,audit_cwd=/var/ossec
ATA036,2,2026-09-29T10:39:46.626Z,victima-linux,80792,3,audit|audit_command,RS2,Audit: Command: /usr/bin/dash.,auto_ruido,auto_ruido:dash,,,,audit_cwd=/var/ossec
ATA036,2,2026-09-29T10:39:46.628Z,victima-linux,80792,3,audit|audit_command,RS2,Audit: Command: /usr/bin/ps.,auto_ruido,auto_ruido:ps,,,,audit_cwd=/var/ossec
ATA036,2,2026-09-29T10:39:46.630Z,victima-linux,80792,3,audit|audit_command,RS2,Audit: Command: /usr/bin/dash.,auto_ruido,auto_ruido:dash,,,,audit_cwd=/var/ossec
ATA036,2,2026-09-29T10:39:46.633Z,victima-linux,80792,3,audit|audit_command,RS2,Audit: Command: /usr/bin/ps.,auto_ruido,auto_ruido:ps,,,,audit_cwd=/var/ossec
ATA036,2,2026-09-29T10:39:46.635Z,victima-linux,80792,3,audit|audit_command,RS2,Audit: Command: /usr/bin/dash.,auto_ruido,auto_ruido:dash,,,,audit_cwd=/var/ossec
ATA036,2,2026-09-29T10:39:46.637Z,victima-linux,80792,3,audit|audit_command,RS2,Audit: Command: /usr/bin/ps.,auto_ruido,auto_ruido:ps,,,,audit_cwd=/var/ossec
ATA036,2,2026-09-29T10:39:46.639Z,victima-linux,80792,3,audit|audit_command,RS2,Audit: Command: /usr/bin/dash.,auto_ruido,auto_ruido:dash,,,,audit_cwd=/var/ossec
ATA036,2,2026-09-29T10:39:46.642Z,victima-linux,80792,3,audit|audit_command,RS2,Audit: Command: /usr/bin/ps.,auto_ruido,auto_ruido:ps,,,,audit_cwd=/var/ossec
ATA036,2,2026-09-29T10:39:46.649Z,victima-linux,80792,3,audit|audit_command,RS2,Audit: Command: /usr/bin/dash.,auto_ruido,auto_ruido:dash,,,,audit_cwd=/var/ossec
ATA036,2,2026-09-29T10:39:46.650Z,victima-linux,80792,3,audit|audit_command,RS2,Audit: Command: /usr/bin/ps.,auto_ruido,auto_ruido:ps,,,,audit_cwd=/var/ossec
ATA036,2,2026-09-29T10:39:48.515Z,victima-linux,80792,3,audit|audit_command,RS2,Audit: Command: /usr/bin/dash.,auto_ruido,auto_ruido:dash,,,,audit_cwd=/var/ossec
ATA036,2,2026-09-29T10:39:48.515Z,victima-linux,80792,3,audit|audit_command,RS2,Audit: Command: /usr/bin/ps.,auto_ruido,auto_ruido:ps,,,,audit_cwd=/var/ossec
ATA036,2,2026-09-29T10:39:48.517Z,victima-linux,80792,3,audit|audit_command,RS2,Audit: Command: /usr/bin/dash.,auto_ruido,auto_ruido:dash,,,,audit_cwd=/var/ossec
ATA036,2,2026-09-29T10:39:48.519Z,victima-linux,80792,3,audit|audit_command,RS2,Audit: Command: /usr/bin/ps.,auto_ruido,auto_ruido:ps,,,,audit_cwd=/var/ossec
ATA036,2,2026-09-29T10:39:48.522Z,victima-linux,80792,3,audit|audit_command,RS2,Audit: Command: /usr/bin/dash.,auto_ruido,auto_ruido:dash,,,,audit_cwd=/var/ossec
ATA036,2,2026-09-29T10:39:48.524Z,victima-linux,80792,3,audit|audit_command,RS2,Audit: Command: /usr/bin/ps.,auto_ruido,auto_ruido:ps,,,,audit_cwd=/var/ossec
ATA036,2,2026-09-29T10:39:48.527Z,victima-linux,80792,3,audit|audit_command,RS2,Audit: Command: /usr/bin/dash.,auto_ruido,auto_ruido:dash,,,,audit_cwd=/var/ossec
ATA036,2,2026-09-29T10:39:48.529Z,victima-linux,80792,3,audit|audit_command,RS2,Audit: Command: /usr/bin/ps.,auto_ruido,auto_ruido:ps,,,,audit_cwd=/var/ossec
ATA036,2,2026-09-29T10:39:48.531Z,victima-linux,80792,3,audit|audit_command,RS2,Audit: Command: /usr/bin/dash.,auto_ruido,auto_ruido:dash,,,,audit_cwd=/var/ossec
ATA036,2,2026-09-29T10:39:48.533Z,victima-linux,80792,3,audit|audit_command,RS2,Audit: Command: /usr/bin/ps.,auto_ruido,auto_ruido:ps,,,,audit_cwd=/var/ossec
ATA036,2,2026-09-29T10:39:48.536Z,victima-linux,80792,3,audit|audit_command,RS2,Audit: Command: /usr/bin/dash.,auto_ruido,auto_ruido:dash,,,,audit_cwd=/var/ossec
ATA036,2,2026-09-29T10:39:48.538Z,victima-linux,80792,3,audit|audit_command,RS2,Audit: Command: /usr/bin/ps.,auto_ruido,auto_ruido:ps,,,,audit_cwd=/var/ossec
ATA036,2,2026-09-29T10:39:48.541Z,victima-linux,80792,3,audit|audit_command,RS2,Audit: Command: /usr/bin/dash.,auto_ruido,auto_ruido:dash,,,,audit_cwd=/var/ossec
ATA036,2,2026-09-29T10:39:48.543Z,victima-linux,80792,3,audit|audit_command,RS2,Audit: Command: /usr/bin/ps.,auto_ruido,auto_ruido:ps,,,,audit_cwd=/var/ossec
ATA036,2,2026-09-29T10:39:48.545Z,victima-linux,80792,3,audit|audit_command,RS2,Audit: Command: /usr/bin/dash.,auto_ruido,auto_ruido:dash,,,,audit_cwd=/var/ossec
ATA036,2,2026-09-29T10:39:48.548Z,victima-linux,80792,3,audit|audit_command,RS2,Audit: Command: /usr/bin/ps.,auto_ruido,auto_ruido:ps,,,,audit_cwd=/var/ossec
ATA036,2,2026-09-29T10:39:48.550Z,victima-linux,80792,3,audit|audit_command,RS2,Audit: Command: /usr/bin/dash.,auto_ruido,auto_ruido:dash,,,,audit_cwd=/var/ossec
ATA036,2,2026-09-29T10:39:48.552Z,victima-linux,80792,3,audit|audit_command,RS2,Audit: Command: /usr/bin/ps.,auto_ruido,auto_ruido:ps,,,,audit_cwd=/var/ossec
ATA036,2,2026-09-29T10:39:48.555Z,victima-linux,80792,3,audit|audit_command,RS2,Audit: Command: /usr/bin/dash.,auto_ruido,auto_ruido:dash,,,,audit_cwd=/var/ossec
ATA036,2,2026-09-29T10:39:48.557Z,victima-linux,80792,3,audit|audit_command,RS2,Audit: Command: /usr/bin/ps.,auto_ruido,auto_ruido:ps,,,,audit_cwd=/var/ossec
ATA036,2,2026-09-29T10:39:48.560Z,victima-linux,80792,3,audit|audit_command,RS2,Audit: Command: /usr/bin/dash.,auto_ruido,auto_ruido:dash,,,,audit_cwd=/var/ossec
ATA036,2,2026-09-29T10:39:48.562Z,victima-linux,80792,3,audit|audit_command,RS2,Audit: Command: /usr/bin/ps.,auto_ruido,auto_ruido:ps,,,,audit_cwd=/var/ossec
ATA036,2,2026-09-29T10:39:48.564Z,victima-linux,80792,3,audit|audit_command,RS2,Audit: Command: /usr/bin/dash.,auto_ruido,auto_ruido:dash,,,,audit_cwd=/var/ossec
ATA036,2,2026-09-29T10:39:48.567Z,victima-linux,80792,3,audit|audit_command,RS2,Audit: Command: /usr/bin/ps.,auto_ruido,auto_ruido:ps,,,,audit_cwd=/var/ossec
ATA036,2,2026-09-29T10:39:48.569Z,victima-linux,80792,3,audit|audit_command,RS2,Audit: Command: /usr/bin/dash.,auto_ruido,auto_ruido:dash,,,,audit_cwd=/var/ossec
ATA036,2,2026-09-29T10:39:48.571Z,victima-linux,80792,3,audit|audit_command,RS2,Audit: Command: /usr/bin/ps.,auto_ruido,auto_ruido:ps,,,,audit_cwd=/var/ossec
ATA036,2,2026-09-29T10:39:48.574Z,victima-linux,80792,3,audit|audit_command,RS2,Audit: Command: /usr/bin/dash.,auto_ruido,auto_ruido:dash,,,,audit_cwd=/var/ossec
ATA036,2,2026-09-29T10:39:48.576Z,victima-linux,80792,3,audit|audit_command,RS2,Audit: Command: /usr/bin/ps.,auto_ruido,auto_ruido:ps,,,,audit_cwd=/var/ossec
ATA036,2,2026-09-29T10:39:48.579Z,victima-linux,80792,3,audit|audit_command,RS2,Audit: Command: /usr/bin/dash.,auto_ruido,auto_ruido:dash,,,,audit_cwd=/var/ossec
ATA036,2,2026-09-29T10:39:48.581Z,victima-linux,80792,3,audit|audit_command,RS2,Audit: Command: /usr/bin/ps.,auto_ruido,auto_ruido:ps,,,,audit_cwd=/var/ossec
ATA036,2,2026-09-29T10:39:48.583Z,victima-linux,80792,3,audit|audit_command,RS2,Audit: Command: /usr/bin/dash.,auto_ruido,auto_ruido:dash,,,,audit_cwd=/var/ossec
ATA036,2,2026-09-29T10:39:48.586Z,victima-linux,80792,3,audit|audit_command,RS2,Audit: Command: /usr/bin/ps.,auto_ruido,auto_ruido:ps,,,,audit_cwd=/var/ossec
ATA036,2,2026-09-29T10:39:48.588Z,victima-linux,80792,3,audit|audit_command,RS2,Audit: Command: /usr/bin/dash.,auto_ruido,auto_ruido:dash,,,,audit_cwd=/var/ossec
ATA036,2,2026-09-29T10:39:48.591Z,victima-linux,80792,3,audit|audit_command,RS2,Audit: Command: /usr/bin/ps.,auto_ruido,auto_ruido:ps,,,,audit_cwd=/var/ossec
ATA036,2,2026-09-29T10:39:48.593Z,victima-linux,80792,3,audit|audit_command,RS2,Audit: Command: /usr/bin/dash.,auto_ruido,auto_ruido:dash,,,,audit_cwd=/var/ossec
ATA036,2,2026-09-29T10:39:48.595Z,victima-linux,80792,3,audit|audit_command,RS2,Audit: Command: /usr/bin/ps.,auto_ruido,auto_ruido:ps,,,,audit_cwd=/var/ossec
ATA036,2,2026-09-29T10:39:48.597Z,victima-linux,80792,3,audit|audit_command,RS2,Audit: Command: /usr/bin/dash.,auto_ruido,auto_ruido:dash,,,,audit_cwd=/var/ossec
ATA036,2,2026-09-29T10:39:48.600Z,victima-linux,80792,3,audit|audit_command,RS2,Audit: Command: /usr/bin/ps.,auto_ruido,auto_ruido:ps,,,,audit_cwd=/var/ossec
ATA036,2,2026-09-29T10:39:48.602Z,victima-linux,80792,3,audit|audit_command,RS2,Audit: Command: /usr/bin/dash.,auto_ruido,auto_ruido:dash,,,,audit_cwd=/var/ossec
ATA036,2,2026-09-29T10:39:48.605Z,victima-linux,80792,3,audit|audit_command,RS2,Audit: Command: /usr/bin/ps.,auto_ruido,auto_ruido:ps,,,,audit_cwd=/var/ossec
ATA036,2,2026-09-29T10:39:48.607Z,victima-linux,80792,3,audit|audit_command,RS2,Audit: Command: /usr/bin/dash.,auto_ruido,auto_ruido:dash,,,,audit_cwd=/var/ossec
ATA036,2,2026-09-29T10:39:48.609Z,victima-linux,80792,3,audit|audit_command,RS2,Audit: Command: /usr/bin/ps.,auto_ruido,auto_ruido:ps,,,,audit_cwd=/var/ossec
ATA036,2,2026-09-29T10:39:48.611Z,victima-linux,80792,3,audit|audit_command,RS2,Audit: Command: /usr/bin/dash.,auto_ruido,auto_ruido:dash,,,,audit_cwd=/var/ossec
ATA036,2,2026-09-29T10:39:48.614Z,victima-linux,80792,3,audit|audit_command,RS2,Audit: Command: /usr/bin/ps.,auto_ruido,auto_ruido:ps,,,,audit_cwd=/var/ossec
ATA036,2,2026-09-29T10:39:48.616Z,victima-linux,80792,3,audit|audit_command,RS2,Audit: Command: /usr/bin/dash.,auto_ruido,auto_ruido:dash,,,,audit_cwd=/var/ossec
ATA036,2,2026-09-29T10:39:48.619Z,victima-linux,80792,3,audit|audit_command,RS2,Audit: Command: /usr/bin/ps.,auto_ruido,auto_ruido:ps,,,,audit_cwd=/var/ossec
ATA036,2,2026-09-29T10:39:48.621Z,victima-linux,80792,3,audit|audit_command,RS2,Audit: Command: /usr/bin/dash.,auto_ruido,auto_ruido:dash,,,,audit_cwd=/var/ossec
ATA036,2,2026-09-29T10:39:48.624Z,victima-linux,80792,3,audit|audit_command,RS2,Audit: Command: /usr/bin/ps.,auto_ruido,auto_ruido:ps,,,,audit_cwd=/var/ossec
ATA036,2,2026-09-29T10:39:48.626Z,victima-linux,80792,3,audit|audit_command,RS2,Audit: Command: /usr/bin/dash.,auto_ruido,auto_ruido:dash,,,,audit_cwd=/var/ossec
ATA036,2,2026-09-29T10:39:48.628Z,victima-linux,80792,3,audit|audit_command,RS2,Audit: Command: /usr/bin/ps.,auto_ruido,auto_ruido:ps,,,,audit_cwd=/var/ossec
ATA036,2,2026-09-29T10:39:48.631Z,victima-linux,80791,3,audit|audit_watch_delete|audit_watch_write,RS2,Audit: Deleted: var/run/.,auto_ruido,auto_ruido:wazuh-agentd,,,,audit_exe=/var/ossec/bin/wazuh-agentd
ATA036,2,2026-09-29T10:39:48.638Z,victima-linux,80792,3,audit|audit_command,RS2,Audit: Command: /usr/bin/dash.,auto_ruido,auto_ruido:dash,,,,audit_cwd=/var/ossec
ATA036,2,2026-09-29T10:39:48.638Z,victima-linux,80792,3,audit|audit_command,RS2,Audit: Command: /usr/bin/ps.,auto_ruido,auto_ruido:ps,,,,audit_cwd=/var/ossec
ATA036,2,2026-09-29T10:39:48.639Z,victima-linux,80792,3,audit|audit_command,RS2,Audit: Command: /usr/bin/dash.,auto_ruido,auto_ruido:dash,,,,audit_cwd=/var/ossec
ATA036,2,2026-09-29T10:39:48.641Z,victima-linux,80792,3,audit|audit_command,RS2,Audit: Command: /usr/bin/ps.,auto_ruido,auto_ruido:ps,,,,audit_cwd=/var/ossec
ATA036,2,2026-09-29T10:39:48.643Z,victima-linux,80792,3,audit|audit_command,RS2,Audit: Command: /usr/bin/dash.,auto_ruido,auto_ruido:dash,,,,audit_cwd=/var/ossec
ATA036,2,2026-09-29T10:39:48.646Z,victima-linux,80792,3,audit|audit_command,RS2,Audit: Command: /usr/bin/ps.,auto_ruido,auto_ruido:ps,,,,audit_cwd=/var/ossec
ATA036,2,2026-09-29T10:39:50.515Z,victima-linux,80792,3,audit|audit_command,RS2,Audit: Command: /usr/bin/dash.,auto_ruido,auto_ruido:dash,,,,audit_cwd=/var/ossec
ATA036,2,2026-09-29T10:39:50.516Z,victima-linux,80792,3,audit|audit_command,RS2,Audit: Command: /usr/bin/ps.,auto_ruido,auto_ruido:ps,,,,audit_cwd=/var/ossec
ATA036,2,2026-09-29T10:39:50.518Z,victima-linux,80792,3,audit|audit_command,RS2,Audit: Command: /usr/bin/dash.,auto_ruido,auto_ruido:dash,,,,audit_cwd=/var/ossec
ATA036,2,2026-09-29T10:39:50.520Z,victima-linux,80792,3,audit|audit_command,RS2,Audit: Command: /usr/bin/ps.,auto_ruido,auto_ruido:ps,,,,audit_cwd=/var/ossec
ATA036,2,2026-09-29T10:39:50.522Z,victima-linux,80792,3,audit|audit_command,RS2,Audit: Command: /usr/bin/dash.,auto_ruido,auto_ruido:dash,,,,audit_cwd=/var/ossec
ATA036,2,2026-09-29T10:39:50.524Z,victima-linux,80792,3,audit|audit_command,RS2,Audit: Command: /usr/bin/ps.,auto_ruido,auto_ruido:ps,,,,audit_cwd=/var/ossec
ATA036,2,2026-09-29T10:39:50.527Z,victima-linux,80792,3,audit|audit_command,RS2,Audit: Command: /usr/bin/dash.,auto_ruido,auto_ruido:dash,,,,audit_cwd=/var/ossec
ATA036,2,2026-09-29T10:39:50.529Z,victima-linux,80792,3,audit|audit_command,RS2,Audit: Command: /usr/bin/ps.,auto_ruido,auto_ruido:ps,,,,audit_cwd=/var/ossec
ATA036,2,2026-09-29T10:39:50.531Z,victima-linux,80792,3,audit|audit_command,RS2,Audit: Command: /usr/bin/dash.,auto_ruido,auto_ruido:dash,,,,audit_cwd=/var/ossec
ATA036,2,2026-09-29T10:39:50.533Z,victima-linux,80792,3,audit|audit_command,RS2,Audit: Command: /usr/bin/ps.,auto_ruido,auto_ruido:ps,,,,audit_cwd=/var/ossec
ATA036,2,2026-09-29T10:39:50.535Z,victima-linux,80792,3,audit|audit_command,RS2,Audit: Command: /usr/bin/dash.,auto_ruido,auto_ruido:dash,,,,audit_cwd=/var/ossec
ATA036,2,2026-09-29T10:39:50.538Z,victima-linux,80792,3,audit|audit_command,RS2,Audit: Command: /usr/bin/ps.,auto_ruido,auto_ruido:ps,,,,audit_cwd=/var/ossec
ATA036,2,2026-09-29T10:39:50.541Z,victima-linux,80792,3,audit|audit_command,RS2,Audit: Command: /usr/bin/dash.,auto_ruido,auto_ruido:dash,,,,audit_cwd=/var/ossec
ATA036,2,2026-09-29T10:39:50.543Z,victima-linux,80792,3,audit|audit_command,RS2,Audit: Command: /usr/bin/ps.,auto_ruido,auto_ruido:ps,,,,audit_cwd=/var/ossec
ATA036,2,2026-09-29T10:39:50.545Z,victima-linux,80792,3,audit|audit_command,RS2,Audit: Command: /usr/bin/dash.,auto_ruido,auto_ruido:dash,,,,audit_cwd=/var/ossec
ATA036,2,2026-09-29T10:39:50.548Z,victima-linux,80792,3,audit|audit_command,RS2,Audit: Command: /usr/bin/ps.,auto_ruido,auto_ruido:ps,,,,audit_cwd=/var/ossec
ATA036,2,2026-09-29T10:39:50.550Z,victima-linux,80792,3,audit|audit_command,RS2,Audit: Command: /usr/bin/dash.,auto_ruido,auto_ruido:dash,,,,audit_cwd=/var/ossec
ATA036,2,2026-09-29T10:39:50.553Z,victima-linux,80792,3,audit|audit_command,RS2,Audit: Command: /usr/bin/ps.,auto_ruido,auto_ruido:ps,,,,audit_cwd=/var/ossec
ATA036,2,2026-09-29T10:39:50.555Z,victima-linux,80792,3,audit|audit_command,RS2,Audit: Command: /usr/bin/dash.,auto_ruido,auto_ruido:dash,,,,audit_cwd=/var/ossec
ATA036,2,2026-09-29T10:39:50.558Z,victima-linux,80792,3,audit|audit_command,RS2,Audit: Command: /usr/bin/ps.,auto_ruido,auto_ruido:ps,,,,audit_cwd=/var/ossec
ATA036,2,2026-09-29T10:39:50.560Z,victima-linux,80792,3,audit|audit_command,RS2,Audit: Command: /usr/bin/dash.,auto_ruido,auto_ruido:dash,,,,audit_cwd=/var/ossec
ATA036,2,2026-09-29T10:39:50.563Z,victima-linux,80792,3,audit|audit_command,RS2,Audit: Command: /usr/bin/ps.,auto_ruido,auto_ruido:ps,,,,audit_cwd=/var/ossec
ATA036,2,2026-09-29T10:39:50.565Z,victima-linux,80792,3,audit|audit_command,RS2,Audit: Command: /usr/bin/dash.,auto_ruido,auto_ruido:dash,,,,audit_cwd=/var/ossec
ATA036,2,2026-09-29T10:39:50.568Z,victima-linux,80792,3,audit|audit_command,RS2,Audit: Command: /usr/bin/ps.,auto_ruido,auto_ruido:ps,,,,audit_cwd=/var/ossec
ATA036,2,2026-09-29T10:39:50.570Z,victima-linux,80792,3,audit|audit_command,RS2,Audit: Command: /usr/bin/dash.,auto_ruido,auto_ruido:dash,,,,audit_cwd=/var/ossec
ATA036,2,2026-09-29T10:39:50.572Z,victima-linux,80792,3,audit|audit_command,RS2,Audit: Command: /usr/bin/ps.,auto_ruido,auto_ruido:ps,,,,audit_cwd=/var/ossec
ATA036,2,2026-09-29T10:39:50.574Z,victima-linux,80792,3,audit|audit_command,RS2,Audit: Command: /usr/bin/dash.,auto_ruido,auto_ruido:dash,,,,audit_cwd=/var/ossec
ATA036,2,2026-09-29T10:39:50.577Z,victima-linux,80792,3,audit|audit_command,RS2,Audit: Command: /usr/bin/ps.,auto_ruido,auto_ruido:ps,,,,audit_cwd=/var/ossec
ATA036,2,2026-09-29T10:39:50.579Z,victima-linux,80792,3,audit|audit_command,RS2,Audit: Command: /usr/bin/dash.,auto_ruido,auto_ruido:dash,,,,audit_cwd=/var/ossec
ATA036,2,2026-09-29T10:39:50.581Z,victima-linux,80792,3,audit|audit_command,RS2,Audit: Command: /usr/bin/ps.,auto_ruido,auto_ruido:ps,,,,audit_cwd=/var/ossec
ATA036,2,2026-09-29T10:39:50.584Z,victima-linux,80792,3,audit|audit_command,RS2,Audit: Command: /usr/bin/dash.,auto_ruido,auto_ruido:dash,,,,audit_cwd=/var/ossec
ATA036,2,2026-09-29T10:39:50.586Z,victima-linux,80792,3,audit|audit_command,RS2,Audit: Command: /usr/bin/ps.,auto_ruido,auto_ruido:ps,,,,audit_cwd=/var/ossec
ATA036,2,2026-09-29T10:39:50.588Z,victima-linux,80792,3,audit|audit_command,RS2,Audit: Command: /usr/bin/dash.,auto_ruido,auto_ruido:dash,,,,audit_cwd=/var/ossec
ATA036,2,2026-09-29T10:39:50.590Z,victima-linux,80792,3,audit|audit_command,RS2,Audit: Command: /usr/bin/ps.,auto_ruido,auto_ruido:ps,,,,audit_cwd=/var/ossec
ATA036,2,2026-09-29T10:39:50.592Z,victima-linux,80792,3,audit|audit_command,RS2,Audit: Command: /usr/bin/dash.,auto_ruido,auto_ruido:dash,,,,audit_cwd=/var/ossec
ATA036,2,2026-09-29T10:39:50.595Z,victima-linux,80792,3,audit|audit_command,RS2,Audit: Command: /usr/bin/ps.,auto_ruido,auto_ruido:ps,,,,audit_cwd=/var/ossec
ATA036,2,2026-09-29T10:39:50.597Z,victima-linux,80792,3,audit|audit_command,RS2,Audit: Command: /usr/bin/dash.,auto_ruido,auto_ruido:dash,,,,audit_cwd=/var/ossec
ATA036,2,2026-09-29T10:39:50.599Z,victima-linux,80792,3,audit|audit_command,RS2,Audit: Command: /usr/bin/ps.,auto_ruido,auto_ruido:ps,,,,audit_cwd=/var/ossec
ATA036,2,2026-09-29T10:39:50.602Z,victima-linux,80792,3,audit|audit_command,RS2,Audit: Command: /usr/bin/dash.,auto_ruido,auto_ruido:dash,,,,audit_cwd=/var/ossec
ATA036,2,2026-09-29T10:39:50.604Z,victima-linux,80792,3,audit|audit_command,RS2,Audit: Command: /usr/bin/ps.,auto_ruido,auto_ruido:ps,,,,audit_cwd=/var/ossec
ATA036,2,2026-09-29T10:39:50.606Z,victima-linux,80792,3,audit|audit_command,RS2,Audit: Command: /usr/bin/dash.,auto_ruido,auto_ruido:dash,,,,audit_cwd=/var/ossec
ATA036,2,2026-09-29T10:39:50.609Z,victima-linux,80792,3,audit|audit_command,RS2,Audit: Command: /usr/bin/ps.,auto_ruido,auto_ruido:ps,,,,audit_cwd=/var/ossec
ATA036,2,2026-09-29T10:39:50.611Z,victima-linux,80792,3,audit|audit_command,RS2,Audit: Command: /usr/bin/dash.,auto_ruido,auto_ruido:dash,,,,audit_cwd=/var/ossec
ATA036,2,2026-09-29T10:39:50.613Z,victima-linux,80792,3,audit|audit_command,RS2,Audit: Command: /usr/bin/ps.,auto_ruido,auto_ruido:ps,,,,audit_cwd=/var/ossec
ATA036,2,2026-09-29T10:39:50.616Z,victima-linux,80792,3,audit|audit_command,RS2,Audit: Command: /usr/bin/dash.,auto_ruido,auto_ruido:dash,,,,audit_cwd=/var/ossec
ATA036,2,2026-09-29T10:39:50.618Z,victima-linux,80792,3,audit|audit_command,RS2,Audit: Command: /usr/bin/ps.,auto_ruido,auto_ruido:ps,,,,audit_cwd=/var/ossec
ATA036,2,2026-09-29T10:39:50.621Z,victima-linux,80792,3,audit|audit_command,RS2,Audit: Command: /usr/bin/dash.,auto_ruido,auto_ruido:dash,,,,audit_cwd=/var/ossec
ATA036,2,2026-09-29T10:39:50.623Z,victima-linux,80792,3,audit|audit_command,RS2,Audit: Command: /usr/bin/ps.,auto_ruido,auto_ruido:ps,,,,audit_cwd=/var/ossec
ATA036,2,2026-09-29T10:39:50.625Z,victima-linux,80792,3,audit|audit_command,RS2,Audit: Command: /usr/bin/dash.,auto_ruido,auto_ruido:dash,,,,audit_cwd=/var/ossec
ATA036,2,2026-09-29T10:39:50.627Z,victima-linux,80792,3,audit|audit_command,RS2,Audit: Command: /usr/bin/ps.,auto_ruido,auto_ruido:ps,,,,audit_cwd=/var/ossec
ATA036,2,2026-09-29T10:39:50.630Z,victima-linux,80792,3,audit|audit_command,RS2,Audit: Command: /usr/bin/dash.,auto_ruido,auto_ruido:dash,,,,audit_cwd=/var/ossec
ATA036,2,2026-09-29T10:39:50.632Z,victima-linux,80792,3,audit|audit_command,RS2,Audit: Command: /usr/bin/ps.,auto_ruido,auto_ruido:ps,,,,audit_cwd=/var/ossec
ATA036,2,2026-09-29T10:39:50.635Z,victima-linux,80792,3,audit|audit_command,RS2,Audit: Command: /usr/bin/dash.,auto_ruido,auto_ruido:dash,,,,audit_cwd=/var/ossec
ATA036,2,2026-09-29T10:39:50.637Z,victima-linux,80792,3,audit|audit_command,RS2,Audit: Command: /usr/bin/ps.,auto_ruido,auto_ruido:ps,,,,audit_cwd=/var/ossec
ATA036,2,2026-09-29T10:39:52.515Z,victima-linux,80792,3,audit|audit_command,RS2,Audit: Command: /usr/bin/dash.,auto_ruido,auto_ruido:dash,,,,audit_cwd=/var/ossec
ATA036,2,2026-09-29T10:39:52.515Z,victima-linux,80792,3,audit|audit_command,RS2,Audit: Command: /usr/bin/ps.,auto_ruido,auto_ruido:ps,,,,audit_cwd=/var/ossec
ATA036,2,2026-09-29T10:39:52.517Z,victima-linux,80792,3,audit|audit_command,RS2,Audit: Command: /usr/bin/dash.,auto_ruido,auto_ruido:dash,,,,audit_cwd=/var/ossec
ATA036,2,2026-09-29T10:39:52.520Z,victima-linux,80792,3,audit|audit_command,RS2,Audit: Command: /usr/bin/ps.,auto_ruido,auto_ruido:ps,,,,audit_cwd=/var/ossec
ATA036,2,2026-09-29T10:39:52.522Z,victima-linux,80792,3,audit|audit_command,RS2,Audit: Command: /usr/bin/dash.,auto_ruido,auto_ruido:dash,,,,audit_cwd=/var/ossec
ATA036,2,2026-09-29T10:39:52.525Z,victima-linux,80792,3,audit|audit_command,RS2,Audit: Command: /usr/bin/ps.,auto_ruido,auto_ruido:ps,,,,audit_cwd=/var/ossec
ATA036,2,2026-09-29T10:39:52.527Z,victima-linux,80792,3,audit|audit_command,RS2,Audit: Command: /usr/bin/dash.,auto_ruido,auto_ruido:dash,,,,audit_cwd=/var/ossec
ATA036,2,2026-09-29T10:39:52.530Z,victima-linux,80792,3,audit|audit_command,RS2,Audit: Command: /usr/bin/ps.,auto_ruido,auto_ruido:ps,,,,audit_cwd=/var/ossec
ATA036,2,2026-09-29T10:39:52.532Z,victima-linux,80792,3,audit|audit_command,RS2,Audit: Command: /usr/bin/dash.,auto_ruido,auto_ruido:dash,,,,audit_cwd=/var/ossec
ATA036,2,2026-09-29T10:39:52.534Z,victima-linux,80792,3,audit|audit_command,RS2,Audit: Command: /usr/bin/ps.,auto_ruido,auto_ruido:ps,,,,audit_cwd=/var/ossec
ATA036,2,2026-09-29T10:39:52.537Z,victima-linux,80792,3,audit|audit_command,RS2,Audit: Command: /usr/bin/dash.,auto_ruido,auto_ruido:dash,,,,audit_cwd=/var/ossec
ATA036,2,2026-09-29T10:39:52.539Z,victima-linux,80792,3,audit|audit_command,RS2,Audit: Command: /usr/bin/ps.,auto_ruido,auto_ruido:ps,,,,audit_cwd=/var/ossec
ATA036,2,2026-09-29T10:39:52.542Z,victima-linux,80792,3,audit|audit_command,RS2,Audit: Command: /usr/bin/dash.,auto_ruido,auto_ruido:dash,,,,audit_cwd=/var/ossec
ATA036,2,2026-09-29T10:39:52.544Z,victima-linux,80792,3,audit|audit_command,RS2,Audit: Command: /usr/bin/ps.,auto_ruido,auto_ruido:ps,,,,audit_cwd=/var/ossec
ATA036,2,2026-09-29T10:39:52.547Z,victima-linux,80792,3,audit|audit_command,RS2,Audit: Command: /usr/bin/dash.,auto_ruido,auto_ruido:dash,,,,audit_cwd=/var/ossec
ATA036,2,2026-09-29T10:39:52.549Z,victima-linux,80792,3,audit|audit_command,RS2,Audit: Command: /usr/bin/ps.,auto_ruido,auto_ruido:ps,,,,audit_cwd=/var/ossec
ATA036,2,2026-09-29T10:39:52.551Z,victima-linux,80792,3,audit|audit_command,RS2,Audit: Command: /usr/bin/dash.,auto_ruido,auto_ruido:dash,,,,audit_cwd=/var/ossec
ATA036,2,2026-09-29T10:39:52.554Z,victima-linux,80792,3,audit|audit_command,RS2,Audit: Command: /usr/bin/ps.,auto_ruido,auto_ruido:ps,,,,audit_cwd=/var/ossec
ATA036,2,2026-09-29T10:39:52.556Z,victima-linux,80792,3,audit|audit_command,RS2,Audit: Command: /usr/bin/dash.,auto_ruido,auto_ruido:dash,,,,audit_cwd=/var/ossec
ATA036,2,2026-09-29T10:39:52.559Z,victima-linux,80792,3,audit|audit_command,RS2,Audit: Command: /usr/bin/ps.,auto_ruido,auto_ruido:ps,,,,audit_cwd=/var/ossec
ATA036,2,2026-09-29T10:39:52.561Z,victima-linux,80792,3,audit|audit_command,RS2,Audit: Command: /usr/bin/dash.,auto_ruido,auto_ruido:dash,,,,audit_cwd=/var/ossec
ATA036,2,2026-09-29T10:39:52.564Z,victima-linux,80792,3,audit|audit_command,RS2,Audit: Command: /usr/bin/ps.,auto_ruido,auto_ruido:ps,,,,audit_cwd=/var/ossec
ATA036,2,2026-09-29T10:39:52.566Z,victima-linux,80792,3,audit|audit_command,RS2,Audit: Command: /usr/bin/dash.,auto_ruido,auto_ruido:dash,,,,audit_cwd=/var/ossec
ATA036,2,2026-09-29T10:39:52.568Z,victima-linux,80792,3,audit|audit_command,RS2,Audit: Command: /usr/bin/ps.,auto_ruido,auto_ruido:ps,,,,audit_cwd=/var/ossec
ATA036,2,2026-09-29T10:39:52.570Z,victima-linux,80792,3,audit|audit_command,RS2,Audit: Command: /usr/bin/dash.,auto_ruido,auto_ruido:dash,,,,audit_cwd=/var/ossec
ATA036,2,2026-09-29T10:39:52.572Z,victima-linux,80792,3,audit|audit_command,RS2,Audit: Command: /usr/bin/ps.,auto_ruido,auto_ruido:ps,,,,audit_cwd=/var/ossec
ATA036,2,2026-09-29T10:39:52.575Z,victima-linux,80792,3,audit|audit_command,RS2,Audit: Command: /usr/bin/dash.,auto_ruido,auto_ruido:dash,,,,audit_cwd=/var/ossec
ATA036,2,2026-09-29T10:39:52.577Z,victima-linux,80792,3,audit|audit_command,RS2,Audit: Command: /usr/bin/ps.,auto_ruido,auto_ruido:ps,,,,audit_cwd=/var/ossec
ATA036,2,2026-09-29T10:39:52.579Z,victima-linux,80792,3,audit|audit_command,RS2,Audit: Command: /usr/bin/dash.,auto_ruido,auto_ruido:dash,,,,audit_cwd=/var/ossec
ATA036,2,2026-09-29T10:39:52.582Z,victima-linux,80792,3,audit|audit_command,RS2,Audit: Command: /usr/bin/ps.,auto_ruido,auto_ruido:ps,,,,audit_cwd=/var/ossec
ATA036,2,2026-09-29T10:39:52.584Z,victima-linux,80792,3,audit|audit_command,RS2,Audit: Command: /usr/bin/dash.,auto_ruido,auto_ruido:dash,,,,audit_cwd=/var/ossec
ATA036,2,2026-09-29T10:39:52.586Z,victima-linux,80792,3,audit|audit_command,RS2,Audit: Command: /usr/bin/ps.,auto_ruido,auto_ruido:ps,,,,audit_cwd=/var/ossec
ATA036,2,2026-09-29T10:39:52.589Z,victima-linux,80792,3,audit|audit_command,RS2,Audit: Command: /usr/bin/dash.,auto_ruido,auto_ruido:dash,,,,audit_cwd=/var/ossec
ATA036,2,2026-09-29T10:39:52.591Z,victima-linux,80792,3,audit|audit_command,RS2,Audit: Command: /usr/bin/ps.,auto_ruido,auto_ruido:ps,,,,audit_cwd=/var/ossec
ATA036,2,2026-09-29T10:39:52.593Z,victima-linux,80792,3,audit|audit_command,RS2,Audit: Command: /usr/bin/dash.,auto_ruido,auto_ruido:dash,,,,audit_cwd=/var/ossec
ATA036,2,2026-09-29T10:39:52.596Z,victima-linux,80792,3,audit|audit_command,RS2,Audit: Command: /usr/bin/ps.,auto_ruido,auto_ruido:ps,,,,audit_cwd=/var/ossec
ATA036,2,2026-09-29T10:39:52.598Z,victima-linux,80792,3,audit|audit_command,RS2,Audit: Command: /usr/bin/dash.,auto_ruido,auto_ruido:dash,,,,audit_cwd=/var/ossec
ATA036,2,2026-09-29T10:39:52.600Z,victima-linux,80792,3,audit|audit_command,RS2,Audit: Command: /usr/bin/ps.,auto_ruido,auto_ruido:ps,,,,audit_cwd=/var/ossec
ATA036,2,2026-09-29T10:39:52.602Z,victima-linux,80792,3,audit|audit_command,RS2,Audit: Command: /usr/bin/dash.,auto_ruido,auto_ruido:dash,,,,audit_cwd=/var/ossec
ATA036,2,2026-09-29T10:39:52.605Z,victima-linux,80792,3,audit|audit_command,RS2,Audit: Command: /usr/bin/ps.,auto_ruido,auto_ruido:ps,,,,audit_cwd=/var/ossec
ATA036,2,2026-09-29T10:39:52.607Z,victima-linux,80792,3,audit|audit_command,RS2,Audit: Command: /usr/bin/dash.,auto_ruido,auto_ruido:dash,,,,audit_cwd=/var/ossec
ATA036,2,2026-09-29T10:39:52.610Z,victima-linux,80792,3,audit|audit_command,RS2,Audit: Command: /usr/bin/ps.,auto_ruido,auto_ruido:ps,,,,audit_cwd=/var/ossec
ATA036,2,2026-09-29T10:39:52.613Z,victima-linux,80792,3,audit|audit_command,RS2,Audit: Command: /usr/bin/dash.,auto_ruido,auto_ruido:dash,,,,audit_cwd=/var/ossec
ATA036,2,2026-09-29T10:39:52.615Z,victima-linux,80792,3,audit|audit_command,RS2,Audit: Command: /usr/bin/ps.,auto_ruido,auto_ruido:ps,,,,audit_cwd=/var/ossec
ATA036,2,2026-09-29T10:39:52.618Z,victima-linux,80792,3,audit|audit_command,RS2,Audit: Command: /usr/bin/dash.,auto_ruido,auto_ruido:dash,,,,audit_cwd=/var/ossec
ATA036,2,2026-09-29T10:39:52.620Z,victima-linux,80792,3,audit|audit_command,RS2,Audit: Command: /usr/bin/ps.,auto_ruido,auto_ruido:ps,,,,audit_cwd=/var/ossec
ATA036,2,2026-09-29T10:39:52.622Z,victima-linux,80792,3,audit|audit_command,RS2,Audit: Command: /usr/bin/dash.,auto_ruido,auto_ruido:dash,,,,audit_cwd=/var/ossec
ATA036,2,2026-09-29T10:39:52.625Z,victima-linux,80792,3,audit|audit_command,RS2,Audit: Command: /usr/bin/ps.,auto_ruido,auto_ruido:ps,,,,audit_cwd=/var/ossec
ATA036,2,2026-09-29T10:39:52.627Z,victima-linux,80792,3,audit|audit_command,RS2,Audit: Command: /usr/bin/dash.,auto_ruido,auto_ruido:dash,,,,audit_cwd=/var/ossec
ATA036,2,2026-09-29T10:39:52.630Z,victima-linux,80792,3,audit|audit_command,RS2,Audit: Command: /usr/bin/ps.,auto_ruido,auto_ruido:ps,,,,audit_cwd=/var/ossec
ATA036,2,2026-09-29T10:39:52.632Z,victima-linux,80792,3,audit|audit_command,RS2,Audit: Command: /usr/bin/dash.,auto_ruido,auto_ruido:dash,,,,audit_cwd=/var/ossec
ATA036,2,2026-09-29T10:39:52.635Z,victima-linux,80792,3,audit|audit_command,RS2,Audit: Command: /usr/bin/ps.,auto_ruido,auto_ruido:ps,,,,audit_cwd=/var/ossec
ATA036,2,2026-09-29T10:39:54.515Z,victima-linux,80792,3,audit|audit_command,RS2,Audit: Command: /usr/bin/dash.,auto_ruido,auto_ruido:dash,,,,audit_cwd=/var/ossec
ATA036,2,2026-09-29T10:39:54.515Z,victima-linux,80792,3,audit|audit_command,RS2,Audit: Command: /usr/bin/ps.,auto_ruido,auto_ruido:ps,,,,audit_cwd=/var/ossec
ATA036,2,2026-09-29T10:39:54.517Z,victima-linux,80792,3,audit|audit_command,RS2,Audit: Command: /usr/bin/dash.,auto_ruido,auto_ruido:dash,,,,audit_cwd=/var/ossec
ATA036,2,2026-09-29T10:39:54.520Z,victima-linux,80792,3,audit|audit_command,RS2,Audit: Command: /usr/bin/ps.,auto_ruido,auto_ruido:ps,,,,audit_cwd=/var/ossec
ATA036,2,2026-09-29T10:39:54.522Z,victima-linux,80792,3,audit|audit_command,RS2,Audit: Command: /usr/bin/dash.,auto_ruido,auto_ruido:dash,,,,audit_cwd=/var/ossec
ATA036,2,2026-09-29T10:39:54.525Z,victima-linux,80792,3,audit|audit_command,RS2,Audit: Command: /usr/bin/ps.,auto_ruido,auto_ruido:ps,,,,audit_cwd=/var/ossec
ATA036,2,2026-09-29T10:39:54.527Z,victima-linux,80792,3,audit|audit_command,RS2,Audit: Command: /usr/bin/dash.,auto_ruido,auto_ruido:dash,,,,audit_cwd=/var/ossec
ATA036,2,2026-09-29T10:39:54.530Z,victima-linux,80792,3,audit|audit_command,RS2,Audit: Command: /usr/bin/ps.,auto_ruido,auto_ruido:ps,,,,audit_cwd=/var/ossec
ATA036,2,2026-09-29T10:39:54.532Z,victima-linux,80791,3,audit|audit_watch_delete|audit_watch_write,RS2,Audit: Deleted: var/run/.,auto_ruido,auto_ruido:wazuh-agentd,,,,audit_exe=/var/ossec/bin/wazuh-agentd
ATA036,2,2026-09-29T10:39:58.515Z,victima-linux,80791,3,audit|audit_watch_delete|audit_watch_write,RS2,Audit: Deleted: var/run/.,auto_ruido,auto_ruido:wazuh-agentd,,,,audit_exe=/var/ossec/bin/wazuh-agentd
