# ATA034_iter2-Audited.csv | TFG HIDS - Fase 3 A2.1 (R-09/R-13) | ata=ATA034 iter=2 | modo=ataque | alerta=Dataset/Ataques/Resultados/Wazuh/linux/CSV/ATA034_iter2-Detalle.csv sha256=022c5ba706213220144390c9de3c5bd47a8b59d5a7ac69b748a6b178798538a5 | catalogo=Dataset/Legitimo/ruleids_legitimos.csv sha256=388dce2f0a3c51e8dcb5583a393a25d4b9483e35881701817bc1d3bd41561be8 | esperado=Dataset/Ataques/Comandos\T1560.003-Archive_via_Custom_Method\ATA034_esperado.csv sha256=a2f615624ba3631102e6454b0caef8559ad79fa7e7751dbbeb4e81d48eb7a763 | conteos: filas=921 deteccion=0 auto_ruido=605 ruido_conocido=287 dudosa=0 artefacto_ataque=29 | columnas: ata_id,iter,timestamp_utc,agent_name,rule_id,rule_level,rule_groups,rs_origen,rule_description,categoria,motivo,atribucion,revision,veredicto_humano,evidencia
ata_id,iter,timestamp_utc,agent_name,rule_id,rule_level,rule_groups,rs_origen,rule_description,categoria,motivo,atribucion,revision,veredicto_humano,evidencia
ATA034,2,2026-09-29T10:14:12.089Z,victima-linux,80792,3,audit|audit_command,RS2,Audit: Command: /usr/sbin/sshd.,ruido_conocido,baseline,,,,rule_id=80792
ATA034,2,2026-09-29T10:14:12.097Z,victima-linux,80780,3,audit|audit_watch_write,RS2,Audit: Watch - Write access.,ruido_conocido,baseline,,,,rule_id=80780
ATA034,2,2026-09-29T10:14:12.105Z,victima-linux,80791,3,audit|audit_watch_delete|audit_watch_write,RS2,Audit: Deleted: /run/systemd/users/.,ruido_conocido,baseline,,,,rule_id=80791
ATA034,2,2026-09-29T10:14:12.107Z,victima-linux,80791,3,audit|audit_watch_delete|audit_watch_write,RS2,Audit: Deleted: /run/systemd/users/.,ruido_conocido,baseline,,,,rule_id=80791
ATA034,2,2026-09-29T10:14:12.110Z,victima-linux,80792,3,audit|audit_command,RS2,Audit: Command: /usr/lib/systemd/systemd-executor.,ruido_conocido,baseline,,,,rule_id=80792
ATA034,2,2026-09-29T10:14:12.112Z,victima-linux,80792,3,audit|audit_command,RS2,Audit: Command: /usr/lib/systemd/systemd-user-runtime-dir.,ruido_conocido,baseline,,,,rule_id=80792
ATA034,2,2026-09-29T10:14:12.115Z,victima-linux,80791,3,audit|audit_watch_delete|audit_watch_write,RS2,Audit: Deleted: /run/systemd/sessions/.,ruido_conocido,baseline,,,,rule_id=80791
ATA034,2,2026-09-29T10:14:12.117Z,victima-linux,80791,3,audit|audit_watch_delete|audit_watch_write,RS2,Audit: Deleted: /run/systemd/users/.,ruido_conocido,baseline,,,,rule_id=80791
ATA034,2,2026-09-29T10:14:12.122Z,victima-linux,80792,3,audit|audit_command,RS2,Audit: Command: /usr/lib/systemd/systemd-executor.,ruido_conocido,baseline,,,,rule_id=80792
ATA034,2,2026-09-29T10:14:12.129Z,victima-linux,80780,3,audit|audit_watch_write,RS2,Audit: Watch - Write access.,ruido_conocido,baseline,,,,rule_id=80780
ATA034,2,2026-09-29T10:14:12.136Z,victima-linux,80792,3,audit|audit_command,RS2,Audit: Command: /usr/lib/systemd/systemd.,ruido_conocido,baseline,,,,rule_id=80792
ATA034,2,2026-09-29T10:14:12.139Z,victima-linux,80792,3,audit|audit_command,RS2,Audit: Command: /usr/lib/systemd/user-environment-generators/30-systemd-environment-d-generator.,ruido_conocido,baseline,,,,rule_id=80792
ATA034,2,2026-09-29T10:14:12.141Z,victima-linux,80792,3,audit|audit_command,RS2,Audit: Command: /usr/lib/systemd/user-generators/systemd-xdg-autostart-generator.,ruido_conocido,baseline,,,,rule_id=80792
ATA034,2,2026-09-29T10:14:12.143Z,victima-linux,80782,3,audit|audit_watch_write,RS2,Audit: Watch - Write access: /run/user/1000/systemd/.,ruido_conocido,baseline,,,,rule_id=80782
ATA034,2,2026-09-29T10:14:12.146Z,victima-linux,80782,3,audit|audit_watch_write,RS2,Audit: Watch - Write access: /run/user/1000/systemd/.,ruido_conocido,baseline,,,,rule_id=80782
ATA034,2,2026-09-29T10:14:12.153Z,victima-linux,80791,3,audit|audit_watch_delete|audit_watch_write,RS2,Audit: Deleted: /run/user/1000/systemd/units/.,ruido_conocido,baseline,,,,rule_id=80791
ATA034,2,2026-09-29T10:14:12.154Z,victima-linux,80791,3,audit|audit_watch_delete|audit_watch_write,RS2,Audit: Deleted: /run/user/1000/systemd/units/.,ruido_conocido,baseline,,,,rule_id=80791
ATA034,2,2026-09-29T10:14:12.154Z,victima-linux,80792,3,audit|audit_command,RS2,Audit: Command: /usr/lib/systemd/systemd-executor.,ruido_conocido,baseline,,,,rule_id=80792
ATA034,2,2026-09-29T10:14:12.156Z,victima-linux,80792,3,audit|audit_command,RS2,Audit: Command: /usr/lib/systemd/systemd-executor.,ruido_conocido,baseline,,,,rule_id=80792
ATA034,2,2026-09-29T10:14:12.158Z,victima-linux,80792,3,audit|audit_command,RS2,Audit: Command: /usr/bin/systemctl.,ruido_conocido,baseline,,,,rule_id=80792
ATA034,2,2026-09-29T10:14:12.161Z,victima-linux,80792,3,audit|audit_command,RS2,Audit: Command: /usr/bin/systemctl.,ruido_conocido,baseline,,,,rule_id=80792
ATA034,2,2026-09-29T10:14:12.163Z,victima-linux,80792,3,audit|audit_command,RS2,Audit: Command: /usr/lib/systemd/systemd-executor.,ruido_conocido,baseline,,,,rule_id=80792
ATA034,2,2026-09-29T10:14:12.166Z,victima-linux,80792,3,audit|audit_command,RS2,Audit: Command: /usr/bin/systemctl.,ruido_conocido,baseline,,,,rule_id=80792
ATA034,2,2026-09-29T10:14:12.171Z,victima-linux,80791,3,audit|audit_watch_delete|audit_watch_write,RS2,Audit: Deleted: /run/systemd/users/.,ruido_conocido,baseline,,,,rule_id=80791
ATA034,2,2026-09-29T10:14:12.173Z,victima-linux,80791,3,audit|audit_watch_delete|audit_watch_write,RS2,Audit: Deleted: /run/systemd/sessions/.,ruido_conocido,baseline,,,,rule_id=80791
ATA034,2,2026-09-29T10:14:12.182Z,victima-linux,80780,3,audit|audit_watch_write,RS2,Audit: Watch - Write access.,ruido_conocido,baseline,,,,rule_id=80780
ATA034,2,2026-09-29T10:14:12.182Z,victima-linux,80791,3,audit|audit_watch_delete|audit_watch_write,RS2,Audit: Deleted: /run/systemd/sessions/.,ruido_conocido,baseline,,,,rule_id=80791
ATA034,2,2026-09-29T10:14:12.182Z,victima-linux,80792,3,audit|audit_command,RS2,Audit: Command: /usr/bin/dash.,ruido_conocido,baseline,,,,rule_id=80792
ATA034,2,2026-09-29T10:14:12.189Z,victima-linux,80792,3,audit|audit_command,RS2,Audit: Command: /usr/bin/env.,ruido_conocido,baseline,,,,rule_id=80792
ATA034,2,2026-09-29T10:14:12.192Z,victima-linux,80792,3,audit|audit_command,RS2,Audit: Command: /usr/bin/env.,ruido_conocido,baseline,,,,rule_id=80792
ATA034,2,2026-09-29T10:14:12.194Z,victima-linux,80792,3,audit|audit_command,RS2,Audit: Command: /usr/bin/env.,ruido_conocido,baseline,,,,rule_id=80792
ATA034,2,2026-09-29T10:14:12.200Z,victima-linux,80792,3,audit|audit_command,RS2,Audit: Command: /usr/bin/env.,ruido_conocido,baseline,,,,rule_id=80792
ATA034,2,2026-09-29T10:14:12.200Z,victima-linux,80792,3,audit|audit_command,RS2,Audit: Command: /usr/bin/run-parts.,ruido_conocido,baseline,,,,rule_id=80792
ATA034,2,2026-09-29T10:14:12.201Z,victima-linux,80792,3,audit|audit_command,RS2,Audit: Command: /usr/bin/dash.,ruido_conocido,baseline,,,,rule_id=80792
ATA034,2,2026-09-29T10:14:12.203Z,victima-linux,80792,3,audit|audit_command,RS2,Audit: Command: /usr/bin/uname.,ruido_conocido,baseline,,,,rule_id=80792
ATA034,2,2026-09-29T10:14:12.205Z,victima-linux,80792,3,audit|audit_command,RS2,Audit: Command: /usr/bin/uname.,ruido_conocido,baseline,,,,rule_id=80792
ATA034,2,2026-09-29T10:14:12.212Z,victima-linux,80792,3,audit|audit_command,RS2,Audit: Command: /usr/bin/dash.,ruido_conocido,baseline,,,,rule_id=80792
ATA034,2,2026-09-29T10:14:12.212Z,victima-linux,80792,3,audit|audit_command,RS2,Audit: Command: /usr/bin/dash.,ruido_conocido,baseline,,,,rule_id=80792
ATA034,2,2026-09-29T10:14:12.212Z,victima-linux,80792,3,audit|audit_command,RS2,Audit: Command: /usr/bin/uname.,ruido_conocido,baseline,,,,rule_id=80792
ATA034,2,2026-09-29T10:14:12.214Z,victima-linux,80792,3,audit|audit_command,RS2,Audit: Command: /usr/bin/find.,ruido_conocido,baseline,,,,rule_id=80792
ATA034,2,2026-09-29T10:14:12.216Z,victima-linux,80792,3,audit|audit_command,RS2,Audit: Command: /usr/bin/grep.,ruido_conocido,baseline,,,,rule_id=80792
ATA034,2,2026-09-29T10:14:12.218Z,victima-linux,80792,3,audit|audit_command,RS2,Audit: Command: /usr/bin/bc.,ruido_conocido,baseline,,,,rule_id=80792
ATA034,2,2026-09-29T10:14:12.221Z,victima-linux,80792,3,audit|audit_command,RS2,Audit: Command: /usr/bin/cut.,ruido_conocido,baseline,,,,rule_id=80792
ATA034,2,2026-09-29T10:14:12.223Z,victima-linux,80792,3,audit|audit_command,RS2,Audit: Command: /usr/bin/date.,ruido_conocido,baseline,,,,rule_id=80792
ATA034,2,2026-09-29T10:14:12.238Z,victima-linux,80792,3,audit|audit_command,RS2,Audit: Command: /usr/bin/chmod.,ruido_conocido,baseline,,,,rule_id=80792
ATA034,2,2026-09-29T10:14:12.238Z,victima-linux,80792,3,audit|audit_command,RS2,Audit: Command: /usr/bin/who.,ruido_conocido,baseline,,,,rule_id=80792
ATA034,2,2026-09-29T10:14:12.240Z,victima-linux,80792,3,audit|audit_command,RS2,Audit: Command: /usr/bin/dash.,ruido_conocido,baseline,,,,rule_id=80792
ATA034,2,2026-09-29T10:14:12.242Z,victima-linux,80792,3,audit|audit_command,RS2,Audit: Command: /usr/bin/cat.,ruido_conocido,baseline,,,,rule_id=80792
ATA034,2,2026-09-29T10:14:12.244Z,victima-linux,80792,3,audit|audit_command,RS2,Audit: Command: /usr/bin/tr.,ruido_conocido,baseline,,,,rule_id=80792
ATA034,2,2026-09-29T10:14:12.247Z,victima-linux,80792,3,audit|audit_command,RS2,Audit: Command: /usr/bin/cut.,ruido_conocido,baseline,,,,rule_id=80792
ATA034,2,2026-09-29T10:14:12.249Z,victima-linux,80792,3,audit|audit_command,RS2,Audit: Command: /usr/bin/head.,ruido_conocido,baseline,,,,rule_id=80792
ATA034,2,2026-09-29T10:14:12.256Z,victima-linux,80792,3,audit|audit_command,RS2,Audit: Command: /usr/bin/dash.,ruido_conocido,baseline,,,,rule_id=80792
ATA034,2,2026-09-29T10:14:12.256Z,victima-linux,80792,3,audit|audit_command,RS2,Audit: Command: /usr/bin/dash.,ruido_conocido,baseline,,,,rule_id=80792
ATA034,2,2026-09-29T10:14:12.258Z,victima-linux,80792,3,audit|audit_command,RS2,Audit: Command: /usr/bin/cat.,ruido_conocido,baseline,,,,rule_id=80792
ATA034,2,2026-09-29T10:14:12.260Z,victima-linux,80792,3,audit|audit_command,RS2,Audit: Command: /usr/bin/find.,ruido_conocido,baseline,,,,rule_id=80792
ATA034,2,2026-09-29T10:14:12.262Z,victima-linux,80792,3,audit|audit_command,RS2,Audit: Command: /usr/bin/grep.,ruido_conocido,baseline,,,,rule_id=80792
ATA034,2,2026-09-29T10:14:12.265Z,victima-linux,80792,3,audit|audit_command,RS2,Audit: Command: /usr/bin/dash.,ruido_conocido,baseline,,,,rule_id=80792
ATA034,2,2026-09-29T10:14:12.268Z,victima-linux,80792,3,audit|audit_command,RS2,Audit: Command: /usr/bin/dash.,ruido_conocido,baseline,,,,rule_id=80792
ATA034,2,2026-09-29T10:14:12.270Z,victima-linux,80792,3,audit|audit_command,RS2,Audit: Command: /usr/bin/cut.,ruido_conocido,baseline,,,,rule_id=80792
ATA034,2,2026-09-29T10:14:12.273Z,victima-linux,80792,3,audit|audit_command,RS2,Audit: Command: /usr/bin/id.,ruido_conocido,baseline,,,,rule_id=80792
ATA034,2,2026-09-29T10:14:12.275Z,victima-linux,80792,3,audit|audit_command,RS2,Audit: Command: /usr/bin/dash.,ruido_conocido,baseline,,,,rule_id=80792
ATA034,2,2026-09-29T10:14:12.278Z,victima-linux,80792,3,audit|audit_command,RS2,Audit: Command: /usr/bin/date.,ruido_conocido,baseline,,,,rule_id=80792
ATA034,2,2026-09-29T10:14:12.280Z,victima-linux,80792,3,audit|audit_command,RS2,Audit: Command: /usr/bin/stat.,ruido_conocido,baseline,,,,rule_id=80792
ATA034,2,2026-09-29T10:14:12.282Z,victima-linux,80792,3,audit|audit_command,RS2,Audit: Command: /usr/bin/expr.,ruido_conocido,baseline,,,,rule_id=80792
ATA034,2,2026-09-29T10:14:12.284Z,victima-linux,80792,3,audit|audit_command,RS2,Audit: Command: /usr/bin/cat.,ruido_conocido,baseline,,,,rule_id=80792
ATA034,2,2026-09-29T10:14:12.287Z,victima-linux,80792,3,audit|audit_command,RS2,Audit: Command: /usr/bin/dash.,ruido_conocido,baseline,,,,rule_id=80792
ATA034,2,2026-09-29T10:14:12.289Z,victima-linux,80792,3,audit|audit_command,RS2,Audit: Command: /usr/bin/dash.,ruido_conocido,baseline,,,,rule_id=80792
ATA034,2,2026-09-29T10:14:12.297Z,victima-linux,80792,3,audit|audit_command,RS2,Audit: Command: /usr/bin/dash.,ruido_conocido,baseline,,,,rule_id=80792
ATA034,2,2026-09-29T10:14:12.297Z,victima-linux,80792,3,audit|audit_command,RS2,Audit: Command: /usr/bin/dash.,ruido_conocido,baseline,,,,rule_id=80792
ATA034,2,2026-09-29T10:14:12.297Z,victima-linux,80792,3,audit|audit_command,RS2,Audit: Command: /usr/bin/find.,ruido_conocido,baseline,,,,rule_id=80792
ATA034,2,2026-09-29T10:14:12.299Z,victima-linux,80792,3,audit|audit_command,RS2,Audit: Command: /usr/bin/dash.,ruido_conocido,baseline,,,,rule_id=80792
ATA034,2,2026-09-29T10:14:12.301Z,victima-linux,80792,3,audit|audit_command,RS2,Audit: Command: /usr/bin/sort.,ruido_conocido,baseline,,,,rule_id=80792
ATA034,2,2026-09-29T10:14:12.304Z,victima-linux,80792,3,audit|audit_command,RS2,Audit: Command: /usr/bin/dash.,ruido_conocido,baseline,,,,rule_id=80792
ATA034,2,2026-09-29T10:14:12.306Z,victima-linux,80792,3,audit|audit_command,RS2,Audit: Command: /usr/bin/dash.,ruido_conocido,baseline,,,,rule_id=80792
ATA034,2,2026-09-29T10:14:12.313Z,victima-linux,80792,3,audit|audit_command,RS2,Audit: Command: /usr/bin/dash.,ruido_conocido,baseline,,,,rule_id=80792
ATA034,2,2026-09-29T10:14:12.314Z,victima-linux,80792,3,audit|audit_command,RS2,Audit: Command: /usr/bin/dash.,ruido_conocido,baseline,,,,rule_id=80792
ATA034,2,2026-09-29T10:14:12.314Z,victima-linux,80792,3,audit|audit_command,RS2,Audit: Command: /usr/bin/grep.,ruido_conocido,baseline,,,,rule_id=80792
ATA034,2,2026-09-29T10:14:12.316Z,victima-linux,80792,3,audit|audit_command,RS2,Audit: Command: /usr/bin/dash.,ruido_conocido,baseline,,,,rule_id=80792
ATA034,2,2026-09-29T10:14:12.318Z,victima-linux,80792,3,audit|audit_command,RS2,Audit: Command: /usr/bin/id.,ruido_conocido,baseline,,,,rule_id=80792
ATA034,2,2026-09-29T10:14:12.321Z,victima-linux,80792,3,audit|audit_command,RS2,Audit: Command: /usr/bin/stat.,ruido_conocido,baseline,,,,rule_id=80792
ATA034,2,2026-09-29T10:14:12.323Z,victima-linux,80792,3,audit|audit_command,RS2,Audit: Command: /usr/bin/gawk.,ruido_conocido,baseline,,,,rule_id=80792
ATA034,2,2026-09-29T10:14:12.325Z,victima-linux,80792,3,audit|audit_command,RS2,Audit: Command: /usr/bin/date.,ruido_conocido,baseline,,,,rule_id=80792
ATA034,2,2026-09-29T10:14:12.332Z,victima-linux,80792,3,audit|audit_command,RS2,Audit: Command: /usr/bin/cat.,ruido_conocido,baseline,,,,rule_id=80792
ATA034,2,2026-09-29T10:14:12.332Z,victima-linux,80792,3,audit|audit_command,RS2,Audit: Command: /usr/bin/date.,ruido_conocido,baseline,,,,rule_id=80792
ATA034,2,2026-09-29T10:14:12.333Z,victima-linux,80792,3,audit|audit_command,RS2,Audit: Command: /usr/bin/dash.,ruido_conocido,baseline,,,,rule_id=80792
ATA034,2,2026-09-29T10:14:12.335Z,victima-linux,80792,3,audit|audit_command,RS2,Audit: Command: /usr/bin/dash.,ruido_conocido,baseline,,,,rule_id=80792
ATA034,2,2026-09-29T10:14:12.337Z,victima-linux,80791,3,audit|audit_watch_delete|audit_watch_write,RS2,Audit: Deleted: /run/.,ruido_conocido,baseline,,,,rule_id=80791
ATA034,2,2026-09-29T10:14:12.345Z,victima-linux,80792,3,audit|audit_command,RS2,Audit: Command: /usr/bin/bash.,ruido_conocido,baseline,,,,rule_id=80792
ATA034,2,2026-09-29T10:14:12.347Z,victima-linux,80792,3,audit|audit_command,RS2,Audit: Command: /usr/bin/mkdir.,ruido_conocido,baseline,,,,rule_id=80792
ATA034,2,2026-09-29T10:14:12.354Z,victima-linux,80791,3,audit|audit_watch_delete|audit_watch_write,RS2,Audit: Deleted: /run/systemd/sessions/3.ref.,ruido_conocido,baseline,,,,rule_id=80791
ATA034,2,2026-09-29T10:14:12.356Z,victima-linux,80791,3,audit|audit_watch_delete|audit_watch_write,RS2,Audit: Deleted: /run/systemd/sessions/.,ruido_conocido,baseline,,,,rule_id=80791
ATA034,2,2026-09-29T10:14:12.358Z,victima-linux,80791,3,audit|audit_watch_delete|audit_watch_write,RS2,Audit: Deleted: /run/systemd/users/.,ruido_conocido,baseline,,,,rule_id=80791
ATA034,2,2026-09-29T10:14:12.365Z,victima-linux,80791,3,audit|audit_watch_delete|audit_watch_write,RS2,Audit: Deleted: /run/systemd/sessions/3.,ruido_conocido,baseline,,,,rule_id=80791
ATA034,2,2026-09-29T10:14:12.365Z,victima-linux,80791,3,audit|audit_watch_delete|audit_watch_write,RS2,Audit: Deleted: /run/systemd/users/.,ruido_conocido,baseline,,,,rule_id=80791
ATA034,2,2026-09-29T10:14:12.366Z,victima-linux,80792,3,audit|audit_command,RS2,Audit: Command: /usr/sbin/sshd.,ruido_conocido,baseline,,,,rule_id=80792
ATA034,2,2026-09-29T10:14:12.373Z,victima-linux,80780,3,audit|audit_watch_write,RS2,Audit: Watch - Write access.,ruido_conocido,baseline,,,,rule_id=80780
ATA034,2,2026-09-29T10:14:12.377Z,victima-linux,80791,3,audit|audit_watch_delete|audit_watch_write,RS2,Audit: Deleted: /run/systemd/sessions/.,ruido_conocido,baseline,,,,rule_id=80791
ATA034,2,2026-09-29T10:14:12.379Z,victima-linux,80791,3,audit|audit_watch_delete|audit_watch_write,RS2,Audit: Deleted: /run/systemd/users/.,ruido_conocido,baseline,,,,rule_id=80791
ATA034,2,2026-09-29T10:14:12.382Z,victima-linux,80791,3,audit|audit_watch_delete|audit_watch_write,RS2,Audit: Deleted: /run/systemd/sessions/.,ruido_conocido,baseline,,,,rule_id=80791
ATA034,2,2026-09-29T10:14:12.389Z,victima-linux,80791,3,audit|audit_watch_delete|audit_watch_write,RS2,Audit: Deleted: /run/systemd/sessions/.,ruido_conocido,baseline,,,,rule_id=80791
ATA034,2,2026-09-29T10:14:12.389Z,victima-linux,80791,3,audit|audit_watch_delete|audit_watch_write,RS2,Audit: Deleted: /run/systemd/users/.,ruido_conocido,baseline,,,,rule_id=80791
ATA034,2,2026-09-29T10:14:12.390Z,victima-linux,80792,3,audit|audit_command,RS2,Audit: Command: /usr/bin/dash.,ruido_conocido,baseline,,,,rule_id=80792
ATA034,2,2026-09-29T10:14:12.392Z,victima-linux,80792,3,audit|audit_command,RS2,Audit: Command: /usr/bin/env.,ruido_conocido,baseline,,,,rule_id=80792
ATA034,2,2026-09-29T10:14:12.394Z,victima-linux,80792,3,audit|audit_command,RS2,Audit: Command: /usr/bin/env.,ruido_conocido,baseline,,,,rule_id=80792
ATA034,2,2026-09-29T10:14:12.396Z,victima-linux,80792,3,audit|audit_command,RS2,Audit: Command: /usr/bin/env.,ruido_conocido,baseline,,,,rule_id=80792
ATA034,2,2026-09-29T10:14:12.403Z,victima-linux,80792,3,audit|audit_command,RS2,Audit: Command: /usr/bin/env.,ruido_conocido,baseline,,,,rule_id=80792
ATA034,2,2026-09-29T10:14:12.404Z,victima-linux,80792,3,audit|audit_command,RS2,Audit: Command: /usr/bin/dash.,ruido_conocido,baseline,,,,rule_id=80792
ATA034,2,2026-09-29T10:14:12.404Z,victima-linux,80792,3,audit|audit_command,RS2,Audit: Command: /usr/bin/run-parts.,ruido_conocido,baseline,,,,rule_id=80792
ATA034,2,2026-09-29T10:14:12.405Z,victima-linux,80792,3,audit|audit_command,RS2,Audit: Command: /usr/bin/uname.,ruido_conocido,baseline,,,,rule_id=80792
ATA034,2,2026-09-29T10:14:12.408Z,victima-linux,80792,3,audit|audit_command,RS2,Audit: Command: /usr/bin/uname.,ruido_conocido,baseline,,,,rule_id=80792
ATA034,2,2026-09-29T10:14:12.415Z,victima-linux,80792,3,audit|audit_command,RS2,Audit: Command: /usr/bin/uname.,ruido_conocido,baseline,,,,rule_id=80792
ATA034,2,2026-09-29T10:14:12.416Z,victima-linux,80792,3,audit|audit_command,RS2,Audit: Command: /usr/bin/dash.,ruido_conocido,baseline,,,,rule_id=80792
ATA034,2,2026-09-29T10:14:12.416Z,victima-linux,80792,3,audit|audit_command,RS2,Audit: Command: /usr/bin/dash.,ruido_conocido,baseline,,,,rule_id=80792
ATA034,2,2026-09-29T10:14:12.418Z,victima-linux,80792,3,audit|audit_command,RS2,Audit: Command: /usr/bin/find.,ruido_conocido,baseline,,,,rule_id=80792
ATA034,2,2026-09-29T10:14:12.420Z,victima-linux,80792,3,audit|audit_command,RS2,Audit: Command: /usr/bin/cat.,ruido_conocido,baseline,,,,rule_id=80792
ATA034,2,2026-09-29T10:14:12.423Z,victima-linux,80792,3,audit|audit_command,RS2,Audit: Command: /usr/bin/dash.,ruido_conocido,baseline,,,,rule_id=80792
ATA034,2,2026-09-29T10:14:12.425Z,victima-linux,80792,3,audit|audit_command,RS2,Audit: Command: /usr/bin/cat.,ruido_conocido,baseline,,,,rule_id=80792
ATA034,2,2026-09-29T10:14:12.427Z,victima-linux,80792,3,audit|audit_command,RS2,Audit: Command: /usr/bin/head.,ruido_conocido,baseline,,,,rule_id=80792
ATA034,2,2026-09-29T10:14:12.432Z,victima-linux,80792,3,audit|audit_command,RS2,Audit: Command: /usr/bin/tr.,ruido_conocido,baseline,,,,rule_id=80792
ATA034,2,2026-09-29T10:14:12.434Z,victima-linux,80792,3,audit|audit_command,RS2,Audit: Command: /usr/bin/cut.,ruido_conocido,baseline,,,,rule_id=80792
ATA034,2,2026-09-29T10:14:12.437Z,victima-linux,80792,3,audit|audit_command,RS2,Audit: Command: /usr/bin/dash.,ruido_conocido,baseline,,,,rule_id=80792
ATA034,2,2026-09-29T10:14:12.439Z,victima-linux,80792,3,audit|audit_command,RS2,Audit: Command: /usr/bin/dash.,ruido_conocido,baseline,,,,rule_id=80792
ATA034,2,2026-09-29T10:14:12.441Z,victima-linux,80792,3,audit|audit_command,RS2,Audit: Command: /usr/bin/cat.,ruido_conocido,baseline,,,,rule_id=80792
ATA034,2,2026-09-29T10:14:12.443Z,victima-linux,80792,3,audit|audit_command,RS2,Audit: Command: /usr/bin/find.,ruido_conocido,baseline,,,,rule_id=80792
ATA034,2,2026-09-29T10:14:12.446Z,victima-linux,80792,3,audit|audit_command,RS2,Audit: Command: /usr/bin/grep.,ruido_conocido,baseline,,,,rule_id=80792
ATA034,2,2026-09-29T10:14:12.448Z,victima-linux,80792,3,audit|audit_command,RS2,Audit: Command: /usr/bin/dash.,ruido_conocido,baseline,,,,rule_id=80792
ATA034,2,2026-09-29T10:14:12.450Z,victima-linux,80792,3,audit|audit_command,RS2,Audit: Command: /usr/bin/dash.,ruido_conocido,baseline,,,,rule_id=80792
ATA034,2,2026-09-29T10:14:12.452Z,victima-linux,80792,3,audit|audit_command,RS2,Audit: Command: /usr/bin/cut.,ruido_conocido,baseline,,,,rule_id=80792
ATA034,2,2026-09-29T10:14:12.454Z,victima-linux,80792,3,audit|audit_command,RS2,Audit: Command: /usr/bin/id.,ruido_conocido,baseline,,,,rule_id=80792
ATA034,2,2026-09-29T10:14:12.457Z,victima-linux,80792,3,audit|audit_command,RS2,Audit: Command: /usr/bin/dash.,ruido_conocido,baseline,,,,rule_id=80792
ATA034,2,2026-09-29T10:14:12.459Z,victima-linux,80792,3,audit|audit_command,RS2,Audit: Command: /usr/bin/date.,ruido_conocido,baseline,,,,rule_id=80792
ATA034,2,2026-09-29T10:14:12.462Z,victima-linux,80792,3,audit|audit_command,RS2,Audit: Command: /usr/bin/stat.,ruido_conocido,baseline,,,,rule_id=80792
ATA034,2,2026-09-29T10:14:12.464Z,victima-linux,80792,3,audit|audit_command,RS2,Audit: Command: /usr/bin/expr.,ruido_conocido,baseline,,,,rule_id=80792
ATA034,2,2026-09-29T10:14:12.466Z,victima-linux,80792,3,audit|audit_command,RS2,Audit: Command: /usr/bin/cat.,ruido_conocido,baseline,,,,rule_id=80792
ATA034,2,2026-09-29T10:14:12.469Z,victima-linux,80792,3,audit|audit_command,RS2,Audit: Command: /usr/bin/dash.,ruido_conocido,baseline,,,,rule_id=80792
ATA034,2,2026-09-29T10:14:12.471Z,victima-linux,80792,3,audit|audit_command,RS2,Audit: Command: /usr/bin/dash.,ruido_conocido,baseline,,,,rule_id=80792
ATA034,2,2026-09-29T10:14:12.478Z,victima-linux,80792,3,audit|audit_command,RS2,Audit: Command: /usr/bin/dash.,ruido_conocido,baseline,,,,rule_id=80792
ATA034,2,2026-09-29T10:14:12.478Z,victima-linux,80792,3,audit|audit_command,RS2,Audit: Command: /usr/bin/dash.,ruido_conocido,baseline,,,,rule_id=80792
ATA034,2,2026-09-29T10:14:12.478Z,victima-linux,80792,3,audit|audit_command,RS2,Audit: Command: /usr/bin/find.,ruido_conocido,baseline,,,,rule_id=80792
ATA034,2,2026-09-29T10:14:12.480Z,victima-linux,80792,3,audit|audit_command,RS2,Audit: Command: /usr/bin/dash.,ruido_conocido,baseline,,,,rule_id=80792
ATA034,2,2026-09-29T10:14:12.482Z,victima-linux,80792,3,audit|audit_command,RS2,Audit: Command: /usr/bin/sort.,ruido_conocido,baseline,,,,rule_id=80792
ATA034,2,2026-09-29T10:14:12.485Z,victima-linux,80792,3,audit|audit_command,RS2,Audit: Command: /usr/bin/dash.,ruido_conocido,baseline,,,,rule_id=80792
ATA034,2,2026-09-29T10:14:12.487Z,victima-linux,80792,3,audit|audit_command,RS2,Audit: Command: /usr/bin/dash.,ruido_conocido,baseline,,,,rule_id=80792
ATA034,2,2026-09-29T10:14:12.494Z,victima-linux,80792,3,audit|audit_command,RS2,Audit: Command: /usr/bin/dash.,ruido_conocido,baseline,,,,rule_id=80792
ATA034,2,2026-09-29T10:14:12.494Z,victima-linux,80792,3,audit|audit_command,RS2,Audit: Command: /usr/bin/dash.,ruido_conocido,baseline,,,,rule_id=80792
ATA034,2,2026-09-29T10:14:12.494Z,victima-linux,80792,3,audit|audit_command,RS2,Audit: Command: /usr/bin/grep.,ruido_conocido,baseline,,,,rule_id=80792
ATA034,2,2026-09-29T10:14:12.496Z,victima-linux,80792,3,audit|audit_command,RS2,Audit: Command: /usr/bin/dash.,ruido_conocido,baseline,,,,rule_id=80792
ATA034,2,2026-09-29T10:14:12.498Z,victima-linux,80792,3,audit|audit_command,RS2,Audit: Command: /usr/bin/id.,ruido_conocido,baseline,,,,rule_id=80792
ATA034,2,2026-09-29T10:14:12.500Z,victima-linux,80792,3,audit|audit_command,RS2,Audit: Command: /usr/bin/stat.,ruido_conocido,baseline,,,,rule_id=80792
ATA034,2,2026-09-29T10:14:12.503Z,victima-linux,80792,3,audit|audit_command,RS2,Audit: Command: /usr/bin/gawk.,ruido_conocido,baseline,,,,rule_id=80792
ATA034,2,2026-09-29T10:14:12.505Z,victima-linux,80792,3,audit|audit_command,RS2,Audit: Command: /usr/bin/date.,ruido_conocido,baseline,,,,rule_id=80792
ATA034,2,2026-09-29T10:14:12.508Z,victima-linux,80792,3,audit|audit_command,RS2,Audit: Command: /usr/bin/date.,ruido_conocido,baseline,,,,rule_id=80792
ATA034,2,2026-09-29T10:14:12.510Z,victima-linux,80792,3,audit|audit_command,RS2,Audit: Command: /usr/bin/cat.,ruido_conocido,baseline,,,,rule_id=80792
ATA034,2,2026-09-29T10:14:12.512Z,victima-linux,80792,3,audit|audit_command,RS2,Audit: Command: /usr/bin/dash.,ruido_conocido,baseline,,,,rule_id=80792
ATA034,2,2026-09-29T10:14:12.514Z,victima-linux,80792,3,audit|audit_command,RS2,Audit: Command: /usr/bin/dash.,ruido_conocido,baseline,,,,rule_id=80792
ATA034,2,2026-09-29T10:14:12.525Z,victima-linux,80791,3,audit|audit_watch_delete|audit_watch_write,RS2,Audit: Deleted: /run/.,ruido_conocido,baseline,,,,rule_id=80791
ATA034,2,2026-09-29T10:14:12.525Z,victima-linux,80792,3,audit|audit_command,RS2,Audit: Command: /usr/bin/bash.,ruido_conocido,baseline,,,,rule_id=80792
ATA034,2,2026-09-29T10:14:12.527Z,victima-linux,80792,3,audit|audit_command,RS2,Audit: Command: /usr/lib/openssh/sftp-server.,ruido_conocido,baseline,,,,rule_id=80792
ATA034,2,2026-09-29T10:14:12.529Z,victima-linux,80780,3,audit|audit_watch_write,RS2,Audit: Watch - Write access.,ruido_conocido,baseline,,,,rule_id=80780
ATA034,2,2026-09-29T10:14:12.532Z,victima-linux,80780,3,audit|audit_watch_write,RS2,Audit: Watch - Write access.,ruido_conocido,baseline,,,,rule_id=80780
ATA034,2,2026-09-29T10:14:12.534Z,victima-linux,80780,3,audit|audit_watch_write,RS2,Audit: Watch - Write access.,ruido_conocido,baseline,,,,rule_id=80780
ATA034,2,2026-09-29T10:14:12.540Z,victima-linux,80791,3,audit|audit_watch_delete|audit_watch_write,RS2,Audit: Deleted: /run/systemd/sessions/5.ref.,ruido_conocido,baseline,,,,rule_id=80791
ATA034,2,2026-09-29T10:14:12.543Z,victima-linux,80791,3,audit|audit_watch_delete|audit_watch_write,RS2,Audit: Deleted: /run/systemd/sessions/.,ruido_conocido,baseline,,,,rule_id=80791
ATA034,2,2026-09-29T10:14:12.545Z,victima-linux,80791,3,audit|audit_watch_delete|audit_watch_write,RS2,Audit: Deleted: /run/systemd/users/.,ruido_conocido,baseline,,,,rule_id=80791
ATA034,2,2026-09-29T10:14:12.552Z,victima-linux,80791,3,audit|audit_watch_delete|audit_watch_write,RS2,Audit: Deleted: /run/systemd/sessions/5.,ruido_conocido,baseline,,,,rule_id=80791
ATA034,2,2026-09-29T10:14:12.552Z,victima-linux,80791,3,audit|audit_watch_delete|audit_watch_write,RS2,Audit: Deleted: /run/systemd/users/.,ruido_conocido,baseline,,,,rule_id=80791
ATA034,2,2026-09-29T10:14:12.553Z,victima-linux,80792,3,audit|audit_command,RS2,Audit: Command: /usr/sbin/sshd.,ruido_conocido,baseline,,,,rule_id=80792
ATA034,2,2026-09-29T10:14:12.559Z,victima-linux,80780,3,audit|audit_watch_write,RS2,Audit: Watch - Write access.,ruido_conocido,baseline,,,,rule_id=80780
ATA034,2,2026-09-29T10:14:12.565Z,victima-linux,80791,3,audit|audit_watch_delete|audit_watch_write,RS2,Audit: Deleted: /run/systemd/sessions/.,ruido_conocido,baseline,,,,rule_id=80791
ATA034,2,2026-09-29T10:14:12.566Z,victima-linux,80791,3,audit|audit_watch_delete|audit_watch_write,RS2,Audit: Deleted: /run/systemd/users/.,ruido_conocido,baseline,,,,rule_id=80791
ATA034,2,2026-09-29T10:14:12.569Z,victima-linux,80791,3,audit|audit_watch_delete|audit_watch_write,RS2,Audit: Deleted: /run/systemd/sessions/.,ruido_conocido,baseline,,,,rule_id=80791
ATA034,2,2026-09-29T10:14:12.571Z,victima-linux,80791,3,audit|audit_watch_delete|audit_watch_write,RS2,Audit: Deleted: /run/systemd/sessions/.,ruido_conocido,baseline,,,,rule_id=80791
ATA034,2,2026-09-29T10:14:12.573Z,victima-linux,80780,3,audit|audit_watch_write,RS2,Audit: Watch - Write access.,ruido_conocido,baseline,,,,rule_id=80780
ATA034,2,2026-09-29T10:14:12.575Z,victima-linux,80792,3,audit|audit_command,RS2,Audit: Command: /usr/bin/dash.,ruido_conocido,baseline,,,,rule_id=80792
ATA034,2,2026-09-29T10:14:12.584Z,victima-linux,80792,3,audit|audit_command,RS2,Audit: Command: /usr/bin/env.,ruido_conocido,baseline,,,,rule_id=80792
ATA034,2,2026-09-29T10:14:12.587Z,victima-linux,80792,3,audit|audit_command,RS2,Audit: Command: /usr/bin/env.,ruido_conocido,baseline,,,,rule_id=80792
ATA034,2,2026-09-29T10:14:12.590Z,victima-linux,80792,3,audit|audit_command,RS2,Audit: Command: /usr/bin/env.,ruido_conocido,baseline,,,,rule_id=80792
ATA034,2,2026-09-29T10:14:12.597Z,victima-linux,80792,3,audit|audit_command,RS2,Audit: Command: /usr/bin/dash.,ruido_conocido,baseline,,,,rule_id=80792
ATA034,2,2026-09-29T10:14:12.597Z,victima-linux,80792,3,audit|audit_command,RS2,Audit: Command: /usr/bin/env.,ruido_conocido,baseline,,,,rule_id=80792
ATA034,2,2026-09-29T10:14:12.597Z,victima-linux,80792,3,audit|audit_command,RS2,Audit: Command: /usr/bin/run-parts.,ruido_conocido,baseline,,,,rule_id=80792
ATA034,2,2026-09-29T10:14:12.600Z,victima-linux,80792,3,audit|audit_command,RS2,Audit: Command: /usr/bin/uname.,ruido_conocido,baseline,,,,rule_id=80792
ATA034,2,2026-09-29T10:14:12.602Z,victima-linux,80792,3,audit|audit_command,RS2,Audit: Command: /usr/bin/uname.,ruido_conocido,baseline,,,,rule_id=80792
ATA034,2,2026-09-29T10:14:12.610Z,victima-linux,80792,3,audit|audit_command,RS2,Audit: Command: /usr/bin/dash.,ruido_conocido,baseline,,,,rule_id=80792
ATA034,2,2026-09-29T10:14:12.610Z,victima-linux,80792,3,audit|audit_command,RS2,Audit: Command: /usr/bin/dash.,ruido_conocido,baseline,,,,rule_id=80792
ATA034,2,2026-09-29T10:14:12.610Z,victima-linux,80792,3,audit|audit_command,RS2,Audit: Command: /usr/bin/uname.,ruido_conocido,baseline,,,,rule_id=80792
ATA034,2,2026-09-29T10:14:12.612Z,victima-linux,80792,3,audit|audit_command,RS2,Audit: Command: /usr/bin/find.,ruido_conocido,baseline,,,,rule_id=80792
ATA034,2,2026-09-29T10:14:12.615Z,victima-linux,80792,3,audit|audit_command,RS2,Audit: Command: /usr/bin/cat.,ruido_conocido,baseline,,,,rule_id=80792
ATA034,2,2026-09-29T10:14:12.617Z,victima-linux,80792,3,audit|audit_command,RS2,Audit: Command: /usr/bin/dash.,ruido_conocido,baseline,,,,rule_id=80792
ATA034,2,2026-09-29T10:14:12.619Z,victima-linux,80792,3,audit|audit_command,RS2,Audit: Command: /usr/bin/cat.,ruido_conocido,baseline,,,,rule_id=80792
ATA034,2,2026-09-29T10:14:12.623Z,victima-linux,80792,3,audit|audit_command,RS2,Audit: Command: /usr/bin/head.,ruido_conocido,baseline,,,,rule_id=80792
ATA034,2,2026-09-29T10:14:12.625Z,victima-linux,80792,3,audit|audit_command,RS2,Audit: Command: /usr/bin/cut.,ruido_conocido,baseline,,,,rule_id=80792
ATA034,2,2026-09-29T10:14:12.632Z,victima-linux,80792,3,audit|audit_command,RS2,Audit: Command: /usr/bin/dash.,ruido_conocido,baseline,,,,rule_id=80792
ATA034,2,2026-09-29T10:14:12.632Z,victima-linux,80792,3,audit|audit_command,RS2,Audit: Command: /usr/bin/dash.,ruido_conocido,baseline,,,,rule_id=80792
ATA034,2,2026-09-29T10:14:12.632Z,victima-linux,80792,3,audit|audit_command,RS2,Audit: Command: /usr/bin/tr.,ruido_conocido,baseline,,,,rule_id=80792
ATA034,2,2026-09-29T10:14:12.634Z,victima-linux,80792,3,audit|audit_command,RS2,Audit: Command: /usr/bin/cat.,ruido_conocido,baseline,,,,rule_id=80792
ATA034,2,2026-09-29T10:14:12.637Z,victima-linux,80792,3,audit|audit_command,RS2,Audit: Command: /usr/bin/find.,ruido_conocido,baseline,,,,rule_id=80792
ATA034,2,2026-09-29T10:14:12.639Z,victima-linux,80792,3,audit|audit_command,RS2,Audit: Command: /usr/bin/grep.,ruido_conocido,baseline,,,,rule_id=80792
ATA034,2,2026-09-29T10:14:12.642Z,victima-linux,80792,3,audit|audit_command,RS2,Audit: Command: /usr/bin/dash.,ruido_conocido,baseline,,,,rule_id=80792
ATA034,2,2026-09-29T10:14:12.644Z,victima-linux,80792,3,audit|audit_command,RS2,Audit: Command: /usr/bin/dash.,ruido_conocido,baseline,,,,rule_id=80792
ATA034,2,2026-09-29T10:14:12.646Z,victima-linux,80792,3,audit|audit_command,RS2,Audit: Command: /usr/bin/cut.,ruido_conocido,baseline,,,,rule_id=80792
ATA034,2,2026-09-29T10:14:12.649Z,victima-linux,80792,3,audit|audit_command,RS2,Audit: Command: /usr/bin/id.,ruido_conocido,baseline,,,,rule_id=80792
ATA034,2,2026-09-29T10:14:12.651Z,victima-linux,80792,3,audit|audit_command,RS2,Audit: Command: /usr/bin/dash.,ruido_conocido,baseline,,,,rule_id=80792
ATA034,2,2026-09-29T10:14:12.653Z,victima-linux,80792,3,audit|audit_command,RS2,Audit: Command: /usr/bin/date.,ruido_conocido,baseline,,,,rule_id=80792
ATA034,2,2026-09-29T10:14:12.656Z,victima-linux,80792,3,audit|audit_command,RS2,Audit: Command: /usr/bin/stat.,ruido_conocido,baseline,,,,rule_id=80792
ATA034,2,2026-09-29T10:14:12.658Z,victima-linux,80792,3,audit|audit_command,RS2,Audit: Command: /usr/bin/expr.,ruido_conocido,baseline,,,,rule_id=80792
ATA034,2,2026-09-29T10:14:12.661Z,victima-linux,80792,3,audit|audit_command,RS2,Audit: Command: /usr/bin/cat.,ruido_conocido,baseline,,,,rule_id=80792
ATA034,2,2026-09-29T10:14:12.663Z,victima-linux,80792,3,audit|audit_command,RS2,Audit: Command: /usr/bin/dash.,ruido_conocido,baseline,,,,rule_id=80792
ATA034,2,2026-09-29T10:14:12.666Z,victima-linux,80792,3,audit|audit_command,RS2,Audit: Command: /usr/bin/dash.,ruido_conocido,baseline,,,,rule_id=80792
ATA034,2,2026-09-29T10:14:12.673Z,victima-linux,80792,3,audit|audit_command,RS2,Audit: Command: /usr/bin/dash.,ruido_conocido,baseline,,,,rule_id=80792
ATA034,2,2026-09-29T10:14:12.673Z,victima-linux,80792,3,audit|audit_command,RS2,Audit: Command: /usr/bin/find.,ruido_conocido,baseline,,,,rule_id=80792
ATA034,2,2026-09-29T10:14:12.674Z,victima-linux,80792,3,audit|audit_command,RS2,Audit: Command: /usr/bin/dash.,ruido_conocido,baseline,,,,rule_id=80792
ATA034,2,2026-09-29T10:14:12.676Z,victima-linux,80792,3,audit|audit_command,RS2,Audit: Command: /usr/bin/dash.,ruido_conocido,baseline,,,,rule_id=80792
ATA034,2,2026-09-29T10:14:12.678Z,victima-linux,80792,3,audit|audit_command,RS2,Audit: Command: /usr/bin/sort.,ruido_conocido,baseline,,,,rule_id=80792
ATA034,2,2026-09-29T10:14:12.680Z,victima-linux,80792,3,audit|audit_command,RS2,Audit: Command: /usr/bin/dash.,ruido_conocido,baseline,,,,rule_id=80792
ATA034,2,2026-09-29T10:14:12.683Z,victima-linux,80792,3,audit|audit_command,RS2,Audit: Command: /usr/bin/dash.,ruido_conocido,baseline,,,,rule_id=80792
ATA034,2,2026-09-29T10:14:12.689Z,victima-linux,80792,3,audit|audit_command,RS2,Audit: Command: /usr/bin/dash.,ruido_conocido,baseline,,,,rule_id=80792
ATA034,2,2026-09-29T10:14:12.689Z,victima-linux,80792,3,audit|audit_command,RS2,Audit: Command: /usr/bin/grep.,ruido_conocido,baseline,,,,rule_id=80792
ATA034,2,2026-09-29T10:14:12.690Z,victima-linux,80792,3,audit|audit_command,RS2,Audit: Command: /usr/bin/dash.,ruido_conocido,baseline,,,,rule_id=80792
ATA034,2,2026-09-29T10:14:12.692Z,victima-linux,80792,3,audit|audit_command,RS2,Audit: Command: /usr/bin/dash.,ruido_conocido,baseline,,,,rule_id=80792
ATA034,2,2026-09-29T10:14:12.694Z,victima-linux,80792,3,audit|audit_command,RS2,Audit: Command: /usr/bin/id.,ruido_conocido,baseline,,,,rule_id=80792
ATA034,2,2026-09-29T10:14:12.696Z,victima-linux,80792,3,audit|audit_command,RS2,Audit: Command: /usr/bin/stat.,ruido_conocido,baseline,,,,rule_id=80792
ATA034,2,2026-09-29T10:14:12.699Z,victima-linux,80792,3,audit|audit_command,RS2,Audit: Command: /usr/bin/gawk.,ruido_conocido,baseline,,,,rule_id=80792
ATA034,2,2026-09-29T10:14:12.701Z,victima-linux,80792,3,audit|audit_command,RS2,Audit: Command: /usr/bin/date.,ruido_conocido,baseline,,,,rule_id=80792
ATA034,2,2026-09-29T10:14:12.709Z,victima-linux,80792,3,audit|audit_command,RS2,Audit: Command: /usr/bin/cat.,ruido_conocido,baseline,,,,rule_id=80792
ATA034,2,2026-09-29T10:14:12.709Z,victima-linux,80792,3,audit|audit_command,RS2,Audit: Command: /usr/bin/dash.,ruido_conocido,baseline,,,,rule_id=80792
ATA034,2,2026-09-29T10:14:12.709Z,victima-linux,80792,3,audit|audit_command,RS2,Audit: Command: /usr/bin/date.,ruido_conocido,baseline,,,,rule_id=80792
ATA034,2,2026-09-29T10:14:12.711Z,victima-linux,80792,3,audit|audit_command,RS2,Audit: Command: /usr/bin/dash.,ruido_conocido,baseline,,,,rule_id=80792
ATA034,2,2026-09-29T10:14:12.713Z,victima-linux,80791,3,audit|audit_watch_delete|audit_watch_write,RS2,Audit: Deleted: /run/.,ruido_conocido,baseline,,,,rule_id=80791
ATA034,2,2026-09-29T10:14:12.720Z,victima-linux,80792,3,audit|audit_command,RS2,Audit: Command: /usr/bin/bash.,ruido_conocido,baseline,,,,rule_id=80792
ATA034,2,2026-09-29T10:14:12.723Z,victima-linux,80792,3,audit|audit_command,RS2,Audit: Command: /usr/bin/date.,ruido_conocido,baseline,,,,rule_id=80792
ATA034,2,2026-09-29T10:14:12.725Z,victima-linux,80792,3,audit|audit_command,RS2,Audit: Command: /usr/bin/bash.,artefacto_ataque,del_ataque,,,,audit_cwd=/home/angel/lab-attack/ATA034
ATA034,2,2026-09-29T10:14:12.733Z,victima-linux,80792,3,audit|audit_command,RS2,Audit: Command: /usr/bin/date.,artefacto_ataque,del_ataque,,,,audit_cwd=/home/angel/lab-attack/ATA034
ATA034,2,2026-09-29T10:14:12.733Z,victima-linux,80792,3,audit|audit_command,RS2,Audit: Command: /usr/bin/mkdir.,artefacto_ataque,del_ataque,,,,audit_cwd=/home/angel/lab-attack/ATA034
ATA034,2,2026-09-29T10:14:12.733Z,victima-linux,80792,3,audit|audit_command,RS2,Audit: Command: /usr/bin/tee.,artefacto_ataque,del_ataque,,,,audit_cwd=/home/angel/lab-attack/ATA034
ATA034,2,2026-09-29T10:14:12.735Z,victima-linux,80792,3,audit|audit_command,RS2,Audit: Command: /usr/bin/cat.,artefacto_ataque,del_ataque,,,,audit_cwd=/home/angel/lab-attack/ATA034
ATA034,2,2026-09-29T10:14:12.737Z,victima-linux,80792,3,audit|audit_command,RS2,Audit: Command: /usr/bin/cat.,artefacto_ataque,del_ataque,,,,audit_cwd=/home/angel/lab-attack/ATA034
ATA034,2,2026-09-29T10:14:12.744Z,victima-linux,80792,3,audit|audit_command,RS2,Audit: Command: /usr/bin/cat.,artefacto_ataque,del_ataque,,,,audit_cwd=/home/angel/lab-attack/ATA034
ATA034,2,2026-09-29T10:14:12.744Z,victima-linux,80792,3,audit|audit_command,RS2,Audit: Command: /usr/bin/head.,artefacto_ataque,del_ataque,,,,audit_cwd=/home/angel/lab-attack/ATA034
ATA034,2,2026-09-29T10:14:12.744Z,victima-linux,80792,3,audit|audit_command,RS2,Audit: Command: /usr/bin/sha256sum.,artefacto_ataque,del_ataque,,,,audit_cwd=/home/angel/lab-attack/ATA034
ATA034,2,2026-09-29T10:14:12.746Z,victima-linux,80792,3,audit|audit_command,RS2,Audit: Command: /usr/bin/mkdir.,artefacto_ataque,del_ataque,,,,audit_cwd=/home/angel/lab-attack/ATA034
ATA034,2,2026-09-29T10:14:12.749Z,victima-linux,80792,3,audit|audit_command,RS2,Audit: Command: /usr/bin/rm.,artefacto_ataque,del_ataque,,,,audit_cwd=/home/angel/lab-attack/ATA034
ATA034,2,2026-09-29T10:14:12.756Z,victima-linux,80782,3,audit|audit_watch_write,RS2,Audit: Watch - Write access: /home/angel/lab-attack/ATA034/reconstructed/.,artefacto_ataque,del_ataque,,,,audit_cwd=/home/angel/lab-attack/ATA034
ATA034,2,2026-09-29T10:14:12.756Z,victima-linux,80792,3,audit|audit_command,RS2,Audit: Command: /usr/bin/gawk.,artefacto_ataque,del_ataque,,,,audit_cwd=/home/angel/lab-attack/ATA034
ATA034,2,2026-09-29T10:14:12.756Z,victima-linux,80792,3,audit|audit_command,RS2,Audit: Command: /usr/bin/sha256sum.,artefacto_ataque,del_ataque,,,,audit_cwd=/home/angel/lab-attack/ATA034
ATA034,2,2026-09-29T10:14:12.758Z,victima-linux,80792,3,audit|audit_command,RS2,Audit: Command: /usr/bin/sha256sum.,artefacto_ataque,del_ataque,,,,audit_cwd=/home/angel/lab-attack/ATA034
ATA034,2,2026-09-29T10:14:12.760Z,victima-linux,80792,3,audit|audit_command,RS2,Audit: Command: /usr/bin/gawk.,artefacto_ataque,del_ataque,,,,audit_cwd=/home/angel/lab-attack/ATA034
ATA034,2,2026-09-29T10:14:12.763Z,victima-linux,80792,3,audit|audit_command,RS2,Audit: Command: /usr/bin/sha256sum.,artefacto_ataque,del_ataque,,,,audit_cwd=/home/angel/lab-attack/ATA034
ATA034,2,2026-09-29T10:14:12.765Z,victima-linux,80792,3,audit|audit_command,RS2,Audit: Command: /usr/bin/gawk.,artefacto_ataque,del_ataque,,,,audit_cwd=/home/angel/lab-attack/ATA034
ATA034,2,2026-09-29T10:14:12.769Z,victima-linux,80792,3,audit|audit_command,RS2,Audit: Command: /usr/bin/sha256sum.,artefacto_ataque,del_ataque,,,,audit_cwd=/home/angel/lab-attack/ATA034
ATA034,2,2026-09-29T10:14:12.772Z,victima-linux,80792,3,audit|audit_command,RS2,Audit: Command: /usr/bin/gawk.,artefacto_ataque,del_ataque,,,,audit_cwd=/home/angel/lab-attack/ATA034
ATA034,2,2026-09-29T10:14:12.774Z,victima-linux,80792,3,audit|audit_command,RS2,Audit: Command: /usr/bin/sha256sum.,artefacto_ataque,del_ataque,,,,audit_cwd=/home/angel/lab-attack/ATA034
ATA034,2,2026-09-29T10:14:12.777Z,victima-linux,80792,3,audit|audit_command,RS2,Audit: Command: /usr/bin/gawk.,artefacto_ataque,del_ataque,,,,audit_cwd=/home/angel/lab-attack/ATA034
ATA034,2,2026-09-29T10:14:12.779Z,victima-linux,80792,3,audit|audit_command,RS2,Audit: Command: /usr/bin/sha256sum.,artefacto_ataque,del_ataque,,,,audit_cwd=/home/angel/lab-attack/ATA034
ATA034,2,2026-09-29T10:14:12.781Z,victima-linux,80792,3,audit|audit_command,RS2,Audit: Command: /usr/bin/gawk.,artefacto_ataque,del_ataque,,,,audit_cwd=/home/angel/lab-attack/ATA034
ATA034,2,2026-09-29T10:14:12.784Z,victima-linux,80792,3,audit|audit_command,RS2,Audit: Command: /usr/bin/ls.,artefacto_ataque,del_ataque,,,,audit_cwd=/home/angel/lab-attack/ATA034
ATA034,2,2026-09-29T10:14:12.788Z,victima-linux,80792,3,audit|audit_command,RS2,Audit: Command: /usr/bin/head.,artefacto_ataque,del_ataque,,,,audit_cwd=/home/angel/lab-attack/ATA034
ATA034,2,2026-09-29T10:14:12.790Z,victima-linux,80792,3,audit|audit_command,RS2,Audit: Command: /usr/bin/grep.,artefacto_ataque,del_ataque,,,,audit_cwd=/home/angel/lab-attack/ATA034
ATA034,2,2026-09-29T10:14:12.793Z,victima-linux,80792,3,audit|audit_command,RS2,Audit: Command: /usr/bin/sleep.,artefacto_ataque,del_ataque,,,,audit_cwd=/home/angel/lab-attack/ATA034
ATA034,2,2026-09-29T10:14:12.794Z,victima-linux,5715,3,syslog|sshd|authentication_success,RS1,sshd: authentication success.,ruido_conocido,operador:5715,,,,srcip=192.168.65.1
ATA034,2,2026-09-29T10:14:12.797Z,victima-linux,5501,3,pam|syslog|authentication_success,RS1,PAM: Login session opened.,ruido_conocido,baseline,,,,rule_id=5501
ATA034,2,2026-09-29T10:14:12.810Z,victima-linux,5501,3,pam|syslog|authentication_success,RS1,PAM: Login session opened.,ruido_conocido,baseline,,,,rule_id=5501
ATA034,2,2026-09-29T10:14:12.872Z,victima-linux,5502,3,pam|syslog,RS1,PAM: Login session closed.,ruido_conocido,baseline,,,,rule_id=5502
ATA034,2,2026-09-29T10:14:12.882Z,victima-linux,5715,3,syslog|sshd|authentication_success,RS1,sshd: authentication success.,ruido_conocido,operador:5715,,,,srcip=192.168.65.1
ATA034,2,2026-09-29T10:14:12.885Z,victima-linux,5501,3,pam|syslog|authentication_success,RS1,PAM: Login session opened.,ruido_conocido,baseline,,,,rule_id=5501
ATA034,2,2026-09-29T10:14:12.897Z,victima-linux,5502,3,pam|syslog,RS1,PAM: Login session closed.,ruido_conocido,baseline,,,,rule_id=5502
ATA034,2,2026-09-29T10:14:12.906Z,victima-linux,5715,3,syslog|sshd|authentication_success,RS1,sshd: authentication success.,ruido_conocido,operador:5715,,,,srcip=192.168.65.1
ATA034,2,2026-09-29T10:14:12.908Z,victima-linux,5501,3,pam|syslog|authentication_success,RS1,PAM: Login session opened.,ruido_conocido,baseline,,,,rule_id=5501
ATA034,2,2026-09-29T10:14:14.086Z,victima-linux,80792,3,audit|audit_command,RS2,Audit: Command: /usr/bin/date.,artefacto_ataque,del_ataque,,,,audit_cwd=/home/angel/lab-attack/ATA034
ATA034,2,2026-09-29T10:14:14.091Z,victima-linux,80791,3,audit|audit_watch_delete|audit_watch_write,RS2,Audit: Deleted: /run/systemd/sessions/6.ref.,ruido_conocido,baseline,,,,rule_id=80791
ATA034,2,2026-09-29T10:14:14.093Z,victima-linux,80791,3,audit|audit_watch_delete|audit_watch_write,RS2,Audit: Deleted: /run/systemd/sessions/.,ruido_conocido,baseline,,,,rule_id=80791
ATA034,2,2026-09-29T10:14:14.095Z,victima-linux,80791,3,audit|audit_watch_delete|audit_watch_write,RS2,Audit: Deleted: /run/systemd/users/.,ruido_conocido,baseline,,,,rule_id=80791
ATA034,2,2026-09-29T10:14:14.098Z,victima-linux,80791,3,audit|audit_watch_delete|audit_watch_write,RS2,Audit: Deleted: /run/systemd/sessions/6.,ruido_conocido,baseline,,,,rule_id=80791
ATA034,2,2026-09-29T10:14:14.100Z,victima-linux,80791,3,audit|audit_watch_delete|audit_watch_write,RS2,Audit: Deleted: /run/systemd/users/.,ruido_conocido,baseline,,,,rule_id=80791
ATA034,2,2026-09-29T10:14:14.145Z,victima-linux,5502,3,pam|syslog,RS1,PAM: Login session closed.,ruido_conocido,baseline,,,,rule_id=5502
ATA034,2,2026-09-29T10:14:16.086Z,victima-linux,80791,3,audit|audit_watch_delete|audit_watch_write,RS2,Audit: Deleted: var/run/.,auto_ruido,auto_ruido:wazuh-agentd,,,,audit_exe=/var/ossec/bin/wazuh-agentd
ATA034,2,2026-09-29T10:14:16.087Z,victima-linux,80792,3,audit|audit_command,RS2,Audit: Command: /usr/bin/dash.,auto_ruido,auto_ruido:dash,,,,audit_cwd=/var/ossec
ATA034,2,2026-09-29T10:14:16.089Z,victima-linux,80792,3,audit|audit_command,RS2,Audit: Command: /usr/bin/ps.,auto_ruido,auto_ruido:ps,,,,audit_cwd=/var/ossec
ATA034,2,2026-09-29T10:14:16.091Z,victima-linux,80792,3,audit|audit_command,RS2,Audit: Command: /usr/bin/dash.,auto_ruido,auto_ruido:dash,,,,audit_cwd=/var/ossec
ATA034,2,2026-09-29T10:14:16.093Z,victima-linux,80792,3,audit|audit_command,RS2,Audit: Command: /usr/bin/ps.,auto_ruido,auto_ruido:ps,,,,audit_cwd=/var/ossec
ATA034,2,2026-09-29T10:14:16.096Z,victima-linux,80792,3,audit|audit_command,RS2,Audit: Command: /usr/bin/dash.,auto_ruido,auto_ruido:dash,,,,audit_cwd=/var/ossec
ATA034,2,2026-09-29T10:14:16.098Z,victima-linux,80792,3,audit|audit_command,RS2,Audit: Command: /usr/bin/ps.,auto_ruido,auto_ruido:ps,,,,audit_cwd=/var/ossec
ATA034,2,2026-09-29T10:14:16.101Z,victima-linux,80792,3,audit|audit_command,RS2,Audit: Command: /usr/bin/dash.,auto_ruido,auto_ruido:dash,,,,audit_cwd=/var/ossec
ATA034,2,2026-09-29T10:14:16.103Z,victima-linux,80792,3,audit|audit_command,RS2,Audit: Command: /usr/bin/ps.,auto_ruido,auto_ruido:ps,,,,audit_cwd=/var/ossec
ATA034,2,2026-09-29T10:14:16.106Z,victima-linux,80792,3,audit|audit_command,RS2,Audit: Command: /usr/bin/dash.,auto_ruido,auto_ruido:dash,,,,audit_cwd=/var/ossec
ATA034,2,2026-09-29T10:14:16.108Z,victima-linux,80792,3,audit|audit_command,RS2,Audit: Command: /usr/bin/ps.,auto_ruido,auto_ruido:ps,,,,audit_cwd=/var/ossec
ATA034,2,2026-09-29T10:14:16.110Z,victima-linux,80780,3,audit|audit_watch_write,RS2,Audit: Watch - Write access.,auto_ruido,auto_ruido:wazuh-syscheckd,,,,audit_exe=/var/ossec/bin/wazuh-syscheckd
ATA034,2,2026-09-29T10:14:16.113Z,victima-linux,80792,3,audit|audit_command,RS2,Audit: Command: /usr/bin/dash.,auto_ruido,auto_ruido:dash,,,,audit_cwd=/var/ossec
ATA034,2,2026-09-29T10:14:16.115Z,victima-linux,80792,3,audit|audit_command,RS2,Audit: Command: /usr/bin/ps.,auto_ruido,auto_ruido:ps,,,,audit_cwd=/var/ossec
ATA034,2,2026-09-29T10:14:16.118Z,victima-linux,80792,3,audit|audit_command,RS2,Audit: Command: /usr/bin/dash.,auto_ruido,auto_ruido:dash,,,,audit_cwd=/var/ossec
ATA034,2,2026-09-29T10:14:16.121Z,victima-linux,80792,3,audit|audit_command,RS2,Audit: Command: /usr/bin/ps.,auto_ruido,auto_ruido:ps,,,,audit_cwd=/var/ossec
ATA034,2,2026-09-29T10:14:16.143Z,victima-linux,80792,3,audit|audit_command,RS2,Audit: Command: /usr/bin/dash.,auto_ruido,auto_ruido:dash,,,,audit_cwd=/var/ossec
ATA034,2,2026-09-29T10:14:16.143Z,victima-linux,80792,3,audit|audit_command,RS2,Audit: Command: /usr/bin/ps.,auto_ruido,auto_ruido:ps,,,,audit_cwd=/var/ossec
ATA034,2,2026-09-29T10:14:18.087Z,victima-linux,80792,3,audit|audit_command,RS2,Audit: Command: /usr/bin/dash.,auto_ruido,auto_ruido:dash,,,,audit_cwd=/var/ossec
ATA034,2,2026-09-29T10:14:18.087Z,victima-linux,80792,3,audit|audit_command,RS2,Audit: Command: /usr/bin/ps.,auto_ruido,auto_ruido:ps,,,,audit_cwd=/var/ossec
ATA034,2,2026-09-29T10:14:18.089Z,victima-linux,80792,3,audit|audit_command,RS2,Audit: Command: /usr/bin/dash.,auto_ruido,auto_ruido:dash,,,,audit_cwd=/var/ossec
ATA034,2,2026-09-29T10:14:18.092Z,victima-linux,80792,3,audit|audit_command,RS2,Audit: Command: /usr/bin/ps.,auto_ruido,auto_ruido:ps,,,,audit_cwd=/var/ossec
ATA034,2,2026-09-29T10:14:18.094Z,victima-linux,80792,3,audit|audit_command,RS2,Audit: Command: /usr/bin/dash.,auto_ruido,auto_ruido:dash,,,,audit_cwd=/var/ossec
ATA034,2,2026-09-29T10:14:18.096Z,victima-linux,80792,3,audit|audit_command,RS2,Audit: Command: /usr/bin/ps.,auto_ruido,auto_ruido:ps,,,,audit_cwd=/var/ossec
ATA034,2,2026-09-29T10:14:18.098Z,victima-linux,80792,3,audit|audit_command,RS2,Audit: Command: /usr/bin/dash.,auto_ruido,auto_ruido:dash,,,,audit_cwd=/var/ossec
ATA034,2,2026-09-29T10:14:18.102Z,victima-linux,80792,3,audit|audit_command,RS2,Audit: Command: /usr/bin/ps.,auto_ruido,auto_ruido:ps,,,,audit_cwd=/var/ossec
ATA034,2,2026-09-29T10:14:18.105Z,victima-linux,80792,3,audit|audit_command,RS2,Audit: Command: /usr/bin/dash.,auto_ruido,auto_ruido:dash,,,,audit_cwd=/var/ossec
ATA034,2,2026-09-29T10:14:18.107Z,victima-linux,80792,3,audit|audit_command,RS2,Audit: Command: /usr/bin/ps.,auto_ruido,auto_ruido:ps,,,,audit_cwd=/var/ossec
ATA034,2,2026-09-29T10:14:18.109Z,victima-linux,80792,3,audit|audit_command,RS2,Audit: Command: /usr/bin/dash.,auto_ruido,auto_ruido:dash,,,,audit_cwd=/var/ossec
ATA034,2,2026-09-29T10:14:18.112Z,victima-linux,80792,3,audit|audit_command,RS2,Audit: Command: /usr/bin/ps.,auto_ruido,auto_ruido:ps,,,,audit_cwd=/var/ossec
ATA034,2,2026-09-29T10:14:18.114Z,victima-linux,80792,3,audit|audit_command,RS2,Audit: Command: /usr/bin/dash.,auto_ruido,auto_ruido:dash,,,,audit_cwd=/var/ossec
ATA034,2,2026-09-29T10:14:18.117Z,victima-linux,80792,3,audit|audit_command,RS2,Audit: Command: /usr/bin/ps.,auto_ruido,auto_ruido:ps,,,,audit_cwd=/var/ossec
ATA034,2,2026-09-29T10:14:18.119Z,victima-linux,80792,3,audit|audit_command,RS2,Audit: Command: /usr/bin/dash.,auto_ruido,auto_ruido:dash,,,,audit_cwd=/var/ossec
ATA034,2,2026-09-29T10:14:18.121Z,victima-linux,80792,3,audit|audit_command,RS2,Audit: Command: /usr/bin/ps.,auto_ruido,auto_ruido:ps,,,,audit_cwd=/var/ossec
ATA034,2,2026-09-29T10:14:18.123Z,victima-linux,80792,3,audit|audit_command,RS2,Audit: Command: /usr/bin/dash.,auto_ruido,auto_ruido:dash,,,,audit_cwd=/var/ossec
ATA034,2,2026-09-29T10:14:18.125Z,victima-linux,80792,3,audit|audit_command,RS2,Audit: Command: /usr/bin/ps.,auto_ruido,auto_ruido:ps,,,,audit_cwd=/var/ossec
ATA034,2,2026-09-29T10:14:18.128Z,victima-linux,80792,3,audit|audit_command,RS2,Audit: Command: /usr/bin/dash.,auto_ruido,auto_ruido:dash,,,,audit_cwd=/var/ossec
ATA034,2,2026-09-29T10:14:18.130Z,victima-linux,80792,3,audit|audit_command,RS2,Audit: Command: /usr/bin/ps.,auto_ruido,auto_ruido:ps,,,,audit_cwd=/var/ossec
ATA034,2,2026-09-29T10:14:18.132Z,victima-linux,80792,3,audit|audit_command,RS2,Audit: Command: /usr/bin/dash.,auto_ruido,auto_ruido:dash,,,,audit_cwd=/var/ossec
ATA034,2,2026-09-29T10:14:18.135Z,victima-linux,80792,3,audit|audit_command,RS2,Audit: Command: /usr/bin/ps.,auto_ruido,auto_ruido:ps,,,,audit_cwd=/var/ossec
ATA034,2,2026-09-29T10:14:18.137Z,victima-linux,80792,3,audit|audit_command,RS2,Audit: Command: /usr/bin/dash.,auto_ruido,auto_ruido:dash,,,,audit_cwd=/var/ossec
ATA034,2,2026-09-29T10:14:18.139Z,victima-linux,80792,3,audit|audit_command,RS2,Audit: Command: /usr/bin/ps.,auto_ruido,auto_ruido:ps,,,,audit_cwd=/var/ossec
ATA034,2,2026-09-29T10:14:18.142Z,victima-linux,80792,3,audit|audit_command,RS2,Audit: Command: /usr/bin/dash.,auto_ruido,auto_ruido:dash,,,,audit_cwd=/var/ossec
ATA034,2,2026-09-29T10:14:18.143Z,victima-linux,80792,3,audit|audit_command,RS2,Audit: Command: /usr/bin/ps.,auto_ruido,auto_ruido:ps,,,,audit_cwd=/var/ossec
ATA034,2,2026-09-29T10:14:18.146Z,victima-linux,80792,3,audit|audit_command,RS2,Audit: Command: /usr/bin/dash.,auto_ruido,auto_ruido:dash,,,,audit_cwd=/var/ossec
ATA034,2,2026-09-29T10:14:18.148Z,victima-linux,80792,3,audit|audit_command,RS2,Audit: Command: /usr/bin/ps.,auto_ruido,auto_ruido:ps,,,,audit_cwd=/var/ossec
ATA034,2,2026-09-29T10:14:18.150Z,victima-linux,80792,3,audit|audit_command,RS2,Audit: Command: /usr/bin/dash.,auto_ruido,auto_ruido:dash,,,,audit_cwd=/var/ossec
ATA034,2,2026-09-29T10:14:18.152Z,victima-linux,80792,3,audit|audit_command,RS2,Audit: Command: /usr/bin/ps.,auto_ruido,auto_ruido:ps,,,,audit_cwd=/var/ossec
ATA034,2,2026-09-29T10:14:18.154Z,victima-linux,80792,3,audit|audit_command,RS2,Audit: Command: /usr/bin/dash.,auto_ruido,auto_ruido:dash,,,,audit_cwd=/var/ossec
ATA034,2,2026-09-29T10:14:18.157Z,victima-linux,80792,3,audit|audit_command,RS2,Audit: Command: /usr/bin/ps.,auto_ruido,auto_ruido:ps,,,,audit_cwd=/var/ossec
ATA034,2,2026-09-29T10:14:18.159Z,victima-linux,80792,3,audit|audit_command,RS2,Audit: Command: /usr/bin/dash.,auto_ruido,auto_ruido:dash,,,,audit_cwd=/var/ossec
ATA034,2,2026-09-29T10:14:18.161Z,victima-linux,80792,3,audit|audit_command,RS2,Audit: Command: /usr/bin/ps.,auto_ruido,auto_ruido:ps,,,,audit_cwd=/var/ossec
ATA034,2,2026-09-29T10:14:18.164Z,victima-linux,80792,3,audit|audit_command,RS2,Audit: Command: /usr/bin/dash.,auto_ruido,auto_ruido:dash,,,,audit_cwd=/var/ossec
ATA034,2,2026-09-29T10:14:18.166Z,victima-linux,80792,3,audit|audit_command,RS2,Audit: Command: /usr/bin/ps.,auto_ruido,auto_ruido:ps,,,,audit_cwd=/var/ossec
ATA034,2,2026-09-29T10:14:18.169Z,victima-linux,80792,3,audit|audit_command,RS2,Audit: Command: /usr/bin/dash.,auto_ruido,auto_ruido:dash,,,,audit_cwd=/var/ossec
ATA034,2,2026-09-29T10:14:18.172Z,victima-linux,80792,3,audit|audit_command,RS2,Audit: Command: /usr/bin/ps.,auto_ruido,auto_ruido:ps,,,,audit_cwd=/var/ossec
ATA034,2,2026-09-29T10:14:18.174Z,victima-linux,80792,3,audit|audit_command,RS2,Audit: Command: /usr/bin/dash.,auto_ruido,auto_ruido:dash,,,,audit_cwd=/var/ossec
ATA034,2,2026-09-29T10:14:18.177Z,victima-linux,80792,3,audit|audit_command,RS2,Audit: Command: /usr/bin/ps.,auto_ruido,auto_ruido:ps,,,,audit_cwd=/var/ossec
ATA034,2,2026-09-29T10:14:18.180Z,victima-linux,80792,3,audit|audit_command,RS2,Audit: Command: /usr/bin/dash.,auto_ruido,auto_ruido:dash,,,,audit_cwd=/var/ossec
ATA034,2,2026-09-29T10:14:18.182Z,victima-linux,80792,3,audit|audit_command,RS2,Audit: Command: /usr/bin/ps.,auto_ruido,auto_ruido:ps,,,,audit_cwd=/var/ossec
ATA034,2,2026-09-29T10:14:18.184Z,victima-linux,80792,3,audit|audit_command,RS2,Audit: Command: /usr/bin/dash.,auto_ruido,auto_ruido:dash,,,,audit_cwd=/var/ossec
ATA034,2,2026-09-29T10:14:18.187Z,victima-linux,80792,3,audit|audit_command,RS2,Audit: Command: /usr/bin/ps.,auto_ruido,auto_ruido:ps,,,,audit_cwd=/var/ossec
ATA034,2,2026-09-29T10:14:18.189Z,victima-linux,80792,3,audit|audit_command,RS2,Audit: Command: /usr/bin/dash.,auto_ruido,auto_ruido:dash,,,,audit_cwd=/var/ossec
ATA034,2,2026-09-29T10:14:18.192Z,victima-linux,80792,3,audit|audit_command,RS2,Audit: Command: /usr/bin/ps.,auto_ruido,auto_ruido:ps,,,,audit_cwd=/var/ossec
ATA034,2,2026-09-29T10:14:18.194Z,victima-linux,80792,3,audit|audit_command,RS2,Audit: Command: /usr/bin/dash.,auto_ruido,auto_ruido:dash,,,,audit_cwd=/var/ossec
ATA034,2,2026-09-29T10:14:18.196Z,victima-linux,80792,3,audit|audit_command,RS2,Audit: Command: /usr/bin/ps.,auto_ruido,auto_ruido:ps,,,,audit_cwd=/var/ossec
ATA034,2,2026-09-29T10:14:18.199Z,victima-linux,80792,3,audit|audit_command,RS2,Audit: Command: /usr/bin/dash.,auto_ruido,auto_ruido:dash,,,,audit_cwd=/var/ossec
ATA034,2,2026-09-29T10:14:18.201Z,victima-linux,80792,3,audit|audit_command,RS2,Audit: Command: /usr/bin/ps.,auto_ruido,auto_ruido:ps,,,,audit_cwd=/var/ossec
ATA034,2,2026-09-29T10:14:18.204Z,victima-linux,80792,3,audit|audit_command,RS2,Audit: Command: /usr/bin/dash.,auto_ruido,auto_ruido:dash,,,,audit_cwd=/var/ossec
ATA034,2,2026-09-29T10:14:18.206Z,victima-linux,80792,3,audit|audit_command,RS2,Audit: Command: /usr/bin/ps.,auto_ruido,auto_ruido:ps,,,,audit_cwd=/var/ossec
ATA034,2,2026-09-29T10:14:18.208Z,victima-linux,80792,3,audit|audit_command,RS2,Audit: Command: /usr/bin/dash.,auto_ruido,auto_ruido:dash,,,,audit_cwd=/var/ossec
ATA034,2,2026-09-29T10:14:18.211Z,victima-linux,80792,3,audit|audit_command,RS2,Audit: Command: /usr/bin/ps.,auto_ruido,auto_ruido:ps,,,,audit_cwd=/var/ossec
ATA034,2,2026-09-29T10:14:18.213Z,victima-linux,80792,3,audit|audit_command,RS2,Audit: Command: /usr/bin/dash.,auto_ruido,auto_ruido:dash,,,,audit_cwd=/var/ossec
ATA034,2,2026-09-29T10:14:18.215Z,victima-linux,80792,3,audit|audit_command,RS2,Audit: Command: /usr/bin/ps.,auto_ruido,auto_ruido:ps,,,,audit_cwd=/var/ossec
ATA034,2,2026-09-29T10:14:18.217Z,victima-linux,80792,3,audit|audit_command,RS2,Audit: Command: /usr/bin/dash.,auto_ruido,auto_ruido:dash,,,,audit_cwd=/var/ossec
ATA034,2,2026-09-29T10:14:18.219Z,victima-linux,80792,3,audit|audit_command,RS2,Audit: Command: /usr/bin/ps.,auto_ruido,auto_ruido:ps,,,,audit_cwd=/var/ossec
ATA034,2,2026-09-29T10:14:20.089Z,victima-linux,80792,3,audit|audit_command,RS2,Audit: Command: /usr/bin/dash.,auto_ruido,auto_ruido:dash,,,,audit_cwd=/var/ossec
ATA034,2,2026-09-29T10:14:20.089Z,victima-linux,80792,3,audit|audit_command,RS2,Audit: Command: /usr/bin/ps.,auto_ruido,auto_ruido:ps,,,,audit_cwd=/var/ossec
ATA034,2,2026-09-29T10:14:20.091Z,victima-linux,80792,3,audit|audit_command,RS2,Audit: Command: /usr/bin/dash.,auto_ruido,auto_ruido:dash,,,,audit_cwd=/var/ossec
ATA034,2,2026-09-29T10:14:20.093Z,victima-linux,80792,3,audit|audit_command,RS2,Audit: Command: /usr/bin/ps.,auto_ruido,auto_ruido:ps,,,,audit_cwd=/var/ossec
ATA034,2,2026-09-29T10:14:20.096Z,victima-linux,80792,3,audit|audit_command,RS2,Audit: Command: /usr/bin/dash.,auto_ruido,auto_ruido:dash,,,,audit_cwd=/var/ossec
ATA034,2,2026-09-29T10:14:20.098Z,victima-linux,80792,3,audit|audit_command,RS2,Audit: Command: /usr/bin/ps.,auto_ruido,auto_ruido:ps,,,,audit_cwd=/var/ossec
ATA034,2,2026-09-29T10:14:20.101Z,victima-linux,80792,3,audit|audit_command,RS2,Audit: Command: /usr/bin/dash.,auto_ruido,auto_ruido:dash,,,,audit_cwd=/var/ossec
ATA034,2,2026-09-29T10:14:20.103Z,victima-linux,80792,3,audit|audit_command,RS2,Audit: Command: /usr/bin/ps.,auto_ruido,auto_ruido:ps,,,,audit_cwd=/var/ossec
ATA034,2,2026-09-29T10:14:20.105Z,victima-linux,80792,3,audit|audit_command,RS2,Audit: Command: /usr/bin/dash.,auto_ruido,auto_ruido:dash,,,,audit_cwd=/var/ossec
ATA034,2,2026-09-29T10:14:20.107Z,victima-linux,80792,3,audit|audit_command,RS2,Audit: Command: /usr/bin/ps.,auto_ruido,auto_ruido:ps,,,,audit_cwd=/var/ossec
ATA034,2,2026-09-29T10:14:20.109Z,victima-linux,80792,3,audit|audit_command,RS2,Audit: Command: /usr/bin/dash.,auto_ruido,auto_ruido:dash,,,,audit_cwd=/var/ossec
ATA034,2,2026-09-29T10:14:20.111Z,victima-linux,80792,3,audit|audit_command,RS2,Audit: Command: /usr/bin/ps.,auto_ruido,auto_ruido:ps,,,,audit_cwd=/var/ossec
ATA034,2,2026-09-29T10:14:20.113Z,victima-linux,80792,3,audit|audit_command,RS2,Audit: Command: /usr/bin/dash.,auto_ruido,auto_ruido:dash,,,,audit_cwd=/var/ossec
ATA034,2,2026-09-29T10:14:20.116Z,victima-linux,80792,3,audit|audit_command,RS2,Audit: Command: /usr/bin/ps.,auto_ruido,auto_ruido:ps,,,,audit_cwd=/var/ossec
ATA034,2,2026-09-29T10:14:20.118Z,victima-linux,80792,3,audit|audit_command,RS2,Audit: Command: /usr/bin/dash.,auto_ruido,auto_ruido:dash,,,,audit_cwd=/var/ossec
ATA034,2,2026-09-29T10:14:20.121Z,victima-linux,80792,3,audit|audit_command,RS2,Audit: Command: /usr/bin/ps.,auto_ruido,auto_ruido:ps,,,,audit_cwd=/var/ossec
ATA034,2,2026-09-29T10:14:20.123Z,victima-linux,80792,3,audit|audit_command,RS2,Audit: Command: /usr/bin/dash.,auto_ruido,auto_ruido:dash,,,,audit_cwd=/var/ossec
ATA034,2,2026-09-29T10:14:20.126Z,victima-linux,80792,3,audit|audit_command,RS2,Audit: Command: /usr/bin/ps.,auto_ruido,auto_ruido:ps,,,,audit_cwd=/var/ossec
ATA034,2,2026-09-29T10:14:20.128Z,victima-linux,80792,3,audit|audit_command,RS2,Audit: Command: /usr/bin/dash.,auto_ruido,auto_ruido:dash,,,,audit_cwd=/var/ossec
ATA034,2,2026-09-29T10:14:20.130Z,victima-linux,80792,3,audit|audit_command,RS2,Audit: Command: /usr/bin/ps.,auto_ruido,auto_ruido:ps,,,,audit_cwd=/var/ossec
ATA034,2,2026-09-29T10:14:20.133Z,victima-linux,80792,3,audit|audit_command,RS2,Audit: Command: /usr/bin/dash.,auto_ruido,auto_ruido:dash,,,,audit_cwd=/var/ossec
ATA034,2,2026-09-29T10:14:20.135Z,victima-linux,80792,3,audit|audit_command,RS2,Audit: Command: /usr/bin/ps.,auto_ruido,auto_ruido:ps,,,,audit_cwd=/var/ossec
ATA034,2,2026-09-29T10:14:20.137Z,victima-linux,80792,3,audit|audit_command,RS2,Audit: Command: /usr/bin/dash.,auto_ruido,auto_ruido:dash,,,,audit_cwd=/var/ossec
ATA034,2,2026-09-29T10:14:20.140Z,victima-linux,80792,3,audit|audit_command,RS2,Audit: Command: /usr/bin/ps.,auto_ruido,auto_ruido:ps,,,,audit_cwd=/var/ossec
ATA034,2,2026-09-29T10:14:20.142Z,victima-linux,80792,3,audit|audit_command,RS2,Audit: Command: /usr/bin/dash.,auto_ruido,auto_ruido:dash,,,,audit_cwd=/var/ossec
ATA034,2,2026-09-29T10:14:20.145Z,victima-linux,80792,3,audit|audit_command,RS2,Audit: Command: /usr/bin/ps.,auto_ruido,auto_ruido:ps,,,,audit_cwd=/var/ossec
ATA034,2,2026-09-29T10:14:20.147Z,victima-linux,80792,3,audit|audit_command,RS2,Audit: Command: /usr/bin/dash.,auto_ruido,auto_ruido:dash,,,,audit_cwd=/var/ossec
ATA034,2,2026-09-29T10:14:20.150Z,victima-linux,80792,3,audit|audit_command,RS2,Audit: Command: /usr/bin/ps.,auto_ruido,auto_ruido:ps,,,,audit_cwd=/var/ossec
ATA034,2,2026-09-29T10:14:20.152Z,victima-linux,80792,3,audit|audit_command,RS2,Audit: Command: /usr/bin/dash.,auto_ruido,auto_ruido:dash,,,,audit_cwd=/var/ossec
ATA034,2,2026-09-29T10:14:20.154Z,victima-linux,80792,3,audit|audit_command,RS2,Audit: Command: /usr/bin/ps.,auto_ruido,auto_ruido:ps,,,,audit_cwd=/var/ossec
ATA034,2,2026-09-29T10:14:20.156Z,victima-linux,80792,3,audit|audit_command,RS2,Audit: Command: /usr/bin/dash.,auto_ruido,auto_ruido:dash,,,,audit_cwd=/var/ossec
ATA034,2,2026-09-29T10:14:20.159Z,victima-linux,80792,3,audit|audit_command,RS2,Audit: Command: /usr/bin/ps.,auto_ruido,auto_ruido:ps,,,,audit_cwd=/var/ossec
ATA034,2,2026-09-29T10:14:20.161Z,victima-linux,80792,3,audit|audit_command,RS2,Audit: Command: /usr/bin/dash.,auto_ruido,auto_ruido:dash,,,,audit_cwd=/var/ossec
ATA034,2,2026-09-29T10:14:20.164Z,victima-linux,80792,3,audit|audit_command,RS2,Audit: Command: /usr/bin/ps.,auto_ruido,auto_ruido:ps,,,,audit_cwd=/var/ossec
ATA034,2,2026-09-29T10:14:20.166Z,victima-linux,80792,3,audit|audit_command,RS2,Audit: Command: /usr/bin/dash.,auto_ruido,auto_ruido:dash,,,,audit_cwd=/var/ossec
ATA034,2,2026-09-29T10:14:20.168Z,victima-linux,80792,3,audit|audit_command,RS2,Audit: Command: /usr/bin/ps.,auto_ruido,auto_ruido:ps,,,,audit_cwd=/var/ossec
ATA034,2,2026-09-29T10:14:20.171Z,victima-linux,80792,3,audit|audit_command,RS2,Audit: Command: /usr/bin/dash.,auto_ruido,auto_ruido:dash,,,,audit_cwd=/var/ossec
ATA034,2,2026-09-29T10:14:20.173Z,victima-linux,80792,3,audit|audit_command,RS2,Audit: Command: /usr/bin/ps.,auto_ruido,auto_ruido:ps,,,,audit_cwd=/var/ossec
ATA034,2,2026-09-29T10:14:20.175Z,victima-linux,80792,3,audit|audit_command,RS2,Audit: Command: /usr/bin/dash.,auto_ruido,auto_ruido:dash,,,,audit_cwd=/var/ossec
ATA034,2,2026-09-29T10:14:20.178Z,victima-linux,80792,3,audit|audit_command,RS2,Audit: Command: /usr/bin/ps.,auto_ruido,auto_ruido:ps,,,,audit_cwd=/var/ossec
ATA034,2,2026-09-29T10:14:20.180Z,victima-linux,80792,3,audit|audit_command,RS2,Audit: Command: /usr/bin/dash.,auto_ruido,auto_ruido:dash,,,,audit_cwd=/var/ossec
ATA034,2,2026-09-29T10:14:20.183Z,victima-linux,80792,3,audit|audit_command,RS2,Audit: Command: /usr/bin/ps.,auto_ruido,auto_ruido:ps,,,,audit_cwd=/var/ossec
ATA034,2,2026-09-29T10:14:20.185Z,victima-linux,80792,3,audit|audit_command,RS2,Audit: Command: /usr/bin/dash.,auto_ruido,auto_ruido:dash,,,,audit_cwd=/var/ossec
ATA034,2,2026-09-29T10:14:20.187Z,victima-linux,80792,3,audit|audit_command,RS2,Audit: Command: /usr/bin/ps.,auto_ruido,auto_ruido:ps,,,,audit_cwd=/var/ossec
ATA034,2,2026-09-29T10:14:20.189Z,victima-linux,80792,3,audit|audit_command,RS2,Audit: Command: /usr/bin/dash.,auto_ruido,auto_ruido:dash,,,,audit_cwd=/var/ossec
ATA034,2,2026-09-29T10:14:20.191Z,victima-linux,80792,3,audit|audit_command,RS2,Audit: Command: /usr/bin/ps.,auto_ruido,auto_ruido:ps,,,,audit_cwd=/var/ossec
ATA034,2,2026-09-29T10:14:20.194Z,victima-linux,80792,3,audit|audit_command,RS2,Audit: Command: /usr/bin/dash.,auto_ruido,auto_ruido:dash,,,,audit_cwd=/var/ossec
ATA034,2,2026-09-29T10:14:20.196Z,victima-linux,80792,3,audit|audit_command,RS2,Audit: Command: /usr/bin/ps.,auto_ruido,auto_ruido:ps,,,,audit_cwd=/var/ossec
ATA034,2,2026-09-29T10:14:20.198Z,victima-linux,80792,3,audit|audit_command,RS2,Audit: Command: /usr/bin/dash.,auto_ruido,auto_ruido:dash,,,,audit_cwd=/var/ossec
ATA034,2,2026-09-29T10:14:20.201Z,victima-linux,80792,3,audit|audit_command,RS2,Audit: Command: /usr/bin/ps.,auto_ruido,auto_ruido:ps,,,,audit_cwd=/var/ossec
ATA034,2,2026-09-29T10:14:20.203Z,victima-linux,80792,3,audit|audit_command,RS2,Audit: Command: /usr/bin/dash.,auto_ruido,auto_ruido:dash,,,,audit_cwd=/var/ossec
ATA034,2,2026-09-29T10:14:20.205Z,victima-linux,80792,3,audit|audit_command,RS2,Audit: Command: /usr/bin/ps.,auto_ruido,auto_ruido:ps,,,,audit_cwd=/var/ossec
ATA034,2,2026-09-29T10:14:20.208Z,victima-linux,80792,3,audit|audit_command,RS2,Audit: Command: /usr/bin/dash.,auto_ruido,auto_ruido:dash,,,,audit_cwd=/var/ossec
ATA034,2,2026-09-29T10:14:20.211Z,victima-linux,80792,3,audit|audit_command,RS2,Audit: Command: /usr/bin/ps.,auto_ruido,auto_ruido:ps,,,,audit_cwd=/var/ossec
ATA034,2,2026-09-29T10:14:20.213Z,victima-linux,80791,3,audit|audit_watch_delete|audit_watch_write,RS2,Audit: Deleted: var/run/.,auto_ruido,auto_ruido:wazuh-agentd,,,,audit_exe=/var/ossec/bin/wazuh-agentd
ATA034,2,2026-09-29T10:14:20.220Z,victima-linux,80792,3,audit|audit_command,RS2,Audit: Command: /usr/bin/dash.,auto_ruido,auto_ruido:dash,,,,audit_cwd=/var/ossec
ATA034,2,2026-09-29T10:14:20.220Z,victima-linux,80792,3,audit|audit_command,RS2,Audit: Command: /usr/bin/dash.,auto_ruido,auto_ruido:dash,,,,audit_cwd=/var/ossec
ATA034,2,2026-09-29T10:14:20.220Z,victima-linux,80792,3,audit|audit_command,RS2,Audit: Command: /usr/bin/ps.,auto_ruido,auto_ruido:ps,,,,audit_cwd=/var/ossec
ATA034,2,2026-09-29T10:14:20.222Z,victima-linux,80792,3,audit|audit_command,RS2,Audit: Command: /usr/bin/ps.,auto_ruido,auto_ruido:ps,,,,audit_cwd=/var/ossec
ATA034,2,2026-09-29T10:14:20.224Z,victima-linux,80792,3,audit|audit_command,RS2,Audit: Command: /usr/bin/dash.,auto_ruido,auto_ruido:dash,,,,audit_cwd=/var/ossec
ATA034,2,2026-09-29T10:14:20.226Z,victima-linux,80792,3,audit|audit_command,RS2,Audit: Command: /usr/bin/ps.,auto_ruido,auto_ruido:ps,,,,audit_cwd=/var/ossec
ATA034,2,2026-09-29T10:14:22.091Z,victima-linux,80792,3,audit|audit_command,RS2,Audit: Command: /usr/bin/dash.,auto_ruido,auto_ruido:dash,,,,audit_cwd=/var/ossec
ATA034,2,2026-09-29T10:14:22.091Z,victima-linux,80792,3,audit|audit_command,RS2,Audit: Command: /usr/bin/ps.,auto_ruido,auto_ruido:ps,,,,audit_cwd=/var/ossec
ATA034,2,2026-09-29T10:14:22.094Z,victima-linux,80792,3,audit|audit_command,RS2,Audit: Command: /usr/bin/dash.,auto_ruido,auto_ruido:dash,,,,audit_cwd=/var/ossec
ATA034,2,2026-09-29T10:14:22.096Z,victima-linux,80792,3,audit|audit_command,RS2,Audit: Command: /usr/bin/ps.,auto_ruido,auto_ruido:ps,,,,audit_cwd=/var/ossec
ATA034,2,2026-09-29T10:14:22.098Z,victima-linux,80792,3,audit|audit_command,RS2,Audit: Command: /usr/bin/dash.,auto_ruido,auto_ruido:dash,,,,audit_cwd=/var/ossec
ATA034,2,2026-09-29T10:14:22.101Z,victima-linux,80792,3,audit|audit_command,RS2,Audit: Command: /usr/bin/ps.,auto_ruido,auto_ruido:ps,,,,audit_cwd=/var/ossec
ATA034,2,2026-09-29T10:14:22.103Z,victima-linux,80792,3,audit|audit_command,RS2,Audit: Command: /usr/bin/dash.,auto_ruido,auto_ruido:dash,,,,audit_cwd=/var/ossec
ATA034,2,2026-09-29T10:14:22.105Z,victima-linux,80792,3,audit|audit_command,RS2,Audit: Command: /usr/bin/ps.,auto_ruido,auto_ruido:ps,,,,audit_cwd=/var/ossec
ATA034,2,2026-09-29T10:14:22.107Z,victima-linux,80792,3,audit|audit_command,RS2,Audit: Command: /usr/bin/dash.,auto_ruido,auto_ruido:dash,,,,audit_cwd=/var/ossec
ATA034,2,2026-09-29T10:14:22.110Z,victima-linux,80792,3,audit|audit_command,RS2,Audit: Command: /usr/bin/ps.,auto_ruido,auto_ruido:ps,,,,audit_cwd=/var/ossec
ATA034,2,2026-09-29T10:14:22.112Z,victima-linux,80792,3,audit|audit_command,RS2,Audit: Command: /usr/bin/dash.,auto_ruido,auto_ruido:dash,,,,audit_cwd=/var/ossec
ATA034,2,2026-09-29T10:14:22.114Z,victima-linux,80792,3,audit|audit_command,RS2,Audit: Command: /usr/bin/ps.,auto_ruido,auto_ruido:ps,,,,audit_cwd=/var/ossec
ATA034,2,2026-09-29T10:14:22.116Z,victima-linux,80792,3,audit|audit_command,RS2,Audit: Command: /usr/bin/dash.,auto_ruido,auto_ruido:dash,,,,audit_cwd=/var/ossec
ATA034,2,2026-09-29T10:14:22.119Z,victima-linux,80792,3,audit|audit_command,RS2,Audit: Command: /usr/bin/ps.,auto_ruido,auto_ruido:ps,,,,audit_cwd=/var/ossec
ATA034,2,2026-09-29T10:14:22.121Z,victima-linux,80792,3,audit|audit_command,RS2,Audit: Command: /usr/bin/dash.,auto_ruido,auto_ruido:dash,,,,audit_cwd=/var/ossec
ATA034,2,2026-09-29T10:14:22.124Z,victima-linux,80792,3,audit|audit_command,RS2,Audit: Command: /usr/bin/ps.,auto_ruido,auto_ruido:ps,,,,audit_cwd=/var/ossec
ATA034,2,2026-09-29T10:14:22.126Z,victima-linux,80792,3,audit|audit_command,RS2,Audit: Command: /usr/bin/dash.,auto_ruido,auto_ruido:dash,,,,audit_cwd=/var/ossec
ATA034,2,2026-09-29T10:14:22.129Z,victima-linux,80792,3,audit|audit_command,RS2,Audit: Command: /usr/bin/ps.,auto_ruido,auto_ruido:ps,,,,audit_cwd=/var/ossec
ATA034,2,2026-09-29T10:14:22.131Z,victima-linux,80792,3,audit|audit_command,RS2,Audit: Command: /usr/bin/dash.,auto_ruido,auto_ruido:dash,,,,audit_cwd=/var/ossec
ATA034,2,2026-09-29T10:14:22.133Z,victima-linux,80792,3,audit|audit_command,RS2,Audit: Command: /usr/bin/ps.,auto_ruido,auto_ruido:ps,,,,audit_cwd=/var/ossec
ATA034,2,2026-09-29T10:14:22.136Z,victima-linux,80792,3,audit|audit_command,RS2,Audit: Command: /usr/bin/dash.,auto_ruido,auto_ruido:dash,,,,audit_cwd=/var/ossec
ATA034,2,2026-09-29T10:14:22.138Z,victima-linux,80792,3,audit|audit_command,RS2,Audit: Command: /usr/bin/ps.,auto_ruido,auto_ruido:ps,,,,audit_cwd=/var/ossec
ATA034,2,2026-09-29T10:14:22.140Z,victima-linux,80792,3,audit|audit_command,RS2,Audit: Command: /usr/bin/dash.,auto_ruido,auto_ruido:dash,,,,audit_cwd=/var/ossec
ATA034,2,2026-09-29T10:14:22.143Z,victima-linux,80792,3,audit|audit_command,RS2,Audit: Command: /usr/bin/ps.,auto_ruido,auto_ruido:ps,,,,audit_cwd=/var/ossec
ATA034,2,2026-09-29T10:14:22.145Z,victima-linux,80792,3,audit|audit_command,RS2,Audit: Command: /usr/bin/dash.,auto_ruido,auto_ruido:dash,,,,audit_cwd=/var/ossec
ATA034,2,2026-09-29T10:14:22.148Z,victima-linux,80792,3,audit|audit_command,RS2,Audit: Command: /usr/bin/ps.,auto_ruido,auto_ruido:ps,,,,audit_cwd=/var/ossec
ATA034,2,2026-09-29T10:14:22.150Z,victima-linux,80792,3,audit|audit_command,RS2,Audit: Command: /usr/bin/dash.,auto_ruido,auto_ruido:dash,,,,audit_cwd=/var/ossec
ATA034,2,2026-09-29T10:14:22.153Z,victima-linux,80792,3,audit|audit_command,RS2,Audit: Command: /usr/bin/ps.,auto_ruido,auto_ruido:ps,,,,audit_cwd=/var/ossec
ATA034,2,2026-09-29T10:14:22.155Z,victima-linux,80792,3,audit|audit_command,RS2,Audit: Command: /usr/bin/dash.,auto_ruido,auto_ruido:dash,,,,audit_cwd=/var/ossec
ATA034,2,2026-09-29T10:14:22.158Z,victima-linux,80792,3,audit|audit_command,RS2,Audit: Command: /usr/bin/ps.,auto_ruido,auto_ruido:ps,,,,audit_cwd=/var/ossec
ATA034,2,2026-09-29T10:14:22.160Z,victima-linux,80792,3,audit|audit_command,RS2,Audit: Command: /usr/bin/dash.,auto_ruido,auto_ruido:dash,,,,audit_cwd=/var/ossec
ATA034,2,2026-09-29T10:14:22.162Z,victima-linux,80792,3,audit|audit_command,RS2,Audit: Command: /usr/bin/ps.,auto_ruido,auto_ruido:ps,,,,audit_cwd=/var/ossec
ATA034,2,2026-09-29T10:14:22.165Z,victima-linux,80792,3,audit|audit_command,RS2,Audit: Command: /usr/bin/dash.,auto_ruido,auto_ruido:dash,,,,audit_cwd=/var/ossec
ATA034,2,2026-09-29T10:14:22.167Z,victima-linux,80792,3,audit|audit_command,RS2,Audit: Command: /usr/bin/ps.,auto_ruido,auto_ruido:ps,,,,audit_cwd=/var/ossec
ATA034,2,2026-09-29T10:14:22.169Z,victima-linux,80792,3,audit|audit_command,RS2,Audit: Command: /usr/bin/dash.,auto_ruido,auto_ruido:dash,,,,audit_cwd=/var/ossec
ATA034,2,2026-09-29T10:14:22.171Z,victima-linux,80792,3,audit|audit_command,RS2,Audit: Command: /usr/bin/ps.,auto_ruido,auto_ruido:ps,,,,audit_cwd=/var/ossec
ATA034,2,2026-09-29T10:14:22.174Z,victima-linux,80792,3,audit|audit_command,RS2,Audit: Command: /usr/bin/dash.,auto_ruido,auto_ruido:dash,,,,audit_cwd=/var/ossec
ATA034,2,2026-09-29T10:14:22.176Z,victima-linux,80792,3,audit|audit_command,RS2,Audit: Command: /usr/bin/ps.,auto_ruido,auto_ruido:ps,,,,audit_cwd=/var/ossec
ATA034,2,2026-09-29T10:14:22.178Z,victima-linux,80792,3,audit|audit_command,RS2,Audit: Command: /usr/bin/dash.,auto_ruido,auto_ruido:dash,,,,audit_cwd=/var/ossec
ATA034,2,2026-09-29T10:14:22.180Z,victima-linux,80792,3,audit|audit_command,RS2,Audit: Command: /usr/bin/ps.,auto_ruido,auto_ruido:ps,,,,audit_cwd=/var/ossec
ATA034,2,2026-09-29T10:14:22.183Z,victima-linux,80792,3,audit|audit_command,RS2,Audit: Command: /usr/bin/dash.,auto_ruido,auto_ruido:dash,,,,audit_cwd=/var/ossec
ATA034,2,2026-09-29T10:14:22.185Z,victima-linux,80792,3,audit|audit_command,RS2,Audit: Command: /usr/bin/ps.,auto_ruido,auto_ruido:ps,,,,audit_cwd=/var/ossec
ATA034,2,2026-09-29T10:14:22.187Z,victima-linux,80792,3,audit|audit_command,RS2,Audit: Command: /usr/bin/dash.,auto_ruido,auto_ruido:dash,,,,audit_cwd=/var/ossec
ATA034,2,2026-09-29T10:14:22.190Z,victima-linux,80792,3,audit|audit_command,RS2,Audit: Command: /usr/bin/ps.,auto_ruido,auto_ruido:ps,,,,audit_cwd=/var/ossec
ATA034,2,2026-09-29T10:14:22.192Z,victima-linux,80792,3,audit|audit_command,RS2,Audit: Command: /usr/bin/dash.,auto_ruido,auto_ruido:dash,,,,audit_cwd=/var/ossec
ATA034,2,2026-09-29T10:14:22.194Z,victima-linux,80792,3,audit|audit_command,RS2,Audit: Command: /usr/bin/ps.,auto_ruido,auto_ruido:ps,,,,audit_cwd=/var/ossec
ATA034,2,2026-09-29T10:14:22.196Z,victima-linux,80792,3,audit|audit_command,RS2,Audit: Command: /usr/bin/dash.,auto_ruido,auto_ruido:dash,,,,audit_cwd=/var/ossec
ATA034,2,2026-09-29T10:14:22.198Z,victima-linux,80792,3,audit|audit_command,RS2,Audit: Command: /usr/bin/ps.,auto_ruido,auto_ruido:ps,,,,audit_cwd=/var/ossec
ATA034,2,2026-09-29T10:14:22.201Z,victima-linux,80792,3,audit|audit_command,RS2,Audit: Command: /usr/bin/dash.,auto_ruido,auto_ruido:dash,,,,audit_cwd=/var/ossec
ATA034,2,2026-09-29T10:14:22.203Z,victima-linux,80792,3,audit|audit_command,RS2,Audit: Command: /usr/bin/ps.,auto_ruido,auto_ruido:ps,,,,audit_cwd=/var/ossec
ATA034,2,2026-09-29T10:14:22.205Z,victima-linux,80792,3,audit|audit_command,RS2,Audit: Command: /usr/bin/dash.,auto_ruido,auto_ruido:dash,,,,audit_cwd=/var/ossec
ATA034,2,2026-09-29T10:14:22.208Z,victima-linux,80792,3,audit|audit_command,RS2,Audit: Command: /usr/bin/ps.,auto_ruido,auto_ruido:ps,,,,audit_cwd=/var/ossec
ATA034,2,2026-09-29T10:14:22.210Z,victima-linux,80792,3,audit|audit_command,RS2,Audit: Command: /usr/bin/dash.,auto_ruido,auto_ruido:dash,,,,audit_cwd=/var/ossec
ATA034,2,2026-09-29T10:14:22.213Z,victima-linux,80792,3,audit|audit_command,RS2,Audit: Command: /usr/bin/ps.,auto_ruido,auto_ruido:ps,,,,audit_cwd=/var/ossec
ATA034,2,2026-09-29T10:14:22.216Z,victima-linux,80792,3,audit|audit_command,RS2,Audit: Command: /usr/bin/dash.,auto_ruido,auto_ruido:dash,,,,audit_cwd=/var/ossec
ATA034,2,2026-09-29T10:14:22.218Z,victima-linux,80792,3,audit|audit_command,RS2,Audit: Command: /usr/bin/ps.,auto_ruido,auto_ruido:ps,,,,audit_cwd=/var/ossec
ATA034,2,2026-09-29T10:14:22.221Z,victima-linux,80792,3,audit|audit_command,RS2,Audit: Command: /usr/bin/dash.,auto_ruido,auto_ruido:dash,,,,audit_cwd=/var/ossec
ATA034,2,2026-09-29T10:14:22.223Z,victima-linux,80792,3,audit|audit_command,RS2,Audit: Command: /usr/bin/ps.,auto_ruido,auto_ruido:ps,,,,audit_cwd=/var/ossec
ATA034,2,2026-09-29T10:14:22.228Z,victima-linux,80792,3,audit|audit_command,RS2,Audit: Command: /usr/bin/dash.,auto_ruido,auto_ruido:dash,,,,audit_cwd=/var/ossec
ATA034,2,2026-09-29T10:14:22.230Z,victima-linux,80792,3,audit|audit_command,RS2,Audit: Command: /usr/bin/ps.,auto_ruido,auto_ruido:ps,,,,audit_cwd=/var/ossec
ATA034,2,2026-09-29T10:14:24.094Z,victima-linux,80792,3,audit|audit_command,RS2,Audit: Command: /usr/bin/dash.,auto_ruido,auto_ruido:dash,,,,audit_cwd=/var/ossec
ATA034,2,2026-09-29T10:14:24.094Z,victima-linux,80792,3,audit|audit_command,RS2,Audit: Command: /usr/bin/ps.,auto_ruido,auto_ruido:ps,,,,audit_cwd=/var/ossec
ATA034,2,2026-09-29T10:14:24.096Z,victima-linux,80792,3,audit|audit_command,RS2,Audit: Command: /usr/bin/dash.,auto_ruido,auto_ruido:dash,,,,audit_cwd=/var/ossec
ATA034,2,2026-09-29T10:14:24.098Z,victima-linux,80792,3,audit|audit_command,RS2,Audit: Command: /usr/bin/ps.,auto_ruido,auto_ruido:ps,,,,audit_cwd=/var/ossec
ATA034,2,2026-09-29T10:14:24.101Z,victima-linux,80792,3,audit|audit_command,RS2,Audit: Command: /usr/bin/dash.,auto_ruido,auto_ruido:dash,,,,audit_cwd=/var/ossec
ATA034,2,2026-09-29T10:14:24.103Z,victima-linux,80792,3,audit|audit_command,RS2,Audit: Command: /usr/bin/ps.,auto_ruido,auto_ruido:ps,,,,audit_cwd=/var/ossec
ATA034,2,2026-09-29T10:14:24.106Z,victima-linux,80792,3,audit|audit_command,RS2,Audit: Command: /usr/bin/dash.,auto_ruido,auto_ruido:dash,,,,audit_cwd=/var/ossec
ATA034,2,2026-09-29T10:14:24.109Z,victima-linux,80792,3,audit|audit_command,RS2,Audit: Command: /usr/bin/ps.,auto_ruido,auto_ruido:ps,,,,audit_cwd=/var/ossec
ATA034,2,2026-09-29T10:14:24.111Z,victima-linux,80792,3,audit|audit_command,RS2,Audit: Command: /usr/bin/dash.,auto_ruido,auto_ruido:dash,,,,audit_cwd=/var/ossec
ATA034,2,2026-09-29T10:14:24.113Z,victima-linux,80792,3,audit|audit_command,RS2,Audit: Command: /usr/bin/ps.,auto_ruido,auto_ruido:ps,,,,audit_cwd=/var/ossec
ATA034,2,2026-09-29T10:14:24.115Z,victima-linux,80792,3,audit|audit_command,RS2,Audit: Command: /usr/bin/dash.,auto_ruido,auto_ruido:dash,,,,audit_cwd=/var/ossec
ATA034,2,2026-09-29T10:14:24.118Z,victima-linux,80792,3,audit|audit_command,RS2,Audit: Command: /usr/bin/ps.,auto_ruido,auto_ruido:ps,,,,audit_cwd=/var/ossec
ATA034,2,2026-09-29T10:14:24.120Z,victima-linux,80792,3,audit|audit_command,RS2,Audit: Command: /usr/bin/dash.,auto_ruido,auto_ruido:dash,,,,audit_cwd=/var/ossec
ATA034,2,2026-09-29T10:14:24.123Z,victima-linux,80792,3,audit|audit_command,RS2,Audit: Command: /usr/bin/ps.,auto_ruido,auto_ruido:ps,,,,audit_cwd=/var/ossec
ATA034,2,2026-09-29T10:14:24.125Z,victima-linux,80792,3,audit|audit_command,RS2,Audit: Command: /usr/bin/dash.,auto_ruido,auto_ruido:dash,,,,audit_cwd=/var/ossec
ATA034,2,2026-09-29T10:14:24.127Z,victima-linux,80792,3,audit|audit_command,RS2,Audit: Command: /usr/bin/ps.,auto_ruido,auto_ruido:ps,,,,audit_cwd=/var/ossec
ATA034,2,2026-09-29T10:14:24.130Z,victima-linux,80792,3,audit|audit_command,RS2,Audit: Command: /usr/bin/dash.,auto_ruido,auto_ruido:dash,,,,audit_cwd=/var/ossec
ATA034,2,2026-09-29T10:14:24.132Z,victima-linux,80792,3,audit|audit_command,RS2,Audit: Command: /usr/bin/ps.,auto_ruido,auto_ruido:ps,,,,audit_cwd=/var/ossec
ATA034,2,2026-09-29T10:14:24.134Z,victima-linux,80792,3,audit|audit_command,RS2,Audit: Command: /usr/bin/dash.,auto_ruido,auto_ruido:dash,,,,audit_cwd=/var/ossec
ATA034,2,2026-09-29T10:14:24.136Z,victima-linux,80792,3,audit|audit_command,RS2,Audit: Command: /usr/bin/ps.,auto_ruido,auto_ruido:ps,,,,audit_cwd=/var/ossec
ATA034,2,2026-09-29T10:14:24.139Z,victima-linux,80792,3,audit|audit_command,RS2,Audit: Command: /usr/bin/dash.,auto_ruido,auto_ruido:dash,,,,audit_cwd=/var/ossec
ATA034,2,2026-09-29T10:14:24.142Z,victima-linux,80792,3,audit|audit_command,RS2,Audit: Command: /usr/bin/ps.,auto_ruido,auto_ruido:ps,,,,audit_cwd=/var/ossec
ATA034,2,2026-09-29T10:14:24.144Z,victima-linux,80792,3,audit|audit_command,RS2,Audit: Command: /usr/bin/dash.,auto_ruido,auto_ruido:dash,,,,audit_cwd=/var/ossec
ATA034,2,2026-09-29T10:14:24.146Z,victima-linux,80792,3,audit|audit_command,RS2,Audit: Command: /usr/bin/ps.,auto_ruido,auto_ruido:ps,,,,audit_cwd=/var/ossec
ATA034,2,2026-09-29T10:14:24.148Z,victima-linux,80792,3,audit|audit_command,RS2,Audit: Command: /usr/bin/dash.,auto_ruido,auto_ruido:dash,,,,audit_cwd=/var/ossec
ATA034,2,2026-09-29T10:14:24.151Z,victima-linux,80792,3,audit|audit_command,RS2,Audit: Command: /usr/bin/ps.,auto_ruido,auto_ruido:ps,,,,audit_cwd=/var/ossec
ATA034,2,2026-09-29T10:14:24.153Z,victima-linux,80791,3,audit|audit_watch_delete|audit_watch_write,RS2,Audit: Deleted: /run/systemd/users/.,ruido_conocido,baseline,,,,rule_id=80791
ATA034,2,2026-09-29T10:14:24.155Z,victima-linux,80791,3,audit|audit_watch_delete|audit_watch_write,RS2,Audit: Deleted: /run/user/1000/systemd/units/invocation:dbus.socket.,ruido_conocido,baseline,,,,rule_id=80791
ATA034,2,2026-09-29T10:14:24.157Z,victima-linux,80792,3,audit|audit_command,RS2,Audit: Command: /usr/lib/systemd/systemd-executor.,ruido_conocido,baseline,,,,rule_id=80792
ATA034,2,2026-09-29T10:14:24.160Z,victima-linux,80792,3,audit|audit_command,RS2,Audit: Command: /usr/bin/systemctl.,ruido_conocido,baseline,,,,rule_id=80792
ATA034,2,2026-09-29T10:14:24.162Z,victima-linux,80792,3,audit|audit_command,RS2,Audit: Command: /usr/lib/systemd/systemd-executor.,ruido_conocido,baseline,,,,rule_id=80792
ATA034,2,2026-09-29T10:14:24.164Z,victima-linux,80792,3,audit|audit_command,RS2,Audit: Command: /usr/bin/systemctl.,ruido_conocido,baseline,,,,rule_id=80792
ATA034,2,2026-09-29T10:14:24.172Z,victima-linux,80791,3,audit|audit_watch_delete|audit_watch_write,RS2,Audit: Deleted: /run/user/1000/systemd/units/invocation:gpg-agent-ssh.socket.,ruido_conocido,baseline,,,,rule_id=80791
ATA034,2,2026-09-29T10:14:24.172Z,victima-linux,80791,3,audit|audit_watch_delete|audit_watch_write,RS2,Audit: Deleted: app-xdg\x2duser\x2ddirs@autostart.service.,ruido_conocido,baseline,,,,rule_id=80791
ATA034,2,2026-09-29T10:14:24.172Z,victima-linux,80791,3,audit|audit_watch_delete|audit_watch_write,RS2,Audit: Deleted: init.scope.,ruido_conocido,baseline,,,,rule_id=80791
ATA034,2,2026-09-29T10:14:24.174Z,victima-linux,80791,3,audit|audit_watch_delete|audit_watch_write,RS2,Audit: Deleted: app-xdg\x2duser\x2ddirs@autostart.service.,ruido_conocido,baseline,,,,rule_id=80791
ATA034,2,2026-09-29T10:14:24.177Z,victima-linux,80791,3,audit|audit_watch_delete|audit_watch_write,RS2,Audit: Deleted: app-snap\x2duserd\x2dautostart@autostart.service.,ruido_conocido,baseline,,,,rule_id=80791
ATA034,2,2026-09-29T10:14:24.184Z,victima-linux,80791,3,audit|audit_watch_delete|audit_watch_write,RS2,Audit: Deleted: /run/user/1000/systemd/generator.late.,ruido_conocido,baseline,,,,rule_id=80791
ATA034,2,2026-09-29T10:14:24.184Z,victima-linux,80791,3,audit|audit_watch_delete|audit_watch_write,RS2,Audit: Deleted: app-snap\x2duserd\x2dautostart@autostart.service.,ruido_conocido,baseline,,,,rule_id=80791
ATA034,2,2026-09-29T10:14:24.184Z,victima-linux,80791,3,audit|audit_watch_delete|audit_watch_write,RS2,Audit: Deleted: xdg-desktop-autostart.target.wants.,ruido_conocido,baseline,,,,rule_id=80791
ATA034,2,2026-09-29T10:14:24.186Z,victima-linux,80792,3,audit|audit_command,RS2,Audit: Command: /usr/bin/dash.,auto_ruido,auto_ruido:dash,,,,audit_cwd=/var/ossec
ATA034,2,2026-09-29T10:14:24.188Z,victima-linux,80792,3,audit|audit_command,RS2,Audit: Command: /usr/bin/ps.,auto_ruido,auto_ruido:ps,,,,audit_cwd=/var/ossec
ATA034,2,2026-09-29T10:14:24.193Z,victima-linux,80791,3,audit|audit_watch_delete|audit_watch_write,RS2,Audit: Deleted: /run/systemd/users/.,ruido_conocido,baseline,,,,rule_id=80791
ATA034,2,2026-09-29T10:14:24.195Z,victima-linux,80792,3,audit|audit_command,RS2,Audit: Command: /usr/lib/systemd/systemd-executor.,ruido_conocido,baseline,,,,rule_id=80792
ATA034,2,2026-09-29T10:14:24.197Z,victima-linux,80792,3,audit|audit_command,RS2,Audit: Command: /usr/lib/systemd/systemd-user-runtime-dir.,ruido_conocido,baseline,,,,rule_id=80792
ATA034,2,2026-09-29T10:14:24.199Z,victima-linux,80791,3,audit|audit_watch_delete|audit_watch_write,RS2,Audit: Deleted: /run/systemd/users/1000.,ruido_conocido,baseline,,,,rule_id=80791
ATA034,2,2026-09-29T10:14:24.202Z,victima-linux,80791,3,audit|audit_watch_delete|audit_watch_write,RS2,Audit: Deleted: snapd-session-agent.socket.,ruido_conocido,baseline,,,,rule_id=80791
ATA034,2,2026-09-29T10:14:24.204Z,victima-linux,80791,3,audit|audit_watch_delete|audit_watch_write,RS2,Audit: Deleted: pk-debconf-socket.,ruido_conocido,baseline,,,,rule_id=80791
ATA034,2,2026-09-29T10:14:24.211Z,victima-linux,80791,3,audit|audit_watch_delete|audit_watch_write,RS2,Audit: Deleted: S.gpg-agent.ssh.,ruido_conocido,baseline,,,,rule_id=80791
ATA034,2,2026-09-29T10:14:24.211Z,victima-linux,80791,3,audit|audit_watch_delete|audit_watch_write,RS2,Audit: Deleted: S.keyboxd.,ruido_conocido,baseline,,,,rule_id=80791
ATA034,2,2026-09-29T10:14:24.212Z,victima-linux,80791,3,audit|audit_watch_delete|audit_watch_write,RS2,Audit: Deleted: S.gpg-agent.,ruido_conocido,baseline,,,,rule_id=80791
ATA034,2,2026-09-29T10:14:24.213Z,victima-linux,80791,3,audit|audit_watch_delete|audit_watch_write,RS2,Audit: Deleted: S.gpg-agent.extra.,ruido_conocido,baseline,,,,rule_id=80791
ATA034,2,2026-09-29T10:14:24.216Z,victima-linux,80791,3,audit|audit_watch_delete|audit_watch_write,RS2,Audit: Deleted: S.gpg-agent.browser.,ruido_conocido,baseline,,,,rule_id=80791
ATA034,2,2026-09-29T10:14:24.223Z,victima-linux,80791,3,audit|audit_watch_delete|audit_watch_write,RS2,Audit: Deleted: S.dirmngr.,ruido_conocido,baseline,,,,rule_id=80791
ATA034,2,2026-09-29T10:14:24.223Z,victima-linux,80791,3,audit|audit_watch_delete|audit_watch_write,RS2,Audit: Deleted: bus.,ruido_conocido,baseline,,,,rule_id=80791
ATA034,2,2026-09-29T10:14:24.223Z,victima-linux,80791,3,audit|audit_watch_delete|audit_watch_write,RS2,Audit: Deleted: gnupg.,ruido_conocido,baseline,,,,rule_id=80791
ATA034,2,2026-09-29T10:14:24.226Z,victima-linux,80791,3,audit|audit_watch_delete|audit_watch_write,RS2,Audit: Deleted: private.,ruido_conocido,baseline,,,,rule_id=80791
ATA034,2,2026-09-29T10:14:24.228Z,victima-linux,80791,3,audit|audit_watch_delete|audit_watch_write,RS2,Audit: Deleted: notify.,ruido_conocido,baseline,,,,rule_id=80791
ATA034,2,2026-09-29T10:14:24.238Z,victima-linux,80791,3,audit|audit_watch_delete|audit_watch_write,RS2,Audit: Deleted: os-release.,ruido_conocido,baseline,,,,rule_id=80791
ATA034,2,2026-09-29T10:14:24.238Z,victima-linux,80791,3,audit|audit_watch_delete|audit_watch_write,RS2,Audit: Deleted: units.,ruido_conocido,baseline,,,,rule_id=80791
ATA034,2,2026-09-29T10:14:24.239Z,victima-linux,80791,3,audit|audit_watch_delete|audit_watch_write,RS2,Audit: Deleted: .os-release-stage.,ruido_conocido,baseline,,,,rule_id=80791
ATA034,2,2026-09-29T10:14:24.241Z,victima-linux,80791,3,audit|audit_watch_delete|audit_watch_write,RS2,Audit: Deleted: propagate.,ruido_conocido,baseline,,,,rule_id=80791
ATA034,2,2026-09-29T10:14:24.243Z,victima-linux,80791,3,audit|audit_watch_delete|audit_watch_write,RS2,Audit: Deleted: chr.,ruido_conocido,baseline,,,,rule_id=80791
ATA034,2,2026-09-29T10:14:24.250Z,victima-linux,80791,3,audit|audit_watch_delete|audit_watch_write,RS2,Audit: Deleted: dir.,ruido_conocido,baseline,,,,rule_id=80791
ATA034,2,2026-09-29T10:14:24.250Z,victima-linux,80791,3,audit|audit_watch_delete|audit_watch_write,RS2,Audit: Deleted: fifo.,ruido_conocido,baseline,,,,rule_id=80791
ATA034,2,2026-09-29T10:14:24.250Z,victima-linux,80791,3,audit|audit_watch_delete|audit_watch_write,RS2,Audit: Deleted: sock.,ruido_conocido,baseline,,,,rule_id=80791
ATA034,2,2026-09-29T10:14:24.253Z,victima-linux,80791,3,audit|audit_watch_delete|audit_watch_write,RS2,Audit: Deleted: reg.,ruido_conocido,baseline,,,,rule_id=80791
ATA034,2,2026-09-29T10:14:24.255Z,victima-linux,80791,3,audit|audit_watch_delete|audit_watch_write,RS2,Audit: Deleted: inaccessible.,ruido_conocido,baseline,,,,rule_id=80791
ATA034,2,2026-09-29T10:14:24.262Z,victima-linux,80791,3,audit|audit_watch_delete|audit_watch_write,RS2,Audit: Deleted: /run/user/1000.,ruido_conocido,baseline,,,,rule_id=80791
ATA034,2,2026-09-29T10:14:24.262Z,victima-linux,80791,3,audit|audit_watch_delete|audit_watch_write,RS2,Audit: Deleted: systemd.,ruido_conocido,baseline,,,,rule_id=80791
ATA034,2,2026-09-29T10:14:24.265Z,victima-linux,80792,3,audit|audit_command,RS2,Audit: Command: /usr/bin/dash.,auto_ruido,auto_ruido:dash,,,,audit_cwd=/var/ossec
ATA034,2,2026-09-29T10:14:24.267Z,victima-linux,80792,3,audit|audit_command,RS2,Audit: Command: /usr/bin/ps.,auto_ruido,auto_ruido:ps,,,,audit_cwd=/var/ossec
ATA034,2,2026-09-29T10:14:24.269Z,victima-linux,80792,3,audit|audit_command,RS2,Audit: Command: /usr/bin/dash.,auto_ruido,auto_ruido:dash,,,,audit_cwd=/var/ossec
ATA034,2,2026-09-29T10:14:24.272Z,victima-linux,80792,3,audit|audit_command,RS2,Audit: Command: /usr/bin/ps.,auto_ruido,auto_ruido:ps,,,,audit_cwd=/var/ossec
ATA034,2,2026-09-29T10:14:24.274Z,victima-linux,80792,3,audit|audit_command,RS2,Audit: Command: /usr/bin/dash.,auto_ruido,auto_ruido:dash,,,,audit_cwd=/var/ossec
ATA034,2,2026-09-29T10:14:24.276Z,victima-linux,80792,3,audit|audit_command,RS2,Audit: Command: /usr/bin/ps.,auto_ruido,auto_ruido:ps,,,,audit_cwd=/var/ossec
ATA034,2,2026-09-29T10:14:24.278Z,victima-linux,80792,3,audit|audit_command,RS2,Audit: Command: /usr/bin/dash.,auto_ruido,auto_ruido:dash,,,,audit_cwd=/var/ossec
ATA034,2,2026-09-29T10:14:24.280Z,victima-linux,80792,3,audit|audit_command,RS2,Audit: Command: /usr/bin/ps.,auto_ruido,auto_ruido:ps,,,,audit_cwd=/var/ossec
ATA034,2,2026-09-29T10:14:24.283Z,victima-linux,80792,3,audit|audit_command,RS2,Audit: Command: /usr/bin/dash.,auto_ruido,auto_ruido:dash,,,,audit_cwd=/var/ossec
ATA034,2,2026-09-29T10:14:24.285Z,victima-linux,80792,3,audit|audit_command,RS2,Audit: Command: /usr/bin/ps.,auto_ruido,auto_ruido:ps,,,,audit_cwd=/var/ossec
ATA034,2,2026-09-29T10:14:24.288Z,victima-linux,80792,3,audit|audit_command,RS2,Audit: Command: /usr/bin/dash.,auto_ruido,auto_ruido:dash,,,,audit_cwd=/var/ossec
ATA034,2,2026-09-29T10:14:24.291Z,victima-linux,80792,3,audit|audit_command,RS2,Audit: Command: /usr/bin/ps.,auto_ruido,auto_ruido:ps,,,,audit_cwd=/var/ossec
ATA034,2,2026-09-29T10:14:24.293Z,victima-linux,80792,3,audit|audit_command,RS2,Audit: Command: /usr/bin/dash.,auto_ruido,auto_ruido:dash,,,,audit_cwd=/var/ossec
ATA034,2,2026-09-29T10:14:24.295Z,victima-linux,80792,3,audit|audit_command,RS2,Audit: Command: /usr/bin/ps.,auto_ruido,auto_ruido:ps,,,,audit_cwd=/var/ossec
ATA034,2,2026-09-29T10:14:24.298Z,victima-linux,80792,3,audit|audit_command,RS2,Audit: Command: /usr/bin/dash.,auto_ruido,auto_ruido:dash,,,,audit_cwd=/var/ossec
ATA034,2,2026-09-29T10:14:24.300Z,victima-linux,80792,3,audit|audit_command,RS2,Audit: Command: /usr/bin/ps.,auto_ruido,auto_ruido:ps,,,,audit_cwd=/var/ossec
ATA034,2,2026-09-29T10:14:24.302Z,victima-linux,80792,3,audit|audit_command,RS2,Audit: Command: /usr/bin/dash.,auto_ruido,auto_ruido:dash,,,,audit_cwd=/var/ossec
ATA034,2,2026-09-29T10:14:24.304Z,victima-linux,80792,3,audit|audit_command,RS2,Audit: Command: /usr/bin/ps.,auto_ruido,auto_ruido:ps,,,,audit_cwd=/var/ossec
ATA034,2,2026-09-29T10:14:24.306Z,victima-linux,80792,3,audit|audit_command,RS2,Audit: Command: /usr/bin/dash.,auto_ruido,auto_ruido:dash,,,,audit_cwd=/var/ossec
ATA034,2,2026-09-29T10:14:24.308Z,victima-linux,80792,3,audit|audit_command,RS2,Audit: Command: /usr/bin/ps.,auto_ruido,auto_ruido:ps,,,,audit_cwd=/var/ossec
ATA034,2,2026-09-29T10:14:24.311Z,victima-linux,80792,3,audit|audit_command,RS2,Audit: Command: /usr/bin/dash.,auto_ruido,auto_ruido:dash,,,,audit_cwd=/var/ossec
ATA034,2,2026-09-29T10:14:24.313Z,victima-linux,80792,3,audit|audit_command,RS2,Audit: Command: /usr/bin/ps.,auto_ruido,auto_ruido:ps,,,,audit_cwd=/var/ossec
ATA034,2,2026-09-29T10:14:24.315Z,victima-linux,80792,3,audit|audit_command,RS2,Audit: Command: /usr/bin/dash.,auto_ruido,auto_ruido:dash,,,,audit_cwd=/var/ossec
ATA034,2,2026-09-29T10:14:24.318Z,victima-linux,80792,3,audit|audit_command,RS2,Audit: Command: /usr/bin/ps.,auto_ruido,auto_ruido:ps,,,,audit_cwd=/var/ossec
ATA034,2,2026-09-29T10:14:24.320Z,victima-linux,80792,3,audit|audit_command,RS2,Audit: Command: /usr/bin/dash.,auto_ruido,auto_ruido:dash,,,,audit_cwd=/var/ossec
ATA034,2,2026-09-29T10:14:24.322Z,victima-linux,80792,3,audit|audit_command,RS2,Audit: Command: /usr/bin/ps.,auto_ruido,auto_ruido:ps,,,,audit_cwd=/var/ossec
ATA034,2,2026-09-29T10:14:24.324Z,victima-linux,80792,3,audit|audit_command,RS2,Audit: Command: /usr/bin/dash.,auto_ruido,auto_ruido:dash,,,,audit_cwd=/var/ossec
ATA034,2,2026-09-29T10:14:24.327Z,victima-linux,80792,3,audit|audit_command,RS2,Audit: Command: /usr/bin/ps.,auto_ruido,auto_ruido:ps,,,,audit_cwd=/var/ossec
ATA034,2,2026-09-29T10:14:24.329Z,victima-linux,80792,3,audit|audit_command,RS2,Audit: Command: /usr/bin/dash.,auto_ruido,auto_ruido:dash,,,,audit_cwd=/var/ossec
ATA034,2,2026-09-29T10:14:24.331Z,victima-linux,80792,3,audit|audit_command,RS2,Audit: Command: /usr/bin/ps.,auto_ruido,auto_ruido:ps,,,,audit_cwd=/var/ossec
ATA034,2,2026-09-29T10:14:26.094Z,victima-linux,80792,3,audit|audit_command,RS2,Audit: Command: /usr/bin/dash.,auto_ruido,auto_ruido:dash,,,,audit_cwd=/var/ossec
ATA034,2,2026-09-29T10:14:26.094Z,victima-linux,80792,3,audit|audit_command,RS2,Audit: Command: /usr/bin/ps.,auto_ruido,auto_ruido:ps,,,,audit_cwd=/var/ossec
ATA034,2,2026-09-29T10:14:26.096Z,victima-linux,80792,3,audit|audit_command,RS2,Audit: Command: /usr/bin/dash.,auto_ruido,auto_ruido:dash,,,,audit_cwd=/var/ossec
ATA034,2,2026-09-29T10:14:26.099Z,victima-linux,80792,3,audit|audit_command,RS2,Audit: Command: /usr/bin/ps.,auto_ruido,auto_ruido:ps,,,,audit_cwd=/var/ossec
ATA034,2,2026-09-29T10:14:26.101Z,victima-linux,80792,3,audit|audit_command,RS2,Audit: Command: /usr/bin/dash.,auto_ruido,auto_ruido:dash,,,,audit_cwd=/var/ossec
ATA034,2,2026-09-29T10:14:26.104Z,victima-linux,80792,3,audit|audit_command,RS2,Audit: Command: /usr/bin/ps.,auto_ruido,auto_ruido:ps,,,,audit_cwd=/var/ossec
ATA034,2,2026-09-29T10:14:26.106Z,victima-linux,80792,3,audit|audit_command,RS2,Audit: Command: /usr/bin/dash.,auto_ruido,auto_ruido:dash,,,,audit_cwd=/var/ossec
ATA034,2,2026-09-29T10:14:26.109Z,victima-linux,80792,3,audit|audit_command,RS2,Audit: Command: /usr/bin/ps.,auto_ruido,auto_ruido:ps,,,,audit_cwd=/var/ossec
ATA034,2,2026-09-29T10:14:26.111Z,victima-linux,80792,3,audit|audit_command,RS2,Audit: Command: /usr/bin/dash.,auto_ruido,auto_ruido:dash,,,,audit_cwd=/var/ossec
ATA034,2,2026-09-29T10:14:26.113Z,victima-linux,80792,3,audit|audit_command,RS2,Audit: Command: /usr/bin/ps.,auto_ruido,auto_ruido:ps,,,,audit_cwd=/var/ossec
ATA034,2,2026-09-29T10:14:26.116Z,victima-linux,80792,3,audit|audit_command,RS2,Audit: Command: /usr/bin/dash.,auto_ruido,auto_ruido:dash,,,,audit_cwd=/var/ossec
ATA034,2,2026-09-29T10:14:26.118Z,victima-linux,80792,3,audit|audit_command,RS2,Audit: Command: /usr/bin/ps.,auto_ruido,auto_ruido:ps,,,,audit_cwd=/var/ossec
ATA034,2,2026-09-29T10:14:26.121Z,victima-linux,80792,3,audit|audit_command,RS2,Audit: Command: /usr/bin/dash.,auto_ruido,auto_ruido:dash,,,,audit_cwd=/var/ossec
ATA034,2,2026-09-29T10:14:26.123Z,victima-linux,80792,3,audit|audit_command,RS2,Audit: Command: /usr/bin/ps.,auto_ruido,auto_ruido:ps,,,,audit_cwd=/var/ossec
ATA034,2,2026-09-29T10:14:26.126Z,victima-linux,80792,3,audit|audit_command,RS2,Audit: Command: /usr/bin/dash.,auto_ruido,auto_ruido:dash,,,,audit_cwd=/var/ossec
ATA034,2,2026-09-29T10:14:26.128Z,victima-linux,80792,3,audit|audit_command,RS2,Audit: Command: /usr/bin/ps.,auto_ruido,auto_ruido:ps,,,,audit_cwd=/var/ossec
ATA034,2,2026-09-29T10:14:26.131Z,victima-linux,80792,3,audit|audit_command,RS2,Audit: Command: /usr/bin/dash.,auto_ruido,auto_ruido:dash,,,,audit_cwd=/var/ossec
ATA034,2,2026-09-29T10:14:26.133Z,victima-linux,80792,3,audit|audit_command,RS2,Audit: Command: /usr/bin/ps.,auto_ruido,auto_ruido:ps,,,,audit_cwd=/var/ossec
ATA034,2,2026-09-29T10:14:26.135Z,victima-linux,80792,3,audit|audit_command,RS2,Audit: Command: /usr/bin/dash.,auto_ruido,auto_ruido:dash,,,,audit_cwd=/var/ossec
ATA034,2,2026-09-29T10:14:26.137Z,victima-linux,80792,3,audit|audit_command,RS2,Audit: Command: /usr/bin/ps.,auto_ruido,auto_ruido:ps,,,,audit_cwd=/var/ossec
ATA034,2,2026-09-29T10:14:26.140Z,victima-linux,80792,3,audit|audit_command,RS2,Audit: Command: /usr/bin/dash.,auto_ruido,auto_ruido:dash,,,,audit_cwd=/var/ossec
ATA034,2,2026-09-29T10:14:26.142Z,victima-linux,80792,3,audit|audit_command,RS2,Audit: Command: /usr/bin/ps.,auto_ruido,auto_ruido:ps,,,,audit_cwd=/var/ossec
ATA034,2,2026-09-29T10:14:26.144Z,victima-linux,80792,3,audit|audit_command,RS2,Audit: Command: /usr/bin/dash.,auto_ruido,auto_ruido:dash,,,,audit_cwd=/var/ossec
ATA034,2,2026-09-29T10:14:26.147Z,victima-linux,80792,3,audit|audit_command,RS2,Audit: Command: /usr/bin/ps.,auto_ruido,auto_ruido:ps,,,,audit_cwd=/var/ossec
ATA034,2,2026-09-29T10:14:26.149Z,victima-linux,80792,3,audit|audit_command,RS2,Audit: Command: /usr/bin/dash.,auto_ruido,auto_ruido:dash,,,,audit_cwd=/var/ossec
ATA034,2,2026-09-29T10:14:26.151Z,victima-linux,80792,3,audit|audit_command,RS2,Audit: Command: /usr/bin/ps.,auto_ruido,auto_ruido:ps,,,,audit_cwd=/var/ossec
ATA034,2,2026-09-29T10:14:26.153Z,victima-linux,80791,3,audit|audit_watch_delete|audit_watch_write,RS2,Audit: Deleted: var/run/.,auto_ruido,auto_ruido:wazuh-agentd,,,,audit_exe=/var/ossec/bin/wazuh-agentd
ATA034,2,2026-09-29T10:14:26.161Z,victima-linux,80792,3,audit|audit_command,RS2,Audit: Command: /usr/bin/dash.,auto_ruido,auto_ruido:dash,,,,audit_cwd=/var/ossec
ATA034,2,2026-09-29T10:14:26.161Z,victima-linux,80792,3,audit|audit_command,RS2,Audit: Command: /usr/bin/dash.,auto_ruido,auto_ruido:dash,,,,audit_cwd=/var/ossec
ATA034,2,2026-09-29T10:14:26.161Z,victima-linux,80792,3,audit|audit_command,RS2,Audit: Command: /usr/bin/ps.,auto_ruido,auto_ruido:ps,,,,audit_cwd=/var/ossec
ATA034,2,2026-09-29T10:14:26.163Z,victima-linux,80792,3,audit|audit_command,RS2,Audit: Command: /usr/bin/ps.,auto_ruido,auto_ruido:ps,,,,audit_cwd=/var/ossec
ATA034,2,2026-09-29T10:14:26.166Z,victima-linux,80792,3,audit|audit_command,RS2,Audit: Command: /usr/bin/dash.,auto_ruido,auto_ruido:dash,,,,audit_cwd=/var/ossec
ATA034,2,2026-09-29T10:14:26.168Z,victima-linux,80792,3,audit|audit_command,RS2,Audit: Command: /usr/bin/ps.,auto_ruido,auto_ruido:ps,,,,audit_cwd=/var/ossec
ATA034,2,2026-09-29T10:14:26.170Z,victima-linux,80792,3,audit|audit_command,RS2,Audit: Command: /usr/bin/dash.,auto_ruido,auto_ruido:dash,,,,audit_cwd=/var/ossec
ATA034,2,2026-09-29T10:14:26.173Z,victima-linux,80792,3,audit|audit_command,RS2,Audit: Command: /usr/bin/ps.,auto_ruido,auto_ruido:ps,,,,audit_cwd=/var/ossec
ATA034,2,2026-09-29T10:14:26.175Z,victima-linux,80792,3,audit|audit_command,RS2,Audit: Command: /usr/bin/dash.,auto_ruido,auto_ruido:dash,,,,audit_cwd=/var/ossec
ATA034,2,2026-09-29T10:14:26.177Z,victima-linux,80792,3,audit|audit_command,RS2,Audit: Command: /usr/bin/ps.,auto_ruido,auto_ruido:ps,,,,audit_cwd=/var/ossec
ATA034,2,2026-09-29T10:14:26.179Z,victima-linux,80792,3,audit|audit_command,RS2,Audit: Command: /usr/bin/dash.,auto_ruido,auto_ruido:dash,,,,audit_cwd=/var/ossec
ATA034,2,2026-09-29T10:14:26.181Z,victima-linux,80792,3,audit|audit_command,RS2,Audit: Command: /usr/bin/ps.,auto_ruido,auto_ruido:ps,,,,audit_cwd=/var/ossec
ATA034,2,2026-09-29T10:14:26.184Z,victima-linux,80792,3,audit|audit_command,RS2,Audit: Command: /usr/bin/dash.,auto_ruido,auto_ruido:dash,,,,audit_cwd=/var/ossec
ATA034,2,2026-09-29T10:14:26.186Z,victima-linux,80792,3,audit|audit_command,RS2,Audit: Command: /usr/bin/ps.,auto_ruido,auto_ruido:ps,,,,audit_cwd=/var/ossec
ATA034,2,2026-09-29T10:14:26.189Z,victima-linux,80792,3,audit|audit_command,RS2,Audit: Command: /usr/bin/dash.,auto_ruido,auto_ruido:dash,,,,audit_cwd=/var/ossec
ATA034,2,2026-09-29T10:14:26.191Z,victima-linux,80792,3,audit|audit_command,RS2,Audit: Command: /usr/bin/ps.,auto_ruido,auto_ruido:ps,,,,audit_cwd=/var/ossec
ATA034,2,2026-09-29T10:14:26.193Z,victima-linux,80792,3,audit|audit_command,RS2,Audit: Command: /usr/bin/dash.,auto_ruido,auto_ruido:dash,,,,audit_cwd=/var/ossec
ATA034,2,2026-09-29T10:14:26.196Z,victima-linux,80792,3,audit|audit_command,RS2,Audit: Command: /usr/bin/ps.,auto_ruido,auto_ruido:ps,,,,audit_cwd=/var/ossec
ATA034,2,2026-09-29T10:14:26.198Z,victima-linux,80792,3,audit|audit_command,RS2,Audit: Command: /usr/bin/dash.,auto_ruido,auto_ruido:dash,,,,audit_cwd=/var/ossec
ATA034,2,2026-09-29T10:14:26.201Z,victima-linux,80792,3,audit|audit_command,RS2,Audit: Command: /usr/bin/ps.,auto_ruido,auto_ruido:ps,,,,audit_cwd=/var/ossec
ATA034,2,2026-09-29T10:14:26.203Z,victima-linux,80792,3,audit|audit_command,RS2,Audit: Command: /usr/bin/dash.,auto_ruido,auto_ruido:dash,,,,audit_cwd=/var/ossec
ATA034,2,2026-09-29T10:14:26.205Z,victima-linux,80792,3,audit|audit_command,RS2,Audit: Command: /usr/bin/ps.,auto_ruido,auto_ruido:ps,,,,audit_cwd=/var/ossec
ATA034,2,2026-09-29T10:14:26.207Z,victima-linux,80792,3,audit|audit_command,RS2,Audit: Command: /usr/bin/dash.,auto_ruido,auto_ruido:dash,,,,audit_cwd=/var/ossec
ATA034,2,2026-09-29T10:14:26.210Z,victima-linux,80792,3,audit|audit_command,RS2,Audit: Command: /usr/bin/ps.,auto_ruido,auto_ruido:ps,,,,audit_cwd=/var/ossec
ATA034,2,2026-09-29T10:14:26.212Z,victima-linux,80792,3,audit|audit_command,RS2,Audit: Command: /usr/bin/dash.,auto_ruido,auto_ruido:dash,,,,audit_cwd=/var/ossec
ATA034,2,2026-09-29T10:14:26.215Z,victima-linux,80792,3,audit|audit_command,RS2,Audit: Command: /usr/bin/ps.,auto_ruido,auto_ruido:ps,,,,audit_cwd=/var/ossec
ATA034,2,2026-09-29T10:14:26.217Z,victima-linux,80792,3,audit|audit_command,RS2,Audit: Command: /usr/bin/dash.,auto_ruido,auto_ruido:dash,,,,audit_cwd=/var/ossec
ATA034,2,2026-09-29T10:14:26.219Z,victima-linux,80792,3,audit|audit_command,RS2,Audit: Command: /usr/bin/ps.,auto_ruido,auto_ruido:ps,,,,audit_cwd=/var/ossec
ATA034,2,2026-09-29T10:14:26.222Z,victima-linux,80792,3,audit|audit_command,RS2,Audit: Command: /usr/bin/dash.,auto_ruido,auto_ruido:dash,,,,audit_cwd=/var/ossec
ATA034,2,2026-09-29T10:14:26.224Z,victima-linux,80792,3,audit|audit_command,RS2,Audit: Command: /usr/bin/ps.,auto_ruido,auto_ruido:ps,,,,audit_cwd=/var/ossec
ATA034,2,2026-09-29T10:14:26.226Z,victima-linux,80792,3,audit|audit_command,RS2,Audit: Command: /usr/bin/dash.,auto_ruido,auto_ruido:dash,,,,audit_cwd=/var/ossec
ATA034,2,2026-09-29T10:14:26.229Z,victima-linux,80792,3,audit|audit_command,RS2,Audit: Command: /usr/bin/ps.,auto_ruido,auto_ruido:ps,,,,audit_cwd=/var/ossec
ATA034,2,2026-09-29T10:14:26.231Z,victima-linux,80792,3,audit|audit_command,RS2,Audit: Command: /usr/bin/dash.,auto_ruido,auto_ruido:dash,,,,audit_cwd=/var/ossec
ATA034,2,2026-09-29T10:14:26.233Z,victima-linux,80792,3,audit|audit_command,RS2,Audit: Command: /usr/bin/ps.,auto_ruido,auto_ruido:ps,,,,audit_cwd=/var/ossec
ATA034,2,2026-09-29T10:14:28.095Z,victima-linux,80792,3,audit|audit_command,RS2,Audit: Command: /usr/bin/dash.,auto_ruido,auto_ruido:dash,,,,audit_cwd=/var/ossec
ATA034,2,2026-09-29T10:14:28.095Z,victima-linux,80792,3,audit|audit_command,RS2,Audit: Command: /usr/bin/ps.,auto_ruido,auto_ruido:ps,,,,audit_cwd=/var/ossec
ATA034,2,2026-09-29T10:14:28.098Z,victima-linux,80792,3,audit|audit_command,RS2,Audit: Command: /usr/bin/dash.,auto_ruido,auto_ruido:dash,,,,audit_cwd=/var/ossec
ATA034,2,2026-09-29T10:14:28.100Z,victima-linux,80792,3,audit|audit_command,RS2,Audit: Command: /usr/bin/ps.,auto_ruido,auto_ruido:ps,,,,audit_cwd=/var/ossec
ATA034,2,2026-09-29T10:14:28.103Z,victima-linux,80792,3,audit|audit_command,RS2,Audit: Command: /usr/bin/dash.,auto_ruido,auto_ruido:dash,,,,audit_cwd=/var/ossec
ATA034,2,2026-09-29T10:14:28.105Z,victima-linux,80792,3,audit|audit_command,RS2,Audit: Command: /usr/bin/ps.,auto_ruido,auto_ruido:ps,,,,audit_cwd=/var/ossec
ATA034,2,2026-09-29T10:14:28.108Z,victima-linux,80792,3,audit|audit_command,RS2,Audit: Command: /usr/bin/dash.,auto_ruido,auto_ruido:dash,,,,audit_cwd=/var/ossec
ATA034,2,2026-09-29T10:14:28.110Z,victima-linux,80792,3,audit|audit_command,RS2,Audit: Command: /usr/bin/ps.,auto_ruido,auto_ruido:ps,,,,audit_cwd=/var/ossec
ATA034,2,2026-09-29T10:14:28.112Z,victima-linux,80792,3,audit|audit_command,RS2,Audit: Command: /usr/bin/dash.,auto_ruido,auto_ruido:dash,,,,audit_cwd=/var/ossec
ATA034,2,2026-09-29T10:14:28.115Z,victima-linux,80792,3,audit|audit_command,RS2,Audit: Command: /usr/bin/ps.,auto_ruido,auto_ruido:ps,,,,audit_cwd=/var/ossec
ATA034,2,2026-09-29T10:14:28.117Z,victima-linux,80792,3,audit|audit_command,RS2,Audit: Command: /usr/bin/dash.,auto_ruido,auto_ruido:dash,,,,audit_cwd=/var/ossec
ATA034,2,2026-09-29T10:14:28.119Z,victima-linux,80792,3,audit|audit_command,RS2,Audit: Command: /usr/bin/ps.,auto_ruido,auto_ruido:ps,,,,audit_cwd=/var/ossec
ATA034,2,2026-09-29T10:14:28.122Z,victima-linux,80792,3,audit|audit_command,RS2,Audit: Command: /usr/bin/dash.,auto_ruido,auto_ruido:dash,,,,audit_cwd=/var/ossec
ATA034,2,2026-09-29T10:14:28.124Z,victima-linux,80792,3,audit|audit_command,RS2,Audit: Command: /usr/bin/ps.,auto_ruido,auto_ruido:ps,,,,audit_cwd=/var/ossec
ATA034,2,2026-09-29T10:14:28.126Z,victima-linux,80792,3,audit|audit_command,RS2,Audit: Command: /usr/bin/dash.,auto_ruido,auto_ruido:dash,,,,audit_cwd=/var/ossec
ATA034,2,2026-09-29T10:14:28.129Z,victima-linux,80792,3,audit|audit_command,RS2,Audit: Command: /usr/bin/ps.,auto_ruido,auto_ruido:ps,,,,audit_cwd=/var/ossec
ATA034,2,2026-09-29T10:14:28.131Z,victima-linux,80792,3,audit|audit_command,RS2,Audit: Command: /usr/bin/dash.,auto_ruido,auto_ruido:dash,,,,audit_cwd=/var/ossec
ATA034,2,2026-09-29T10:14:28.134Z,victima-linux,80792,3,audit|audit_command,RS2,Audit: Command: /usr/bin/ps.,auto_ruido,auto_ruido:ps,,,,audit_cwd=/var/ossec
ATA034,2,2026-09-29T10:14:28.136Z,victima-linux,80792,3,audit|audit_command,RS2,Audit: Command: /usr/bin/dash.,auto_ruido,auto_ruido:dash,,,,audit_cwd=/var/ossec
ATA034,2,2026-09-29T10:14:28.138Z,victima-linux,80792,3,audit|audit_command,RS2,Audit: Command: /usr/bin/ps.,auto_ruido,auto_ruido:ps,,,,audit_cwd=/var/ossec
ATA034,2,2026-09-29T10:14:28.140Z,victima-linux,80792,3,audit|audit_command,RS2,Audit: Command: /usr/bin/dash.,auto_ruido,auto_ruido:dash,,,,audit_cwd=/var/ossec
ATA034,2,2026-09-29T10:14:28.143Z,victima-linux,80792,3,audit|audit_command,RS2,Audit: Command: /usr/bin/ps.,auto_ruido,auto_ruido:ps,,,,audit_cwd=/var/ossec
ATA034,2,2026-09-29T10:14:28.145Z,victima-linux,80792,3,audit|audit_command,RS2,Audit: Command: /usr/bin/dash.,auto_ruido,auto_ruido:dash,,,,audit_cwd=/var/ossec
ATA034,2,2026-09-29T10:14:28.148Z,victima-linux,80792,3,audit|audit_command,RS2,Audit: Command: /usr/bin/ps.,auto_ruido,auto_ruido:ps,,,,audit_cwd=/var/ossec
ATA034,2,2026-09-29T10:14:28.150Z,victima-linux,80792,3,audit|audit_command,RS2,Audit: Command: /usr/bin/dash.,auto_ruido,auto_ruido:dash,,,,audit_cwd=/var/ossec
ATA034,2,2026-09-29T10:14:28.153Z,victima-linux,80792,3,audit|audit_command,RS2,Audit: Command: /usr/bin/ps.,auto_ruido,auto_ruido:ps,,,,audit_cwd=/var/ossec
ATA034,2,2026-09-29T10:14:28.155Z,victima-linux,80792,3,audit|audit_command,RS2,Audit: Command: /usr/bin/dash.,auto_ruido,auto_ruido:dash,,,,audit_cwd=/var/ossec
ATA034,2,2026-09-29T10:14:28.157Z,victima-linux,80792,3,audit|audit_command,RS2,Audit: Command: /usr/bin/ps.,auto_ruido,auto_ruido:ps,,,,audit_cwd=/var/ossec
ATA034,2,2026-09-29T10:14:28.159Z,victima-linux,80792,3,audit|audit_command,RS2,Audit: Command: /usr/bin/dash.,auto_ruido,auto_ruido:dash,,,,audit_cwd=/var/ossec
ATA034,2,2026-09-29T10:14:28.162Z,victima-linux,80792,3,audit|audit_command,RS2,Audit: Command: /usr/bin/ps.,auto_ruido,auto_ruido:ps,,,,audit_cwd=/var/ossec
ATA034,2,2026-09-29T10:14:28.164Z,victima-linux,80792,3,audit|audit_command,RS2,Audit: Command: /usr/bin/dash.,auto_ruido,auto_ruido:dash,,,,audit_cwd=/var/ossec
ATA034,2,2026-09-29T10:14:28.166Z,victima-linux,80792,3,audit|audit_command,RS2,Audit: Command: /usr/bin/ps.,auto_ruido,auto_ruido:ps,,,,audit_cwd=/var/ossec
ATA034,2,2026-09-29T10:14:28.168Z,victima-linux,80792,3,audit|audit_command,RS2,Audit: Command: /usr/bin/dash.,auto_ruido,auto_ruido:dash,,,,audit_cwd=/var/ossec
ATA034,2,2026-09-29T10:14:28.171Z,victima-linux,80792,3,audit|audit_command,RS2,Audit: Command: /usr/bin/ps.,auto_ruido,auto_ruido:ps,,,,audit_cwd=/var/ossec
ATA034,2,2026-09-29T10:14:28.173Z,victima-linux,80792,3,audit|audit_command,RS2,Audit: Command: /usr/bin/dash.,auto_ruido,auto_ruido:dash,,,,audit_cwd=/var/ossec
ATA034,2,2026-09-29T10:14:28.176Z,victima-linux,80792,3,audit|audit_command,RS2,Audit: Command: /usr/bin/ps.,auto_ruido,auto_ruido:ps,,,,audit_cwd=/var/ossec
ATA034,2,2026-09-29T10:14:28.178Z,victima-linux,80792,3,audit|audit_command,RS2,Audit: Command: /usr/bin/dash.,auto_ruido,auto_ruido:dash,,,,audit_cwd=/var/ossec
ATA034,2,2026-09-29T10:14:28.180Z,victima-linux,80792,3,audit|audit_command,RS2,Audit: Command: /usr/bin/ps.,auto_ruido,auto_ruido:ps,,,,audit_cwd=/var/ossec
ATA034,2,2026-09-29T10:14:28.183Z,victima-linux,80792,3,audit|audit_command,RS2,Audit: Command: /usr/bin/dash.,auto_ruido,auto_ruido:dash,,,,audit_cwd=/var/ossec
ATA034,2,2026-09-29T10:14:28.186Z,victima-linux,80792,3,audit|audit_command,RS2,Audit: Command: /usr/bin/ps.,auto_ruido,auto_ruido:ps,,,,audit_cwd=/var/ossec
ATA034,2,2026-09-29T10:14:28.188Z,victima-linux,80792,3,audit|audit_command,RS2,Audit: Command: /usr/bin/dash.,auto_ruido,auto_ruido:dash,,,,audit_cwd=/var/ossec
ATA034,2,2026-09-29T10:14:28.190Z,victima-linux,80792,3,audit|audit_command,RS2,Audit: Command: /usr/bin/ps.,auto_ruido,auto_ruido:ps,,,,audit_cwd=/var/ossec
ATA034,2,2026-09-29T10:14:28.193Z,victima-linux,80792,3,audit|audit_command,RS2,Audit: Command: /usr/bin/dash.,auto_ruido,auto_ruido:dash,,,,audit_cwd=/var/ossec
ATA034,2,2026-09-29T10:14:28.195Z,victima-linux,80792,3,audit|audit_command,RS2,Audit: Command: /usr/bin/ps.,auto_ruido,auto_ruido:ps,,,,audit_cwd=/var/ossec
ATA034,2,2026-09-29T10:14:28.197Z,victima-linux,80792,3,audit|audit_command,RS2,Audit: Command: /usr/bin/dash.,auto_ruido,auto_ruido:dash,,,,audit_cwd=/var/ossec
ATA034,2,2026-09-29T10:14:28.200Z,victima-linux,80792,3,audit|audit_command,RS2,Audit: Command: /usr/bin/ps.,auto_ruido,auto_ruido:ps,,,,audit_cwd=/var/ossec
ATA034,2,2026-09-29T10:14:28.202Z,victima-linux,80792,3,audit|audit_command,RS2,Audit: Command: /usr/bin/dash.,auto_ruido,auto_ruido:dash,,,,audit_cwd=/var/ossec
ATA034,2,2026-09-29T10:14:28.204Z,victima-linux,80792,3,audit|audit_command,RS2,Audit: Command: /usr/bin/ps.,auto_ruido,auto_ruido:ps,,,,audit_cwd=/var/ossec
ATA034,2,2026-09-29T10:14:28.207Z,victima-linux,80792,3,audit|audit_command,RS2,Audit: Command: /usr/bin/dash.,auto_ruido,auto_ruido:dash,,,,audit_cwd=/var/ossec
ATA034,2,2026-09-29T10:14:28.209Z,victima-linux,80792,3,audit|audit_command,RS2,Audit: Command: /usr/bin/ps.,auto_ruido,auto_ruido:ps,,,,audit_cwd=/var/ossec
ATA034,2,2026-09-29T10:14:28.211Z,victima-linux,80792,3,audit|audit_command,RS2,Audit: Command: /usr/bin/dash.,auto_ruido,auto_ruido:dash,,,,audit_cwd=/var/ossec
ATA034,2,2026-09-29T10:14:28.214Z,victima-linux,80792,3,audit|audit_command,RS2,Audit: Command: /usr/bin/ps.,auto_ruido,auto_ruido:ps,,,,audit_cwd=/var/ossec
ATA034,2,2026-09-29T10:14:28.216Z,victima-linux,80792,3,audit|audit_command,RS2,Audit: Command: /usr/bin/dash.,auto_ruido,auto_ruido:dash,,,,audit_cwd=/var/ossec
ATA034,2,2026-09-29T10:14:28.218Z,victima-linux,80792,3,audit|audit_command,RS2,Audit: Command: /usr/bin/ps.,auto_ruido,auto_ruido:ps,,,,audit_cwd=/var/ossec
ATA034,2,2026-09-29T10:14:28.220Z,victima-linux,80792,3,audit|audit_command,RS2,Audit: Command: /usr/bin/dash.,auto_ruido,auto_ruido:dash,,,,audit_cwd=/var/ossec
ATA034,2,2026-09-29T10:14:28.222Z,victima-linux,80792,3,audit|audit_command,RS2,Audit: Command: /usr/bin/ps.,auto_ruido,auto_ruido:ps,,,,audit_cwd=/var/ossec
ATA034,2,2026-09-29T10:14:28.224Z,victima-linux,80792,3,audit|audit_command,RS2,Audit: Command: /usr/bin/dash.,auto_ruido,auto_ruido:dash,,,,audit_cwd=/var/ossec
ATA034,2,2026-09-29T10:14:28.227Z,victima-linux,80792,3,audit|audit_command,RS2,Audit: Command: /usr/bin/ps.,auto_ruido,auto_ruido:ps,,,,audit_cwd=/var/ossec
ATA034,2,2026-09-29T10:14:28.229Z,victima-linux,80792,3,audit|audit_command,RS2,Audit: Command: /usr/bin/dash.,auto_ruido,auto_ruido:dash,,,,audit_cwd=/var/ossec
ATA034,2,2026-09-29T10:14:28.232Z,victima-linux,80792,3,audit|audit_command,RS2,Audit: Command: /usr/bin/ps.,auto_ruido,auto_ruido:ps,,,,audit_cwd=/var/ossec
ATA034,2,2026-09-29T10:14:30.097Z,victima-linux,80792,3,audit|audit_command,RS2,Audit: Command: /usr/bin/dash.,auto_ruido,auto_ruido:dash,,,,audit_cwd=/var/ossec
ATA034,2,2026-09-29T10:14:30.097Z,victima-linux,80792,3,audit|audit_command,RS2,Audit: Command: /usr/bin/ps.,auto_ruido,auto_ruido:ps,,,,audit_cwd=/var/ossec
ATA034,2,2026-09-29T10:14:30.099Z,victima-linux,80792,3,audit|audit_command,RS2,Audit: Command: /usr/bin/dash.,auto_ruido,auto_ruido:dash,,,,audit_cwd=/var/ossec
ATA034,2,2026-09-29T10:14:30.102Z,victima-linux,80792,3,audit|audit_command,RS2,Audit: Command: /usr/bin/ps.,auto_ruido,auto_ruido:ps,,,,audit_cwd=/var/ossec
ATA034,2,2026-09-29T10:14:30.104Z,victima-linux,80792,3,audit|audit_command,RS2,Audit: Command: /usr/bin/dash.,auto_ruido,auto_ruido:dash,,,,audit_cwd=/var/ossec
ATA034,2,2026-09-29T10:14:30.107Z,victima-linux,80792,3,audit|audit_command,RS2,Audit: Command: /usr/bin/ps.,auto_ruido,auto_ruido:ps,,,,audit_cwd=/var/ossec
ATA034,2,2026-09-29T10:14:30.109Z,victima-linux,80792,3,audit|audit_command,RS2,Audit: Command: /usr/bin/dash.,auto_ruido,auto_ruido:dash,,,,audit_cwd=/var/ossec
ATA034,2,2026-09-29T10:14:30.112Z,victima-linux,80792,3,audit|audit_command,RS2,Audit: Command: /usr/bin/ps.,auto_ruido,auto_ruido:ps,,,,audit_cwd=/var/ossec
ATA034,2,2026-09-29T10:14:30.114Z,victima-linux,80792,3,audit|audit_command,RS2,Audit: Command: /usr/bin/dash.,auto_ruido,auto_ruido:dash,,,,audit_cwd=/var/ossec
ATA034,2,2026-09-29T10:14:30.117Z,victima-linux,80792,3,audit|audit_command,RS2,Audit: Command: /usr/bin/ps.,auto_ruido,auto_ruido:ps,,,,audit_cwd=/var/ossec
ATA034,2,2026-09-29T10:14:30.119Z,victima-linux,80792,3,audit|audit_command,RS2,Audit: Command: /usr/bin/dash.,auto_ruido,auto_ruido:dash,,,,audit_cwd=/var/ossec
ATA034,2,2026-09-29T10:14:30.122Z,victima-linux,80792,3,audit|audit_command,RS2,Audit: Command: /usr/bin/ps.,auto_ruido,auto_ruido:ps,,,,audit_cwd=/var/ossec
ATA034,2,2026-09-29T10:14:30.124Z,victima-linux,80792,3,audit|audit_command,RS2,Audit: Command: /usr/bin/dash.,auto_ruido,auto_ruido:dash,,,,audit_cwd=/var/ossec
ATA034,2,2026-09-29T10:14:30.126Z,victima-linux,80792,3,audit|audit_command,RS2,Audit: Command: /usr/bin/ps.,auto_ruido,auto_ruido:ps,,,,audit_cwd=/var/ossec
ATA034,2,2026-09-29T10:14:30.128Z,victima-linux,80792,3,audit|audit_command,RS2,Audit: Command: /usr/bin/dash.,auto_ruido,auto_ruido:dash,,,,audit_cwd=/var/ossec
ATA034,2,2026-09-29T10:14:30.131Z,victima-linux,80792,3,audit|audit_command,RS2,Audit: Command: /usr/bin/ps.,auto_ruido,auto_ruido:ps,,,,audit_cwd=/var/ossec
ATA034,2,2026-09-29T10:14:30.133Z,victima-linux,80792,3,audit|audit_command,RS2,Audit: Command: /usr/bin/dash.,auto_ruido,auto_ruido:dash,,,,audit_cwd=/var/ossec
ATA034,2,2026-09-29T10:14:30.135Z,victima-linux,80792,3,audit|audit_command,RS2,Audit: Command: /usr/bin/ps.,auto_ruido,auto_ruido:ps,,,,audit_cwd=/var/ossec
ATA034,2,2026-09-29T10:14:30.138Z,victima-linux,80792,3,audit|audit_command,RS2,Audit: Command: /usr/bin/dash.,auto_ruido,auto_ruido:dash,,,,audit_cwd=/var/ossec
ATA034,2,2026-09-29T10:14:30.140Z,victima-linux,80792,3,audit|audit_command,RS2,Audit: Command: /usr/bin/ps.,auto_ruido,auto_ruido:ps,,,,audit_cwd=/var/ossec
ATA034,2,2026-09-29T10:14:30.143Z,victima-linux,80792,3,audit|audit_command,RS2,Audit: Command: /usr/bin/dash.,auto_ruido,auto_ruido:dash,,,,audit_cwd=/var/ossec
ATA034,2,2026-09-29T10:14:30.145Z,victima-linux,80792,3,audit|audit_command,RS2,Audit: Command: /usr/bin/ps.,auto_ruido,auto_ruido:ps,,,,audit_cwd=/var/ossec
ATA034,2,2026-09-29T10:14:30.148Z,victima-linux,80792,3,audit|audit_command,RS2,Audit: Command: /usr/bin/dash.,auto_ruido,auto_ruido:dash,,,,audit_cwd=/var/ossec
ATA034,2,2026-09-29T10:14:30.151Z,victima-linux,80792,3,audit|audit_command,RS2,Audit: Command: /usr/bin/ps.,auto_ruido,auto_ruido:ps,,,,audit_cwd=/var/ossec
ATA034,2,2026-09-29T10:14:30.152Z,victima-linux,80792,3,audit|audit_command,RS2,Audit: Command: /usr/bin/dash.,auto_ruido,auto_ruido:dash,,,,audit_cwd=/var/ossec
ATA034,2,2026-09-29T10:14:30.155Z,victima-linux,80792,3,audit|audit_command,RS2,Audit: Command: /usr/bin/ps.,auto_ruido,auto_ruido:ps,,,,audit_cwd=/var/ossec
ATA034,2,2026-09-29T10:14:30.157Z,victima-linux,80792,3,audit|audit_command,RS2,Audit: Command: /usr/bin/dash.,auto_ruido,auto_ruido:dash,,,,audit_cwd=/var/ossec
ATA034,2,2026-09-29T10:14:30.160Z,victima-linux,80792,3,audit|audit_command,RS2,Audit: Command: /usr/bin/ps.,auto_ruido,auto_ruido:ps,,,,audit_cwd=/var/ossec
ATA034,2,2026-09-29T10:14:30.162Z,victima-linux,80792,3,audit|audit_command,RS2,Audit: Command: /usr/bin/dash.,auto_ruido,auto_ruido:dash,,,,audit_cwd=/var/ossec
ATA034,2,2026-09-29T10:14:30.165Z,victima-linux,80792,3,audit|audit_command,RS2,Audit: Command: /usr/bin/ps.,auto_ruido,auto_ruido:ps,,,,audit_cwd=/var/ossec
ATA034,2,2026-09-29T10:14:30.168Z,victima-linux,80792,3,audit|audit_command,RS2,Audit: Command: /usr/bin/dash.,auto_ruido,auto_ruido:dash,,,,audit_cwd=/var/ossec
ATA034,2,2026-09-29T10:14:30.170Z,victima-linux,80792,3,audit|audit_command,RS2,Audit: Command: /usr/bin/ps.,auto_ruido,auto_ruido:ps,,,,audit_cwd=/var/ossec
ATA034,2,2026-09-29T10:14:30.173Z,victima-linux,80792,3,audit|audit_command,RS2,Audit: Command: /usr/bin/dash.,auto_ruido,auto_ruido:dash,,,,audit_cwd=/var/ossec
ATA034,2,2026-09-29T10:14:30.175Z,victima-linux,80792,3,audit|audit_command,RS2,Audit: Command: /usr/bin/ps.,auto_ruido,auto_ruido:ps,,,,audit_cwd=/var/ossec
ATA034,2,2026-09-29T10:14:30.177Z,victima-linux,80792,3,audit|audit_command,RS2,Audit: Command: /usr/bin/dash.,auto_ruido,auto_ruido:dash,,,,audit_cwd=/var/ossec
ATA034,2,2026-09-29T10:14:30.180Z,victima-linux,80792,3,audit|audit_command,RS2,Audit: Command: /usr/bin/ps.,auto_ruido,auto_ruido:ps,,,,audit_cwd=/var/ossec
ATA034,2,2026-09-29T10:14:30.182Z,victima-linux,80792,3,audit|audit_command,RS2,Audit: Command: /usr/bin/dash.,auto_ruido,auto_ruido:dash,,,,audit_cwd=/var/ossec
ATA034,2,2026-09-29T10:14:30.184Z,victima-linux,80792,3,audit|audit_command,RS2,Audit: Command: /usr/bin/ps.,auto_ruido,auto_ruido:ps,,,,audit_cwd=/var/ossec
ATA034,2,2026-09-29T10:14:30.186Z,victima-linux,80792,3,audit|audit_command,RS2,Audit: Command: /usr/bin/dash.,auto_ruido,auto_ruido:dash,,,,audit_cwd=/var/ossec
ATA034,2,2026-09-29T10:14:30.189Z,victima-linux,80792,3,audit|audit_command,RS2,Audit: Command: /usr/bin/ps.,auto_ruido,auto_ruido:ps,,,,audit_cwd=/var/ossec
ATA034,2,2026-09-29T10:14:30.191Z,victima-linux,80792,3,audit|audit_command,RS2,Audit: Command: /usr/bin/dash.,auto_ruido,auto_ruido:dash,,,,audit_cwd=/var/ossec
ATA034,2,2026-09-29T10:14:30.193Z,victima-linux,80792,3,audit|audit_command,RS2,Audit: Command: /usr/bin/ps.,auto_ruido,auto_ruido:ps,,,,audit_cwd=/var/ossec
ATA034,2,2026-09-29T10:14:30.196Z,victima-linux,80792,3,audit|audit_command,RS2,Audit: Command: /usr/bin/dash.,auto_ruido,auto_ruido:dash,,,,audit_cwd=/var/ossec
ATA034,2,2026-09-29T10:14:30.198Z,victima-linux,80792,3,audit|audit_command,RS2,Audit: Command: /usr/bin/ps.,auto_ruido,auto_ruido:ps,,,,audit_cwd=/var/ossec
ATA034,2,2026-09-29T10:14:30.200Z,victima-linux,80792,3,audit|audit_command,RS2,Audit: Command: /usr/bin/dash.,auto_ruido,auto_ruido:dash,,,,audit_cwd=/var/ossec
ATA034,2,2026-09-29T10:14:30.202Z,victima-linux,80792,3,audit|audit_command,RS2,Audit: Command: /usr/bin/ps.,auto_ruido,auto_ruido:ps,,,,audit_cwd=/var/ossec
ATA034,2,2026-09-29T10:14:30.204Z,victima-linux,80792,3,audit|audit_command,RS2,Audit: Command: /usr/bin/dash.,auto_ruido,auto_ruido:dash,,,,audit_cwd=/var/ossec
ATA034,2,2026-09-29T10:14:30.207Z,victima-linux,80792,3,audit|audit_command,RS2,Audit: Command: /usr/bin/ps.,auto_ruido,auto_ruido:ps,,,,audit_cwd=/var/ossec
ATA034,2,2026-09-29T10:14:30.210Z,victima-linux,80792,3,audit|audit_command,RS2,Audit: Command: /usr/bin/dash.,auto_ruido,auto_ruido:dash,,,,audit_cwd=/var/ossec
ATA034,2,2026-09-29T10:14:30.212Z,victima-linux,80792,3,audit|audit_command,RS2,Audit: Command: /usr/bin/ps.,auto_ruido,auto_ruido:ps,,,,audit_cwd=/var/ossec
ATA034,2,2026-09-29T10:14:30.214Z,victima-linux,80792,3,audit|audit_command,RS2,Audit: Command: /usr/bin/dash.,auto_ruido,auto_ruido:dash,,,,audit_cwd=/var/ossec
ATA034,2,2026-09-29T10:14:30.217Z,victima-linux,80792,3,audit|audit_command,RS2,Audit: Command: /usr/bin/ps.,auto_ruido,auto_ruido:ps,,,,audit_cwd=/var/ossec
ATA034,2,2026-09-29T10:14:30.219Z,victima-linux,80792,3,audit|audit_command,RS2,Audit: Command: /usr/bin/dash.,auto_ruido,auto_ruido:dash,,,,audit_cwd=/var/ossec
ATA034,2,2026-09-29T10:14:30.221Z,victima-linux,80792,3,audit|audit_command,RS2,Audit: Command: /usr/bin/ps.,auto_ruido,auto_ruido:ps,,,,audit_cwd=/var/ossec
ATA034,2,2026-09-29T10:14:30.223Z,victima-linux,80791,3,audit|audit_watch_delete|audit_watch_write,RS2,Audit: Deleted: var/run/.,auto_ruido,auto_ruido:wazuh-agentd,,,,audit_exe=/var/ossec/bin/wazuh-agentd
ATA034,2,2026-09-29T10:14:30.231Z,victima-linux,80792,3,audit|audit_command,RS2,Audit: Command: /usr/bin/dash.,auto_ruido,auto_ruido:dash,,,,audit_cwd=/var/ossec
ATA034,2,2026-09-29T10:14:30.231Z,victima-linux,80792,3,audit|audit_command,RS2,Audit: Command: /usr/bin/dash.,auto_ruido,auto_ruido:dash,,,,audit_cwd=/var/ossec
ATA034,2,2026-09-29T10:14:30.231Z,victima-linux,80792,3,audit|audit_command,RS2,Audit: Command: /usr/bin/ps.,auto_ruido,auto_ruido:ps,,,,audit_cwd=/var/ossec
ATA034,2,2026-09-29T10:14:30.233Z,victima-linux,80792,3,audit|audit_command,RS2,Audit: Command: /usr/bin/ps.,auto_ruido,auto_ruido:ps,,,,audit_cwd=/var/ossec
ATA034,2,2026-09-29T10:14:32.098Z,victima-linux,80792,3,audit|audit_command,RS2,Audit: Command: /usr/bin/dash.,auto_ruido,auto_ruido:dash,,,,audit_cwd=/var/ossec
ATA034,2,2026-09-29T10:14:32.098Z,victima-linux,80792,3,audit|audit_command,RS2,Audit: Command: /usr/bin/ps.,auto_ruido,auto_ruido:ps,,,,audit_cwd=/var/ossec
ATA034,2,2026-09-29T10:14:32.100Z,victima-linux,80792,3,audit|audit_command,RS2,Audit: Command: /usr/bin/dash.,auto_ruido,auto_ruido:dash,,,,audit_cwd=/var/ossec
ATA034,2,2026-09-29T10:14:32.102Z,victima-linux,80792,3,audit|audit_command,RS2,Audit: Command: /usr/bin/ps.,auto_ruido,auto_ruido:ps,,,,audit_cwd=/var/ossec
ATA034,2,2026-09-29T10:14:32.105Z,victima-linux,80792,3,audit|audit_command,RS2,Audit: Command: /usr/bin/dash.,auto_ruido,auto_ruido:dash,,,,audit_cwd=/var/ossec
ATA034,2,2026-09-29T10:14:32.107Z,victima-linux,80792,3,audit|audit_command,RS2,Audit: Command: /usr/bin/ps.,auto_ruido,auto_ruido:ps,,,,audit_cwd=/var/ossec
ATA034,2,2026-09-29T10:14:32.109Z,victima-linux,80792,3,audit|audit_command,RS2,Audit: Command: /usr/bin/dash.,auto_ruido,auto_ruido:dash,,,,audit_cwd=/var/ossec
ATA034,2,2026-09-29T10:14:32.112Z,victima-linux,80792,3,audit|audit_command,RS2,Audit: Command: /usr/bin/ps.,auto_ruido,auto_ruido:ps,,,,audit_cwd=/var/ossec
ATA034,2,2026-09-29T10:14:32.114Z,victima-linux,80792,3,audit|audit_command,RS2,Audit: Command: /usr/bin/dash.,auto_ruido,auto_ruido:dash,,,,audit_cwd=/var/ossec
ATA034,2,2026-09-29T10:14:32.117Z,victima-linux,80792,3,audit|audit_command,RS2,Audit: Command: /usr/bin/ps.,auto_ruido,auto_ruido:ps,,,,audit_cwd=/var/ossec
ATA034,2,2026-09-29T10:14:32.119Z,victima-linux,80792,3,audit|audit_command,RS2,Audit: Command: /usr/bin/dash.,auto_ruido,auto_ruido:dash,,,,audit_cwd=/var/ossec
ATA034,2,2026-09-29T10:14:32.121Z,victima-linux,80792,3,audit|audit_command,RS2,Audit: Command: /usr/bin/ps.,auto_ruido,auto_ruido:ps,,,,audit_cwd=/var/ossec
ATA034,2,2026-09-29T10:14:32.124Z,victima-linux,80792,3,audit|audit_command,RS2,Audit: Command: /usr/bin/dash.,auto_ruido,auto_ruido:dash,,,,audit_cwd=/var/ossec
ATA034,2,2026-09-29T10:14:32.126Z,victima-linux,80792,3,audit|audit_command,RS2,Audit: Command: /usr/bin/ps.,auto_ruido,auto_ruido:ps,,,,audit_cwd=/var/ossec
ATA034,2,2026-09-29T10:14:32.128Z,victima-linux,80792,3,audit|audit_command,RS2,Audit: Command: /usr/bin/dash.,auto_ruido,auto_ruido:dash,,,,audit_cwd=/var/ossec
ATA034,2,2026-09-29T10:14:32.130Z,victima-linux,80792,3,audit|audit_command,RS2,Audit: Command: /usr/bin/ps.,auto_ruido,auto_ruido:ps,,,,audit_cwd=/var/ossec
ATA034,2,2026-09-29T10:14:32.133Z,victima-linux,80792,3,audit|audit_command,RS2,Audit: Command: /usr/bin/dash.,auto_ruido,auto_ruido:dash,,,,audit_cwd=/var/ossec
ATA034,2,2026-09-29T10:14:32.135Z,victima-linux,80792,3,audit|audit_command,RS2,Audit: Command: /usr/bin/ps.,auto_ruido,auto_ruido:ps,,,,audit_cwd=/var/ossec
ATA034,2,2026-09-29T10:14:32.137Z,victima-linux,80792,3,audit|audit_command,RS2,Audit: Command: /usr/bin/dash.,auto_ruido,auto_ruido:dash,,,,audit_cwd=/var/ossec
ATA034,2,2026-09-29T10:14:32.140Z,victima-linux,80792,3,audit|audit_command,RS2,Audit: Command: /usr/bin/ps.,auto_ruido,auto_ruido:ps,,,,audit_cwd=/var/ossec
ATA034,2,2026-09-29T10:14:32.142Z,victima-linux,80792,3,audit|audit_command,RS2,Audit: Command: /usr/bin/dash.,auto_ruido,auto_ruido:dash,,,,audit_cwd=/var/ossec
ATA034,2,2026-09-29T10:14:32.144Z,victima-linux,80792,3,audit|audit_command,RS2,Audit: Command: /usr/bin/ps.,auto_ruido,auto_ruido:ps,,,,audit_cwd=/var/ossec
ATA034,2,2026-09-29T10:14:32.147Z,victima-linux,80792,3,audit|audit_command,RS2,Audit: Command: /usr/bin/dash.,auto_ruido,auto_ruido:dash,,,,audit_cwd=/var/ossec
ATA034,2,2026-09-29T10:14:32.150Z,victima-linux,80792,3,audit|audit_command,RS2,Audit: Command: /usr/bin/ps.,auto_ruido,auto_ruido:ps,,,,audit_cwd=/var/ossec
ATA034,2,2026-09-29T10:14:32.152Z,victima-linux,80792,3,audit|audit_command,RS2,Audit: Command: /usr/bin/dash.,auto_ruido,auto_ruido:dash,,,,audit_cwd=/var/ossec
ATA034,2,2026-09-29T10:14:32.154Z,victima-linux,80792,3,audit|audit_command,RS2,Audit: Command: /usr/bin/ps.,auto_ruido,auto_ruido:ps,,,,audit_cwd=/var/ossec
ATA034,2,2026-09-29T10:14:32.156Z,victima-linux,80792,3,audit|audit_command,RS2,Audit: Command: /usr/bin/dash.,auto_ruido,auto_ruido:dash,,,,audit_cwd=/var/ossec
ATA034,2,2026-09-29T10:14:32.158Z,victima-linux,80792,3,audit|audit_command,RS2,Audit: Command: /usr/bin/ps.,auto_ruido,auto_ruido:ps,,,,audit_cwd=/var/ossec
ATA034,2,2026-09-29T10:14:32.161Z,victima-linux,80792,3,audit|audit_command,RS2,Audit: Command: /usr/bin/dash.,auto_ruido,auto_ruido:dash,,,,audit_cwd=/var/ossec
ATA034,2,2026-09-29T10:14:32.163Z,victima-linux,80792,3,audit|audit_command,RS2,Audit: Command: /usr/bin/ps.,auto_ruido,auto_ruido:ps,,,,audit_cwd=/var/ossec
ATA034,2,2026-09-29T10:14:32.166Z,victima-linux,80792,3,audit|audit_command,RS2,Audit: Command: /usr/bin/dash.,auto_ruido,auto_ruido:dash,,,,audit_cwd=/var/ossec
ATA034,2,2026-09-29T10:14:32.168Z,victima-linux,80792,3,audit|audit_command,RS2,Audit: Command: /usr/bin/ps.,auto_ruido,auto_ruido:ps,,,,audit_cwd=/var/ossec
ATA034,2,2026-09-29T10:14:32.170Z,victima-linux,80792,3,audit|audit_command,RS2,Audit: Command: /usr/bin/dash.,auto_ruido,auto_ruido:dash,,,,audit_cwd=/var/ossec
ATA034,2,2026-09-29T10:14:32.172Z,victima-linux,80792,3,audit|audit_command,RS2,Audit: Command: /usr/bin/ps.,auto_ruido,auto_ruido:ps,,,,audit_cwd=/var/ossec
ATA034,2,2026-09-29T10:14:32.174Z,victima-linux,80792,3,audit|audit_command,RS2,Audit: Command: /usr/bin/dash.,auto_ruido,auto_ruido:dash,,,,audit_cwd=/var/ossec
ATA034,2,2026-09-29T10:14:32.177Z,victima-linux,80792,3,audit|audit_command,RS2,Audit: Command: /usr/bin/ps.,auto_ruido,auto_ruido:ps,,,,audit_cwd=/var/ossec
ATA034,2,2026-09-29T10:14:32.179Z,victima-linux,80792,3,audit|audit_command,RS2,Audit: Command: /usr/bin/dash.,auto_ruido,auto_ruido:dash,,,,audit_cwd=/var/ossec
ATA034,2,2026-09-29T10:14:32.181Z,victima-linux,80792,3,audit|audit_command,RS2,Audit: Command: /usr/bin/ps.,auto_ruido,auto_ruido:ps,,,,audit_cwd=/var/ossec
ATA034,2,2026-09-29T10:14:32.184Z,victima-linux,80792,3,audit|audit_command,RS2,Audit: Command: /usr/bin/dash.,auto_ruido,auto_ruido:dash,,,,audit_cwd=/var/ossec
ATA034,2,2026-09-29T10:14:32.186Z,victima-linux,80792,3,audit|audit_command,RS2,Audit: Command: /usr/bin/ps.,auto_ruido,auto_ruido:ps,,,,audit_cwd=/var/ossec
ATA034,2,2026-09-29T10:14:32.188Z,victima-linux,80792,3,audit|audit_command,RS2,Audit: Command: /usr/bin/dash.,auto_ruido,auto_ruido:dash,,,,audit_cwd=/var/ossec
ATA034,2,2026-09-29T10:14:32.190Z,victima-linux,80792,3,audit|audit_command,RS2,Audit: Command: /usr/bin/ps.,auto_ruido,auto_ruido:ps,,,,audit_cwd=/var/ossec
ATA034,2,2026-09-29T10:14:32.193Z,victima-linux,80792,3,audit|audit_command,RS2,Audit: Command: /usr/bin/dash.,auto_ruido,auto_ruido:dash,,,,audit_cwd=/var/ossec
ATA034,2,2026-09-29T10:14:32.195Z,victima-linux,80792,3,audit|audit_command,RS2,Audit: Command: /usr/bin/ps.,auto_ruido,auto_ruido:ps,,,,audit_cwd=/var/ossec
ATA034,2,2026-09-29T10:14:32.197Z,victima-linux,80792,3,audit|audit_command,RS2,Audit: Command: /usr/bin/dash.,auto_ruido,auto_ruido:dash,,,,audit_cwd=/var/ossec
ATA034,2,2026-09-29T10:14:32.199Z,victima-linux,80792,3,audit|audit_command,RS2,Audit: Command: /usr/bin/ps.,auto_ruido,auto_ruido:ps,,,,audit_cwd=/var/ossec
ATA034,2,2026-09-29T10:14:32.202Z,victima-linux,80792,3,audit|audit_command,RS2,Audit: Command: /usr/bin/dash.,auto_ruido,auto_ruido:dash,,,,audit_cwd=/var/ossec
ATA034,2,2026-09-29T10:14:32.204Z,victima-linux,80792,3,audit|audit_command,RS2,Audit: Command: /usr/bin/ps.,auto_ruido,auto_ruido:ps,,,,audit_cwd=/var/ossec
ATA034,2,2026-09-29T10:14:32.207Z,victima-linux,80792,3,audit|audit_command,RS2,Audit: Command: /usr/bin/dash.,auto_ruido,auto_ruido:dash,,,,audit_cwd=/var/ossec
ATA034,2,2026-09-29T10:14:32.209Z,victima-linux,80792,3,audit|audit_command,RS2,Audit: Command: /usr/bin/ps.,auto_ruido,auto_ruido:ps,,,,audit_cwd=/var/ossec
ATA034,2,2026-09-29T10:14:32.212Z,victima-linux,80792,3,audit|audit_command,RS2,Audit: Command: /usr/bin/dash.,auto_ruido,auto_ruido:dash,,,,audit_cwd=/var/ossec
ATA034,2,2026-09-29T10:14:32.214Z,victima-linux,80792,3,audit|audit_command,RS2,Audit: Command: /usr/bin/ps.,auto_ruido,auto_ruido:ps,,,,audit_cwd=/var/ossec
ATA034,2,2026-09-29T10:14:32.216Z,victima-linux,80792,3,audit|audit_command,RS2,Audit: Command: /usr/bin/dash.,auto_ruido,auto_ruido:dash,,,,audit_cwd=/var/ossec
ATA034,2,2026-09-29T10:14:32.219Z,victima-linux,80792,3,audit|audit_command,RS2,Audit: Command: /usr/bin/ps.,auto_ruido,auto_ruido:ps,,,,audit_cwd=/var/ossec
ATA034,2,2026-09-29T10:14:32.221Z,victima-linux,80792,3,audit|audit_command,RS2,Audit: Command: /usr/bin/dash.,auto_ruido,auto_ruido:dash,,,,audit_cwd=/var/ossec
ATA034,2,2026-09-29T10:14:32.224Z,victima-linux,80792,3,audit|audit_command,RS2,Audit: Command: /usr/bin/ps.,auto_ruido,auto_ruido:ps,,,,audit_cwd=/var/ossec
ATA034,2,2026-09-29T10:14:32.226Z,victima-linux,80792,3,audit|audit_command,RS2,Audit: Command: /usr/bin/dash.,auto_ruido,auto_ruido:dash,,,,audit_cwd=/var/ossec
ATA034,2,2026-09-29T10:14:32.228Z,victima-linux,80792,3,audit|audit_command,RS2,Audit: Command: /usr/bin/ps.,auto_ruido,auto_ruido:ps,,,,audit_cwd=/var/ossec
ATA034,2,2026-09-29T10:14:34.098Z,victima-linux,80792,3,audit|audit_command,RS2,Audit: Command: /usr/bin/dash.,auto_ruido,auto_ruido:dash,,,,audit_cwd=/var/ossec
ATA034,2,2026-09-29T10:14:34.098Z,victima-linux,80792,3,audit|audit_command,RS2,Audit: Command: /usr/bin/ps.,auto_ruido,auto_ruido:ps,,,,audit_cwd=/var/ossec
ATA034,2,2026-09-29T10:14:34.101Z,victima-linux,80792,3,audit|audit_command,RS2,Audit: Command: /usr/bin/dash.,auto_ruido,auto_ruido:dash,,,,audit_cwd=/var/ossec
ATA034,2,2026-09-29T10:14:34.103Z,victima-linux,80792,3,audit|audit_command,RS2,Audit: Command: /usr/bin/ps.,auto_ruido,auto_ruido:ps,,,,audit_cwd=/var/ossec
ATA034,2,2026-09-29T10:14:34.105Z,victima-linux,80792,3,audit|audit_command,RS2,Audit: Command: /usr/bin/dash.,auto_ruido,auto_ruido:dash,,,,audit_cwd=/var/ossec
ATA034,2,2026-09-29T10:14:34.107Z,victima-linux,80792,3,audit|audit_command,RS2,Audit: Command: /usr/bin/ps.,auto_ruido,auto_ruido:ps,,,,audit_cwd=/var/ossec
ATA034,2,2026-09-29T10:14:34.109Z,victima-linux,80792,3,audit|audit_command,RS2,Audit: Command: /usr/bin/dash.,auto_ruido,auto_ruido:dash,,,,audit_cwd=/var/ossec
ATA034,2,2026-09-29T10:14:34.112Z,victima-linux,80792,3,audit|audit_command,RS2,Audit: Command: /usr/bin/ps.,auto_ruido,auto_ruido:ps,,,,audit_cwd=/var/ossec
ATA034,2,2026-09-29T10:14:34.114Z,victima-linux,80792,3,audit|audit_command,RS2,Audit: Command: /usr/bin/dash.,auto_ruido,auto_ruido:dash,,,,audit_cwd=/var/ossec
ATA034,2,2026-09-29T10:14:34.116Z,victima-linux,80792,3,audit|audit_command,RS2,Audit: Command: /usr/bin/ps.,auto_ruido,auto_ruido:ps,,,,audit_cwd=/var/ossec
ATA034,2,2026-09-29T10:14:34.118Z,victima-linux,80792,3,audit|audit_command,RS2,Audit: Command: /usr/bin/dash.,auto_ruido,auto_ruido:dash,,,,audit_cwd=/var/ossec
ATA034,2,2026-09-29T10:14:34.120Z,victima-linux,80792,3,audit|audit_command,RS2,Audit: Command: /usr/bin/ps.,auto_ruido,auto_ruido:ps,,,,audit_cwd=/var/ossec
ATA034,2,2026-09-29T10:14:34.123Z,victima-linux,80792,3,audit|audit_command,RS2,Audit: Command: /usr/bin/dash.,auto_ruido,auto_ruido:dash,,,,audit_cwd=/var/ossec
ATA034,2,2026-09-29T10:14:34.125Z,victima-linux,80792,3,audit|audit_command,RS2,Audit: Command: /usr/bin/ps.,auto_ruido,auto_ruido:ps,,,,audit_cwd=/var/ossec
ATA034,2,2026-09-29T10:14:34.129Z,victima-linux,80792,3,audit|audit_command,RS2,Audit: Command: /usr/bin/dash.,auto_ruido,auto_ruido:dash,,,,audit_cwd=/var/ossec
ATA034,2,2026-09-29T10:14:34.131Z,victima-linux,80792,3,audit|audit_command,RS2,Audit: Command: /usr/bin/ps.,auto_ruido,auto_ruido:ps,,,,audit_cwd=/var/ossec
ATA034,2,2026-09-29T10:14:34.134Z,victima-linux,80792,3,audit|audit_command,RS2,Audit: Command: /usr/bin/dash.,auto_ruido,auto_ruido:dash,,,,audit_cwd=/var/ossec
ATA034,2,2026-09-29T10:14:34.136Z,victima-linux,80792,3,audit|audit_command,RS2,Audit: Command: /usr/bin/ps.,auto_ruido,auto_ruido:ps,,,,audit_cwd=/var/ossec
ATA034,2,2026-09-29T10:14:34.138Z,victima-linux,80792,3,audit|audit_command,RS2,Audit: Command: /usr/bin/dash.,auto_ruido,auto_ruido:dash,,,,audit_cwd=/var/ossec
ATA034,2,2026-09-29T10:14:34.140Z,victima-linux,80792,3,audit|audit_command,RS2,Audit: Command: /usr/bin/ps.,auto_ruido,auto_ruido:ps,,,,audit_cwd=/var/ossec
ATA034,2,2026-09-29T10:14:34.143Z,victima-linux,80792,3,audit|audit_command,RS2,Audit: Command: /usr/bin/dash.,auto_ruido,auto_ruido:dash,,,,audit_cwd=/var/ossec
ATA034,2,2026-09-29T10:14:34.146Z,victima-linux,80792,3,audit|audit_command,RS2,Audit: Command: /usr/bin/ps.,auto_ruido,auto_ruido:ps,,,,audit_cwd=/var/ossec
ATA034,2,2026-09-29T10:14:34.148Z,victima-linux,80792,3,audit|audit_command,RS2,Audit: Command: /usr/bin/dash.,auto_ruido,auto_ruido:dash,,,,audit_cwd=/var/ossec
ATA034,2,2026-09-29T10:14:34.150Z,victima-linux,80792,3,audit|audit_command,RS2,Audit: Command: /usr/bin/ps.,auto_ruido,auto_ruido:ps,,,,audit_cwd=/var/ossec
ATA034,2,2026-09-29T10:14:34.153Z,victima-linux,80792,3,audit|audit_command,RS2,Audit: Command: /usr/bin/dash.,auto_ruido,auto_ruido:dash,,,,audit_cwd=/var/ossec
ATA034,2,2026-09-29T10:14:34.155Z,victima-linux,80792,3,audit|audit_command,RS2,Audit: Command: /usr/bin/ps.,auto_ruido,auto_ruido:ps,,,,audit_cwd=/var/ossec
ATA034,2,2026-09-29T10:14:34.157Z,victima-linux,80792,3,audit|audit_command,RS2,Audit: Command: /usr/bin/dash.,auto_ruido,auto_ruido:dash,,,,audit_cwd=/var/ossec
ATA034,2,2026-09-29T10:14:34.159Z,victima-linux,80792,3,audit|audit_command,RS2,Audit: Command: /usr/bin/ps.,auto_ruido,auto_ruido:ps,,,,audit_cwd=/var/ossec
ATA034,2,2026-09-29T10:14:34.161Z,victima-linux,80792,3,audit|audit_command,RS2,Audit: Command: /usr/bin/dash.,auto_ruido,auto_ruido:dash,,,,audit_cwd=/var/ossec
ATA034,2,2026-09-29T10:14:34.164Z,victima-linux,80792,3,audit|audit_command,RS2,Audit: Command: /usr/bin/ps.,auto_ruido,auto_ruido:ps,,,,audit_cwd=/var/ossec
ATA034,2,2026-09-29T10:14:34.166Z,victima-linux,80792,3,audit|audit_command,RS2,Audit: Command: /usr/bin/dash.,auto_ruido,auto_ruido:dash,,,,audit_cwd=/var/ossec
ATA034,2,2026-09-29T10:14:34.168Z,victima-linux,80792,3,audit|audit_command,RS2,Audit: Command: /usr/bin/ps.,auto_ruido,auto_ruido:ps,,,,audit_cwd=/var/ossec
ATA034,2,2026-09-29T10:14:34.171Z,victima-linux,80792,3,audit|audit_command,RS2,Audit: Command: /usr/bin/dash.,auto_ruido,auto_ruido:dash,,,,audit_cwd=/var/ossec
ATA034,2,2026-09-29T10:14:34.173Z,victima-linux,80792,3,audit|audit_command,RS2,Audit: Command: /usr/bin/ps.,auto_ruido,auto_ruido:ps,,,,audit_cwd=/var/ossec
ATA034,2,2026-09-29T10:14:34.175Z,victima-linux,80792,3,audit|audit_command,RS2,Audit: Command: /usr/bin/dash.,auto_ruido,auto_ruido:dash,,,,audit_cwd=/var/ossec
ATA034,2,2026-09-29T10:14:34.177Z,victima-linux,80792,3,audit|audit_command,RS2,Audit: Command: /usr/bin/ps.,auto_ruido,auto_ruido:ps,,,,audit_cwd=/var/ossec
ATA034,2,2026-09-29T10:14:34.180Z,victima-linux,80792,3,audit|audit_command,RS2,Audit: Command: /usr/bin/dash.,auto_ruido,auto_ruido:dash,,,,audit_cwd=/var/ossec
ATA034,2,2026-09-29T10:14:34.182Z,victima-linux,80792,3,audit|audit_command,RS2,Audit: Command: /usr/bin/ps.,auto_ruido,auto_ruido:ps,,,,audit_cwd=/var/ossec
ATA034,2,2026-09-29T10:14:34.184Z,victima-linux,80792,3,audit|audit_command,RS2,Audit: Command: /usr/bin/dash.,auto_ruido,auto_ruido:dash,,,,audit_cwd=/var/ossec
ATA034,2,2026-09-29T10:14:34.187Z,victima-linux,80792,3,audit|audit_command,RS2,Audit: Command: /usr/bin/ps.,auto_ruido,auto_ruido:ps,,,,audit_cwd=/var/ossec
ATA034,2,2026-09-29T10:14:34.189Z,victima-linux,80792,3,audit|audit_command,RS2,Audit: Command: /usr/bin/dash.,auto_ruido,auto_ruido:dash,,,,audit_cwd=/var/ossec
ATA034,2,2026-09-29T10:14:34.191Z,victima-linux,80792,3,audit|audit_command,RS2,Audit: Command: /usr/bin/ps.,auto_ruido,auto_ruido:ps,,,,audit_cwd=/var/ossec
ATA034,2,2026-09-29T10:14:34.194Z,victima-linux,80792,3,audit|audit_command,RS2,Audit: Command: /usr/bin/dash.,auto_ruido,auto_ruido:dash,,,,audit_cwd=/var/ossec
ATA034,2,2026-09-29T10:14:34.196Z,victima-linux,80792,3,audit|audit_command,RS2,Audit: Command: /usr/bin/ps.,auto_ruido,auto_ruido:ps,,,,audit_cwd=/var/ossec
ATA034,2,2026-09-29T10:14:34.198Z,victima-linux,80792,3,audit|audit_command,RS2,Audit: Command: /usr/bin/dash.,auto_ruido,auto_ruido:dash,,,,audit_cwd=/var/ossec
ATA034,2,2026-09-29T10:14:34.201Z,victima-linux,80792,3,audit|audit_command,RS2,Audit: Command: /usr/bin/ps.,auto_ruido,auto_ruido:ps,,,,audit_cwd=/var/ossec
ATA034,2,2026-09-29T10:14:34.203Z,victima-linux,80792,3,audit|audit_command,RS2,Audit: Command: /usr/bin/dash.,auto_ruido,auto_ruido:dash,,,,audit_cwd=/var/ossec
ATA034,2,2026-09-29T10:14:34.206Z,victima-linux,80792,3,audit|audit_command,RS2,Audit: Command: /usr/bin/ps.,auto_ruido,auto_ruido:ps,,,,audit_cwd=/var/ossec
ATA034,2,2026-09-29T10:14:34.208Z,victima-linux,80792,3,audit|audit_command,RS2,Audit: Command: /usr/bin/dash.,auto_ruido,auto_ruido:dash,,,,audit_cwd=/var/ossec
ATA034,2,2026-09-29T10:14:34.211Z,victima-linux,80792,3,audit|audit_command,RS2,Audit: Command: /usr/bin/ps.,auto_ruido,auto_ruido:ps,,,,audit_cwd=/var/ossec
ATA034,2,2026-09-29T10:14:34.213Z,victima-linux,80792,3,audit|audit_command,RS2,Audit: Command: /usr/bin/dash.,auto_ruido,auto_ruido:dash,,,,audit_cwd=/var/ossec
ATA034,2,2026-09-29T10:14:34.216Z,victima-linux,80792,3,audit|audit_command,RS2,Audit: Command: /usr/bin/ps.,auto_ruido,auto_ruido:ps,,,,audit_cwd=/var/ossec
ATA034,2,2026-09-29T10:14:34.218Z,victima-linux,80792,3,audit|audit_command,RS2,Audit: Command: /usr/bin/dash.,auto_ruido,auto_ruido:dash,,,,audit_cwd=/var/ossec
ATA034,2,2026-09-29T10:14:34.221Z,victima-linux,80792,3,audit|audit_command,RS2,Audit: Command: /usr/bin/ps.,auto_ruido,auto_ruido:ps,,,,audit_cwd=/var/ossec
ATA034,2,2026-09-29T10:14:36.100Z,victima-linux,80792,3,audit|audit_command,RS2,Audit: Command: /usr/bin/dash.,auto_ruido,auto_ruido:dash,,,,audit_cwd=/var/ossec
ATA034,2,2026-09-29T10:14:36.105Z,victima-linux,80792,3,audit|audit_command,RS2,Audit: Command: /usr/bin/dash.,auto_ruido,auto_ruido:dash,,,,audit_cwd=/var/ossec
ATA034,2,2026-09-29T10:14:36.105Z,victima-linux,80792,3,audit|audit_command,RS2,Audit: Command: /usr/bin/ps.,auto_ruido,auto_ruido:ps,,,,audit_cwd=/var/ossec
ATA034,2,2026-09-29T10:14:36.105Z,victima-linux,80792,3,audit|audit_command,RS2,Audit: Command: /usr/bin/ps.,auto_ruido,auto_ruido:ps,,,,audit_cwd=/var/ossec
ATA034,2,2026-09-29T10:14:36.112Z,victima-linux,80792,3,audit|audit_command,RS2,Audit: Command: /usr/bin/dash.,auto_ruido,auto_ruido:dash,,,,audit_cwd=/var/ossec
ATA034,2,2026-09-29T10:14:36.112Z,victima-linux,80792,3,audit|audit_command,RS2,Audit: Command: /usr/bin/dash.,auto_ruido,auto_ruido:dash,,,,audit_cwd=/var/ossec
ATA034,2,2026-09-29T10:14:36.112Z,victima-linux,80792,3,audit|audit_command,RS2,Audit: Command: /usr/bin/ps.,auto_ruido,auto_ruido:ps,,,,audit_cwd=/var/ossec
ATA034,2,2026-09-29T10:14:36.119Z,victima-linux,80792,3,audit|audit_command,RS2,Audit: Command: /usr/bin/dash.,auto_ruido,auto_ruido:dash,,,,audit_cwd=/var/ossec
ATA034,2,2026-09-29T10:14:36.119Z,victima-linux,80792,3,audit|audit_command,RS2,Audit: Command: /usr/bin/ps.,auto_ruido,auto_ruido:ps,,,,audit_cwd=/var/ossec
ATA034,2,2026-09-29T10:14:36.119Z,victima-linux,80792,3,audit|audit_command,RS2,Audit: Command: /usr/bin/ps.,auto_ruido,auto_ruido:ps,,,,audit_cwd=/var/ossec
ATA034,2,2026-09-29T10:14:36.125Z,victima-linux,80792,3,audit|audit_command,RS2,Audit: Command: /usr/bin/dash.,auto_ruido,auto_ruido:dash,,,,audit_cwd=/var/ossec
ATA034,2,2026-09-29T10:14:36.125Z,victima-linux,80792,3,audit|audit_command,RS2,Audit: Command: /usr/bin/ps.,auto_ruido,auto_ruido:ps,,,,audit_cwd=/var/ossec
ATA034,2,2026-09-29T10:14:36.126Z,victima-linux,80792,3,audit|audit_command,RS2,Audit: Command: /usr/bin/dash.,auto_ruido,auto_ruido:dash,,,,audit_cwd=/var/ossec
ATA034,2,2026-09-29T10:14:36.133Z,victima-linux,80792,3,audit|audit_command,RS2,Audit: Command: /usr/bin/dash.,auto_ruido,auto_ruido:dash,,,,audit_cwd=/var/ossec
ATA034,2,2026-09-29T10:14:36.133Z,victima-linux,80792,3,audit|audit_command,RS2,Audit: Command: /usr/bin/ps.,auto_ruido,auto_ruido:ps,,,,audit_cwd=/var/ossec
ATA034,2,2026-09-29T10:14:36.133Z,victima-linux,80792,3,audit|audit_command,RS2,Audit: Command: /usr/bin/ps.,auto_ruido,auto_ruido:ps,,,,audit_cwd=/var/ossec
ATA034,2,2026-09-29T10:14:36.139Z,victima-linux,80792,3,audit|audit_command,RS2,Audit: Command: /usr/bin/dash.,auto_ruido,auto_ruido:dash,,,,audit_cwd=/var/ossec
ATA034,2,2026-09-29T10:14:36.140Z,victima-linux,80792,3,audit|audit_command,RS2,Audit: Command: /usr/bin/dash.,auto_ruido,auto_ruido:dash,,,,audit_cwd=/var/ossec
ATA034,2,2026-09-29T10:14:36.140Z,victima-linux,80792,3,audit|audit_command,RS2,Audit: Command: /usr/bin/ps.,auto_ruido,auto_ruido:ps,,,,audit_cwd=/var/ossec
ATA034,2,2026-09-29T10:14:36.146Z,victima-linux,80792,3,audit|audit_command,RS2,Audit: Command: /usr/bin/ps.,auto_ruido,auto_ruido:ps,,,,audit_cwd=/var/ossec
ATA034,2,2026-09-29T10:14:36.147Z,victima-linux,80792,3,audit|audit_command,RS2,Audit: Command: /usr/bin/dash.,auto_ruido,auto_ruido:dash,,,,audit_cwd=/var/ossec
ATA034,2,2026-09-29T10:14:36.147Z,victima-linux,80792,3,audit|audit_command,RS2,Audit: Command: /usr/bin/ps.,auto_ruido,auto_ruido:ps,,,,audit_cwd=/var/ossec
ATA034,2,2026-09-29T10:14:36.153Z,victima-linux,80792,3,audit|audit_command,RS2,Audit: Command: /usr/bin/dash.,auto_ruido,auto_ruido:dash,,,,audit_cwd=/var/ossec
ATA034,2,2026-09-29T10:14:36.154Z,victima-linux,80791,3,audit|audit_watch_delete|audit_watch_write,RS2,Audit: Deleted: var/run/.,auto_ruido,auto_ruido:wazuh-agentd,,,,audit_exe=/var/ossec/bin/wazuh-agentd
ATA034,2,2026-09-29T10:14:36.154Z,victima-linux,80792,3,audit|audit_command,RS2,Audit: Command: /usr/bin/ps.,auto_ruido,auto_ruido:ps,,,,audit_cwd=/var/ossec
ATA034,2,2026-09-29T10:14:36.160Z,victima-linux,80792,3,audit|audit_command,RS2,Audit: Command: /usr/bin/ps.,auto_ruido,auto_ruido:ps,,,,audit_cwd=/var/ossec
ATA034,2,2026-09-29T10:14:36.161Z,victima-linux,80792,3,audit|audit_command,RS2,Audit: Command: /usr/bin/dash.,auto_ruido,auto_ruido:dash,,,,audit_cwd=/var/ossec
ATA034,2,2026-09-29T10:14:36.161Z,victima-linux,80792,3,audit|audit_command,RS2,Audit: Command: /usr/bin/dash.,auto_ruido,auto_ruido:dash,,,,audit_cwd=/var/ossec
ATA034,2,2026-09-29T10:14:36.167Z,victima-linux,80792,3,audit|audit_command,RS2,Audit: Command: /usr/bin/ps.,auto_ruido,auto_ruido:ps,,,,audit_cwd=/var/ossec
ATA034,2,2026-09-29T10:14:36.168Z,victima-linux,80792,3,audit|audit_command,RS2,Audit: Command: /usr/bin/dash.,auto_ruido,auto_ruido:dash,,,,audit_cwd=/var/ossec
ATA034,2,2026-09-29T10:14:36.168Z,victima-linux,80792,3,audit|audit_command,RS2,Audit: Command: /usr/bin/ps.,auto_ruido,auto_ruido:ps,,,,audit_cwd=/var/ossec
ATA034,2,2026-09-29T10:14:36.175Z,victima-linux,80792,3,audit|audit_command,RS2,Audit: Command: /usr/bin/dash.,auto_ruido,auto_ruido:dash,,,,audit_cwd=/var/ossec
ATA034,2,2026-09-29T10:14:36.175Z,victima-linux,80792,3,audit|audit_command,RS2,Audit: Command: /usr/bin/dash.,auto_ruido,auto_ruido:dash,,,,audit_cwd=/var/ossec
ATA034,2,2026-09-29T10:14:36.175Z,victima-linux,80792,3,audit|audit_command,RS2,Audit: Command: /usr/bin/ps.,auto_ruido,auto_ruido:ps,,,,audit_cwd=/var/ossec
ATA034,2,2026-09-29T10:14:36.182Z,victima-linux,80792,3,audit|audit_command,RS2,Audit: Command: /usr/bin/dash.,auto_ruido,auto_ruido:dash,,,,audit_cwd=/var/ossec
ATA034,2,2026-09-29T10:14:36.182Z,victima-linux,80792,3,audit|audit_command,RS2,Audit: Command: /usr/bin/ps.,auto_ruido,auto_ruido:ps,,,,audit_cwd=/var/ossec
ATA034,2,2026-09-29T10:14:36.182Z,victima-linux,80792,3,audit|audit_command,RS2,Audit: Command: /usr/bin/ps.,auto_ruido,auto_ruido:ps,,,,audit_cwd=/var/ossec
ATA034,2,2026-09-29T10:14:36.189Z,victima-linux,80792,3,audit|audit_command,RS2,Audit: Command: /usr/bin/dash.,auto_ruido,auto_ruido:dash,,,,audit_cwd=/var/ossec
ATA034,2,2026-09-29T10:14:36.190Z,victima-linux,80792,3,audit|audit_command,RS2,Audit: Command: /usr/bin/dash.,auto_ruido,auto_ruido:dash,,,,audit_cwd=/var/ossec
ATA034,2,2026-09-29T10:14:36.190Z,victima-linux,80792,3,audit|audit_command,RS2,Audit: Command: /usr/bin/ps.,auto_ruido,auto_ruido:ps,,,,audit_cwd=/var/ossec
ATA034,2,2026-09-29T10:14:36.196Z,victima-linux,80792,3,audit|audit_command,RS2,Audit: Command: /usr/bin/dash.,auto_ruido,auto_ruido:dash,,,,audit_cwd=/var/ossec
ATA034,2,2026-09-29T10:14:36.196Z,victima-linux,80792,3,audit|audit_command,RS2,Audit: Command: /usr/bin/ps.,auto_ruido,auto_ruido:ps,,,,audit_cwd=/var/ossec
ATA034,2,2026-09-29T10:14:36.196Z,victima-linux,80792,3,audit|audit_command,RS2,Audit: Command: /usr/bin/ps.,auto_ruido,auto_ruido:ps,,,,audit_cwd=/var/ossec
ATA034,2,2026-09-29T10:14:36.203Z,victima-linux,80792,3,audit|audit_command,RS2,Audit: Command: /usr/bin/dash.,auto_ruido,auto_ruido:dash,,,,audit_cwd=/var/ossec
ATA034,2,2026-09-29T10:14:36.203Z,victima-linux,80792,3,audit|audit_command,RS2,Audit: Command: /usr/bin/dash.,auto_ruido,auto_ruido:dash,,,,audit_cwd=/var/ossec
ATA034,2,2026-09-29T10:14:36.203Z,victima-linux,80792,3,audit|audit_command,RS2,Audit: Command: /usr/bin/ps.,auto_ruido,auto_ruido:ps,,,,audit_cwd=/var/ossec
ATA034,2,2026-09-29T10:14:36.210Z,victima-linux,80792,3,audit|audit_command,RS2,Audit: Command: /usr/bin/dash.,auto_ruido,auto_ruido:dash,,,,audit_cwd=/var/ossec
ATA034,2,2026-09-29T10:14:36.211Z,victima-linux,80792,3,audit|audit_command,RS2,Audit: Command: /usr/bin/ps.,auto_ruido,auto_ruido:ps,,,,audit_cwd=/var/ossec
ATA034,2,2026-09-29T10:14:36.211Z,victima-linux,80792,3,audit|audit_command,RS2,Audit: Command: /usr/bin/ps.,auto_ruido,auto_ruido:ps,,,,audit_cwd=/var/ossec
ATA034,2,2026-09-29T10:14:36.217Z,victima-linux,80792,3,audit|audit_command,RS2,Audit: Command: /usr/bin/dash.,auto_ruido,auto_ruido:dash,,,,audit_cwd=/var/ossec
ATA034,2,2026-09-29T10:14:36.217Z,victima-linux,80792,3,audit|audit_command,RS2,Audit: Command: /usr/bin/dash.,auto_ruido,auto_ruido:dash,,,,audit_cwd=/var/ossec
ATA034,2,2026-09-29T10:14:36.217Z,victima-linux,80792,3,audit|audit_command,RS2,Audit: Command: /usr/bin/ps.,auto_ruido,auto_ruido:ps,,,,audit_cwd=/var/ossec
ATA034,2,2026-09-29T10:14:36.258Z,victima-linux,80792,3,audit|audit_command,RS2,Audit: Command: /usr/bin/ps.,auto_ruido,auto_ruido:ps,,,,audit_cwd=/var/ossec
ATA034,2,2026-09-29T10:14:38.101Z,victima-linux,80792,3,audit|audit_command,RS2,Audit: Command: /usr/bin/dash.,auto_ruido,auto_ruido:dash,,,,audit_cwd=/var/ossec
ATA034,2,2026-09-29T10:14:38.101Z,victima-linux,80792,3,audit|audit_command,RS2,Audit: Command: /usr/bin/ps.,auto_ruido,auto_ruido:ps,,,,audit_cwd=/var/ossec
ATA034,2,2026-09-29T10:14:38.103Z,victima-linux,80792,3,audit|audit_command,RS2,Audit: Command: /usr/bin/dash.,auto_ruido,auto_ruido:dash,,,,audit_cwd=/var/ossec
ATA034,2,2026-09-29T10:14:38.105Z,victima-linux,80792,3,audit|audit_command,RS2,Audit: Command: /usr/bin/ps.,auto_ruido,auto_ruido:ps,,,,audit_cwd=/var/ossec
ATA034,2,2026-09-29T10:14:40.103Z,victima-linux,80791,3,audit|audit_watch_delete|audit_watch_write,RS2,Audit: Deleted: var/run/.,auto_ruido,auto_ruido:wazuh-agentd,,,,audit_exe=/var/ossec/bin/wazuh-agentd
