# ATA027_iter1-Audited.csv | TFG HIDS - Fase 3 A2.1 (R-09/R-13) | ata=ATA027 iter=1 | modo=ataque | alerta=D:\TFG\HIDS-Analisis_Capacidad_deteccion_Ataques_locales_MITRE\Dataset\Ataques\Resultados\Wazuh\linux\CSV\ATA027_iter1-Detalle.csv sha256=89c60eaad941a75e687cd723fe0fb23bf75329472a2486be7e0c60a02eb993a5 | catalogo=Dataset/Legitimo/ruleids_legitimos.csv sha256=388dce2f0a3c51e8dcb5583a393a25d4b9483e35881701817bc1d3bd41561be8 | esperado=Dataset/Ataques/Comandos\T1561.002-Disk_Structure_Wipe\ATA027_esperado.csv sha256=c72d8a6789a9b42aa74da5b40e97b2e03de71fb622f124f537b0b48ca1e3a6a6 | revision=D:\TFG\HIDS-Analisis_Capacidad_deteccion_Ataques_locales_MITRE\Dataset\Ataques\Resultados\Wazuh\linux\Auditado\ATA027_iter1-Revision.csv sha256=d3e097790db788d64d87a2b986f54e08e56d88cd14f6bbc9ad63572489b02f69 | conteos: filas=1277 deteccion=13 auto_ruido=608 ruido_conocido=596 dudosa=0 artefacto_ataque=60 | columnas: ata_id,iter,timestamp_utc,agent_name,rule_id,rule_level,rule_groups,rs_origen,rule_description,categoria,motivo,atribucion,revision,veredicto_humano,evidencia
ata_id,iter,timestamp_utc,agent_name,rule_id,rule_level,rule_groups,rs_origen,rule_description,categoria,motivo,atribucion,revision,veredicto_humano,evidencia
ATA027,1,2026-09-29T03:58:37.803Z,victima-linux,80780,3,audit|audit_watch_write,RS2,Audit: Watch - Write access.,ruido_conocido,baseline,,,,rule_id=80780
ATA027,1,2026-09-29T03:58:37.808Z,victima-linux,80791,3,audit|audit_watch_delete|audit_watch_write,RS2,Audit: Deleted: /run/systemd/users/.,ruido_conocido,baseline,,,,rule_id=80791
ATA027,1,2026-09-29T03:58:37.810Z,victima-linux,80791,3,audit|audit_watch_delete|audit_watch_write,RS2,Audit: Deleted: /run/systemd/users/.,ruido_conocido,baseline,,,,rule_id=80791
ATA027,1,2026-09-29T03:58:37.813Z,victima-linux,80791,3,audit|audit_watch_delete|audit_watch_write,RS2,Audit: Deleted: /run/systemd/sessions/.,ruido_conocido,baseline,,,,rule_id=80791
ATA027,1,2026-09-29T03:58:37.816Z,victima-linux,80791,3,audit|audit_watch_delete|audit_watch_write,RS2,Audit: Deleted: /run/systemd/users/.,ruido_conocido,baseline,,,,rule_id=80791
ATA027,1,2026-09-29T03:58:37.818Z,victima-linux,80792,3,audit|audit_command,RS2,Audit: Command: /usr/lib/systemd/systemd-executor.,ruido_conocido,baseline,,,,rule_id=80792
ATA027,1,2026-09-29T03:58:37.820Z,victima-linux,80792,3,audit|audit_command,RS2,Audit: Command: /usr/lib/systemd/systemd-user-runtime-dir.,ruido_conocido,baseline,,,,rule_id=80792
ATA027,1,2026-09-29T03:58:37.824Z,victima-linux,80792,3,audit|audit_command,RS2,Audit: Command: /usr/lib/systemd/systemd-executor.,ruido_conocido,baseline,,,,rule_id=80792
ATA027,1,2026-09-29T03:58:37.831Z,victima-linux,80780,3,audit|audit_watch_write,RS2,Audit: Watch - Write access.,ruido_conocido,baseline,,,,rule_id=80780
ATA027,1,2026-09-29T03:58:37.838Z,victima-linux,80792,3,audit|audit_command,RS2,Audit: Command: /usr/lib/systemd/systemd.,ruido_conocido,baseline,,,,rule_id=80792
ATA027,1,2026-09-29T03:58:37.840Z,victima-linux,80792,3,audit|audit_command,RS2,Audit: Command: /usr/lib/systemd/user-environment-generators/30-systemd-environment-d-generator.,ruido_conocido,baseline,,,,rule_id=80792
ATA027,1,2026-09-29T03:58:37.843Z,victima-linux,80792,3,audit|audit_command,RS2,Audit: Command: /usr/lib/systemd/user-generators/systemd-xdg-autostart-generator.,ruido_conocido,baseline,,,,rule_id=80792
ATA027,1,2026-09-29T03:58:37.845Z,victima-linux,80782,3,audit|audit_watch_write,RS2,Audit: Watch - Write access: /run/user/1000/systemd/.,ruido_conocido,baseline,,,,rule_id=80782
ATA027,1,2026-09-29T03:58:37.848Z,victima-linux,80782,3,audit|audit_watch_write,RS2,Audit: Watch - Write access: /run/user/1000/systemd/.,ruido_conocido,baseline,,,,rule_id=80782
ATA027,1,2026-09-29T03:58:37.856Z,victima-linux,80791,3,audit|audit_watch_delete|audit_watch_write,RS2,Audit: Deleted: /run/user/1000/systemd/units/.,ruido_conocido,baseline,,,,rule_id=80791
ATA027,1,2026-09-29T03:58:37.856Z,victima-linux,80791,3,audit|audit_watch_delete|audit_watch_write,RS2,Audit: Deleted: /run/user/1000/systemd/units/.,ruido_conocido,baseline,,,,rule_id=80791
ATA027,1,2026-09-29T03:58:37.856Z,victima-linux,80792,3,audit|audit_command,RS2,Audit: Command: /usr/lib/systemd/systemd-executor.,ruido_conocido,baseline,,,,rule_id=80792
ATA027,1,2026-09-29T03:58:37.858Z,victima-linux,80792,3,audit|audit_command,RS2,Audit: Command: /usr/lib/systemd/systemd-executor.,ruido_conocido,baseline,,,,rule_id=80792
ATA027,1,2026-09-29T03:58:37.861Z,victima-linux,80792,3,audit|audit_command,RS2,Audit: Command: /usr/bin/systemctl.,ruido_conocido,baseline,,,,rule_id=80792
ATA027,1,2026-09-29T03:58:37.863Z,victima-linux,80792,3,audit|audit_command,RS2,Audit: Command: /usr/bin/systemctl.,ruido_conocido,baseline,,,,rule_id=80792
ATA027,1,2026-09-29T03:58:37.865Z,victima-linux,80792,3,audit|audit_command,RS2,Audit: Command: /usr/lib/systemd/systemd-executor.,ruido_conocido,baseline,,,,rule_id=80792
ATA027,1,2026-09-29T03:58:37.873Z,victima-linux,80791,3,audit|audit_watch_delete|audit_watch_write,RS2,Audit: Deleted: /run/systemd/users/.,ruido_conocido,baseline,,,,rule_id=80791
ATA027,1,2026-09-29T03:58:37.873Z,victima-linux,80792,3,audit|audit_command,RS2,Audit: Command: /usr/bin/systemctl.,ruido_conocido,baseline,,,,rule_id=80792
ATA027,1,2026-09-29T03:58:37.875Z,victima-linux,80791,3,audit|audit_watch_delete|audit_watch_write,RS2,Audit: Deleted: /run/systemd/sessions/.,ruido_conocido,baseline,,,,rule_id=80791
ATA027,1,2026-09-29T03:58:37.878Z,victima-linux,80791,3,audit|audit_watch_delete|audit_watch_write,RS2,Audit: Deleted: /run/systemd/sessions/.,ruido_conocido,baseline,,,,rule_id=80791
ATA027,1,2026-09-29T03:58:37.885Z,victima-linux,80791,3,audit|audit_watch_delete|audit_watch_write,RS2,Audit: Deleted: /run/systemd/users/.,ruido_conocido,baseline,,,,rule_id=80791
ATA027,1,2026-09-29T03:58:37.885Z,victima-linux,80792,3,audit|audit_command,RS2,Audit: Command: /usr/bin/dash.,ruido_conocido,baseline,,,,rule_id=80792
ATA027,1,2026-09-29T03:58:37.885Z,victima-linux,80792,3,audit|audit_command,RS2,Audit: Command: /usr/bin/env.,ruido_conocido,baseline,,,,rule_id=80792
ATA027,1,2026-09-29T03:58:37.887Z,victima-linux,80792,3,audit|audit_command,RS2,Audit: Command: /usr/bin/env.,ruido_conocido,baseline,,,,rule_id=80792
ATA027,1,2026-09-29T03:58:37.890Z,victima-linux,80792,3,audit|audit_command,RS2,Audit: Command: /usr/bin/env.,ruido_conocido,baseline,,,,rule_id=80792
ATA027,1,2026-09-29T03:58:37.897Z,victima-linux,80792,3,audit|audit_command,RS2,Audit: Command: /usr/bin/env.,ruido_conocido,baseline,,,,rule_id=80792
ATA027,1,2026-09-29T03:58:37.897Z,victima-linux,80792,3,audit|audit_command,RS2,Audit: Command: /usr/bin/run-parts.,ruido_conocido,baseline,,,,rule_id=80792
ATA027,1,2026-09-29T03:58:37.898Z,victima-linux,80792,3,audit|audit_command,RS2,Audit: Command: /usr/bin/dash.,ruido_conocido,baseline,,,,rule_id=80792
ATA027,1,2026-09-29T03:58:37.900Z,victima-linux,80792,3,audit|audit_command,RS2,Audit: Command: /usr/bin/uname.,ruido_conocido,baseline,,,,rule_id=80792
ATA027,1,2026-09-29T03:58:37.903Z,victima-linux,80792,3,audit|audit_command,RS2,Audit: Command: /usr/bin/uname.,ruido_conocido,baseline,,,,rule_id=80792
ATA027,1,2026-09-29T03:58:37.911Z,victima-linux,80792,3,audit|audit_command,RS2,Audit: Command: /usr/bin/dash.,ruido_conocido,baseline,,,,rule_id=80792
ATA027,1,2026-09-29T03:58:37.911Z,victima-linux,80792,3,audit|audit_command,RS2,Audit: Command: /usr/bin/dash.,ruido_conocido,baseline,,,,rule_id=80792
ATA027,1,2026-09-29T03:58:37.911Z,victima-linux,80792,3,audit|audit_command,RS2,Audit: Command: /usr/bin/uname.,ruido_conocido,baseline,,,,rule_id=80792
ATA027,1,2026-09-29T03:58:37.913Z,victima-linux,80792,3,audit|audit_command,RS2,Audit: Command: /usr/bin/find.,ruido_conocido,baseline,,,,rule_id=80792
ATA027,1,2026-09-29T03:58:37.916Z,victima-linux,80792,3,audit|audit_command,RS2,Audit: Command: /usr/bin/grep.,ruido_conocido,baseline,,,,rule_id=80792
ATA027,1,2026-09-29T03:58:37.918Z,victima-linux,80792,3,audit|audit_command,RS2,Audit: Command: /usr/bin/bc.,ruido_conocido,baseline,,,,rule_id=80792
ATA027,1,2026-09-29T03:58:37.921Z,victima-linux,80792,3,audit|audit_command,RS2,Audit: Command: /usr/bin/cut.,ruido_conocido,baseline,,,,rule_id=80792
ATA027,1,2026-09-29T03:58:37.930Z,victima-linux,80792,3,audit|audit_command,RS2,Audit: Command: /usr/bin/date.,ruido_conocido,baseline,,,,rule_id=80792
ATA027,1,2026-09-29T03:58:37.945Z,victima-linux,80792,3,audit|audit_command,RS2,Audit: Command: /usr/bin/who.,ruido_conocido,baseline,,,,rule_id=80792
ATA027,1,2026-09-29T03:58:37.946Z,victima-linux,80792,3,audit|audit_command,RS2,Audit: Command: /usr/bin/chmod.,ruido_conocido,baseline,,,,rule_id=80792
ATA027,1,2026-09-29T03:58:37.948Z,victima-linux,80792,3,audit|audit_command,RS2,Audit: Command: /usr/bin/dash.,ruido_conocido,baseline,,,,rule_id=80792
ATA027,1,2026-09-29T03:58:37.950Z,victima-linux,80792,3,audit|audit_command,RS2,Audit: Command: /usr/bin/cat.,ruido_conocido,baseline,,,,rule_id=80792
ATA027,1,2026-09-29T03:58:37.953Z,victima-linux,80792,3,audit|audit_command,RS2,Audit: Command: /usr/bin/cut.,ruido_conocido,baseline,,,,rule_id=80792
ATA027,1,2026-09-29T03:58:37.957Z,victima-linux,80792,3,audit|audit_command,RS2,Audit: Command: /usr/bin/tr.,ruido_conocido,baseline,,,,rule_id=80792
ATA027,1,2026-09-29T03:58:37.959Z,victima-linux,80792,3,audit|audit_command,RS2,Audit: Command: /usr/bin/head.,ruido_conocido,baseline,,,,rule_id=80792
ATA027,1,2026-09-29T03:58:37.966Z,victima-linux,80792,3,audit|audit_command,RS2,Audit: Command: /usr/bin/dash.,ruido_conocido,baseline,,,,rule_id=80792
ATA027,1,2026-09-29T03:58:37.968Z,victima-linux,80792,3,audit|audit_command,RS2,Audit: Command: /usr/bin/dash.,ruido_conocido,baseline,,,,rule_id=80792
ATA027,1,2026-09-29T03:58:37.971Z,victima-linux,80792,3,audit|audit_command,RS2,Audit: Command: /usr/bin/cat.,ruido_conocido,baseline,,,,rule_id=80792
ATA027,1,2026-09-29T03:58:37.974Z,victima-linux,80792,3,audit|audit_command,RS2,Audit: Command: /usr/bin/find.,ruido_conocido,baseline,,,,rule_id=80792
ATA027,1,2026-09-29T03:58:37.976Z,victima-linux,80792,3,audit|audit_command,RS2,Audit: Command: /usr/bin/grep.,ruido_conocido,baseline,,,,rule_id=80792
ATA027,1,2026-09-29T03:58:37.980Z,victima-linux,80792,3,audit|audit_command,RS2,Audit: Command: /usr/bin/dash.,ruido_conocido,baseline,,,,rule_id=80792
ATA027,1,2026-09-29T03:58:37.983Z,victima-linux,80792,3,audit|audit_command,RS2,Audit: Command: /usr/bin/dash.,ruido_conocido,baseline,,,,rule_id=80792
ATA027,1,2026-09-29T03:58:37.986Z,victima-linux,80792,3,audit|audit_command,RS2,Audit: Command: /usr/bin/cut.,ruido_conocido,baseline,,,,rule_id=80792
ATA027,1,2026-09-29T03:58:37.987Z,victima-linux,80792,3,audit|audit_command,RS2,Audit: Command: /usr/bin/id.,ruido_conocido,baseline,,,,rule_id=80792
ATA027,1,2026-09-29T03:58:37.989Z,victima-linux,80792,3,audit|audit_command,RS2,Audit: Command: /usr/bin/dash.,ruido_conocido,baseline,,,,rule_id=80792
ATA027,1,2026-09-29T03:58:37.992Z,victima-linux,80792,3,audit|audit_command,RS2,Audit: Command: /usr/bin/date.,ruido_conocido,baseline,,,,rule_id=80792
ATA027,1,2026-09-29T03:58:37.993Z,victima-linux,80792,3,audit|audit_command,RS2,Audit: Command: /usr/bin/stat.,ruido_conocido,baseline,,,,rule_id=80792
ATA027,1,2026-09-29T03:58:37.996Z,victima-linux,80792,3,audit|audit_command,RS2,Audit: Command: /usr/bin/expr.,ruido_conocido,baseline,,,,rule_id=80792
ATA027,1,2026-09-29T03:58:38.000Z,victima-linux,80792,3,audit|audit_command,RS2,Audit: Command: /usr/bin/dash.,ruido_conocido,baseline,,,,rule_id=80792
ATA027,1,2026-09-29T03:58:38.002Z,victima-linux,80792,3,audit|audit_command,RS2,Audit: Command: /usr/bin/dash.,ruido_conocido,baseline,,,,rule_id=80792
ATA027,1,2026-09-29T03:58:38.010Z,victima-linux,80792,3,audit|audit_command,RS2,Audit: Command: /usr/bin/dash.,ruido_conocido,baseline,,,,rule_id=80792
ATA027,1,2026-09-29T03:58:38.010Z,victima-linux,80792,3,audit|audit_command,RS2,Audit: Command: /usr/bin/dash.,ruido_conocido,baseline,,,,rule_id=80792
ATA027,1,2026-09-29T03:58:38.010Z,victima-linux,80792,3,audit|audit_command,RS2,Audit: Command: /usr/bin/find.,ruido_conocido,baseline,,,,rule_id=80792
ATA027,1,2026-09-29T03:58:38.012Z,victima-linux,80792,3,audit|audit_command,RS2,Audit: Command: /usr/bin/dash.,ruido_conocido,baseline,,,,rule_id=80792
ATA027,1,2026-09-29T03:58:38.014Z,victima-linux,80792,3,audit|audit_command,RS2,Audit: Command: /usr/bin/dash.,ruido_conocido,baseline,,,,rule_id=80792
ATA027,1,2026-09-29T03:58:38.016Z,victima-linux,80792,3,audit|audit_command,RS2,Audit: Command: /usr/bin/dash.,ruido_conocido,baseline,,,,rule_id=80792
ATA027,1,2026-09-29T03:58:38.023Z,victima-linux,80792,3,audit|audit_command,RS2,Audit: Command: /usr/bin/dash.,ruido_conocido,baseline,,,,rule_id=80792
ATA027,1,2026-09-29T03:58:38.023Z,victima-linux,80792,3,audit|audit_command,RS2,Audit: Command: /usr/bin/grep.,ruido_conocido,baseline,,,,rule_id=80792
ATA027,1,2026-09-29T03:58:38.024Z,victima-linux,80792,3,audit|audit_command,RS2,Audit: Command: /usr/bin/sort.,ruido_conocido,baseline,,,,rule_id=80792
ATA027,1,2026-09-29T03:58:38.025Z,victima-linux,80792,3,audit|audit_command,RS2,Audit: Command: /usr/bin/dash.,ruido_conocido,baseline,,,,rule_id=80792
ATA027,1,2026-09-29T03:58:38.027Z,victima-linux,80792,3,audit|audit_command,RS2,Audit: Command: /usr/bin/dash.,ruido_conocido,baseline,,,,rule_id=80792
ATA027,1,2026-09-29T03:58:38.030Z,victima-linux,80792,3,audit|audit_command,RS2,Audit: Command: /usr/bin/id.,ruido_conocido,baseline,,,,rule_id=80792
ATA027,1,2026-09-29T03:58:38.032Z,victima-linux,80792,3,audit|audit_command,RS2,Audit: Command: /usr/bin/stat.,ruido_conocido,baseline,,,,rule_id=80792
ATA027,1,2026-09-29T03:58:38.034Z,victima-linux,80792,3,audit|audit_command,RS2,Audit: Command: /usr/bin/gawk.,ruido_conocido,baseline,,,,rule_id=80792
ATA027,1,2026-09-29T03:58:38.036Z,victima-linux,80792,3,audit|audit_command,RS2,Audit: Command: /usr/bin/date.,ruido_conocido,baseline,,,,rule_id=80792
ATA027,1,2026-09-29T03:58:38.043Z,victima-linux,80792,3,audit|audit_command,RS2,Audit: Command: /usr/bin/mount.,artefacto_ataque,del_ataque,T1561.002|Process Creation,resuelta,artefacto,audit_cwd=/;revisor=executor ampliacion tanda C;fecha=2026-09-29;nota=es el ataque pero no es la deteccion declarada
ATA027,1,2026-09-29T03:58:38.043Z,victima-linux,80792,3,audit|audit_command,RS2,Audit: Command: /usr/bin/date.,ruido_conocido,baseline,,,,rule_id=80792
ATA027,1,2026-09-29T03:58:38.043Z,victima-linux,80792,3,audit|audit_command,RS2,Audit: Command: /usr/bin/gawk.,ruido_conocido,baseline,,,,rule_id=80792
ATA027,1,2026-09-29T03:58:38.048Z,victima-linux,80792,3,audit|audit_command,RS2,Audit: Command: /usr/bin/grep.,ruido_conocido,baseline,,,,rule_id=80792
ATA027,1,2026-09-29T03:58:38.050Z,victima-linux,80792,3,audit|audit_command,RS2,Audit: Command: /usr/sbin/dumpe2fs.,ruido_conocido,baseline,,,,rule_id=80792
ATA027,1,2026-09-29T03:58:38.052Z,victima-linux,80792,3,audit|audit_command,RS2,Audit: Command: /usr/bin/grep.,ruido_conocido,baseline,,,,rule_id=80792
ATA027,1,2026-09-29T03:58:38.054Z,victima-linux,80792,3,audit|audit_command,RS2,Audit: Command: /usr/bin/cut.,ruido_conocido,baseline,,,,rule_id=80792
ATA027,1,2026-09-29T03:58:38.062Z,victima-linux,80792,3,audit|audit_command,RS2,Audit: Command: /usr/bin/cut.,ruido_conocido,baseline,,,,rule_id=80792
ATA027,1,2026-09-29T03:58:38.062Z,victima-linux,80792,3,audit|audit_command,RS2,Audit: Command: /usr/bin/grep.,ruido_conocido,baseline,,,,rule_id=80792
ATA027,1,2026-09-29T03:58:38.062Z,victima-linux,80792,3,audit|audit_command,RS2,Audit: Command: /usr/bin/grep.,ruido_conocido,baseline,,,,rule_id=80792
ATA027,1,2026-09-29T03:58:38.065Z,victima-linux,80792,3,audit|audit_command,RS2,Audit: Command: /usr/bin/cut.,ruido_conocido,baseline,,,,rule_id=80792
ATA027,1,2026-09-29T03:58:38.070Z,victima-linux,80792,3,audit|audit_command,RS2,Audit: Command: /usr/bin/cut.,ruido_conocido,baseline,,,,rule_id=80792
ATA027,1,2026-09-29T03:58:38.074Z,victima-linux,80792,3,audit|audit_command,RS2,Audit: Command: /usr/bin/cut.,ruido_conocido,baseline,,,,rule_id=80792
ATA027,1,2026-09-29T03:58:38.076Z,victima-linux,80792,3,audit|audit_command,RS2,Audit: Command: /usr/bin/grep.,ruido_conocido,baseline,,,,rule_id=80792
ATA027,1,2026-09-29T03:58:38.083Z,victima-linux,80792,3,audit|audit_command,RS2,Audit: Command: /usr/bin/grep.,ruido_conocido,baseline,,,,rule_id=80792
ATA027,1,2026-09-29T03:58:38.083Z,victima-linux,80792,3,audit|audit_command,RS2,Audit: Command: /usr/sbin/dumpe2fs.,ruido_conocido,baseline,,,,rule_id=80792
ATA027,1,2026-09-29T03:58:38.085Z,victima-linux,80792,3,audit|audit_command,RS2,Audit: Command: /usr/bin/cut.,ruido_conocido,baseline,,,,rule_id=80792
ATA027,1,2026-09-29T03:58:38.087Z,victima-linux,80792,3,audit|audit_command,RS2,Audit: Command: /usr/bin/grep.,ruido_conocido,baseline,,,,rule_id=80792
ATA027,1,2026-09-29T03:58:38.090Z,victima-linux,80792,3,audit|audit_command,RS2,Audit: Command: /usr/bin/cut.,ruido_conocido,baseline,,,,rule_id=80792
ATA027,1,2026-09-29T03:58:38.095Z,victima-linux,80792,3,audit|audit_command,RS2,Audit: Command: /usr/bin/grep.,ruido_conocido,baseline,,,,rule_id=80792
ATA027,1,2026-09-29T03:58:38.097Z,victima-linux,80792,3,audit|audit_command,RS2,Audit: Command: /usr/bin/cut.,ruido_conocido,baseline,,,,rule_id=80792
ATA027,1,2026-09-29T03:58:38.105Z,victima-linux,80792,3,audit|audit_command,RS2,Audit: Command: /usr/bin/cut.,ruido_conocido,baseline,,,,rule_id=80792
ATA027,1,2026-09-29T03:58:38.105Z,victima-linux,80792,3,audit|audit_command,RS2,Audit: Command: /usr/bin/cut.,ruido_conocido,baseline,,,,rule_id=80792
ATA027,1,2026-09-29T03:58:38.105Z,victima-linux,80792,3,audit|audit_command,RS2,Audit: Command: /usr/bin/grep.,ruido_conocido,baseline,,,,rule_id=80792
ATA027,1,2026-09-29T03:58:38.107Z,victima-linux,80792,3,audit|audit_command,RS2,Audit: Command: /usr/bin/date.,ruido_conocido,baseline,,,,rule_id=80792
ATA027,1,2026-09-29T03:58:38.109Z,victima-linux,80792,3,audit|audit_command,RS2,Audit: Command: /usr/bin/cat.,ruido_conocido,baseline,,,,rule_id=80792
ATA027,1,2026-09-29T03:58:38.111Z,victima-linux,80792,3,audit|audit_command,RS2,Audit: Command: /usr/bin/dash.,ruido_conocido,baseline,,,,rule_id=80792
ATA027,1,2026-09-29T03:58:38.113Z,victima-linux,80792,3,audit|audit_command,RS2,Audit: Command: /usr/bin/dash.,ruido_conocido,baseline,,,,rule_id=80792
ATA027,1,2026-09-29T03:58:38.123Z,victima-linux,80791,3,audit|audit_watch_delete|audit_watch_write,RS2,Audit: Deleted: /run/.,ruido_conocido,baseline,,,,rule_id=80791
ATA027,1,2026-09-29T03:58:38.124Z,victima-linux,80792,3,audit|audit_command,RS2,Audit: Command: /usr/bin/dpkg.,ruido_conocido,baseline,,,,rule_id=80792
ATA027,1,2026-09-29T03:58:38.126Z,victima-linux,80792,3,audit|audit_command,RS2,Audit: Command: /usr/bin/dpkg.,ruido_conocido,baseline,,,,rule_id=80792
ATA027,1,2026-09-29T03:58:38.128Z,victima-linux,80792,3,audit|audit_command,RS2,Audit: Command: /usr/bin/bash.,ruido_conocido,baseline,,,,rule_id=80792
ATA027,1,2026-09-29T03:58:38.138Z,victima-linux,80792,3,audit|audit_command,RS2,Audit: Command: /usr/bin/mkdir.,ruido_conocido,baseline,,,,rule_id=80792
ATA027,1,2026-09-29T03:58:38.139Z,victima-linux,80791,3,audit|audit_watch_delete|audit_watch_write,RS2,Audit: Deleted: /run/systemd/sessions/1.ref.,ruido_conocido,baseline,,,,rule_id=80791
ATA027,1,2026-09-29T03:58:38.141Z,victima-linux,80791,3,audit|audit_watch_delete|audit_watch_write,RS2,Audit: Deleted: /run/systemd/sessions/.,ruido_conocido,baseline,,,,rule_id=80791
ATA027,1,2026-09-29T03:58:38.143Z,victima-linux,80791,3,audit|audit_watch_delete|audit_watch_write,RS2,Audit: Deleted: /run/systemd/users/.,ruido_conocido,baseline,,,,rule_id=80791
ATA027,1,2026-09-29T03:58:38.153Z,victima-linux,80780,3,audit|audit_watch_write,RS2,Audit: Watch - Write access.,ruido_conocido,baseline,,,,rule_id=80780
ATA027,1,2026-09-29T03:58:38.153Z,victima-linux,80792,3,audit|audit_command,RS2,Audit: Command: /usr/sbin/sshd.,ruido_conocido,baseline,,,,rule_id=80792
ATA027,1,2026-09-29T03:58:38.157Z,victima-linux,80791,3,audit|audit_watch_delete|audit_watch_write,RS2,Audit: Deleted: /run/systemd/sessions/.,ruido_conocido,baseline,,,,rule_id=80791
ATA027,1,2026-09-29T03:58:38.160Z,victima-linux,80791,3,audit|audit_watch_delete|audit_watch_write,RS2,Audit: Deleted: /run/systemd/users/.,ruido_conocido,baseline,,,,rule_id=80791
ATA027,1,2026-09-29T03:58:38.162Z,victima-linux,80791,3,audit|audit_watch_delete|audit_watch_write,RS2,Audit: Deleted: /run/systemd/sessions/.,ruido_conocido,baseline,,,,rule_id=80791
ATA027,1,2026-09-29T03:58:38.164Z,victima-linux,80791,3,audit|audit_watch_delete|audit_watch_write,RS2,Audit: Deleted: /run/systemd/sessions/.,ruido_conocido,baseline,,,,rule_id=80791
ATA027,1,2026-09-29T03:58:38.167Z,victima-linux,80791,3,audit|audit_watch_delete|audit_watch_write,RS2,Audit: Deleted: /run/systemd/users/.,ruido_conocido,baseline,,,,rule_id=80791
ATA027,1,2026-09-29T03:58:38.174Z,victima-linux,80792,3,audit|audit_command,RS2,Audit: Command: /usr/bin/dash.,ruido_conocido,baseline,,,,rule_id=80792
ATA027,1,2026-09-29T03:58:38.174Z,victima-linux,80792,3,audit|audit_command,RS2,Audit: Command: /usr/bin/env.,ruido_conocido,baseline,,,,rule_id=80792
ATA027,1,2026-09-29T03:58:38.174Z,victima-linux,80792,3,audit|audit_command,RS2,Audit: Command: /usr/bin/env.,ruido_conocido,baseline,,,,rule_id=80792
ATA027,1,2026-09-29T03:58:38.176Z,victima-linux,80792,3,audit|audit_command,RS2,Audit: Command: /usr/bin/env.,ruido_conocido,baseline,,,,rule_id=80792
ATA027,1,2026-09-29T03:58:38.179Z,victima-linux,80792,3,audit|audit_command,RS2,Audit: Command: /usr/bin/env.,ruido_conocido,baseline,,,,rule_id=80792
ATA027,1,2026-09-29T03:58:38.181Z,victima-linux,80792,3,audit|audit_command,RS2,Audit: Command: /usr/bin/run-parts.,ruido_conocido,baseline,,,,rule_id=80792
ATA027,1,2026-09-29T03:58:38.184Z,victima-linux,80792,3,audit|audit_command,RS2,Audit: Command: /usr/bin/dash.,ruido_conocido,baseline,,,,rule_id=80792
ATA027,1,2026-09-29T03:58:38.186Z,victima-linux,80792,3,audit|audit_command,RS2,Audit: Command: /usr/bin/uname.,ruido_conocido,baseline,,,,rule_id=80792
ATA027,1,2026-09-29T03:58:38.189Z,victima-linux,80792,3,audit|audit_command,RS2,Audit: Command: /usr/bin/uname.,ruido_conocido,baseline,,,,rule_id=80792
ATA027,1,2026-09-29T03:58:38.196Z,victima-linux,80792,3,audit|audit_command,RS2,Audit: Command: /usr/bin/dash.,ruido_conocido,baseline,,,,rule_id=80792
ATA027,1,2026-09-29T03:58:38.196Z,victima-linux,80792,3,audit|audit_command,RS2,Audit: Command: /usr/bin/uname.,ruido_conocido,baseline,,,,rule_id=80792
ATA027,1,2026-09-29T03:58:38.197Z,victima-linux,80792,3,audit|audit_command,RS2,Audit: Command: /usr/bin/dash.,ruido_conocido,baseline,,,,rule_id=80792
ATA027,1,2026-09-29T03:58:38.199Z,victima-linux,80792,3,audit|audit_command,RS2,Audit: Command: /usr/bin/find.,ruido_conocido,baseline,,,,rule_id=80792
ATA027,1,2026-09-29T03:58:38.201Z,victima-linux,80792,3,audit|audit_command,RS2,Audit: Command: /usr/bin/cat.,ruido_conocido,baseline,,,,rule_id=80792
ATA027,1,2026-09-29T03:58:38.204Z,victima-linux,80792,3,audit|audit_command,RS2,Audit: Command: /usr/bin/dash.,ruido_conocido,baseline,,,,rule_id=80792
ATA027,1,2026-09-29T03:58:38.206Z,victima-linux,80792,3,audit|audit_command,RS2,Audit: Command: /usr/bin/head.,ruido_conocido,baseline,,,,rule_id=80792
ATA027,1,2026-09-29T03:58:38.208Z,victima-linux,80792,3,audit|audit_command,RS2,Audit: Command: /usr/bin/tr.,ruido_conocido,baseline,,,,rule_id=80792
ATA027,1,2026-09-29T03:58:38.211Z,victima-linux,80792,3,audit|audit_command,RS2,Audit: Command: /usr/bin/cat.,ruido_conocido,baseline,,,,rule_id=80792
ATA027,1,2026-09-29T03:58:38.213Z,victima-linux,80792,3,audit|audit_command,RS2,Audit: Command: /usr/bin/cut.,ruido_conocido,baseline,,,,rule_id=80792
ATA027,1,2026-09-29T03:58:38.220Z,victima-linux,80792,3,audit|audit_command,RS2,Audit: Command: /usr/bin/dash.,ruido_conocido,baseline,,,,rule_id=80792
ATA027,1,2026-09-29T03:58:38.222Z,victima-linux,80792,3,audit|audit_command,RS2,Audit: Command: /usr/bin/dash.,ruido_conocido,baseline,,,,rule_id=80792
ATA027,1,2026-09-29T03:58:38.225Z,victima-linux,80792,3,audit|audit_command,RS2,Audit: Command: /usr/bin/cat.,ruido_conocido,baseline,,,,rule_id=80792
ATA027,1,2026-09-29T03:58:38.227Z,victima-linux,80792,3,audit|audit_command,RS2,Audit: Command: /usr/bin/find.,ruido_conocido,baseline,,,,rule_id=80792
ATA027,1,2026-09-29T03:58:38.230Z,victima-linux,80792,3,audit|audit_command,RS2,Audit: Command: /usr/bin/grep.,ruido_conocido,baseline,,,,rule_id=80792
ATA027,1,2026-09-29T03:58:38.237Z,victima-linux,80792,3,audit|audit_command,RS2,Audit: Command: /usr/bin/dash.,ruido_conocido,baseline,,,,rule_id=80792
ATA027,1,2026-09-29T03:58:38.239Z,victima-linux,80792,3,audit|audit_command,RS2,Audit: Command: /usr/bin/dash.,ruido_conocido,baseline,,,,rule_id=80792
ATA027,1,2026-09-29T03:58:38.241Z,victima-linux,80792,3,audit|audit_command,RS2,Audit: Command: /usr/bin/cut.,ruido_conocido,baseline,,,,rule_id=80792
ATA027,1,2026-09-29T03:58:38.243Z,victima-linux,80792,3,audit|audit_command,RS2,Audit: Command: /usr/bin/id.,ruido_conocido,baseline,,,,rule_id=80792
ATA027,1,2026-09-29T03:58:38.246Z,victima-linux,80792,3,audit|audit_command,RS2,Audit: Command: /usr/bin/dash.,ruido_conocido,baseline,,,,rule_id=80792
ATA027,1,2026-09-29T03:58:38.248Z,victima-linux,80792,3,audit|audit_command,RS2,Audit: Command: /usr/bin/date.,ruido_conocido,baseline,,,,rule_id=80792
ATA027,1,2026-09-29T03:58:38.250Z,victima-linux,80792,3,audit|audit_command,RS2,Audit: Command: /usr/bin/stat.,ruido_conocido,baseline,,,,rule_id=80792
ATA027,1,2026-09-29T03:58:38.252Z,victima-linux,80792,3,audit|audit_command,RS2,Audit: Command: /usr/bin/expr.,ruido_conocido,baseline,,,,rule_id=80792
ATA027,1,2026-09-29T03:58:38.255Z,victima-linux,80792,3,audit|audit_command,RS2,Audit: Command: /usr/bin/dash.,ruido_conocido,baseline,,,,rule_id=80792
ATA027,1,2026-09-29T03:58:38.257Z,victima-linux,80792,3,audit|audit_command,RS2,Audit: Command: /usr/bin/dash.,ruido_conocido,baseline,,,,rule_id=80792
ATA027,1,2026-09-29T03:58:38.263Z,victima-linux,80792,3,audit|audit_command,RS2,Audit: Command: /usr/bin/dash.,ruido_conocido,baseline,,,,rule_id=80792
ATA027,1,2026-09-29T03:58:38.263Z,victima-linux,80792,3,audit|audit_command,RS2,Audit: Command: /usr/bin/dash.,ruido_conocido,baseline,,,,rule_id=80792
ATA027,1,2026-09-29T03:58:38.263Z,victima-linux,80792,3,audit|audit_command,RS2,Audit: Command: /usr/bin/find.,ruido_conocido,baseline,,,,rule_id=80792
ATA027,1,2026-09-29T03:58:38.266Z,victima-linux,80792,3,audit|audit_command,RS2,Audit: Command: /usr/bin/sort.,ruido_conocido,baseline,,,,rule_id=80792
ATA027,1,2026-09-29T03:58:38.268Z,victima-linux,80792,3,audit|audit_command,RS2,Audit: Command: /usr/bin/dash.,ruido_conocido,baseline,,,,rule_id=80792
ATA027,1,2026-09-29T03:58:38.280Z,victima-linux,80792,3,audit|audit_command,RS2,Audit: Command: /usr/bin/dash.,ruido_conocido,baseline,,,,rule_id=80792
ATA027,1,2026-09-29T03:58:38.282Z,victima-linux,80792,3,audit|audit_command,RS2,Audit: Command: /usr/bin/dash.,ruido_conocido,baseline,,,,rule_id=80792
ATA027,1,2026-09-29T03:58:38.289Z,victima-linux,80792,3,audit|audit_command,RS2,Audit: Command: /usr/bin/dash.,ruido_conocido,baseline,,,,rule_id=80792
ATA027,1,2026-09-29T03:58:38.289Z,victima-linux,80792,3,audit|audit_command,RS2,Audit: Command: /usr/bin/dash.,ruido_conocido,baseline,,,,rule_id=80792
ATA027,1,2026-09-29T03:58:38.289Z,victima-linux,80792,3,audit|audit_command,RS2,Audit: Command: /usr/bin/grep.,ruido_conocido,baseline,,,,rule_id=80792
ATA027,1,2026-09-29T03:58:38.291Z,victima-linux,80792,3,audit|audit_command,RS2,Audit: Command: /usr/bin/dash.,ruido_conocido,baseline,,,,rule_id=80792
ATA027,1,2026-09-29T03:58:38.293Z,victima-linux,80792,3,audit|audit_command,RS2,Audit: Command: /usr/bin/id.,ruido_conocido,baseline,,,,rule_id=80792
ATA027,1,2026-09-29T03:58:38.296Z,victima-linux,80792,3,audit|audit_command,RS2,Audit: Command: /usr/bin/stat.,ruido_conocido,baseline,,,,rule_id=80792
ATA027,1,2026-09-29T03:58:38.298Z,victima-linux,80792,3,audit|audit_command,RS2,Audit: Command: /usr/bin/gawk.,ruido_conocido,baseline,,,,rule_id=80792
ATA027,1,2026-09-29T03:58:38.300Z,victima-linux,80792,3,audit|audit_command,RS2,Audit: Command: /usr/bin/date.,ruido_conocido,baseline,,,,rule_id=80792
ATA027,1,2026-09-29T03:58:38.307Z,victima-linux,80792,3,audit|audit_command,RS2,Audit: Command: /usr/bin/date.,ruido_conocido,baseline,,,,rule_id=80792
ATA027,1,2026-09-29T03:58:38.308Z,victima-linux,80792,3,audit|audit_command,RS2,Audit: Command: /usr/bin/cat.,ruido_conocido,baseline,,,,rule_id=80792
ATA027,1,2026-09-29T03:58:38.308Z,victima-linux,80792,3,audit|audit_command,RS2,Audit: Command: /usr/bin/dash.,ruido_conocido,baseline,,,,rule_id=80792
ATA027,1,2026-09-29T03:58:38.310Z,victima-linux,80792,3,audit|audit_command,RS2,Audit: Command: /usr/bin/dash.,ruido_conocido,baseline,,,,rule_id=80792
ATA027,1,2026-09-29T03:58:38.312Z,victima-linux,80791,3,audit|audit_watch_delete|audit_watch_write,RS2,Audit: Deleted: /run/.,ruido_conocido,baseline,,,,rule_id=80791
ATA027,1,2026-09-29T03:58:38.319Z,victima-linux,80792,3,audit|audit_command,RS2,Audit: Command: /usr/bin/bash.,ruido_conocido,baseline,,,,rule_id=80792
ATA027,1,2026-09-29T03:58:38.321Z,victima-linux,80792,3,audit|audit_command,RS2,Audit: Command: /usr/lib/openssh/sftp-server.,ruido_conocido,baseline,,,,rule_id=80792
ATA027,1,2026-09-29T03:58:38.333Z,victima-linux,80780,3,audit|audit_watch_write,RS2,Audit: Watch - Write access.,ruido_conocido,baseline,,,,rule_id=80780
ATA027,1,2026-09-29T03:58:38.333Z,victima-linux,80791,3,audit|audit_watch_delete|audit_watch_write,RS2,Audit: Deleted: /run/systemd/sessions/3.ref.,ruido_conocido,baseline,,,,rule_id=80791
ATA027,1,2026-09-29T03:58:38.335Z,victima-linux,80791,3,audit|audit_watch_delete|audit_watch_write,RS2,Audit: Deleted: /run/systemd/sessions/.,ruido_conocido,baseline,,,,rule_id=80791
ATA027,1,2026-09-29T03:58:38.336Z,victima-linux,80791,3,audit|audit_watch_delete|audit_watch_write,RS2,Audit: Deleted: /run/systemd/users/.,ruido_conocido,baseline,,,,rule_id=80791
ATA027,1,2026-09-29T03:58:38.343Z,victima-linux,80791,3,audit|audit_watch_delete|audit_watch_write,RS2,Audit: Deleted: /run/systemd/sessions/3.,ruido_conocido,baseline,,,,rule_id=80791
ATA027,1,2026-09-29T03:58:38.343Z,victima-linux,80791,3,audit|audit_watch_delete|audit_watch_write,RS2,Audit: Deleted: /run/systemd/users/.,ruido_conocido,baseline,,,,rule_id=80791
ATA027,1,2026-09-29T03:58:38.344Z,victima-linux,80792,3,audit|audit_command,RS2,Audit: Command: /usr/sbin/sshd.,ruido_conocido,baseline,,,,rule_id=80792
ATA027,1,2026-09-29T03:58:38.355Z,victima-linux,80792,3,audit|audit_command,RS2,Audit: Command: /usr/bin/dash.,ruido_conocido,baseline,,,,rule_id=80792
ATA027,1,2026-09-29T03:58:38.355Z,victima-linux,80792,3,audit|audit_command,RS2,Audit: Command: /usr/bin/getopt.,ruido_conocido,baseline,,,,rule_id=80792
ATA027,1,2026-09-29T03:58:38.357Z,victima-linux,80792,3,audit|audit_command,RS2,Audit: Command: /usr/bin/cut.,ruido_conocido,baseline,,,,rule_id=80792
ATA027,1,2026-09-29T03:58:38.360Z,victima-linux,80792,3,audit|audit_command,RS2,Audit: Command: /usr/bin/tr.,ruido_conocido,baseline,,,,rule_id=80792
ATA027,1,2026-09-29T03:58:38.365Z,victima-linux,80792,3,audit|audit_command,RS2,Audit: Command: /usr/bin/cut.,ruido_conocido,baseline,,,,rule_id=80792
ATA027,1,2026-09-29T03:58:38.367Z,victima-linux,80792,3,audit|audit_command,RS2,Audit: Command: /usr/bin/tr.,ruido_conocido,baseline,,,,rule_id=80792
ATA027,1,2026-09-29T03:58:38.369Z,victima-linux,80792,3,audit|audit_command,RS2,Audit: Command: /usr/bin/tr.,ruido_conocido,baseline,,,,rule_id=80792
ATA027,1,2026-09-29T03:58:38.378Z,victima-linux,80792,3,audit|audit_command,RS2,Audit: Command: /usr/bin/dash.,ruido_conocido,baseline,,,,rule_id=80792
ATA027,1,2026-09-29T03:58:38.380Z,victima-linux,80792,3,audit|audit_command,RS2,Audit: Command: /usr/bin/getopt.,ruido_conocido,baseline,,,,rule_id=80792
ATA027,1,2026-09-29T03:58:38.383Z,victima-linux,80792,3,audit|audit_command,RS2,Audit: Command: /usr/bin/tr.,ruido_conocido,baseline,,,,rule_id=80792
ATA027,1,2026-09-29T03:58:38.385Z,victima-linux,80792,3,audit|audit_command,RS2,Audit: Command: /usr/bin/cut.,ruido_conocido,baseline,,,,rule_id=80792
ATA027,1,2026-09-29T03:58:38.387Z,victima-linux,80792,3,audit|audit_command,RS2,Audit: Command: /usr/bin/cut.,ruido_conocido,baseline,,,,rule_id=80792
ATA027,1,2026-09-29T03:58:38.394Z,victima-linux,80792,3,audit|audit_command,RS2,Audit: Command: /usr/bin/tr.,ruido_conocido,baseline,,,,rule_id=80792
ATA027,1,2026-09-29T03:58:38.394Z,victima-linux,80792,3,audit|audit_command,RS2,Audit: Command: /usr/bin/tr.,ruido_conocido,baseline,,,,rule_id=80792
ATA027,1,2026-09-29T03:58:38.401Z,victima-linux,80780,3,audit|audit_watch_write,RS2,Audit: Watch - Write access.,ruido_conocido,baseline,,,,rule_id=80780
ATA027,1,2026-09-29T03:58:38.406Z,victima-linux,80791,3,audit|audit_watch_delete|audit_watch_write,RS2,Audit: Deleted: /run/systemd/sessions/.,ruido_conocido,baseline,,,,rule_id=80791
ATA027,1,2026-09-29T03:58:38.408Z,victima-linux,80791,3,audit|audit_watch_delete|audit_watch_write,RS2,Audit: Deleted: /run/systemd/users/.,ruido_conocido,baseline,,,,rule_id=80791
ATA027,1,2026-09-29T03:58:38.410Z,victima-linux,80791,3,audit|audit_watch_delete|audit_watch_write,RS2,Audit: Deleted: /run/systemd/sessions/.,ruido_conocido,baseline,,,,rule_id=80791
ATA027,1,2026-09-29T03:58:38.417Z,victima-linux,80791,3,audit|audit_watch_delete|audit_watch_write,RS2,Audit: Deleted: /run/systemd/sessions/.,ruido_conocido,baseline,,,,rule_id=80791
ATA027,1,2026-09-29T03:58:38.417Z,victima-linux,80791,3,audit|audit_watch_delete|audit_watch_write,RS2,Audit: Deleted: /run/systemd/users/.,ruido_conocido,baseline,,,,rule_id=80791
ATA027,1,2026-09-29T03:58:38.417Z,victima-linux,80792,3,audit|audit_command,RS2,Audit: Command: /usr/bin/dash.,ruido_conocido,baseline,,,,rule_id=80792
ATA027,1,2026-09-29T03:58:38.419Z,victima-linux,80792,3,audit|audit_command,RS2,Audit: Command: /usr/bin/env.,ruido_conocido,baseline,,,,rule_id=80792
ATA027,1,2026-09-29T03:58:38.422Z,victima-linux,80792,3,audit|audit_command,RS2,Audit: Command: /usr/bin/env.,ruido_conocido,baseline,,,,rule_id=80792
ATA027,1,2026-09-29T03:58:38.424Z,victima-linux,80792,3,audit|audit_command,RS2,Audit: Command: /usr/bin/env.,ruido_conocido,baseline,,,,rule_id=80792
ATA027,1,2026-09-29T03:58:38.431Z,victima-linux,80792,3,audit|audit_command,RS2,Audit: Command: /usr/bin/dash.,ruido_conocido,baseline,,,,rule_id=80792
ATA027,1,2026-09-29T03:58:38.431Z,victima-linux,80792,3,audit|audit_command,RS2,Audit: Command: /usr/bin/env.,ruido_conocido,baseline,,,,rule_id=80792
ATA027,1,2026-09-29T03:58:38.431Z,victima-linux,80792,3,audit|audit_command,RS2,Audit: Command: /usr/bin/run-parts.,ruido_conocido,baseline,,,,rule_id=80792
ATA027,1,2026-09-29T03:58:38.433Z,victima-linux,80792,3,audit|audit_command,RS2,Audit: Command: /usr/bin/uname.,ruido_conocido,baseline,,,,rule_id=80792
ATA027,1,2026-09-29T03:58:38.435Z,victima-linux,80792,3,audit|audit_command,RS2,Audit: Command: /usr/bin/uname.,ruido_conocido,baseline,,,,rule_id=80792
ATA027,1,2026-09-29T03:58:38.442Z,victima-linux,80792,3,audit|audit_command,RS2,Audit: Command: /usr/bin/dash.,ruido_conocido,baseline,,,,rule_id=80792
ATA027,1,2026-09-29T03:58:38.442Z,victima-linux,80792,3,audit|audit_command,RS2,Audit: Command: /usr/bin/dash.,ruido_conocido,baseline,,,,rule_id=80792
ATA027,1,2026-09-29T03:58:38.442Z,victima-linux,80792,3,audit|audit_command,RS2,Audit: Command: /usr/bin/uname.,ruido_conocido,baseline,,,,rule_id=80792
ATA027,1,2026-09-29T03:58:38.444Z,victima-linux,80792,3,audit|audit_command,RS2,Audit: Command: /usr/bin/find.,ruido_conocido,baseline,,,,rule_id=80792
ATA027,1,2026-09-29T03:58:38.447Z,victima-linux,80792,3,audit|audit_command,RS2,Audit: Command: /usr/bin/cat.,ruido_conocido,baseline,,,,rule_id=80792
ATA027,1,2026-09-29T03:58:38.449Z,victima-linux,80792,3,audit|audit_command,RS2,Audit: Command: /usr/bin/dash.,ruido_conocido,baseline,,,,rule_id=80792
ATA027,1,2026-09-29T03:58:38.452Z,victima-linux,80792,3,audit|audit_command,RS2,Audit: Command: /usr/bin/cat.,ruido_conocido,baseline,,,,rule_id=80792
ATA027,1,2026-09-29T03:58:38.454Z,victima-linux,80792,3,audit|audit_command,RS2,Audit: Command: /usr/bin/tr.,ruido_conocido,baseline,,,,rule_id=80792
ATA027,1,2026-09-29T03:58:38.480Z,victima-linux,80792,3,audit|audit_command,RS2,Audit: Command: /usr/bin/cut.,ruido_conocido,baseline,,,,rule_id=80792
ATA027,1,2026-09-29T03:58:38.480Z,victima-linux,80792,3,audit|audit_command,RS2,Audit: Command: /usr/bin/head.,ruido_conocido,baseline,,,,rule_id=80792
ATA027,1,2026-09-29T03:58:38.481Z,victima-linux,80792,3,audit|audit_command,RS2,Audit: Command: /usr/bin/dash.,ruido_conocido,baseline,,,,rule_id=80792
ATA027,1,2026-09-29T03:58:38.481Z,victima-linux,80792,3,audit|audit_command,RS2,Audit: Command: /usr/bin/dash.,ruido_conocido,baseline,,,,rule_id=80792
ATA027,1,2026-09-29T03:58:38.484Z,victima-linux,80792,3,audit|audit_command,RS2,Audit: Command: /usr/bin/cat.,ruido_conocido,baseline,,,,rule_id=80792
ATA027,1,2026-09-29T03:58:38.488Z,victima-linux,80792,3,audit|audit_command,RS2,Audit: Command: /usr/bin/find.,ruido_conocido,baseline,,,,rule_id=80792
ATA027,1,2026-09-29T03:58:38.490Z,victima-linux,80792,3,audit|audit_command,RS2,Audit: Command: /usr/bin/grep.,ruido_conocido,baseline,,,,rule_id=80792
ATA027,1,2026-09-29T03:58:38.495Z,victima-linux,80792,3,audit|audit_command,RS2,Audit: Command: /usr/bin/dash.,ruido_conocido,baseline,,,,rule_id=80792
ATA027,1,2026-09-29T03:58:38.496Z,victima-linux,80792,3,audit|audit_command,RS2,Audit: Command: /usr/bin/dash.,ruido_conocido,baseline,,,,rule_id=80792
ATA027,1,2026-09-29T03:58:38.498Z,victima-linux,80792,3,audit|audit_command,RS2,Audit: Command: /usr/bin/cut.,ruido_conocido,baseline,,,,rule_id=80792
ATA027,1,2026-09-29T03:58:38.500Z,victima-linux,80792,3,audit|audit_command,RS2,Audit: Command: /usr/bin/id.,ruido_conocido,baseline,,,,rule_id=80792
ATA027,1,2026-09-29T03:58:38.503Z,victima-linux,80792,3,audit|audit_command,RS2,Audit: Command: /usr/bin/dash.,ruido_conocido,baseline,,,,rule_id=80792
ATA027,1,2026-09-29T03:58:38.505Z,victima-linux,80792,3,audit|audit_command,RS2,Audit: Command: /usr/bin/date.,ruido_conocido,baseline,,,,rule_id=80792
ATA027,1,2026-09-29T03:58:38.508Z,victima-linux,80792,3,audit|audit_command,RS2,Audit: Command: /usr/bin/stat.,ruido_conocido,baseline,,,,rule_id=80792
ATA027,1,2026-09-29T03:58:38.510Z,victima-linux,80792,3,audit|audit_command,RS2,Audit: Command: /usr/bin/expr.,ruido_conocido,baseline,,,,rule_id=80792
ATA027,1,2026-09-29T03:58:38.512Z,victima-linux,80792,3,audit|audit_command,RS2,Audit: Command: /usr/bin/dash.,ruido_conocido,baseline,,,,rule_id=80792
ATA027,1,2026-09-29T03:58:38.515Z,victima-linux,80792,3,audit|audit_command,RS2,Audit: Command: /usr/bin/dash.,ruido_conocido,baseline,,,,rule_id=80792
ATA027,1,2026-09-29T03:58:38.522Z,victima-linux,80792,3,audit|audit_command,RS2,Audit: Command: /usr/bin/dash.,ruido_conocido,baseline,,,,rule_id=80792
ATA027,1,2026-09-29T03:58:38.522Z,victima-linux,80792,3,audit|audit_command,RS2,Audit: Command: /usr/bin/dash.,ruido_conocido,baseline,,,,rule_id=80792
ATA027,1,2026-09-29T03:58:38.522Z,victima-linux,80792,3,audit|audit_command,RS2,Audit: Command: /usr/bin/find.,ruido_conocido,baseline,,,,rule_id=80792
ATA027,1,2026-09-29T03:58:38.523Z,victima-linux,80792,3,audit|audit_command,RS2,Audit: Command: /usr/bin/dash.,ruido_conocido,baseline,,,,rule_id=80792
ATA027,1,2026-09-29T03:58:38.526Z,victima-linux,80792,3,audit|audit_command,RS2,Audit: Command: /usr/bin/sort.,ruido_conocido,baseline,,,,rule_id=80792
ATA027,1,2026-09-29T03:58:38.528Z,victima-linux,80792,3,audit|audit_command,RS2,Audit: Command: /usr/bin/dash.,ruido_conocido,baseline,,,,rule_id=80792
ATA027,1,2026-09-29T03:58:38.530Z,victima-linux,80792,3,audit|audit_command,RS2,Audit: Command: /usr/bin/dash.,ruido_conocido,baseline,,,,rule_id=80792
ATA027,1,2026-09-29T03:58:38.537Z,victima-linux,80792,3,audit|audit_command,RS2,Audit: Command: /usr/bin/dash.,ruido_conocido,baseline,,,,rule_id=80792
ATA027,1,2026-09-29T03:58:38.537Z,victima-linux,80792,3,audit|audit_command,RS2,Audit: Command: /usr/bin/dash.,ruido_conocido,baseline,,,,rule_id=80792
ATA027,1,2026-09-29T03:58:38.537Z,victima-linux,80792,3,audit|audit_command,RS2,Audit: Command: /usr/bin/grep.,ruido_conocido,baseline,,,,rule_id=80792
ATA027,1,2026-09-29T03:58:38.539Z,victima-linux,80792,3,audit|audit_command,RS2,Audit: Command: /usr/bin/dash.,ruido_conocido,baseline,,,,rule_id=80792
ATA027,1,2026-09-29T03:58:38.541Z,victima-linux,80792,3,audit|audit_command,RS2,Audit: Command: /usr/bin/id.,ruido_conocido,baseline,,,,rule_id=80792
ATA027,1,2026-09-29T03:58:38.544Z,victima-linux,80792,3,audit|audit_command,RS2,Audit: Command: /usr/bin/stat.,ruido_conocido,baseline,,,,rule_id=80792
ATA027,1,2026-09-29T03:58:38.546Z,victima-linux,80792,3,audit|audit_command,RS2,Audit: Command: /usr/bin/gawk.,ruido_conocido,baseline,,,,rule_id=80792
ATA027,1,2026-09-29T03:58:38.549Z,victima-linux,80792,3,audit|audit_command,RS2,Audit: Command: /usr/bin/date.,ruido_conocido,baseline,,,,rule_id=80792
ATA027,1,2026-09-29T03:58:38.556Z,victima-linux,80792,3,audit|audit_command,RS2,Audit: Command: /usr/bin/cat.,ruido_conocido,baseline,,,,rule_id=80792
ATA027,1,2026-09-29T03:58:38.556Z,victima-linux,80792,3,audit|audit_command,RS2,Audit: Command: /usr/bin/dash.,ruido_conocido,baseline,,,,rule_id=80792
ATA027,1,2026-09-29T03:58:38.556Z,victima-linux,80792,3,audit|audit_command,RS2,Audit: Command: /usr/bin/date.,ruido_conocido,baseline,,,,rule_id=80792
ATA027,1,2026-09-29T03:58:38.559Z,victima-linux,80792,3,audit|audit_command,RS2,Audit: Command: /usr/bin/dash.,ruido_conocido,baseline,,,,rule_id=80792
ATA027,1,2026-09-29T03:58:38.561Z,victima-linux,80791,3,audit|audit_watch_delete|audit_watch_write,RS2,Audit: Deleted: /run/.,ruido_conocido,baseline,,,,rule_id=80791
ATA027,1,2026-09-29T03:58:38.569Z,victima-linux,80792,3,audit|audit_command,RS2,Audit: Command: /usr/bin/bash.,ruido_conocido,baseline,,,,rule_id=80792
ATA027,1,2026-09-29T03:58:38.571Z,victima-linux,80792,3,audit|audit_command,RS2,Audit: Command: /usr/lib/openssh/sftp-server.,ruido_conocido,baseline,,,,rule_id=80792
ATA027,1,2026-09-29T03:58:38.581Z,victima-linux,80780,3,audit|audit_watch_write,RS2,Audit: Watch - Write access.,ruido_conocido,baseline,,,,rule_id=80780
ATA027,1,2026-09-29T03:58:38.581Z,victima-linux,80791,3,audit|audit_watch_delete|audit_watch_write,RS2,Audit: Deleted: /run/systemd/sessions/4.ref.,ruido_conocido,baseline,,,,rule_id=80791
ATA027,1,2026-09-29T03:58:38.583Z,victima-linux,80791,3,audit|audit_watch_delete|audit_watch_write,RS2,Audit: Deleted: /run/systemd/sessions/.,ruido_conocido,baseline,,,,rule_id=80791
ATA027,1,2026-09-29T03:58:38.586Z,victima-linux,80791,3,audit|audit_watch_delete|audit_watch_write,RS2,Audit: Deleted: /run/systemd/users/.,ruido_conocido,baseline,,,,rule_id=80791
ATA027,1,2026-09-29T03:58:38.593Z,victima-linux,80791,3,audit|audit_watch_delete|audit_watch_write,RS2,Audit: Deleted: /run/systemd/sessions/4.,ruido_conocido,baseline,,,,rule_id=80791
ATA027,1,2026-09-29T03:58:38.593Z,victima-linux,80791,3,audit|audit_watch_delete|audit_watch_write,RS2,Audit: Deleted: /run/systemd/users/.,ruido_conocido,baseline,,,,rule_id=80791
ATA027,1,2026-09-29T03:58:38.594Z,victima-linux,80792,3,audit|audit_command,RS2,Audit: Command: /usr/sbin/sshd.,ruido_conocido,baseline,,,,rule_id=80792
ATA027,1,2026-09-29T03:58:38.601Z,victima-linux,80780,3,audit|audit_watch_write,RS2,Audit: Watch - Write access.,ruido_conocido,baseline,,,,rule_id=80780
ATA027,1,2026-09-29T03:58:38.606Z,victima-linux,80791,3,audit|audit_watch_delete|audit_watch_write,RS2,Audit: Deleted: /run/systemd/sessions/.,ruido_conocido,baseline,,,,rule_id=80791
ATA027,1,2026-09-29T03:58:38.608Z,victima-linux,80791,3,audit|audit_watch_delete|audit_watch_write,RS2,Audit: Deleted: /run/systemd/users/.,ruido_conocido,baseline,,,,rule_id=80791
ATA027,1,2026-09-29T03:58:38.611Z,victima-linux,80791,3,audit|audit_watch_delete|audit_watch_write,RS2,Audit: Deleted: /run/systemd/sessions/.,ruido_conocido,baseline,,,,rule_id=80791
ATA027,1,2026-09-29T03:58:38.618Z,victima-linux,80791,3,audit|audit_watch_delete|audit_watch_write,RS2,Audit: Deleted: /run/systemd/sessions/.,ruido_conocido,baseline,,,,rule_id=80791
ATA027,1,2026-09-29T03:58:38.618Z,victima-linux,80791,3,audit|audit_watch_delete|audit_watch_write,RS2,Audit: Deleted: /run/systemd/users/.,ruido_conocido,baseline,,,,rule_id=80791
ATA027,1,2026-09-29T03:58:38.619Z,victima-linux,80792,3,audit|audit_command,RS2,Audit: Command: /usr/bin/dash.,ruido_conocido,baseline,,,,rule_id=80792
ATA027,1,2026-09-29T03:58:38.621Z,victima-linux,80792,3,audit|audit_command,RS2,Audit: Command: /usr/bin/env.,ruido_conocido,baseline,,,,rule_id=80792
ATA027,1,2026-09-29T03:58:38.623Z,victima-linux,80792,3,audit|audit_command,RS2,Audit: Command: /usr/bin/env.,ruido_conocido,baseline,,,,rule_id=80792
ATA027,1,2026-09-29T03:58:38.626Z,victima-linux,80792,3,audit|audit_command,RS2,Audit: Command: /usr/bin/env.,ruido_conocido,baseline,,,,rule_id=80792
ATA027,1,2026-09-29T03:58:38.629Z,victima-linux,80792,3,audit|audit_command,RS2,Audit: Command: /usr/bin/env.,ruido_conocido,baseline,,,,rule_id=80792
ATA027,1,2026-09-29T03:58:38.638Z,victima-linux,80792,3,audit|audit_command,RS2,Audit: Command: /usr/bin/dash.,ruido_conocido,baseline,,,,rule_id=80792
ATA027,1,2026-09-29T03:58:38.638Z,victima-linux,80792,3,audit|audit_command,RS2,Audit: Command: /usr/bin/run-parts.,ruido_conocido,baseline,,,,rule_id=80792
ATA027,1,2026-09-29T03:58:38.638Z,victima-linux,80792,3,audit|audit_command,RS2,Audit: Command: /usr/bin/uname.,ruido_conocido,baseline,,,,rule_id=80792
ATA027,1,2026-09-29T03:58:38.640Z,victima-linux,80792,3,audit|audit_command,RS2,Audit: Command: /usr/bin/uname.,ruido_conocido,baseline,,,,rule_id=80792
ATA027,1,2026-09-29T03:58:38.642Z,victima-linux,80792,3,audit|audit_command,RS2,Audit: Command: /usr/bin/uname.,ruido_conocido,baseline,,,,rule_id=80792
ATA027,1,2026-09-29T03:58:38.649Z,victima-linux,80792,3,audit|audit_command,RS2,Audit: Command: /usr/bin/dash.,ruido_conocido,baseline,,,,rule_id=80792
ATA027,1,2026-09-29T03:58:38.650Z,victima-linux,80792,3,audit|audit_command,RS2,Audit: Command: /usr/bin/dash.,ruido_conocido,baseline,,,,rule_id=80792
ATA027,1,2026-09-29T03:58:38.650Z,victima-linux,80792,3,audit|audit_command,RS2,Audit: Command: /usr/bin/find.,ruido_conocido,baseline,,,,rule_id=80792
ATA027,1,2026-09-29T03:58:38.652Z,victima-linux,80792,3,audit|audit_command,RS2,Audit: Command: /usr/bin/cat.,ruido_conocido,baseline,,,,rule_id=80792
ATA027,1,2026-09-29T03:58:38.654Z,victima-linux,80792,3,audit|audit_command,RS2,Audit: Command: /usr/bin/dash.,ruido_conocido,baseline,,,,rule_id=80792
ATA027,1,2026-09-29T03:58:38.657Z,victima-linux,80792,3,audit|audit_command,RS2,Audit: Command: /usr/bin/cat.,ruido_conocido,baseline,,,,rule_id=80792
ATA027,1,2026-09-29T03:58:38.659Z,victima-linux,80792,3,audit|audit_command,RS2,Audit: Command: /usr/bin/head.,ruido_conocido,baseline,,,,rule_id=80792
ATA027,1,2026-09-29T03:58:38.661Z,victima-linux,80792,3,audit|audit_command,RS2,Audit: Command: /usr/bin/tr.,ruido_conocido,baseline,,,,rule_id=80792
ATA027,1,2026-09-29T03:58:38.663Z,victima-linux,80792,3,audit|audit_command,RS2,Audit: Command: /usr/bin/cut.,ruido_conocido,baseline,,,,rule_id=80792
ATA027,1,2026-09-29T03:58:38.665Z,victima-linux,80792,3,audit|audit_command,RS2,Audit: Command: /usr/bin/dash.,ruido_conocido,baseline,,,,rule_id=80792
ATA027,1,2026-09-29T03:58:38.667Z,victima-linux,80792,3,audit|audit_command,RS2,Audit: Command: /usr/bin/dash.,ruido_conocido,baseline,,,,rule_id=80792
ATA027,1,2026-09-29T03:58:38.670Z,victima-linux,80792,3,audit|audit_command,RS2,Audit: Command: /usr/bin/cat.,ruido_conocido,baseline,,,,rule_id=80792
ATA027,1,2026-09-29T03:58:38.672Z,victima-linux,80792,3,audit|audit_command,RS2,Audit: Command: /usr/bin/find.,ruido_conocido,baseline,,,,rule_id=80792
ATA027,1,2026-09-29T03:58:38.675Z,victima-linux,80792,3,audit|audit_command,RS2,Audit: Command: /usr/bin/grep.,ruido_conocido,baseline,,,,rule_id=80792
ATA027,1,2026-09-29T03:58:38.677Z,victima-linux,80792,3,audit|audit_command,RS2,Audit: Command: /usr/bin/dash.,ruido_conocido,baseline,,,,rule_id=80792
ATA027,1,2026-09-29T03:58:38.679Z,victima-linux,80792,3,audit|audit_command,RS2,Audit: Command: /usr/bin/dash.,ruido_conocido,baseline,,,,rule_id=80792
ATA027,1,2026-09-29T03:58:38.682Z,victima-linux,80792,3,audit|audit_command,RS2,Audit: Command: /usr/bin/cut.,ruido_conocido,baseline,,,,rule_id=80792
ATA027,1,2026-09-29T03:58:38.685Z,victima-linux,80792,3,audit|audit_command,RS2,Audit: Command: /usr/bin/id.,ruido_conocido,baseline,,,,rule_id=80792
ATA027,1,2026-09-29T03:58:38.687Z,victima-linux,80792,3,audit|audit_command,RS2,Audit: Command: /usr/bin/dash.,ruido_conocido,baseline,,,,rule_id=80792
ATA027,1,2026-09-29T03:58:38.691Z,victima-linux,80792,3,audit|audit_command,RS2,Audit: Command: /usr/bin/date.,ruido_conocido,baseline,,,,rule_id=80792
ATA027,1,2026-09-29T03:58:38.693Z,victima-linux,80792,3,audit|audit_command,RS2,Audit: Command: /usr/bin/stat.,ruido_conocido,baseline,,,,rule_id=80792
ATA027,1,2026-09-29T03:58:38.695Z,victima-linux,80792,3,audit|audit_command,RS2,Audit: Command: /usr/bin/expr.,ruido_conocido,baseline,,,,rule_id=80792
ATA027,1,2026-09-29T03:58:38.697Z,victima-linux,80792,3,audit|audit_command,RS2,Audit: Command: /usr/bin/dash.,ruido_conocido,baseline,,,,rule_id=80792
ATA027,1,2026-09-29T03:58:38.702Z,victima-linux,80792,3,audit|audit_command,RS2,Audit: Command: /usr/bin/dash.,ruido_conocido,baseline,,,,rule_id=80792
ATA027,1,2026-09-29T03:58:38.710Z,victima-linux,80792,3,audit|audit_command,RS2,Audit: Command: /usr/bin/dash.,ruido_conocido,baseline,,,,rule_id=80792
ATA027,1,2026-09-29T03:58:38.710Z,victima-linux,80792,3,audit|audit_command,RS2,Audit: Command: /usr/bin/dash.,ruido_conocido,baseline,,,,rule_id=80792
ATA027,1,2026-09-29T03:58:38.710Z,victima-linux,80792,3,audit|audit_command,RS2,Audit: Command: /usr/bin/find.,ruido_conocido,baseline,,,,rule_id=80792
ATA027,1,2026-09-29T03:58:38.712Z,victima-linux,80792,3,audit|audit_command,RS2,Audit: Command: /usr/bin/dash.,ruido_conocido,baseline,,,,rule_id=80792
ATA027,1,2026-09-29T03:58:38.715Z,victima-linux,80792,3,audit|audit_command,RS2,Audit: Command: /usr/bin/sort.,ruido_conocido,baseline,,,,rule_id=80792
ATA027,1,2026-09-29T03:58:38.717Z,victima-linux,80792,3,audit|audit_command,RS2,Audit: Command: /usr/bin/dash.,ruido_conocido,baseline,,,,rule_id=80792
ATA027,1,2026-09-29T03:58:38.720Z,victima-linux,80792,3,audit|audit_command,RS2,Audit: Command: /usr/bin/dash.,ruido_conocido,baseline,,,,rule_id=80792
ATA027,1,2026-09-29T03:58:38.727Z,victima-linux,80792,3,audit|audit_command,RS2,Audit: Command: /usr/bin/dash.,ruido_conocido,baseline,,,,rule_id=80792
ATA027,1,2026-09-29T03:58:38.727Z,victima-linux,80792,3,audit|audit_command,RS2,Audit: Command: /usr/bin/grep.,ruido_conocido,baseline,,,,rule_id=80792
ATA027,1,2026-09-29T03:58:38.728Z,victima-linux,80792,3,audit|audit_command,RS2,Audit: Command: /usr/bin/dash.,ruido_conocido,baseline,,,,rule_id=80792
ATA027,1,2026-09-29T03:58:38.730Z,victima-linux,80792,3,audit|audit_command,RS2,Audit: Command: /usr/bin/dash.,ruido_conocido,baseline,,,,rule_id=80792
ATA027,1,2026-09-29T03:58:38.732Z,victima-linux,80792,3,audit|audit_command,RS2,Audit: Command: /usr/bin/id.,ruido_conocido,baseline,,,,rule_id=80792
ATA027,1,2026-09-29T03:58:38.735Z,victima-linux,80792,3,audit|audit_command,RS2,Audit: Command: /usr/bin/stat.,ruido_conocido,baseline,,,,rule_id=80792
ATA027,1,2026-09-29T03:58:38.737Z,victima-linux,80792,3,audit|audit_command,RS2,Audit: Command: /usr/bin/gawk.,ruido_conocido,baseline,,,,rule_id=80792
ATA027,1,2026-09-29T03:58:38.740Z,victima-linux,80792,3,audit|audit_command,RS2,Audit: Command: /usr/bin/date.,ruido_conocido,baseline,,,,rule_id=80792
ATA027,1,2026-09-29T03:58:38.747Z,victima-linux,80792,3,audit|audit_command,RS2,Audit: Command: /usr/bin/cat.,ruido_conocido,baseline,,,,rule_id=80792
ATA027,1,2026-09-29T03:58:38.747Z,victima-linux,80792,3,audit|audit_command,RS2,Audit: Command: /usr/bin/dash.,ruido_conocido,baseline,,,,rule_id=80792
ATA027,1,2026-09-29T03:58:38.747Z,victima-linux,80792,3,audit|audit_command,RS2,Audit: Command: /usr/bin/date.,ruido_conocido,baseline,,,,rule_id=80792
ATA027,1,2026-09-29T03:58:38.749Z,victima-linux,80792,3,audit|audit_command,RS2,Audit: Command: /usr/bin/dash.,ruido_conocido,baseline,,,,rule_id=80792
ATA027,1,2026-09-29T03:58:38.752Z,victima-linux,80791,3,audit|audit_watch_delete|audit_watch_write,RS2,Audit: Deleted: /run/.,ruido_conocido,baseline,,,,rule_id=80791
ATA027,1,2026-09-29T03:58:38.759Z,victima-linux,80792,3,audit|audit_command,RS2,Audit: Command: /usr/bin/bash.,ruido_conocido,baseline,,,,rule_id=80792
ATA027,1,2026-09-29T03:58:38.762Z,victima-linux,80792,3,audit|audit_command,RS2,Audit: Command: /usr/lib/openssh/sftp-server.,ruido_conocido,baseline,,,,rule_id=80792
ATA027,1,2026-09-29T03:58:38.772Z,victima-linux,80780,3,audit|audit_watch_write,RS2,Audit: Watch - Write access.,ruido_conocido,baseline,,,,rule_id=80780
ATA027,1,2026-09-29T03:58:38.772Z,victima-linux,80791,3,audit|audit_watch_delete|audit_watch_write,RS2,Audit: Deleted: /run/systemd/sessions/5.ref.,ruido_conocido,baseline,,,,rule_id=80791
ATA027,1,2026-09-29T03:58:38.774Z,victima-linux,80791,3,audit|audit_watch_delete|audit_watch_write,RS2,Audit: Deleted: /run/systemd/sessions/.,ruido_conocido,baseline,,,,rule_id=80791
ATA027,1,2026-09-29T03:58:38.777Z,victima-linux,80791,3,audit|audit_watch_delete|audit_watch_write,RS2,Audit: Deleted: /run/systemd/users/.,ruido_conocido,baseline,,,,rule_id=80791
ATA027,1,2026-09-29T03:58:38.785Z,victima-linux,80791,3,audit|audit_watch_delete|audit_watch_write,RS2,Audit: Deleted: /run/systemd/sessions/5.,ruido_conocido,baseline,,,,rule_id=80791
ATA027,1,2026-09-29T03:58:38.785Z,victima-linux,80791,3,audit|audit_watch_delete|audit_watch_write,RS2,Audit: Deleted: /run/systemd/users/.,ruido_conocido,baseline,,,,rule_id=80791
ATA027,1,2026-09-29T03:58:38.785Z,victima-linux,80792,3,audit|audit_command,RS2,Audit: Command: /usr/sbin/sshd.,ruido_conocido,baseline,,,,rule_id=80792
ATA027,1,2026-09-29T03:58:38.787Z,victima-linux,80791,3,audit|audit_watch_delete|audit_watch_write,RS2,Audit: Deleted: var/run/.,auto_ruido,auto_ruido:wazuh-agentd,,,,audit_exe=/var/ossec/bin/wazuh-agentd
ATA027,1,2026-09-29T03:58:38.794Z,victima-linux,80780,3,audit|audit_watch_write,RS2,Audit: Watch - Write access.,ruido_conocido,baseline,,,,rule_id=80780
ATA027,1,2026-09-29T03:58:38.799Z,victima-linux,80791,3,audit|audit_watch_delete|audit_watch_write,RS2,Audit: Deleted: /run/systemd/sessions/.,ruido_conocido,baseline,,,,rule_id=80791
ATA027,1,2026-09-29T03:58:38.801Z,victima-linux,80791,3,audit|audit_watch_delete|audit_watch_write,RS2,Audit: Deleted: /run/systemd/users/.,ruido_conocido,baseline,,,,rule_id=80791
ATA027,1,2026-09-29T03:58:38.803Z,victima-linux,80791,3,audit|audit_watch_delete|audit_watch_write,RS2,Audit: Deleted: /run/systemd/sessions/.,ruido_conocido,baseline,,,,rule_id=80791
ATA027,1,2026-09-29T03:58:38.811Z,victima-linux,80791,3,audit|audit_watch_delete|audit_watch_write,RS2,Audit: Deleted: /run/systemd/sessions/.,ruido_conocido,baseline,,,,rule_id=80791
ATA027,1,2026-09-29T03:58:38.811Z,victima-linux,80791,3,audit|audit_watch_delete|audit_watch_write,RS2,Audit: Deleted: /run/systemd/users/.,ruido_conocido,baseline,,,,rule_id=80791
ATA027,1,2026-09-29T03:58:38.811Z,victima-linux,80792,3,audit|audit_command,RS2,Audit: Command: /usr/bin/dash.,ruido_conocido,baseline,,,,rule_id=80792
ATA027,1,2026-09-29T03:58:38.813Z,victima-linux,80792,3,audit|audit_command,RS2,Audit: Command: /usr/bin/env.,ruido_conocido,baseline,,,,rule_id=80792
ATA027,1,2026-09-29T03:58:38.815Z,victima-linux,80792,3,audit|audit_command,RS2,Audit: Command: /usr/bin/env.,ruido_conocido,baseline,,,,rule_id=80792
ATA027,1,2026-09-29T03:58:38.818Z,victima-linux,80792,3,audit|audit_command,RS2,Audit: Command: /usr/bin/env.,ruido_conocido,baseline,,,,rule_id=80792
ATA027,1,2026-09-29T03:58:38.826Z,victima-linux,80792,3,audit|audit_command,RS2,Audit: Command: /usr/bin/dash.,ruido_conocido,baseline,,,,rule_id=80792
ATA027,1,2026-09-29T03:58:38.826Z,victima-linux,80792,3,audit|audit_command,RS2,Audit: Command: /usr/bin/env.,ruido_conocido,baseline,,,,rule_id=80792
ATA027,1,2026-09-29T03:58:38.826Z,victima-linux,80792,3,audit|audit_command,RS2,Audit: Command: /usr/bin/run-parts.,ruido_conocido,baseline,,,,rule_id=80792
ATA027,1,2026-09-29T03:58:38.828Z,victima-linux,80792,3,audit|audit_command,RS2,Audit: Command: /usr/bin/uname.,ruido_conocido,baseline,,,,rule_id=80792
ATA027,1,2026-09-29T03:58:38.830Z,victima-linux,80792,3,audit|audit_command,RS2,Audit: Command: /usr/bin/uname.,ruido_conocido,baseline,,,,rule_id=80792
ATA027,1,2026-09-29T03:58:38.838Z,victima-linux,80792,3,audit|audit_command,RS2,Audit: Command: /usr/bin/dash.,ruido_conocido,baseline,,,,rule_id=80792
ATA027,1,2026-09-29T03:58:38.838Z,victima-linux,80792,3,audit|audit_command,RS2,Audit: Command: /usr/bin/dash.,ruido_conocido,baseline,,,,rule_id=80792
ATA027,1,2026-09-29T03:58:38.838Z,victima-linux,80792,3,audit|audit_command,RS2,Audit: Command: /usr/bin/uname.,ruido_conocido,baseline,,,,rule_id=80792
ATA027,1,2026-09-29T03:58:38.840Z,victima-linux,80792,3,audit|audit_command,RS2,Audit: Command: /usr/bin/find.,ruido_conocido,baseline,,,,rule_id=80792
ATA027,1,2026-09-29T03:58:38.842Z,victima-linux,80792,3,audit|audit_command,RS2,Audit: Command: /usr/bin/cat.,ruido_conocido,baseline,,,,rule_id=80792
ATA027,1,2026-09-29T03:58:38.844Z,victima-linux,80792,3,audit|audit_command,RS2,Audit: Command: /usr/bin/dash.,ruido_conocido,baseline,,,,rule_id=80792
ATA027,1,2026-09-29T03:58:38.847Z,victima-linux,80792,3,audit|audit_command,RS2,Audit: Command: /usr/bin/cat.,ruido_conocido,baseline,,,,rule_id=80792
ATA027,1,2026-09-29T03:58:38.849Z,victima-linux,80792,3,audit|audit_command,RS2,Audit: Command: /usr/bin/head.,ruido_conocido,baseline,,,,rule_id=80792
ATA027,1,2026-09-29T03:58:38.852Z,victima-linux,80792,3,audit|audit_command,RS2,Audit: Command: /usr/bin/tr.,ruido_conocido,baseline,,,,rule_id=80792
ATA027,1,2026-09-29T03:58:38.854Z,victima-linux,80792,3,audit|audit_command,RS2,Audit: Command: /usr/bin/cut.,ruido_conocido,baseline,,,,rule_id=80792
ATA027,1,2026-09-29T03:58:38.857Z,victima-linux,80792,3,audit|audit_command,RS2,Audit: Command: /usr/bin/dash.,ruido_conocido,baseline,,,,rule_id=80792
ATA027,1,2026-09-29T03:58:38.859Z,victima-linux,80792,3,audit|audit_command,RS2,Audit: Command: /usr/bin/dash.,ruido_conocido,baseline,,,,rule_id=80792
ATA027,1,2026-09-29T03:58:38.862Z,victima-linux,80792,3,audit|audit_command,RS2,Audit: Command: /usr/bin/cat.,ruido_conocido,baseline,,,,rule_id=80792
ATA027,1,2026-09-29T03:58:38.864Z,victima-linux,80792,3,audit|audit_command,RS2,Audit: Command: /usr/bin/find.,ruido_conocido,baseline,,,,rule_id=80792
ATA027,1,2026-09-29T03:58:38.867Z,victima-linux,80792,3,audit|audit_command,RS2,Audit: Command: /usr/bin/grep.,ruido_conocido,baseline,,,,rule_id=80792
ATA027,1,2026-09-29T03:58:38.872Z,victima-linux,80792,3,audit|audit_command,RS2,Audit: Command: /usr/bin/dash.,ruido_conocido,baseline,,,,rule_id=80792
ATA027,1,2026-09-29T03:58:38.874Z,victima-linux,80792,3,audit|audit_command,RS2,Audit: Command: /usr/bin/dash.,ruido_conocido,baseline,,,,rule_id=80792
ATA027,1,2026-09-29T03:58:38.876Z,victima-linux,80792,3,audit|audit_command,RS2,Audit: Command: /usr/bin/cut.,ruido_conocido,baseline,,,,rule_id=80792
ATA027,1,2026-09-29T03:58:38.878Z,victima-linux,80792,3,audit|audit_command,RS2,Audit: Command: /usr/bin/id.,ruido_conocido,baseline,,,,rule_id=80792
ATA027,1,2026-09-29T03:58:38.881Z,victima-linux,80792,3,audit|audit_command,RS2,Audit: Command: /usr/bin/dash.,ruido_conocido,baseline,,,,rule_id=80792
ATA027,1,2026-09-29T03:58:38.883Z,victima-linux,80792,3,audit|audit_command,RS2,Audit: Command: /usr/bin/date.,ruido_conocido,baseline,,,,rule_id=80792
ATA027,1,2026-09-29T03:58:38.885Z,victima-linux,80792,3,audit|audit_command,RS2,Audit: Command: /usr/bin/stat.,ruido_conocido,baseline,,,,rule_id=80792
ATA027,1,2026-09-29T03:58:38.888Z,victima-linux,80792,3,audit|audit_command,RS2,Audit: Command: /usr/bin/expr.,ruido_conocido,baseline,,,,rule_id=80792
ATA027,1,2026-09-29T03:58:38.890Z,victima-linux,80792,3,audit|audit_command,RS2,Audit: Command: /usr/bin/dash.,ruido_conocido,baseline,,,,rule_id=80792
ATA027,1,2026-09-29T03:58:38.892Z,victima-linux,80792,3,audit|audit_command,RS2,Audit: Command: /usr/bin/dash.,ruido_conocido,baseline,,,,rule_id=80792
ATA027,1,2026-09-29T03:58:38.900Z,victima-linux,80792,3,audit|audit_command,RS2,Audit: Command: /usr/bin/dash.,ruido_conocido,baseline,,,,rule_id=80792
ATA027,1,2026-09-29T03:58:38.900Z,victima-linux,80792,3,audit|audit_command,RS2,Audit: Command: /usr/bin/dash.,ruido_conocido,baseline,,,,rule_id=80792
ATA027,1,2026-09-29T03:58:38.900Z,victima-linux,80792,3,audit|audit_command,RS2,Audit: Command: /usr/bin/find.,ruido_conocido,baseline,,,,rule_id=80792
ATA027,1,2026-09-29T03:58:38.902Z,victima-linux,80792,3,audit|audit_command,RS2,Audit: Command: /usr/bin/dash.,ruido_conocido,baseline,,,,rule_id=80792
ATA027,1,2026-09-29T03:58:38.905Z,victima-linux,80792,3,audit|audit_command,RS2,Audit: Command: /usr/bin/sort.,ruido_conocido,baseline,,,,rule_id=80792
ATA027,1,2026-09-29T03:58:38.910Z,victima-linux,80792,3,audit|audit_command,RS2,Audit: Command: /usr/bin/dash.,ruido_conocido,baseline,,,,rule_id=80792
ATA027,1,2026-09-29T03:58:38.912Z,victima-linux,80792,3,audit|audit_command,RS2,Audit: Command: /usr/bin/dash.,ruido_conocido,baseline,,,,rule_id=80792
ATA027,1,2026-09-29T03:58:38.919Z,victima-linux,80792,3,audit|audit_command,RS2,Audit: Command: /usr/bin/dash.,ruido_conocido,baseline,,,,rule_id=80792
ATA027,1,2026-09-29T03:58:38.919Z,victima-linux,80792,3,audit|audit_command,RS2,Audit: Command: /usr/bin/dash.,ruido_conocido,baseline,,,,rule_id=80792
ATA027,1,2026-09-29T03:58:38.919Z,victima-linux,80792,3,audit|audit_command,RS2,Audit: Command: /usr/bin/grep.,ruido_conocido,baseline,,,,rule_id=80792
ATA027,1,2026-09-29T03:58:38.922Z,victima-linux,80792,3,audit|audit_command,RS2,Audit: Command: /usr/bin/dash.,ruido_conocido,baseline,,,,rule_id=80792
ATA027,1,2026-09-29T03:58:38.924Z,victima-linux,80792,3,audit|audit_command,RS2,Audit: Command: /usr/bin/id.,ruido_conocido,baseline,,,,rule_id=80792
ATA027,1,2026-09-29T03:58:38.926Z,victima-linux,80792,3,audit|audit_command,RS2,Audit: Command: /usr/bin/stat.,ruido_conocido,baseline,,,,rule_id=80792
ATA027,1,2026-09-29T03:58:38.928Z,victima-linux,80792,3,audit|audit_command,RS2,Audit: Command: /usr/bin/gawk.,ruido_conocido,baseline,,,,rule_id=80792
ATA027,1,2026-09-29T03:58:38.931Z,victima-linux,80792,3,audit|audit_command,RS2,Audit: Command: /usr/bin/date.,ruido_conocido,baseline,,,,rule_id=80792
ATA027,1,2026-09-29T03:58:38.938Z,victima-linux,80792,3,audit|audit_command,RS2,Audit: Command: /usr/bin/cat.,ruido_conocido,baseline,,,,rule_id=80792
ATA027,1,2026-09-29T03:58:38.938Z,victima-linux,80792,3,audit|audit_command,RS2,Audit: Command: /usr/bin/dash.,ruido_conocido,baseline,,,,rule_id=80792
ATA027,1,2026-09-29T03:58:38.938Z,victima-linux,80792,3,audit|audit_command,RS2,Audit: Command: /usr/bin/date.,ruido_conocido,baseline,,,,rule_id=80792
ATA027,1,2026-09-29T03:58:38.940Z,victima-linux,80792,3,audit|audit_command,RS2,Audit: Command: /usr/bin/dash.,ruido_conocido,baseline,,,,rule_id=80792
ATA027,1,2026-09-29T03:58:38.942Z,victima-linux,80791,3,audit|audit_watch_delete|audit_watch_write,RS2,Audit: Deleted: /run/.,ruido_conocido,baseline,,,,rule_id=80791
ATA027,1,2026-09-29T03:58:38.949Z,victima-linux,80792,3,audit|audit_command,RS2,Audit: Command: /usr/bin/bash.,ruido_conocido,baseline,,,,rule_id=80792
ATA027,1,2026-09-29T03:58:38.952Z,victima-linux,80792,3,audit|audit_command,RS2,Audit: Command: /usr/lib/openssh/sftp-server.,ruido_conocido,baseline,,,,rule_id=80792
ATA027,1,2026-09-29T03:58:38.963Z,victima-linux,80780,3,audit|audit_watch_write,RS2,Audit: Watch - Write access.,ruido_conocido,baseline,,,,rule_id=80780
ATA027,1,2026-09-29T03:58:38.964Z,victima-linux,80791,3,audit|audit_watch_delete|audit_watch_write,RS2,Audit: Deleted: /run/systemd/sessions/6.ref.,ruido_conocido,baseline,,,,rule_id=80791
ATA027,1,2026-09-29T03:58:38.965Z,victima-linux,80791,3,audit|audit_watch_delete|audit_watch_write,RS2,Audit: Deleted: /run/systemd/sessions/.,ruido_conocido,baseline,,,,rule_id=80791
ATA027,1,2026-09-29T03:58:38.967Z,victima-linux,80791,3,audit|audit_watch_delete|audit_watch_write,RS2,Audit: Deleted: /run/systemd/users/.,ruido_conocido,baseline,,,,rule_id=80791
ATA027,1,2026-09-29T03:58:38.969Z,victima-linux,80791,3,audit|audit_watch_delete|audit_watch_write,RS2,Audit: Deleted: /run/systemd/sessions/6.,ruido_conocido,baseline,,,,rule_id=80791
ATA027,1,2026-09-29T03:58:38.972Z,victima-linux,80791,3,audit|audit_watch_delete|audit_watch_write,RS2,Audit: Deleted: /run/systemd/users/.,ruido_conocido,baseline,,,,rule_id=80791
ATA027,1,2026-09-29T03:58:39.795Z,victima-linux,80792,3,audit|audit_command,RS2,Audit: Command: /usr/sbin/sshd.,ruido_conocido,baseline,,,,rule_id=80792
ATA027,1,2026-09-29T03:58:39.800Z,victima-linux,80780,3,audit|audit_watch_write,RS2,Audit: Watch - Write access.,ruido_conocido,baseline,,,,rule_id=80780
ATA027,1,2026-09-29T03:58:39.804Z,victima-linux,80791,3,audit|audit_watch_delete|audit_watch_write,RS2,Audit: Deleted: /run/systemd/sessions/.,ruido_conocido,baseline,,,,rule_id=80791
ATA027,1,2026-09-29T03:58:39.807Z,victima-linux,80791,3,audit|audit_watch_delete|audit_watch_write,RS2,Audit: Deleted: /run/systemd/users/.,ruido_conocido,baseline,,,,rule_id=80791
ATA027,1,2026-09-29T03:58:39.809Z,victima-linux,80791,3,audit|audit_watch_delete|audit_watch_write,RS2,Audit: Deleted: /run/systemd/sessions/.,ruido_conocido,baseline,,,,rule_id=80791
ATA027,1,2026-09-29T03:58:39.812Z,victima-linux,80791,3,audit|audit_watch_delete|audit_watch_write,RS2,Audit: Deleted: /run/systemd/sessions/.,ruido_conocido,baseline,,,,rule_id=80791
ATA027,1,2026-09-29T03:58:39.814Z,victima-linux,80791,3,audit|audit_watch_delete|audit_watch_write,RS2,Audit: Deleted: /run/systemd/users/.,ruido_conocido,baseline,,,,rule_id=80791
ATA027,1,2026-09-29T03:58:39.817Z,victima-linux,80792,3,audit|audit_command,RS2,Audit: Command: /usr/bin/dash.,ruido_conocido,baseline,,,,rule_id=80792
ATA027,1,2026-09-29T03:58:39.819Z,victima-linux,80792,3,audit|audit_command,RS2,Audit: Command: /usr/bin/env.,ruido_conocido,baseline,,,,rule_id=80792
ATA027,1,2026-09-29T03:58:39.821Z,victima-linux,80792,3,audit|audit_command,RS2,Audit: Command: /usr/bin/env.,ruido_conocido,baseline,,,,rule_id=80792
ATA027,1,2026-09-29T03:58:39.823Z,victima-linux,80792,3,audit|audit_command,RS2,Audit: Command: /usr/bin/env.,ruido_conocido,baseline,,,,rule_id=80792
ATA027,1,2026-09-29T03:58:39.826Z,victima-linux,80792,3,audit|audit_command,RS2,Audit: Command: /usr/bin/env.,ruido_conocido,baseline,,,,rule_id=80792
ATA027,1,2026-09-29T03:58:39.828Z,victima-linux,80792,3,audit|audit_command,RS2,Audit: Command: /usr/bin/run-parts.,ruido_conocido,baseline,,,,rule_id=80792
ATA027,1,2026-09-29T03:58:39.831Z,victima-linux,80792,3,audit|audit_command,RS2,Audit: Command: /usr/bin/dash.,ruido_conocido,baseline,,,,rule_id=80792
ATA027,1,2026-09-29T03:58:39.833Z,victima-linux,80792,3,audit|audit_command,RS2,Audit: Command: /usr/bin/uname.,ruido_conocido,baseline,,,,rule_id=80792
ATA027,1,2026-09-29T03:58:39.836Z,victima-linux,80792,3,audit|audit_command,RS2,Audit: Command: /usr/bin/uname.,ruido_conocido,baseline,,,,rule_id=80792
ATA027,1,2026-09-29T03:58:39.843Z,victima-linux,80792,3,audit|audit_command,RS2,Audit: Command: /usr/bin/dash.,ruido_conocido,baseline,,,,rule_id=80792
ATA027,1,2026-09-29T03:58:39.843Z,victima-linux,80792,3,audit|audit_command,RS2,Audit: Command: /usr/bin/dash.,ruido_conocido,baseline,,,,rule_id=80792
ATA027,1,2026-09-29T03:58:39.843Z,victima-linux,80792,3,audit|audit_command,RS2,Audit: Command: /usr/bin/uname.,ruido_conocido,baseline,,,,rule_id=80792
ATA027,1,2026-09-29T03:58:39.845Z,victima-linux,80792,3,audit|audit_command,RS2,Audit: Command: /usr/bin/find.,ruido_conocido,baseline,,,,rule_id=80792
ATA027,1,2026-09-29T03:58:39.848Z,victima-linux,80792,3,audit|audit_command,RS2,Audit: Command: /usr/bin/cat.,ruido_conocido,baseline,,,,rule_id=80792
ATA027,1,2026-09-29T03:58:39.850Z,victima-linux,80792,3,audit|audit_command,RS2,Audit: Command: /usr/bin/dash.,ruido_conocido,baseline,,,,rule_id=80792
ATA027,1,2026-09-29T03:58:39.853Z,victima-linux,80792,3,audit|audit_command,RS2,Audit: Command: /usr/bin/cat.,ruido_conocido,baseline,,,,rule_id=80792
ATA027,1,2026-09-29T03:58:39.855Z,victima-linux,80792,3,audit|audit_command,RS2,Audit: Command: /usr/bin/head.,ruido_conocido,baseline,,,,rule_id=80792
ATA027,1,2026-09-29T03:58:39.857Z,victima-linux,80792,3,audit|audit_command,RS2,Audit: Command: /usr/bin/tr.,ruido_conocido,baseline,,,,rule_id=80792
ATA027,1,2026-09-29T03:58:39.860Z,victima-linux,80792,3,audit|audit_command,RS2,Audit: Command: /usr/bin/cut.,ruido_conocido,baseline,,,,rule_id=80792
ATA027,1,2026-09-29T03:58:39.862Z,victima-linux,80792,3,audit|audit_command,RS2,Audit: Command: /usr/bin/dash.,ruido_conocido,baseline,,,,rule_id=80792
ATA027,1,2026-09-29T03:58:39.864Z,victima-linux,80792,3,audit|audit_command,RS2,Audit: Command: /usr/bin/dash.,ruido_conocido,baseline,,,,rule_id=80792
ATA027,1,2026-09-29T03:58:39.867Z,victima-linux,80792,3,audit|audit_command,RS2,Audit: Command: /usr/bin/cat.,ruido_conocido,baseline,,,,rule_id=80792
ATA027,1,2026-09-29T03:58:39.869Z,victima-linux,80792,3,audit|audit_command,RS2,Audit: Command: /usr/bin/find.,ruido_conocido,baseline,,,,rule_id=80792
ATA027,1,2026-09-29T03:58:39.871Z,victima-linux,80792,3,audit|audit_command,RS2,Audit: Command: /usr/bin/grep.,ruido_conocido,baseline,,,,rule_id=80792
ATA027,1,2026-09-29T03:58:39.874Z,victima-linux,80792,3,audit|audit_command,RS2,Audit: Command: /usr/bin/dash.,ruido_conocido,baseline,,,,rule_id=80792
ATA027,1,2026-09-29T03:58:39.876Z,victima-linux,80792,3,audit|audit_command,RS2,Audit: Command: /usr/bin/dash.,ruido_conocido,baseline,,,,rule_id=80792
ATA027,1,2026-09-29T03:58:39.878Z,victima-linux,80792,3,audit|audit_command,RS2,Audit: Command: /usr/bin/cut.,ruido_conocido,baseline,,,,rule_id=80792
ATA027,1,2026-09-29T03:58:39.880Z,victima-linux,80792,3,audit|audit_command,RS2,Audit: Command: /usr/bin/id.,ruido_conocido,baseline,,,,rule_id=80792
ATA027,1,2026-09-29T03:58:39.883Z,victima-linux,80792,3,audit|audit_command,RS2,Audit: Command: /usr/bin/dash.,ruido_conocido,baseline,,,,rule_id=80792
ATA027,1,2026-09-29T03:58:39.885Z,victima-linux,80792,3,audit|audit_command,RS2,Audit: Command: /usr/bin/date.,ruido_conocido,baseline,,,,rule_id=80792
ATA027,1,2026-09-29T03:58:39.888Z,victima-linux,80792,3,audit|audit_command,RS2,Audit: Command: /usr/bin/stat.,ruido_conocido,baseline,,,,rule_id=80792
ATA027,1,2026-09-29T03:58:39.890Z,victima-linux,80792,3,audit|audit_command,RS2,Audit: Command: /usr/bin/expr.,ruido_conocido,baseline,,,,rule_id=80792
ATA027,1,2026-09-29T03:58:39.893Z,victima-linux,80792,3,audit|audit_command,RS2,Audit: Command: /usr/bin/dash.,ruido_conocido,baseline,,,,rule_id=80792
ATA027,1,2026-09-29T03:58:39.895Z,victima-linux,80792,3,audit|audit_command,RS2,Audit: Command: /usr/bin/dash.,ruido_conocido,baseline,,,,rule_id=80792
ATA027,1,2026-09-29T03:58:39.903Z,victima-linux,80792,3,audit|audit_command,RS2,Audit: Command: /usr/bin/dash.,ruido_conocido,baseline,,,,rule_id=80792
ATA027,1,2026-09-29T03:58:39.903Z,victima-linux,80792,3,audit|audit_command,RS2,Audit: Command: /usr/bin/dash.,ruido_conocido,baseline,,,,rule_id=80792
ATA027,1,2026-09-29T03:58:39.903Z,victima-linux,80792,3,audit|audit_command,RS2,Audit: Command: /usr/bin/find.,ruido_conocido,baseline,,,,rule_id=80792
ATA027,1,2026-09-29T03:58:39.905Z,victima-linux,80792,3,audit|audit_command,RS2,Audit: Command: /usr/bin/dash.,ruido_conocido,baseline,,,,rule_id=80792
ATA027,1,2026-09-29T03:58:39.907Z,victima-linux,80792,3,audit|audit_command,RS2,Audit: Command: /usr/bin/sort.,ruido_conocido,baseline,,,,rule_id=80792
ATA027,1,2026-09-29T03:58:39.912Z,victima-linux,80792,3,audit|audit_command,RS2,Audit: Command: /usr/bin/dash.,ruido_conocido,baseline,,,,rule_id=80792
ATA027,1,2026-09-29T03:58:39.915Z,victima-linux,80792,3,audit|audit_command,RS2,Audit: Command: /usr/bin/dash.,ruido_conocido,baseline,,,,rule_id=80792
ATA027,1,2026-09-29T03:58:39.921Z,victima-linux,80792,3,audit|audit_command,RS2,Audit: Command: /usr/bin/dash.,ruido_conocido,baseline,,,,rule_id=80792
ATA027,1,2026-09-29T03:58:39.922Z,victima-linux,80792,3,audit|audit_command,RS2,Audit: Command: /usr/bin/dash.,ruido_conocido,baseline,,,,rule_id=80792
ATA027,1,2026-09-29T03:58:39.922Z,victima-linux,80792,3,audit|audit_command,RS2,Audit: Command: /usr/bin/grep.,ruido_conocido,baseline,,,,rule_id=80792
ATA027,1,2026-09-29T03:58:39.924Z,victima-linux,80792,3,audit|audit_command,RS2,Audit: Command: /usr/bin/dash.,ruido_conocido,baseline,,,,rule_id=80792
ATA027,1,2026-09-29T03:58:39.926Z,victima-linux,80792,3,audit|audit_command,RS2,Audit: Command: /usr/bin/id.,ruido_conocido,baseline,,,,rule_id=80792
ATA027,1,2026-09-29T03:58:39.928Z,victima-linux,80792,3,audit|audit_command,RS2,Audit: Command: /usr/bin/stat.,ruido_conocido,baseline,,,,rule_id=80792
ATA027,1,2026-09-29T03:58:39.930Z,victima-linux,80792,3,audit|audit_command,RS2,Audit: Command: /usr/bin/gawk.,ruido_conocido,baseline,,,,rule_id=80792
ATA027,1,2026-09-29T03:58:39.933Z,victima-linux,80792,3,audit|audit_command,RS2,Audit: Command: /usr/bin/date.,ruido_conocido,baseline,,,,rule_id=80792
ATA027,1,2026-09-29T03:58:39.940Z,victima-linux,80792,3,audit|audit_command,RS2,Audit: Command: /usr/bin/date.,ruido_conocido,baseline,,,,rule_id=80792
ATA027,1,2026-09-29T03:58:39.941Z,victima-linux,80792,3,audit|audit_command,RS2,Audit: Command: /usr/bin/cat.,ruido_conocido,baseline,,,,rule_id=80792
ATA027,1,2026-09-29T03:58:39.941Z,victima-linux,80792,3,audit|audit_command,RS2,Audit: Command: /usr/bin/dash.,ruido_conocido,baseline,,,,rule_id=80792
ATA027,1,2026-09-29T03:58:39.943Z,victima-linux,80792,3,audit|audit_command,RS2,Audit: Command: /usr/bin/dash.,ruido_conocido,baseline,,,,rule_id=80792
ATA027,1,2026-09-29T03:58:39.945Z,victima-linux,80791,3,audit|audit_watch_delete|audit_watch_write,RS2,Audit: Deleted: /run/.,ruido_conocido,baseline,,,,rule_id=80791
ATA027,1,2026-09-29T03:58:39.952Z,victima-linux,80792,3,audit|audit_command,RS2,Audit: Command: /usr/bin/bash.,ruido_conocido,baseline,,,,rule_id=80792
ATA027,1,2026-09-29T03:58:39.954Z,victima-linux,80792,3,audit|audit_command,RS2,Audit: Command: /usr/bin/bash.,ruido_conocido,baseline,,,,rule_id=80792
ATA027,1,2026-09-29T03:58:39.957Z,victima-linux,80792,3,audit|audit_command,RS2,Audit: Command: /usr/bin/date.,artefacto_ataque,del_ataque,,,,audit_cwd=/home/angel/lab-attack/ATA027
ATA027,1,2026-09-29T03:58:39.964Z,victima-linux,80792,3,audit|audit_command,RS2,Audit: Command: /usr/bin/bash.,artefacto_ataque,del_ataque,,,,audit_cwd=/home/angel/lab-attack/ATA027
ATA027,1,2026-09-29T03:58:39.964Z,victima-linux,80792,3,audit|audit_command,RS2,Audit: Command: /usr/bin/date.,artefacto_ataque,del_ataque,,,,audit_cwd=/home/angel/lab-attack/ATA027
ATA027,1,2026-09-29T03:58:39.964Z,victima-linux,80792,3,audit|audit_command,RS2,Audit: Command: /usr/bin/tee.,artefacto_ataque,del_ataque,,,,audit_cwd=/home/angel/lab-attack/ATA027
ATA027,1,2026-09-29T03:58:39.966Z,victima-linux,80792,3,audit|audit_command,RS2,Audit: Command: /usr/bin/realpath.,artefacto_ataque,del_ataque,,,,audit_cwd=/home/angel/lab-attack/ATA027
ATA027,1,2026-09-29T03:58:39.969Z,victima-linux,80792,3,audit|audit_command,RS2,Audit: Command: /usr/bin/realpath.,artefacto_ataque,del_ataque,,,,audit_cwd=/home/angel/lab-attack/ATA027
ATA027,1,2026-09-29T03:58:39.971Z,victima-linux,80792,3,audit|audit_command,RS2,Audit: Command: /usr/bin/rm.,artefacto_ataque,del_ataque,,,,audit_cwd=/home/angel/lab-attack/ATA027
ATA027,1,2026-09-29T03:58:39.978Z,victima-linux,80782,3,audit|audit_watch_write,RS2,Audit: Watch - Write access: /home/angel/lab-attack/ATA027/.,artefacto_ataque,del_ataque,,,,audit_cwd=/home/angel/lab-attack/ATA027
ATA027,1,2026-09-29T03:58:39.978Z,victima-linux,80792,3,audit|audit_command,RS2,Audit: Command: /usr/bin/stat.,artefacto_ataque,del_ataque,,,,audit_cwd=/home/angel/lab-attack/ATA027
ATA027,1,2026-09-29T03:58:39.978Z,victima-linux,80792,3,audit|audit_command,RS2,Audit: Command: /usr/bin/dd.,deteccion,senal:T1561.002-S1,T1561.002|Process Creation,,,audit_exe=/usr/bin/dd
ATA027,1,2026-09-29T03:58:39.981Z,victima-linux,80792,3,audit|audit_command,RS2,Audit: Command: /usr/sbin/sfdisk.,deteccion,senal:T1561.002-S2,T1561.002|Process Creation,,,audit_exe=/usr/sbin/sfdisk
ATA027,1,2026-09-29T03:58:39.983Z,victima-linux,80792,3,audit|audit_command,RS2,Audit: Command: /usr/sbin/mke2fs.,artefacto_ataque,del_ataque,,,,audit_cwd=/home/angel/lab-attack/ATA027
ATA027,1,2026-09-29T03:58:39.986Z,victima-linux,80792,3,audit|audit_command,RS2,Audit: Command: /usr/bin/file.,artefacto_ataque,del_ataque,,,,audit_cwd=/home/angel/lab-attack/ATA027
ATA027,1,2026-09-29T03:58:39.988Z,victima-linux,80792,3,audit|audit_command,RS2,Audit: Command: /usr/bin/tee.,artefacto_ataque,del_ataque,,,,audit_cwd=/home/angel/lab-attack/ATA027
ATA027,1,2026-09-29T03:58:39.996Z,victima-linux,80792,3,audit|audit_command,RS2,Audit: Command: /usr/bin/gawk.,artefacto_ataque,del_ataque,,,,audit_cwd=/home/angel/lab-attack/ATA027
ATA027,1,2026-09-29T03:58:39.996Z,victima-linux,80792,3,audit|audit_command,RS2,Audit: Command: /usr/bin/sha256sum.,artefacto_ataque,del_ataque,,,,audit_cwd=/home/angel/lab-attack/ATA027
ATA027,1,2026-09-29T03:58:39.996Z,victima-linux,80792,3,audit|audit_command,RS2,Audit: Command: /usr/sbin/sfdisk.,deteccion,senal:T1561.002-S2,T1561.002|Process Creation,,,audit_exe=/usr/sbin/sfdisk
ATA027,1,2026-09-29T03:58:39.997Z,victima-linux,80792,3,audit|audit_command,RS2,Audit: Command: /usr/bin/mkdir.,artefacto_ataque,del_ataque,,,,audit_cwd=/home/angel/lab-attack/ATA027
ATA027,1,2026-09-29T03:58:40.000Z,victima-linux,80792,3,audit|audit_command,RS2,Audit: Command: /usr/bin/sudo.,artefacto_ataque,del_ataque,,,,audit_cwd=/home/angel/lab-attack/ATA027
ATA027,1,2026-09-29T03:58:40.003Z,victima-linux,80780,3,audit|audit_watch_write,RS2,Audit: Watch - Write access.,ruido_conocido,baseline,,,,rule_id=80780
ATA027,1,2026-09-29T03:58:40.018Z,victima-linux,80792,3,audit|audit_command,RS2,Audit: Command: /usr/sbin/losetup.,deteccion,senal:T1561.002-S7,T1561.002|Process Creation,,,audit_exe=/usr/sbin/losetup
ATA027,1,2026-09-29T03:58:40.025Z,victima-linux,80792,3,audit|audit_command,RS2,Audit: Command: /usr/bin/sudo.,artefacto_ataque,del_ataque,,,,audit_cwd=/home/angel/lab-attack/ATA027
ATA027,1,2026-09-29T03:58:40.027Z,victima-linux,80791,3,audit|audit_watch_delete|audit_watch_write,RS2,Audit: Deleted: 31.,ruido_conocido,baseline,,,,rule_id=80791
ATA027,1,2026-09-29T03:58:40.029Z,victima-linux,80791,3,audit|audit_watch_delete|audit_watch_write,RS2,Audit: Deleted: b7:0.,ruido_conocido,baseline,,,,rule_id=80791
ATA027,1,2026-09-29T03:58:40.036Z,victima-linux,80791,3,audit|audit_watch_delete|audit_watch_write,RS2,Audit: Deleted: b7:0.,ruido_conocido,baseline,,,,rule_id=80791
ATA027,1,2026-09-29T03:58:40.036Z,victima-linux,80792,3,audit|audit_command,RS2,Audit: Command: /usr/bin/dash.,ruido_conocido,baseline,,,,rule_id=80792
ATA027,1,2026-09-29T03:58:40.037Z,victima-linux,80791,3,audit|audit_watch_delete|audit_watch_write,RS2,Audit: Deleted: /dev/disk/by-diskseq/13.,ruido_conocido,baseline,,,,rule_id=80791
ATA027,1,2026-09-29T03:58:40.041Z,victima-linux,80782,3,audit|audit_watch_write,RS2,Audit: Watch - Write access: /.,ruido_conocido,baseline,,,,rule_id=80782
ATA027,1,2026-09-29T03:58:40.041Z,victima-linux,80791,3,audit|audit_watch_delete|audit_watch_write,RS2,Audit: Deleted: /dev/disk/by-loop-inode/.,ruido_conocido,baseline,,,,rule_id=80791
ATA027,1,2026-09-29T03:58:40.044Z,victima-linux,80782,3,audit|audit_watch_write,RS2,Audit: Watch - Write access: /.,ruido_conocido,baseline,,,,rule_id=80782
ATA027,1,2026-09-29T03:58:40.046Z,victima-linux,80791,3,audit|audit_watch_delete|audit_watch_write,RS2,Audit: Deleted: /dev/disk/by-loop-ref/.,ruido_conocido,baseline,,,,rule_id=80791
ATA027,1,2026-09-29T03:58:40.049Z,victima-linux,80782,3,audit|audit_watch_write,RS2,Audit: Watch - Write access: /.,ruido_conocido,baseline,,,,rule_id=80782
ATA027,1,2026-09-29T03:58:40.051Z,victima-linux,80791,3,audit|audit_watch_delete|audit_watch_write,RS2,Audit: Deleted: /dev/disk/by-uuid/.,ruido_conocido,baseline,,,,rule_id=80791
ATA027,1,2026-09-29T03:58:40.053Z,victima-linux,80782,3,audit|audit_watch_write,RS2,Audit: Watch - Write access: /.,ruido_conocido,baseline,,,,rule_id=80782
ATA027,1,2026-09-29T03:58:40.056Z,victima-linux,80791,3,audit|audit_watch_delete|audit_watch_write,RS2,Audit: Deleted: /dev/disk/by-diskseq/.,ruido_conocido,baseline,,,,rule_id=80791
ATA027,1,2026-09-29T03:58:40.058Z,victima-linux,80791,3,audit|audit_watch_delete|audit_watch_write,RS2,Audit: Deleted: /dev/block/.,ruido_conocido,baseline,,,,rule_id=80791
ATA027,1,2026-09-29T03:58:40.061Z,victima-linux,80791,3,audit|audit_watch_delete|audit_watch_write,RS2,Audit: Deleted: /run/udev/data/.,ruido_conocido,baseline,,,,rule_id=80791
ATA027,1,2026-09-29T03:58:40.068Z,victima-linux,80791,3,audit|audit_watch_delete|audit_watch_write,RS2,Audit: Deleted: 35.,ruido_conocido,baseline,,,,rule_id=80791
ATA027,1,2026-09-29T03:58:40.068Z,victima-linux,80791,3,audit|audit_watch_delete|audit_watch_write,RS2,Audit: Deleted: b7:0.,ruido_conocido,baseline,,,,rule_id=80791
ATA027,1,2026-09-29T03:58:40.068Z,victima-linux,80792,3,audit|audit_command,RS2,Audit: Command: /usr/bin/dash.,ruido_conocido,baseline,,,,rule_id=80792
ATA027,1,2026-09-29T03:58:40.072Z,victima-linux,80791,3,audit|audit_watch_delete|audit_watch_write,RS2,Audit: Deleted: /dev/block/.,ruido_conocido,baseline,,,,rule_id=80791
ATA027,1,2026-09-29T03:58:40.073Z,victima-linux,80791,3,audit|audit_watch_delete|audit_watch_write,RS2,Audit: Deleted: /run/udev/data/.,ruido_conocido,baseline,,,,rule_id=80791
ATA027,1,2026-09-29T03:58:40.088Z,victima-linux,80792,3,audit|audit_command,RS2,Audit: Command: /usr/bin/mount.,deteccion,senal:T1561.002-S5,T1561.002|Process Creation,,,audit_exe=/usr/bin/mount
ATA027,1,2026-09-29T03:58:40.096Z,victima-linux,80792,3,audit|audit_command,RS2,Audit: Command: /usr/bin/tee.,artefacto_ataque,del_ataque,,,,audit_cwd=/home/angel/lab-attack/ATA027
ATA027,1,2026-09-29T03:58:40.098Z,victima-linux,80792,3,audit|audit_command,RS2,Audit: Command: /usr/bin/ls.,artefacto_ataque,del_ataque,,,,audit_cwd=/home/angel/lab-attack/ATA027
ATA027,1,2026-09-29T03:58:40.100Z,victima-linux,80792,3,audit|audit_command,RS2,Audit: Command: /usr/bin/sed.,artefacto_ataque,del_ataque,,,,audit_cwd=/home/angel/lab-attack/ATA027
ATA027,1,2026-09-29T03:58:40.103Z,victima-linux,80792,3,audit|audit_command,RS2,Audit: Command: /usr/bin/sudo.,artefacto_ataque,del_ataque,,,,audit_cwd=/home/angel/lab-attack/ATA027
ATA027,1,2026-09-29T03:58:40.115Z,victima-linux,80792,3,audit|audit_command,RS2,Audit: Command: /usr/bin/umount.,deteccion,senal:T1561.002-S6,T1561.002|Process Creation,,,audit_exe=/usr/bin/umount
ATA027,1,2026-09-29T03:58:40.122Z,victima-linux,80792,3,audit|audit_command,RS2,Audit: Command: /usr/bin/sudo.,artefacto_ataque,del_ataque,,,,audit_cwd=/home/angel/lab-attack/ATA027
ATA027,1,2026-09-29T03:58:40.134Z,victima-linux,80792,3,audit|audit_command,RS2,Audit: Command: /usr/sbin/losetup.,deteccion,senal:T1561.002-S7,T1561.002|Process Creation,,,audit_exe=/usr/sbin/losetup
ATA027,1,2026-09-29T03:58:40.137Z,victima-linux,80791,3,audit|audit_watch_delete|audit_watch_write,RS2,Audit: Deleted: 36.,ruido_conocido,baseline,,,,rule_id=80791
ATA027,1,2026-09-29T03:58:40.139Z,victima-linux,80791,3,audit|audit_watch_delete|audit_watch_write,RS2,Audit: Deleted: b7:0.,ruido_conocido,baseline,,,,rule_id=80791
ATA027,1,2026-09-29T03:58:40.149Z,victima-linux,80792,3,audit|audit_command,RS2,Audit: Command: /usr/lib/udev/probe-bcache.,ruido_conocido,baseline,,,,rule_id=80792
ATA027,1,2026-09-29T03:58:40.150Z,victima-linux,80792,3,audit|audit_command,RS2,Audit: Command: /usr/sbin/wipefs.,deteccion,senal:T1561.002-S4,T1561.002|Process Creation,,,audit_exe=/usr/sbin/wipefs
ATA027,1,2026-09-29T03:58:40.151Z,victima-linux,80792,3,audit|audit_command,RS2,Audit: Command: /usr/bin/dash.,ruido_conocido,baseline,,,,rule_id=80792
ATA027,1,2026-09-29T03:58:40.154Z,victima-linux,80792,3,audit|audit_command,RS2,Audit: Command: /usr/bin/dd.,deteccion,senal:T1561.002-S1,T1561.002|Process Creation,,,audit_exe=/usr/bin/dd
ATA027,1,2026-09-29T03:58:40.156Z,victima-linux,80791,3,audit|audit_watch_delete|audit_watch_write,RS2,Audit: Deleted: b7:0.,ruido_conocido,baseline,,,,rule_id=80791
ATA027,1,2026-09-29T03:58:40.159Z,victima-linux,80791,3,audit|audit_watch_delete|audit_watch_write,RS2,Audit: Deleted: /dev/disk/by-loop-inode/252:0-264040.,ruido_conocido,baseline,,,,rule_id=80791
ATA027,1,2026-09-29T03:58:40.161Z,victima-linux,80791,3,audit|audit_watch_delete|audit_watch_write,RS2,Audit: Deleted: b7:0.,ruido_conocido,baseline,,,,rule_id=80791
ATA027,1,2026-09-29T03:58:40.164Z,victima-linux,80791,3,audit|audit_watch_delete|audit_watch_write,RS2,Audit: Deleted: /dev/disk/by-loop-ref/\x2fhome\x2fangel\x2flab-attack\x2fATA027\x2fdisk.img.,ruido_conocido,baseline,,,,rule_id=80791
ATA027,1,2026-09-29T03:58:40.166Z,victima-linux,80791,3,audit|audit_watch_delete|audit_watch_write,RS2,Audit: Deleted: b7:0.,ruido_conocido,baseline,,,,rule_id=80791
ATA027,1,2026-09-29T03:58:40.169Z,victima-linux,80791,3,audit|audit_watch_delete|audit_watch_write,RS2,Audit: Deleted: /dev/disk/by-uuid/fda48236-9963-40ed-a6e8-ddd50e47baae.,ruido_conocido,baseline,,,,rule_id=80791
ATA027,1,2026-09-29T03:58:40.171Z,victima-linux,80791,3,audit|audit_watch_delete|audit_watch_write,RS2,Audit: Deleted: /dev/block/.,ruido_conocido,baseline,,,,rule_id=80791
ATA027,1,2026-09-29T03:58:40.174Z,victima-linux,80791,3,audit|audit_watch_delete|audit_watch_write,RS2,Audit: Deleted: /run/udev/data/.,ruido_conocido,baseline,,,,rule_id=80791
ATA027,1,2026-09-29T03:58:40.176Z,victima-linux,80791,3,audit|audit_watch_delete|audit_watch_write,RS2,Audit: Deleted: 37.,ruido_conocido,baseline,,,,rule_id=80791
ATA027,1,2026-09-29T03:58:40.178Z,victima-linux,80791,3,audit|audit_watch_delete|audit_watch_write,RS2,Audit: Deleted: b7:0.,ruido_conocido,baseline,,,,rule_id=80791
ATA027,1,2026-09-29T03:58:40.188Z,victima-linux,80791,3,audit|audit_watch_delete|audit_watch_write,RS2,Audit: Deleted: /dev/block/.,ruido_conocido,baseline,,,,rule_id=80791
ATA027,1,2026-09-29T03:58:40.188Z,victima-linux,80791,3,audit|audit_watch_delete|audit_watch_write,RS2,Audit: Deleted: /run/udev/data/.,ruido_conocido,baseline,,,,rule_id=80791
ATA027,1,2026-09-29T03:58:40.188Z,victima-linux,80792,3,audit|audit_command,RS2,Audit: Command: /usr/bin/dash.,ruido_conocido,baseline,,,,rule_id=80792
ATA027,1,2026-09-29T03:58:40.188Z,victima-linux,80792,3,audit|audit_command,RS2,Audit: Command: /usr/lib/udev/probe-bcache.,ruido_conocido,baseline,,,,rule_id=80792
ATA027,1,2026-09-29T03:58:40.191Z,victima-linux,80792,3,audit|audit_command,RS2,Audit: Command: /usr/bin/sha256sum.,artefacto_ataque,del_ataque,,,,audit_cwd=/home/angel/lab-attack/ATA027
ATA027,1,2026-09-29T03:58:40.193Z,victima-linux,80792,3,audit|audit_command,RS2,Audit: Command: /usr/bin/gawk.,artefacto_ataque,del_ataque,,,,audit_cwd=/home/angel/lab-attack/ATA027
ATA027,1,2026-09-29T03:58:40.196Z,victima-linux,80792,3,audit|audit_command,RS2,Audit: Command: /usr/bin/tee.,ruido_conocido,baseline,,,,rule_id=80792
ATA027,1,2026-09-29T03:58:40.198Z,victima-linux,80792,3,audit|audit_command,RS2,Audit: Command: /usr/bin/file.,artefacto_ataque,del_ataque,,,,audit_cwd=/home/angel/lab-attack/ATA027
ATA027,1,2026-09-29T03:58:40.203Z,victima-linux,80792,3,audit|audit_command,RS2,Audit: Command: /usr/sbin/blkid.,artefacto_ataque,del_ataque,,,,audit_cwd=/home/angel/lab-attack/ATA027
ATA027,1,2026-09-29T03:58:40.206Z,victima-linux,80792,3,audit|audit_command,RS2,Audit: Command: /usr/bin/tee.,artefacto_ataque,del_ataque,,,,audit_cwd=/home/angel/lab-attack/ATA027
ATA027,1,2026-09-29T03:58:40.208Z,victima-linux,80792,3,audit|audit_command,RS2,Audit: Command: /usr/bin/sudo.,artefacto_ataque,del_ataque,,,,audit_cwd=/home/angel/lab-attack/ATA027
ATA027,1,2026-09-29T03:58:40.223Z,victima-linux,80792,3,audit|audit_command,RS2,Audit: Command: /usr/sbin/losetup.,deteccion,senal:T1561.002-S7,T1561.002|Process Creation,,,audit_exe=/usr/sbin/losetup
ATA027,1,2026-09-29T03:58:40.231Z,victima-linux,80791,3,audit|audit_watch_delete|audit_watch_write,RS2,Audit: Deleted: 38.,ruido_conocido,baseline,,,,rule_id=80791
ATA027,1,2026-09-29T03:58:40.233Z,victima-linux,80791,3,audit|audit_watch_delete|audit_watch_write,RS2,Audit: Deleted: b7:0.,ruido_conocido,baseline,,,,rule_id=80791
ATA027,1,2026-09-29T03:58:40.240Z,victima-linux,80792,3,audit|audit_command,RS2,Audit: Command: /usr/bin/sudo.,artefacto_ataque,del_ataque,,,,audit_cwd=/home/angel/lab-attack/ATA027
ATA027,1,2026-09-29T03:58:40.240Z,victima-linux,80792,3,audit|audit_command,RS2,Audit: Command: /usr/lib/udev/probe-bcache.,ruido_conocido,baseline,,,,rule_id=80792
ATA027,1,2026-09-29T03:58:40.241Z,victima-linux,80792,3,audit|audit_command,RS2,Audit: Command: /usr/bin/dash.,ruido_conocido,baseline,,,,rule_id=80792
ATA027,1,2026-09-29T03:58:40.247Z,victima-linux,80791,3,audit|audit_watch_delete|audit_watch_write,RS2,Audit: Deleted: b7:0.,ruido_conocido,baseline,,,,rule_id=80791
ATA027,1,2026-09-29T03:58:40.250Z,victima-linux,80791,3,audit|audit_watch_delete|audit_watch_write,RS2,Audit: Deleted: /dev/disk/by-diskseq/15.,ruido_conocido,baseline,,,,rule_id=80791
ATA027,1,2026-09-29T03:58:40.252Z,victima-linux,80782,3,audit|audit_watch_write,RS2,Audit: Watch - Write access: /.,ruido_conocido,baseline,,,,rule_id=80782
ATA027,1,2026-09-29T03:58:40.255Z,victima-linux,80791,3,audit|audit_watch_delete|audit_watch_write,RS2,Audit: Deleted: /dev/disk/by-loop-inode/.,ruido_conocido,baseline,,,,rule_id=80791
ATA027,1,2026-09-29T03:58:40.258Z,victima-linux,80782,3,audit|audit_watch_write,RS2,Audit: Watch - Write access: /.,ruido_conocido,baseline,,,,rule_id=80782
ATA027,1,2026-09-29T03:58:40.260Z,victima-linux,80791,3,audit|audit_watch_delete|audit_watch_write,RS2,Audit: Deleted: /dev/disk/by-loop-ref/.,ruido_conocido,baseline,,,,rule_id=80791
ATA027,1,2026-09-29T03:58:40.262Z,victima-linux,80782,3,audit|audit_watch_write,RS2,Audit: Watch - Write access: /.,ruido_conocido,baseline,,,,rule_id=80782
ATA027,1,2026-09-29T03:58:40.266Z,victima-linux,80791,3,audit|audit_watch_delete|audit_watch_write,RS2,Audit: Deleted: /dev/disk/by-diskseq/.,ruido_conocido,baseline,,,,rule_id=80791
ATA027,1,2026-09-29T03:58:40.267Z,victima-linux,80791,3,audit|audit_watch_delete|audit_watch_write,RS2,Audit: Deleted: /dev/block/.,ruido_conocido,baseline,,,,rule_id=80791
ATA027,1,2026-09-29T03:58:40.270Z,victima-linux,80791,3,audit|audit_watch_delete|audit_watch_write,RS2,Audit: Deleted: /run/udev/data/.,ruido_conocido,baseline,,,,rule_id=80791
ATA027,1,2026-09-29T03:58:40.280Z,victima-linux,80791,3,audit|audit_watch_delete|audit_watch_write,RS2,Audit: Deleted: 39.,ruido_conocido,baseline,,,,rule_id=80791
ATA027,1,2026-09-29T03:58:40.281Z,victima-linux,80791,3,audit|audit_watch_delete|audit_watch_write,RS2,Audit: Deleted: b7:0.,ruido_conocido,baseline,,,,rule_id=80791
ATA027,1,2026-09-29T03:58:40.282Z,victima-linux,80792,3,audit|audit_command,RS2,Audit: Command: /usr/bin/mount.,deteccion,senal:T1561.002-S5,T1561.002|Process Creation,,,audit_exe=/usr/bin/mount
ATA027,1,2026-09-29T03:58:40.285Z,victima-linux,80792,3,audit|audit_command,RS2,Audit: Command: /usr/lib/udev/probe-bcache.,ruido_conocido,baseline,,,,rule_id=80792
ATA027,1,2026-09-29T03:58:40.290Z,victima-linux,80792,3,audit|audit_command,RS2,Audit: Command: /usr/bin/dash.,ruido_conocido,baseline,,,,rule_id=80792
ATA027,1,2026-09-29T03:58:40.295Z,victima-linux,80792,3,audit|audit_command,RS2,Audit: Command: /usr/bin/tee.,artefacto_ataque,del_ataque,,,,audit_cwd=/home/angel/lab-attack/ATA027
ATA027,1,2026-09-29T03:58:40.297Z,victima-linux,80791,3,audit|audit_watch_delete|audit_watch_write,RS2,Audit: Deleted: /dev/block/.,ruido_conocido,baseline,,,,rule_id=80791
ATA027,1,2026-09-29T03:58:40.299Z,victima-linux,80791,3,audit|audit_watch_delete|audit_watch_write,RS2,Audit: Deleted: /run/udev/data/.,ruido_conocido,baseline,,,,rule_id=80791
ATA027,1,2026-09-29T03:58:40.303Z,victima-linux,80792,3,audit|audit_command,RS2,Audit: Command: /usr/bin/sudo.,artefacto_ataque,del_ataque,,,,audit_cwd=/home/angel/lab-attack/ATA027
ATA027,1,2026-09-29T03:58:40.314Z,victima-linux,80792,3,audit|audit_command,RS2,Audit: Command: /usr/sbin/losetup.,deteccion,senal:T1561.002-S7,T1561.002|Process Creation,,,audit_exe=/usr/sbin/losetup
ATA027,1,2026-09-29T03:58:40.317Z,victima-linux,80780,3,audit|audit_watch_write,RS2,Audit: Watch - Write access.,ruido_conocido,baseline,,,,rule_id=80780
ATA027,1,2026-09-29T03:58:40.324Z,victima-linux,80791,3,audit|audit_watch_delete|audit_watch_write,RS2,Audit: Deleted: b7:0.,ruido_conocido,baseline,,,,rule_id=80791
ATA027,1,2026-09-29T03:58:40.329Z,victima-linux,80792,3,audit|audit_command,RS2,Audit: Command: /usr/lib/udev/probe-bcache.,ruido_conocido,baseline,,,,rule_id=80792
ATA027,1,2026-09-29T03:58:40.332Z,victima-linux,80792,3,audit|audit_command,RS2,Audit: Command: /usr/sbin/losetup.,deteccion,senal:T1561.002-S7,T1561.002|Process Creation,,,audit_exe=/usr/sbin/losetup
ATA027,1,2026-09-29T03:58:40.334Z,victima-linux,80792,3,audit|audit_command,RS2,Audit: Command: /usr/bin/dash.,ruido_conocido,baseline,,,,rule_id=80792
ATA027,1,2026-09-29T03:58:40.337Z,victima-linux,80792,3,audit|audit_command,RS2,Audit: Command: /usr/bin/grep.,artefacto_ataque,del_ataque,,,,audit_cwd=/home/angel/lab-attack/ATA027
ATA027,1,2026-09-29T03:58:40.347Z,victima-linux,80791,3,audit|audit_watch_delete|audit_watch_write,RS2,Audit: Deleted: /dev/disk/by-loop-inode/252:0-264040.,ruido_conocido,baseline,,,,rule_id=80791
ATA027,1,2026-09-29T03:58:40.347Z,victima-linux,80791,3,audit|audit_watch_delete|audit_watch_write,RS2,Audit: Deleted: b7:0.,ruido_conocido,baseline,,,,rule_id=80791
ATA027,1,2026-09-29T03:58:40.347Z,victima-linux,80791,3,audit|audit_watch_delete|audit_watch_write,RS2,Audit: Deleted: b7:0.,ruido_conocido,baseline,,,,rule_id=80791
ATA027,1,2026-09-29T03:58:40.349Z,victima-linux,80791,3,audit|audit_watch_delete|audit_watch_write,RS2,Audit: Deleted: /dev/disk/by-loop-ref/\x2fhome\x2fangel\x2flab-attack\x2fATA027\x2fdisk.img.,ruido_conocido,baseline,,,,rule_id=80791
ATA027,1,2026-09-29T03:58:40.351Z,victima-linux,80791,3,audit|audit_watch_delete|audit_watch_write,RS2,Audit: Deleted: /dev/block/.,ruido_conocido,baseline,,,,rule_id=80791
ATA027,1,2026-09-29T03:58:40.359Z,victima-linux,80791,3,audit|audit_watch_delete|audit_watch_write,RS2,Audit: Deleted: /run/udev/data/.,ruido_conocido,baseline,,,,rule_id=80791
ATA027,1,2026-09-29T03:58:40.359Z,victima-linux,80791,3,audit|audit_watch_delete|audit_watch_write,RS2,Audit: Deleted: 41.,ruido_conocido,baseline,,,,rule_id=80791
ATA027,1,2026-09-29T03:58:40.359Z,victima-linux,80792,3,audit|audit_command,RS2,Audit: Command: /usr/sbin/losetup.,artefacto_ataque,del_ataque,T1561.002|Process Creation,resuelta,artefacto,audit_cwd=;revisor=executor ampliacion tanda C;fecha=2026-09-29;nota=es el ataque pero no es la deteccion declarada
ATA027,1,2026-09-29T03:58:40.361Z,victima-linux,80791,3,audit|audit_watch_delete|audit_watch_write,RS2,Audit: Deleted: b7:0.,ruido_conocido,baseline,,,,rule_id=80791
ATA027,1,2026-09-29T03:58:40.364Z,victima-linux,80792,3,audit|audit_command,RS2,Audit: Command: /usr/bin/grep.,artefacto_ataque,del_ataque,,,,audit_cwd=/home/angel/lab-attack/ATA027
ATA027,1,2026-09-29T03:58:40.370Z,victima-linux,80792,3,audit|audit_command,RS2,Audit: Command: /usr/lib/udev/probe-bcache.,ruido_conocido,baseline,,,,rule_id=80792
ATA027,1,2026-09-29T03:58:40.381Z,victima-linux,80792,3,audit|audit_command,RS2,Audit: Command: /usr/bin/dash.,ruido_conocido,baseline,,,,rule_id=80792
ATA027,1,2026-09-29T03:58:40.384Z,victima-linux,80792,3,audit|audit_command,RS2,Audit: Command: /usr/sbin/blkid.,artefacto_ataque,del_ataque,,,,audit_cwd=/home/angel/lab-attack/ATA027
ATA027,1,2026-09-29T03:58:40.386Z,victima-linux,80791,3,audit|audit_watch_delete|audit_watch_write,RS2,Audit: Deleted: /dev/block/.,ruido_conocido,baseline,,,,rule_id=80791
ATA027,1,2026-09-29T03:58:40.389Z,victima-linux,80791,3,audit|audit_watch_delete|audit_watch_write,RS2,Audit: Deleted: /run/udev/data/.,ruido_conocido,baseline,,,,rule_id=80791
ATA027,1,2026-09-29T03:58:40.404Z,victima-linux,5402,3,syslog|sudo,RS1,Successful sudo to ROOT executed.,artefacto_ataque,del_ataque,,resuelta,artefacto,revisor=executor ampliacion tanda C;fecha=2026-09-29;nota=sesion/sudo DEL ATAQUE (dstuser=root): es el ataque pero no es la deteccion declarada
ATA027,1,2026-09-29T03:58:40.404Z,victima-linux,5501,3,pam|syslog|authentication_success,RS1,PAM: Login session opened.,ruido_conocido,sin_campos,,resuelta,ruido,revisor=executor ampliacion tanda C;fecha=2026-09-29;nota=fila ajena al ataque (churn del operador / PAM de nuestro login); criterio ratificado 2026-09-28
ATA027,1,2026-09-29T03:58:40.404Z,victima-linux,5715,3,syslog|sshd|authentication_success,RS1,sshd: authentication success.,ruido_conocido,operador:5715,,,,srcip=192.168.65.1
ATA027,1,2026-09-29T03:58:40.404Z,victima-linux,80792,3,audit|audit_command,RS2,Audit: Command: /usr/bin/sleep.,artefacto_ataque,del_ataque,,,,audit_cwd=/home/angel/lab-attack/ATA027
ATA027,1,2026-09-29T03:58:40.406Z,victima-linux,5501,3,pam|syslog|authentication_success,RS1,PAM: Login session opened.,artefacto_ataque,del_ataque,,resuelta,artefacto,revisor=executor ampliacion tanda C;fecha=2026-09-29;nota=sesion/sudo DEL ATAQUE (dstuser=root): es el ataque pero no es la deteccion declarada
ATA027,1,2026-09-29T03:58:40.411Z,victima-linux,5502,3,pam|syslog,RS1,PAM: Login session closed.,artefacto_ataque,del_ataque,,resuelta,artefacto,revisor=executor ampliacion tanda C;fecha=2026-09-29;nota=sesion/sudo DEL ATAQUE (dstuser=root): es el ataque pero no es la deteccion declarada
ATA027,1,2026-09-29T03:58:40.414Z,victima-linux,5402,3,syslog|sudo,RS1,Successful sudo to ROOT executed.,artefacto_ataque,del_ataque,,resuelta,artefacto,revisor=executor ampliacion tanda C;fecha=2026-09-29;nota=sesion/sudo DEL ATAQUE (dstuser=root): es el ataque pero no es la deteccion declarada
ATA027,1,2026-09-29T03:58:40.417Z,victima-linux,5501,3,pam|syslog|authentication_success,RS1,PAM: Login session opened.,artefacto_ataque,del_ataque,,resuelta,artefacto,revisor=executor ampliacion tanda C;fecha=2026-09-29;nota=sesion/sudo DEL ATAQUE (dstuser=root): es el ataque pero no es la deteccion declarada
ATA027,1,2026-09-29T03:58:40.420Z,victima-linux,5502,3,pam|syslog,RS1,PAM: Login session closed.,artefacto_ataque,del_ataque,,resuelta,artefacto,revisor=executor ampliacion tanda C;fecha=2026-09-29;nota=sesion/sudo DEL ATAQUE (dstuser=root): es el ataque pero no es la deteccion declarada
ATA027,1,2026-09-29T03:58:40.423Z,victima-linux,5402,3,syslog|sudo,RS1,Successful sudo to ROOT executed.,artefacto_ataque,del_ataque,,resuelta,artefacto,revisor=executor ampliacion tanda C;fecha=2026-09-29;nota=sesion/sudo DEL ATAQUE (dstuser=root): es el ataque pero no es la deteccion declarada
ATA027,1,2026-09-29T03:58:40.425Z,victima-linux,5501,3,pam|syslog|authentication_success,RS1,PAM: Login session opened.,artefacto_ataque,del_ataque,,resuelta,artefacto,revisor=executor ampliacion tanda C;fecha=2026-09-29;nota=sesion/sudo DEL ATAQUE (dstuser=root): es el ataque pero no es la deteccion declarada
ATA027,1,2026-09-29T03:58:40.433Z,victima-linux,5502,3,pam|syslog,RS1,PAM: Login session closed.,artefacto_ataque,del_ataque,,resuelta,artefacto,revisor=executor ampliacion tanda C;fecha=2026-09-29;nota=sesion/sudo DEL ATAQUE (dstuser=root): es el ataque pero no es la deteccion declarada
ATA027,1,2026-09-29T03:58:40.435Z,victima-linux,5402,3,syslog|sudo,RS1,Successful sudo to ROOT executed.,artefacto_ataque,del_ataque,,resuelta,artefacto,revisor=executor ampliacion tanda C;fecha=2026-09-29;nota=sesion/sudo DEL ATAQUE (dstuser=root): es el ataque pero no es la deteccion declarada
ATA027,1,2026-09-29T03:58:40.437Z,victima-linux,5501,3,pam|syslog|authentication_success,RS1,PAM: Login session opened.,artefacto_ataque,del_ataque,,resuelta,artefacto,revisor=executor ampliacion tanda C;fecha=2026-09-29;nota=sesion/sudo DEL ATAQUE (dstuser=root): es el ataque pero no es la deteccion declarada
ATA027,1,2026-09-29T03:58:40.440Z,victima-linux,5502,3,pam|syslog,RS1,PAM: Login session closed.,artefacto_ataque,del_ataque,,resuelta,artefacto,revisor=executor ampliacion tanda C;fecha=2026-09-29;nota=sesion/sudo DEL ATAQUE (dstuser=root): es el ataque pero no es la deteccion declarada
ATA027,1,2026-09-29T03:58:40.445Z,victima-linux,5402,3,syslog|sudo,RS1,Successful sudo to ROOT executed.,artefacto_ataque,del_ataque,,resuelta,artefacto,revisor=executor ampliacion tanda C;fecha=2026-09-29;nota=sesion/sudo DEL ATAQUE (dstuser=root): es el ataque pero no es la deteccion declarada
ATA027,1,2026-09-29T03:58:40.447Z,victima-linux,5501,3,pam|syslog|authentication_success,RS1,PAM: Login session opened.,artefacto_ataque,del_ataque,,resuelta,artefacto,revisor=executor ampliacion tanda C;fecha=2026-09-29;nota=sesion/sudo DEL ATAQUE (dstuser=root): es el ataque pero no es la deteccion declarada
ATA027,1,2026-09-29T03:58:40.452Z,victima-linux,5502,3,pam|syslog,RS1,PAM: Login session closed.,artefacto_ataque,del_ataque,,resuelta,artefacto,revisor=executor ampliacion tanda C;fecha=2026-09-29;nota=sesion/sudo DEL ATAQUE (dstuser=root): es el ataque pero no es la deteccion declarada
ATA027,1,2026-09-29T03:58:40.455Z,victima-linux,5402,3,syslog|sudo,RS1,Successful sudo to ROOT executed.,artefacto_ataque,del_ataque,,resuelta,artefacto,revisor=executor ampliacion tanda C;fecha=2026-09-29;nota=sesion/sudo DEL ATAQUE (dstuser=root): es el ataque pero no es la deteccion declarada
ATA027,1,2026-09-29T03:58:40.457Z,victima-linux,5501,3,pam|syslog|authentication_success,RS1,PAM: Login session opened.,artefacto_ataque,del_ataque,,resuelta,artefacto,revisor=executor ampliacion tanda C;fecha=2026-09-29;nota=sesion/sudo DEL ATAQUE (dstuser=root): es el ataque pero no es la deteccion declarada
ATA027,1,2026-09-29T03:58:40.459Z,victima-linux,5502,3,pam|syslog,RS1,PAM: Login session closed.,artefacto_ataque,del_ataque,,resuelta,artefacto,revisor=executor ampliacion tanda C;fecha=2026-09-29;nota=sesion/sudo DEL ATAQUE (dstuser=root): es el ataque pero no es la deteccion declarada
ATA027,1,2026-09-29T03:58:40.462Z,victima-linux,5402,3,syslog|sudo,RS1,Successful sudo to ROOT executed.,artefacto_ataque,del_ataque,,resuelta,artefacto,revisor=executor ampliacion tanda C;fecha=2026-09-29;nota=sesion/sudo DEL ATAQUE (dstuser=root): es el ataque pero no es la deteccion declarada
ATA027,1,2026-09-29T03:58:40.464Z,victima-linux,5501,3,pam|syslog|authentication_success,RS1,PAM: Login session opened.,artefacto_ataque,del_ataque,,resuelta,artefacto,revisor=executor ampliacion tanda C;fecha=2026-09-29;nota=sesion/sudo DEL ATAQUE (dstuser=root): es el ataque pero no es la deteccion declarada
ATA027,1,2026-09-29T03:58:40.468Z,victima-linux,5502,3,pam|syslog,RS1,PAM: Login session closed.,artefacto_ataque,del_ataque,,resuelta,artefacto,revisor=executor ampliacion tanda C;fecha=2026-09-29;nota=sesion/sudo DEL ATAQUE (dstuser=root): es el ataque pero no es la deteccion declarada
ATA027,1,2026-09-29T03:58:41.794Z,victima-linux,80792,3,audit|audit_command,RS2,Audit: Command: /usr/bin/date.,artefacto_ataque,del_ataque,,,,audit_cwd=/home/angel/lab-attack/ATA027
ATA027,1,2026-09-29T03:58:41.794Z,victima-linux,80792,3,audit|audit_command,RS2,Audit: Command: /usr/bin/date.,artefacto_ataque,del_ataque,,,,audit_cwd=/home/angel/lab-attack/ATA027
ATA027,1,2026-09-29T03:58:41.801Z,victima-linux,80791,3,audit|audit_watch_delete|audit_watch_write,RS2,Audit: Deleted: /run/systemd/sessions/7.ref.,ruido_conocido,baseline,,,,rule_id=80791
ATA027,1,2026-09-29T03:58:41.803Z,victima-linux,80791,3,audit|audit_watch_delete|audit_watch_write,RS2,Audit: Deleted: /run/systemd/sessions/.,ruido_conocido,baseline,,,,rule_id=80791
ATA027,1,2026-09-29T03:58:41.806Z,victima-linux,80791,3,audit|audit_watch_delete|audit_watch_write,RS2,Audit: Deleted: /run/systemd/users/.,ruido_conocido,baseline,,,,rule_id=80791
ATA027,1,2026-09-29T03:58:41.809Z,victima-linux,80791,3,audit|audit_watch_delete|audit_watch_write,RS2,Audit: Deleted: /run/systemd/sessions/7.,ruido_conocido,baseline,,,,rule_id=80791
ATA027,1,2026-09-29T03:58:41.811Z,victima-linux,80791,3,audit|audit_watch_delete|audit_watch_write,RS2,Audit: Deleted: /run/systemd/users/.,ruido_conocido,baseline,,,,rule_id=80791
ATA027,1,2026-09-29T03:58:41.846Z,victima-linux,5502,3,pam|syslog,RS1,PAM: Login session closed.,ruido_conocido,sin_campos,,resuelta,ruido,revisor=executor ampliacion tanda C;fecha=2026-09-29;nota=fila ajena al ataque (churn del operador / PAM de nuestro login); criterio ratificado 2026-09-28
ATA027,1,2026-09-29T03:58:43.790Z,victima-linux,80792,3,audit|audit_command,RS2,Audit: Command: /usr/bin/dash.,auto_ruido,auto_ruido:dash,,,,audit_cwd=/var/ossec
ATA027,1,2026-09-29T03:58:43.790Z,victima-linux,80792,3,audit|audit_command,RS2,Audit: Command: /usr/bin/ps.,auto_ruido,auto_ruido:ps,,,,audit_cwd=/var/ossec
ATA027,1,2026-09-29T03:58:43.793Z,victima-linux,80792,3,audit|audit_command,RS2,Audit: Command: /usr/bin/dash.,auto_ruido,auto_ruido:dash,,,,audit_cwd=/var/ossec
ATA027,1,2026-09-29T03:58:43.795Z,victima-linux,80792,3,audit|audit_command,RS2,Audit: Command: /usr/bin/ps.,auto_ruido,auto_ruido:ps,,,,audit_cwd=/var/ossec
ATA027,1,2026-09-29T03:58:43.797Z,victima-linux,80792,3,audit|audit_command,RS2,Audit: Command: /usr/bin/dash.,auto_ruido,auto_ruido:dash,,,,audit_cwd=/var/ossec
ATA027,1,2026-09-29T03:58:43.800Z,victima-linux,80792,3,audit|audit_command,RS2,Audit: Command: /usr/bin/ps.,auto_ruido,auto_ruido:ps,,,,audit_cwd=/var/ossec
ATA027,1,2026-09-29T03:58:43.802Z,victima-linux,80791,3,audit|audit_watch_delete|audit_watch_write,RS2,Audit: Deleted: var/run/.,auto_ruido,auto_ruido:wazuh-agentd,,,,audit_exe=/var/ossec/bin/wazuh-agentd
ATA027,1,2026-09-29T03:58:43.804Z,victima-linux,80792,3,audit|audit_command,RS2,Audit: Command: /usr/bin/dash.,auto_ruido,auto_ruido:dash,,,,audit_cwd=/var/ossec
ATA027,1,2026-09-29T03:58:43.806Z,victima-linux,80792,3,audit|audit_command,RS2,Audit: Command: /usr/bin/ps.,auto_ruido,auto_ruido:ps,,,,audit_cwd=/var/ossec
ATA027,1,2026-09-29T03:58:43.808Z,victima-linux,80792,3,audit|audit_command,RS2,Audit: Command: /usr/bin/dash.,auto_ruido,auto_ruido:dash,,,,audit_cwd=/var/ossec
ATA027,1,2026-09-29T03:58:43.811Z,victima-linux,80792,3,audit|audit_command,RS2,Audit: Command: /usr/bin/ps.,auto_ruido,auto_ruido:ps,,,,audit_cwd=/var/ossec
ATA027,1,2026-09-29T03:58:43.813Z,victima-linux,80792,3,audit|audit_command,RS2,Audit: Command: /usr/bin/dash.,auto_ruido,auto_ruido:dash,,,,audit_cwd=/var/ossec
ATA027,1,2026-09-29T03:58:43.815Z,victima-linux,80792,3,audit|audit_command,RS2,Audit: Command: /usr/bin/ps.,auto_ruido,auto_ruido:ps,,,,audit_cwd=/var/ossec
ATA027,1,2026-09-29T03:58:43.818Z,victima-linux,80792,3,audit|audit_command,RS2,Audit: Command: /usr/bin/dash.,auto_ruido,auto_ruido:dash,,,,audit_cwd=/var/ossec
ATA027,1,2026-09-29T03:58:43.821Z,victima-linux,80792,3,audit|audit_command,RS2,Audit: Command: /usr/bin/ps.,auto_ruido,auto_ruido:ps,,,,audit_cwd=/var/ossec
ATA027,1,2026-09-29T03:58:43.823Z,victima-linux,80792,3,audit|audit_command,RS2,Audit: Command: /usr/bin/dash.,auto_ruido,auto_ruido:dash,,,,audit_cwd=/var/ossec
ATA027,1,2026-09-29T03:58:43.825Z,victima-linux,80792,3,audit|audit_command,RS2,Audit: Command: /usr/bin/ps.,auto_ruido,auto_ruido:ps,,,,audit_cwd=/var/ossec
ATA027,1,2026-09-29T03:58:43.828Z,victima-linux,80780,3,audit|audit_watch_write,RS2,Audit: Watch - Write access.,auto_ruido,auto_ruido:wazuh-syscheckd,,,,audit_exe=/var/ossec/bin/wazuh-syscheckd
ATA027,1,2026-09-29T03:58:43.830Z,victima-linux,80792,3,audit|audit_command,RS2,Audit: Command: /usr/bin/dash.,auto_ruido,auto_ruido:dash,,,,audit_cwd=/var/ossec
ATA027,1,2026-09-29T03:58:43.832Z,victima-linux,80792,3,audit|audit_command,RS2,Audit: Command: /usr/bin/ps.,auto_ruido,auto_ruido:ps,,,,audit_cwd=/var/ossec
ATA027,1,2026-09-29T03:58:43.835Z,victima-linux,80792,3,audit|audit_command,RS2,Audit: Command: /usr/bin/dash.,auto_ruido,auto_ruido:dash,,,,audit_cwd=/var/ossec
ATA027,1,2026-09-29T03:58:43.837Z,victima-linux,80792,3,audit|audit_command,RS2,Audit: Command: /usr/bin/ps.,auto_ruido,auto_ruido:ps,,,,audit_cwd=/var/ossec
ATA027,1,2026-09-29T03:58:43.840Z,victima-linux,80792,3,audit|audit_command,RS2,Audit: Command: /usr/bin/dash.,auto_ruido,auto_ruido:dash,,,,audit_cwd=/var/ossec
ATA027,1,2026-09-29T03:58:43.842Z,victima-linux,80792,3,audit|audit_command,RS2,Audit: Command: /usr/bin/ps.,auto_ruido,auto_ruido:ps,,,,audit_cwd=/var/ossec
ATA027,1,2026-09-29T03:58:43.844Z,victima-linux,80792,3,audit|audit_command,RS2,Audit: Command: /usr/bin/dash.,auto_ruido,auto_ruido:dash,,,,audit_cwd=/var/ossec
ATA027,1,2026-09-29T03:58:43.846Z,victima-linux,80792,3,audit|audit_command,RS2,Audit: Command: /usr/bin/ps.,auto_ruido,auto_ruido:ps,,,,audit_cwd=/var/ossec
ATA027,1,2026-09-29T03:58:43.849Z,victima-linux,80792,3,audit|audit_command,RS2,Audit: Command: /usr/bin/dash.,auto_ruido,auto_ruido:dash,,,,audit_cwd=/var/ossec
ATA027,1,2026-09-29T03:58:43.851Z,victima-linux,80792,3,audit|audit_command,RS2,Audit: Command: /usr/bin/ps.,auto_ruido,auto_ruido:ps,,,,audit_cwd=/var/ossec
ATA027,1,2026-09-29T03:58:43.853Z,victima-linux,80792,3,audit|audit_command,RS2,Audit: Command: /usr/bin/dash.,auto_ruido,auto_ruido:dash,,,,audit_cwd=/var/ossec
ATA027,1,2026-09-29T03:58:43.855Z,victima-linux,80792,3,audit|audit_command,RS2,Audit: Command: /usr/bin/ps.,auto_ruido,auto_ruido:ps,,,,audit_cwd=/var/ossec
ATA027,1,2026-09-29T03:58:43.858Z,victima-linux,80792,3,audit|audit_command,RS2,Audit: Command: /usr/bin/dash.,auto_ruido,auto_ruido:dash,,,,audit_cwd=/var/ossec
ATA027,1,2026-09-29T03:58:43.860Z,victima-linux,80792,3,audit|audit_command,RS2,Audit: Command: /usr/bin/ps.,auto_ruido,auto_ruido:ps,,,,audit_cwd=/var/ossec
ATA027,1,2026-09-29T03:58:43.862Z,victima-linux,80792,3,audit|audit_command,RS2,Audit: Command: /usr/bin/dash.,auto_ruido,auto_ruido:dash,,,,audit_cwd=/var/ossec
ATA027,1,2026-09-29T03:58:43.865Z,victima-linux,80792,3,audit|audit_command,RS2,Audit: Command: /usr/bin/ps.,auto_ruido,auto_ruido:ps,,,,audit_cwd=/var/ossec
ATA027,1,2026-09-29T03:58:43.867Z,victima-linux,80792,3,audit|audit_command,RS2,Audit: Command: /usr/bin/dash.,auto_ruido,auto_ruido:dash,,,,audit_cwd=/var/ossec
ATA027,1,2026-09-29T03:58:43.869Z,victima-linux,80792,3,audit|audit_command,RS2,Audit: Command: /usr/bin/ps.,auto_ruido,auto_ruido:ps,,,,audit_cwd=/var/ossec
ATA027,1,2026-09-29T03:58:43.871Z,victima-linux,80792,3,audit|audit_command,RS2,Audit: Command: /usr/bin/dash.,auto_ruido,auto_ruido:dash,,,,audit_cwd=/var/ossec
ATA027,1,2026-09-29T03:58:43.874Z,victima-linux,80792,3,audit|audit_command,RS2,Audit: Command: /usr/bin/ps.,auto_ruido,auto_ruido:ps,,,,audit_cwd=/var/ossec
ATA027,1,2026-09-29T03:58:43.876Z,victima-linux,80792,3,audit|audit_command,RS2,Audit: Command: /usr/bin/dash.,auto_ruido,auto_ruido:dash,,,,audit_cwd=/var/ossec
ATA027,1,2026-09-29T03:58:43.879Z,victima-linux,80792,3,audit|audit_command,RS2,Audit: Command: /usr/bin/ps.,auto_ruido,auto_ruido:ps,,,,audit_cwd=/var/ossec
ATA027,1,2026-09-29T03:58:43.881Z,victima-linux,80792,3,audit|audit_command,RS2,Audit: Command: /usr/bin/dash.,auto_ruido,auto_ruido:dash,,,,audit_cwd=/var/ossec
ATA027,1,2026-09-29T03:58:43.883Z,victima-linux,80792,3,audit|audit_command,RS2,Audit: Command: /usr/bin/ps.,auto_ruido,auto_ruido:ps,,,,audit_cwd=/var/ossec
ATA027,1,2026-09-29T03:58:43.886Z,victima-linux,80792,3,audit|audit_command,RS2,Audit: Command: /usr/bin/dash.,auto_ruido,auto_ruido:dash,,,,audit_cwd=/var/ossec
ATA027,1,2026-09-29T03:58:43.889Z,victima-linux,80792,3,audit|audit_command,RS2,Audit: Command: /usr/bin/ps.,auto_ruido,auto_ruido:ps,,,,audit_cwd=/var/ossec
ATA027,1,2026-09-29T03:58:45.789Z,victima-linux,80792,3,audit|audit_command,RS2,Audit: Command: /usr/bin/dash.,auto_ruido,auto_ruido:dash,,,,audit_cwd=/var/ossec
ATA027,1,2026-09-29T03:58:45.789Z,victima-linux,80792,3,audit|audit_command,RS2,Audit: Command: /usr/bin/ps.,auto_ruido,auto_ruido:ps,,,,audit_cwd=/var/ossec
ATA027,1,2026-09-29T03:58:45.791Z,victima-linux,80792,3,audit|audit_command,RS2,Audit: Command: /usr/bin/dash.,auto_ruido,auto_ruido:dash,,,,audit_cwd=/var/ossec
ATA027,1,2026-09-29T03:58:45.794Z,victima-linux,80792,3,audit|audit_command,RS2,Audit: Command: /usr/bin/ps.,auto_ruido,auto_ruido:ps,,,,audit_cwd=/var/ossec
ATA027,1,2026-09-29T03:58:45.796Z,victima-linux,80792,3,audit|audit_command,RS2,Audit: Command: /usr/bin/dash.,auto_ruido,auto_ruido:dash,,,,audit_cwd=/var/ossec
ATA027,1,2026-09-29T03:58:45.798Z,victima-linux,80792,3,audit|audit_command,RS2,Audit: Command: /usr/bin/ps.,auto_ruido,auto_ruido:ps,,,,audit_cwd=/var/ossec
ATA027,1,2026-09-29T03:58:45.801Z,victima-linux,80792,3,audit|audit_command,RS2,Audit: Command: /usr/bin/dash.,auto_ruido,auto_ruido:dash,,,,audit_cwd=/var/ossec
ATA027,1,2026-09-29T03:58:45.804Z,victima-linux,80792,3,audit|audit_command,RS2,Audit: Command: /usr/bin/ps.,auto_ruido,auto_ruido:ps,,,,audit_cwd=/var/ossec
ATA027,1,2026-09-29T03:58:45.806Z,victima-linux,80792,3,audit|audit_command,RS2,Audit: Command: /usr/bin/dash.,auto_ruido,auto_ruido:dash,,,,audit_cwd=/var/ossec
ATA027,1,2026-09-29T03:58:45.808Z,victima-linux,80792,3,audit|audit_command,RS2,Audit: Command: /usr/bin/ps.,auto_ruido,auto_ruido:ps,,,,audit_cwd=/var/ossec
ATA027,1,2026-09-29T03:58:45.811Z,victima-linux,80792,3,audit|audit_command,RS2,Audit: Command: /usr/bin/dash.,auto_ruido,auto_ruido:dash,,,,audit_cwd=/var/ossec
ATA027,1,2026-09-29T03:58:45.813Z,victima-linux,80792,3,audit|audit_command,RS2,Audit: Command: /usr/bin/ps.,auto_ruido,auto_ruido:ps,,,,audit_cwd=/var/ossec
ATA027,1,2026-09-29T03:58:45.816Z,victima-linux,80792,3,audit|audit_command,RS2,Audit: Command: /usr/bin/dash.,auto_ruido,auto_ruido:dash,,,,audit_cwd=/var/ossec
ATA027,1,2026-09-29T03:58:45.818Z,victima-linux,80792,3,audit|audit_command,RS2,Audit: Command: /usr/bin/ps.,auto_ruido,auto_ruido:ps,,,,audit_cwd=/var/ossec
ATA027,1,2026-09-29T03:58:45.820Z,victima-linux,80792,3,audit|audit_command,RS2,Audit: Command: /usr/bin/dash.,auto_ruido,auto_ruido:dash,,,,audit_cwd=/var/ossec
ATA027,1,2026-09-29T03:58:45.823Z,victima-linux,80792,3,audit|audit_command,RS2,Audit: Command: /usr/bin/ps.,auto_ruido,auto_ruido:ps,,,,audit_cwd=/var/ossec
ATA027,1,2026-09-29T03:58:45.825Z,victima-linux,80792,3,audit|audit_command,RS2,Audit: Command: /usr/bin/dash.,auto_ruido,auto_ruido:dash,,,,audit_cwd=/var/ossec
ATA027,1,2026-09-29T03:58:45.827Z,victima-linux,80792,3,audit|audit_command,RS2,Audit: Command: /usr/bin/ps.,auto_ruido,auto_ruido:ps,,,,audit_cwd=/var/ossec
ATA027,1,2026-09-29T03:58:45.830Z,victima-linux,80792,3,audit|audit_command,RS2,Audit: Command: /usr/bin/dash.,auto_ruido,auto_ruido:dash,,,,audit_cwd=/var/ossec
ATA027,1,2026-09-29T03:58:45.832Z,victima-linux,80792,3,audit|audit_command,RS2,Audit: Command: /usr/bin/ps.,auto_ruido,auto_ruido:ps,,,,audit_cwd=/var/ossec
ATA027,1,2026-09-29T03:58:45.834Z,victima-linux,80792,3,audit|audit_command,RS2,Audit: Command: /usr/bin/dash.,auto_ruido,auto_ruido:dash,,,,audit_cwd=/var/ossec
ATA027,1,2026-09-29T03:58:45.837Z,victima-linux,80792,3,audit|audit_command,RS2,Audit: Command: /usr/bin/ps.,auto_ruido,auto_ruido:ps,,,,audit_cwd=/var/ossec
ATA027,1,2026-09-29T03:58:45.840Z,victima-linux,80792,3,audit|audit_command,RS2,Audit: Command: /usr/bin/dash.,auto_ruido,auto_ruido:dash,,,,audit_cwd=/var/ossec
ATA027,1,2026-09-29T03:58:45.842Z,victima-linux,80792,3,audit|audit_command,RS2,Audit: Command: /usr/bin/ps.,auto_ruido,auto_ruido:ps,,,,audit_cwd=/var/ossec
ATA027,1,2026-09-29T03:58:45.844Z,victima-linux,80792,3,audit|audit_command,RS2,Audit: Command: /usr/bin/dash.,auto_ruido,auto_ruido:dash,,,,audit_cwd=/var/ossec
ATA027,1,2026-09-29T03:58:45.846Z,victima-linux,80792,3,audit|audit_command,RS2,Audit: Command: /usr/bin/ps.,auto_ruido,auto_ruido:ps,,,,audit_cwd=/var/ossec
ATA027,1,2026-09-29T03:58:45.849Z,victima-linux,80792,3,audit|audit_command,RS2,Audit: Command: /usr/bin/dash.,auto_ruido,auto_ruido:dash,,,,audit_cwd=/var/ossec
ATA027,1,2026-09-29T03:58:45.851Z,victima-linux,80792,3,audit|audit_command,RS2,Audit: Command: /usr/bin/ps.,auto_ruido,auto_ruido:ps,,,,audit_cwd=/var/ossec
ATA027,1,2026-09-29T03:58:45.853Z,victima-linux,80792,3,audit|audit_command,RS2,Audit: Command: /usr/bin/dash.,auto_ruido,auto_ruido:dash,,,,audit_cwd=/var/ossec
ATA027,1,2026-09-29T03:58:45.856Z,victima-linux,80792,3,audit|audit_command,RS2,Audit: Command: /usr/bin/ps.,auto_ruido,auto_ruido:ps,,,,audit_cwd=/var/ossec
ATA027,1,2026-09-29T03:58:45.858Z,victima-linux,80792,3,audit|audit_command,RS2,Audit: Command: /usr/bin/dash.,auto_ruido,auto_ruido:dash,,,,audit_cwd=/var/ossec
ATA027,1,2026-09-29T03:58:45.860Z,victima-linux,80792,3,audit|audit_command,RS2,Audit: Command: /usr/bin/ps.,auto_ruido,auto_ruido:ps,,,,audit_cwd=/var/ossec
ATA027,1,2026-09-29T03:58:45.862Z,victima-linux,80792,3,audit|audit_command,RS2,Audit: Command: /usr/bin/dash.,auto_ruido,auto_ruido:dash,,,,audit_cwd=/var/ossec
ATA027,1,2026-09-29T03:58:45.865Z,victima-linux,80792,3,audit|audit_command,RS2,Audit: Command: /usr/bin/ps.,auto_ruido,auto_ruido:ps,,,,audit_cwd=/var/ossec
ATA027,1,2026-09-29T03:58:45.867Z,victima-linux,80792,3,audit|audit_command,RS2,Audit: Command: /usr/bin/dash.,auto_ruido,auto_ruido:dash,,,,audit_cwd=/var/ossec
ATA027,1,2026-09-29T03:58:45.869Z,victima-linux,80792,3,audit|audit_command,RS2,Audit: Command: /usr/bin/ps.,auto_ruido,auto_ruido:ps,,,,audit_cwd=/var/ossec
ATA027,1,2026-09-29T03:58:45.872Z,victima-linux,80792,3,audit|audit_command,RS2,Audit: Command: /usr/bin/dash.,auto_ruido,auto_ruido:dash,,,,audit_cwd=/var/ossec
ATA027,1,2026-09-29T03:58:45.874Z,victima-linux,80792,3,audit|audit_command,RS2,Audit: Command: /usr/bin/ps.,auto_ruido,auto_ruido:ps,,,,audit_cwd=/var/ossec
ATA027,1,2026-09-29T03:58:45.877Z,victima-linux,80792,3,audit|audit_command,RS2,Audit: Command: /usr/bin/dash.,auto_ruido,auto_ruido:dash,,,,audit_cwd=/var/ossec
ATA027,1,2026-09-29T03:58:45.879Z,victima-linux,80792,3,audit|audit_command,RS2,Audit: Command: /usr/bin/ps.,auto_ruido,auto_ruido:ps,,,,audit_cwd=/var/ossec
ATA027,1,2026-09-29T03:58:45.882Z,victima-linux,80792,3,audit|audit_command,RS2,Audit: Command: /usr/bin/dash.,auto_ruido,auto_ruido:dash,,,,audit_cwd=/var/ossec
ATA027,1,2026-09-29T03:58:45.884Z,victima-linux,80792,3,audit|audit_command,RS2,Audit: Command: /usr/bin/ps.,auto_ruido,auto_ruido:ps,,,,audit_cwd=/var/ossec
ATA027,1,2026-09-29T03:58:45.886Z,victima-linux,80792,3,audit|audit_command,RS2,Audit: Command: /usr/bin/dash.,auto_ruido,auto_ruido:dash,,,,audit_cwd=/var/ossec
ATA027,1,2026-09-29T03:58:45.888Z,victima-linux,80792,3,audit|audit_command,RS2,Audit: Command: /usr/bin/ps.,auto_ruido,auto_ruido:ps,,,,audit_cwd=/var/ossec
ATA027,1,2026-09-29T03:58:45.890Z,victima-linux,80792,3,audit|audit_command,RS2,Audit: Command: /usr/bin/dash.,auto_ruido,auto_ruido:dash,,,,audit_cwd=/var/ossec
ATA027,1,2026-09-29T03:58:45.893Z,victima-linux,80792,3,audit|audit_command,RS2,Audit: Command: /usr/bin/ps.,auto_ruido,auto_ruido:ps,,,,audit_cwd=/var/ossec
ATA027,1,2026-09-29T03:58:45.895Z,victima-linux,80792,3,audit|audit_command,RS2,Audit: Command: /usr/bin/dash.,auto_ruido,auto_ruido:dash,,,,audit_cwd=/var/ossec
ATA027,1,2026-09-29T03:58:45.897Z,victima-linux,80792,3,audit|audit_command,RS2,Audit: Command: /usr/bin/ps.,auto_ruido,auto_ruido:ps,,,,audit_cwd=/var/ossec
ATA027,1,2026-09-29T03:58:45.899Z,victima-linux,80792,3,audit|audit_command,RS2,Audit: Command: /usr/bin/dash.,auto_ruido,auto_ruido:dash,,,,audit_cwd=/var/ossec
ATA027,1,2026-09-29T03:58:45.902Z,victima-linux,80792,3,audit|audit_command,RS2,Audit: Command: /usr/bin/ps.,auto_ruido,auto_ruido:ps,,,,audit_cwd=/var/ossec
ATA027,1,2026-09-29T03:58:45.904Z,victima-linux,80792,3,audit|audit_command,RS2,Audit: Command: /usr/bin/dash.,auto_ruido,auto_ruido:dash,,,,audit_cwd=/var/ossec
ATA027,1,2026-09-29T03:58:45.906Z,victima-linux,80792,3,audit|audit_command,RS2,Audit: Command: /usr/bin/ps.,auto_ruido,auto_ruido:ps,,,,audit_cwd=/var/ossec
ATA027,1,2026-09-29T03:58:45.908Z,victima-linux,80792,3,audit|audit_command,RS2,Audit: Command: /usr/bin/dash.,auto_ruido,auto_ruido:dash,,,,audit_cwd=/var/ossec
ATA027,1,2026-09-29T03:58:45.911Z,victima-linux,80792,3,audit|audit_command,RS2,Audit: Command: /usr/bin/ps.,auto_ruido,auto_ruido:ps,,,,audit_cwd=/var/ossec
ATA027,1,2026-09-29T03:58:45.913Z,victima-linux,80792,3,audit|audit_command,RS2,Audit: Command: /usr/bin/dash.,auto_ruido,auto_ruido:dash,,,,audit_cwd=/var/ossec
ATA027,1,2026-09-29T03:58:45.915Z,victima-linux,80792,3,audit|audit_command,RS2,Audit: Command: /usr/bin/ps.,auto_ruido,auto_ruido:ps,,,,audit_cwd=/var/ossec
ATA027,1,2026-09-29T03:58:45.918Z,victima-linux,80792,3,audit|audit_command,RS2,Audit: Command: /usr/bin/dash.,auto_ruido,auto_ruido:dash,,,,audit_cwd=/var/ossec
ATA027,1,2026-09-29T03:58:45.920Z,victima-linux,80792,3,audit|audit_command,RS2,Audit: Command: /usr/bin/ps.,auto_ruido,auto_ruido:ps,,,,audit_cwd=/var/ossec
ATA027,1,2026-09-29T03:58:47.785Z,victima-linux,80792,3,audit|audit_command,RS2,Audit: Command: /usr/bin/dash.,auto_ruido,auto_ruido:dash,,,,audit_cwd=/var/ossec
ATA027,1,2026-09-29T03:58:47.785Z,victima-linux,80792,3,audit|audit_command,RS2,Audit: Command: /usr/bin/ps.,auto_ruido,auto_ruido:ps,,,,audit_cwd=/var/ossec
ATA027,1,2026-09-29T03:58:47.792Z,victima-linux,80792,3,audit|audit_command,RS2,Audit: Command: /usr/bin/dash.,auto_ruido,auto_ruido:dash,,,,audit_cwd=/var/ossec
ATA027,1,2026-09-29T03:58:47.793Z,victima-linux,80792,3,audit|audit_command,RS2,Audit: Command: /usr/bin/dash.,auto_ruido,auto_ruido:dash,,,,audit_cwd=/var/ossec
ATA027,1,2026-09-29T03:58:47.793Z,victima-linux,80792,3,audit|audit_command,RS2,Audit: Command: /usr/bin/ps.,auto_ruido,auto_ruido:ps,,,,audit_cwd=/var/ossec
ATA027,1,2026-09-29T03:58:47.799Z,victima-linux,80792,3,audit|audit_command,RS2,Audit: Command: /usr/bin/dash.,auto_ruido,auto_ruido:dash,,,,audit_cwd=/var/ossec
ATA027,1,2026-09-29T03:58:47.799Z,victima-linux,80792,3,audit|audit_command,RS2,Audit: Command: /usr/bin/ps.,auto_ruido,auto_ruido:ps,,,,audit_cwd=/var/ossec
ATA027,1,2026-09-29T03:58:47.799Z,victima-linux,80792,3,audit|audit_command,RS2,Audit: Command: /usr/bin/ps.,auto_ruido,auto_ruido:ps,,,,audit_cwd=/var/ossec
ATA027,1,2026-09-29T03:58:47.806Z,victima-linux,80792,3,audit|audit_command,RS2,Audit: Command: /usr/bin/dash.,auto_ruido,auto_ruido:dash,,,,audit_cwd=/var/ossec
ATA027,1,2026-09-29T03:58:47.806Z,victima-linux,80792,3,audit|audit_command,RS2,Audit: Command: /usr/bin/ps.,auto_ruido,auto_ruido:ps,,,,audit_cwd=/var/ossec
ATA027,1,2026-09-29T03:58:47.807Z,victima-linux,80792,3,audit|audit_command,RS2,Audit: Command: /usr/bin/dash.,auto_ruido,auto_ruido:dash,,,,audit_cwd=/var/ossec
ATA027,1,2026-09-29T03:58:47.813Z,victima-linux,80792,3,audit|audit_command,RS2,Audit: Command: /usr/bin/dash.,auto_ruido,auto_ruido:dash,,,,audit_cwd=/var/ossec
ATA027,1,2026-09-29T03:58:47.813Z,victima-linux,80792,3,audit|audit_command,RS2,Audit: Command: /usr/bin/ps.,auto_ruido,auto_ruido:ps,,,,audit_cwd=/var/ossec
ATA027,1,2026-09-29T03:58:47.814Z,victima-linux,80792,3,audit|audit_command,RS2,Audit: Command: /usr/bin/ps.,auto_ruido,auto_ruido:ps,,,,audit_cwd=/var/ossec
ATA027,1,2026-09-29T03:58:47.820Z,victima-linux,80792,3,audit|audit_command,RS2,Audit: Command: /usr/bin/dash.,auto_ruido,auto_ruido:dash,,,,audit_cwd=/var/ossec
ATA027,1,2026-09-29T03:58:47.820Z,victima-linux,80792,3,audit|audit_command,RS2,Audit: Command: /usr/bin/ps.,auto_ruido,auto_ruido:ps,,,,audit_cwd=/var/ossec
ATA027,1,2026-09-29T03:58:47.821Z,victima-linux,80792,3,audit|audit_command,RS2,Audit: Command: /usr/bin/dash.,auto_ruido,auto_ruido:dash,,,,audit_cwd=/var/ossec
ATA027,1,2026-09-29T03:58:47.828Z,victima-linux,80792,3,audit|audit_command,RS2,Audit: Command: /usr/bin/dash.,auto_ruido,auto_ruido:dash,,,,audit_cwd=/var/ossec
ATA027,1,2026-09-29T03:58:47.828Z,victima-linux,80792,3,audit|audit_command,RS2,Audit: Command: /usr/bin/ps.,auto_ruido,auto_ruido:ps,,,,audit_cwd=/var/ossec
ATA027,1,2026-09-29T03:58:47.828Z,victima-linux,80792,3,audit|audit_command,RS2,Audit: Command: /usr/bin/ps.,auto_ruido,auto_ruido:ps,,,,audit_cwd=/var/ossec
ATA027,1,2026-09-29T03:58:47.835Z,victima-linux,80792,3,audit|audit_command,RS2,Audit: Command: /usr/bin/dash.,auto_ruido,auto_ruido:dash,,,,audit_cwd=/var/ossec
ATA027,1,2026-09-29T03:58:47.835Z,victima-linux,80792,3,audit|audit_command,RS2,Audit: Command: /usr/bin/dash.,auto_ruido,auto_ruido:dash,,,,audit_cwd=/var/ossec
ATA027,1,2026-09-29T03:58:47.835Z,victima-linux,80792,3,audit|audit_command,RS2,Audit: Command: /usr/bin/ps.,auto_ruido,auto_ruido:ps,,,,audit_cwd=/var/ossec
ATA027,1,2026-09-29T03:58:47.842Z,victima-linux,80792,3,audit|audit_command,RS2,Audit: Command: /usr/bin/dash.,auto_ruido,auto_ruido:dash,,,,audit_cwd=/var/ossec
ATA027,1,2026-09-29T03:58:47.842Z,victima-linux,80792,3,audit|audit_command,RS2,Audit: Command: /usr/bin/ps.,auto_ruido,auto_ruido:ps,,,,audit_cwd=/var/ossec
ATA027,1,2026-09-29T03:58:47.842Z,victima-linux,80792,3,audit|audit_command,RS2,Audit: Command: /usr/bin/ps.,auto_ruido,auto_ruido:ps,,,,audit_cwd=/var/ossec
ATA027,1,2026-09-29T03:58:47.848Z,victima-linux,80792,3,audit|audit_command,RS2,Audit: Command: /usr/bin/dash.,auto_ruido,auto_ruido:dash,,,,audit_cwd=/var/ossec
ATA027,1,2026-09-29T03:58:47.849Z,victima-linux,80792,3,audit|audit_command,RS2,Audit: Command: /usr/bin/dash.,auto_ruido,auto_ruido:dash,,,,audit_cwd=/var/ossec
ATA027,1,2026-09-29T03:58:47.849Z,victima-linux,80792,3,audit|audit_command,RS2,Audit: Command: /usr/bin/ps.,auto_ruido,auto_ruido:ps,,,,audit_cwd=/var/ossec
ATA027,1,2026-09-29T03:58:47.855Z,victima-linux,80792,3,audit|audit_command,RS2,Audit: Command: /usr/bin/ps.,auto_ruido,auto_ruido:ps,,,,audit_cwd=/var/ossec
ATA027,1,2026-09-29T03:58:47.856Z,victima-linux,80792,3,audit|audit_command,RS2,Audit: Command: /usr/bin/dash.,auto_ruido,auto_ruido:dash,,,,audit_cwd=/var/ossec
ATA027,1,2026-09-29T03:58:47.856Z,victima-linux,80792,3,audit|audit_command,RS2,Audit: Command: /usr/bin/ps.,auto_ruido,auto_ruido:ps,,,,audit_cwd=/var/ossec
ATA027,1,2026-09-29T03:58:47.863Z,victima-linux,80792,3,audit|audit_command,RS2,Audit: Command: /usr/bin/dash.,auto_ruido,auto_ruido:dash,,,,audit_cwd=/var/ossec
ATA027,1,2026-09-29T03:58:47.863Z,victima-linux,80792,3,audit|audit_command,RS2,Audit: Command: /usr/bin/dash.,auto_ruido,auto_ruido:dash,,,,audit_cwd=/var/ossec
ATA027,1,2026-09-29T03:58:47.863Z,victima-linux,80792,3,audit|audit_command,RS2,Audit: Command: /usr/bin/ps.,auto_ruido,auto_ruido:ps,,,,audit_cwd=/var/ossec
ATA027,1,2026-09-29T03:58:47.870Z,victima-linux,80792,3,audit|audit_command,RS2,Audit: Command: /usr/bin/dash.,auto_ruido,auto_ruido:dash,,,,audit_cwd=/var/ossec
ATA027,1,2026-09-29T03:58:47.870Z,victima-linux,80792,3,audit|audit_command,RS2,Audit: Command: /usr/bin/ps.,auto_ruido,auto_ruido:ps,,,,audit_cwd=/var/ossec
ATA027,1,2026-09-29T03:58:47.871Z,victima-linux,80792,3,audit|audit_command,RS2,Audit: Command: /usr/bin/ps.,auto_ruido,auto_ruido:ps,,,,audit_cwd=/var/ossec
ATA027,1,2026-09-29T03:58:47.877Z,victima-linux,80792,3,audit|audit_command,RS2,Audit: Command: /usr/bin/dash.,auto_ruido,auto_ruido:dash,,,,audit_cwd=/var/ossec
ATA027,1,2026-09-29T03:58:47.877Z,victima-linux,80792,3,audit|audit_command,RS2,Audit: Command: /usr/bin/dash.,auto_ruido,auto_ruido:dash,,,,audit_cwd=/var/ossec
ATA027,1,2026-09-29T03:58:47.877Z,victima-linux,80792,3,audit|audit_command,RS2,Audit: Command: /usr/bin/ps.,auto_ruido,auto_ruido:ps,,,,audit_cwd=/var/ossec
ATA027,1,2026-09-29T03:58:47.884Z,victima-linux,80792,3,audit|audit_command,RS2,Audit: Command: /usr/bin/dash.,auto_ruido,auto_ruido:dash,,,,audit_cwd=/var/ossec
ATA027,1,2026-09-29T03:58:47.884Z,victima-linux,80792,3,audit|audit_command,RS2,Audit: Command: /usr/bin/ps.,auto_ruido,auto_ruido:ps,,,,audit_cwd=/var/ossec
ATA027,1,2026-09-29T03:58:47.884Z,victima-linux,80792,3,audit|audit_command,RS2,Audit: Command: /usr/bin/ps.,auto_ruido,auto_ruido:ps,,,,audit_cwd=/var/ossec
ATA027,1,2026-09-29T03:58:47.891Z,victima-linux,80792,3,audit|audit_command,RS2,Audit: Command: /usr/bin/dash.,auto_ruido,auto_ruido:dash,,,,audit_cwd=/var/ossec
ATA027,1,2026-09-29T03:58:47.891Z,victima-linux,80792,3,audit|audit_command,RS2,Audit: Command: /usr/bin/dash.,auto_ruido,auto_ruido:dash,,,,audit_cwd=/var/ossec
ATA027,1,2026-09-29T03:58:47.891Z,victima-linux,80792,3,audit|audit_command,RS2,Audit: Command: /usr/bin/ps.,auto_ruido,auto_ruido:ps,,,,audit_cwd=/var/ossec
ATA027,1,2026-09-29T03:58:47.898Z,victima-linux,80792,3,audit|audit_command,RS2,Audit: Command: /usr/bin/dash.,auto_ruido,auto_ruido:dash,,,,audit_cwd=/var/ossec
ATA027,1,2026-09-29T03:58:47.898Z,victima-linux,80792,3,audit|audit_command,RS2,Audit: Command: /usr/bin/ps.,auto_ruido,auto_ruido:ps,,,,audit_cwd=/var/ossec
ATA027,1,2026-09-29T03:58:47.898Z,victima-linux,80792,3,audit|audit_command,RS2,Audit: Command: /usr/bin/ps.,auto_ruido,auto_ruido:ps,,,,audit_cwd=/var/ossec
ATA027,1,2026-09-29T03:58:47.905Z,victima-linux,80792,3,audit|audit_command,RS2,Audit: Command: /usr/bin/dash.,auto_ruido,auto_ruido:dash,,,,audit_cwd=/var/ossec
ATA027,1,2026-09-29T03:58:47.905Z,victima-linux,80792,3,audit|audit_command,RS2,Audit: Command: /usr/bin/ps.,auto_ruido,auto_ruido:ps,,,,audit_cwd=/var/ossec
ATA027,1,2026-09-29T03:58:47.906Z,victima-linux,80791,3,audit|audit_watch_delete|audit_watch_write,RS2,Audit: Deleted: var/run/.,auto_ruido,auto_ruido:wazuh-agentd,,,,audit_exe=/var/ossec/bin/wazuh-agentd
ATA027,1,2026-09-29T03:58:47.912Z,victima-linux,80792,3,audit|audit_command,RS2,Audit: Command: /usr/bin/dash.,auto_ruido,auto_ruido:dash,,,,audit_cwd=/var/ossec
ATA027,1,2026-09-29T03:58:47.912Z,victima-linux,80792,3,audit|audit_command,RS2,Audit: Command: /usr/bin/ps.,auto_ruido,auto_ruido:ps,,,,audit_cwd=/var/ossec
ATA027,1,2026-09-29T03:58:47.913Z,victima-linux,80792,3,audit|audit_command,RS2,Audit: Command: /usr/bin/dash.,auto_ruido,auto_ruido:dash,,,,audit_cwd=/var/ossec
ATA027,1,2026-09-29T03:58:47.919Z,victima-linux,80792,3,audit|audit_command,RS2,Audit: Command: /usr/bin/ps.,auto_ruido,auto_ruido:ps,,,,audit_cwd=/var/ossec
ATA027,1,2026-09-29T03:58:47.920Z,victima-linux,80792,3,audit|audit_command,RS2,Audit: Command: /usr/bin/dash.,auto_ruido,auto_ruido:dash,,,,audit_cwd=/var/ossec
ATA027,1,2026-09-29T03:58:47.920Z,victima-linux,80792,3,audit|audit_command,RS2,Audit: Command: /usr/bin/ps.,auto_ruido,auto_ruido:ps,,,,audit_cwd=/var/ossec
ATA027,1,2026-09-29T03:58:49.782Z,victima-linux,80792,3,audit|audit_command,RS2,Audit: Command: /usr/bin/dash.,auto_ruido,auto_ruido:dash,,,,audit_cwd=/var/ossec
ATA027,1,2026-09-29T03:58:49.783Z,victima-linux,80792,3,audit|audit_command,RS2,Audit: Command: /usr/bin/ps.,auto_ruido,auto_ruido:ps,,,,audit_cwd=/var/ossec
ATA027,1,2026-09-29T03:58:49.785Z,victima-linux,80792,3,audit|audit_command,RS2,Audit: Command: /usr/bin/dash.,auto_ruido,auto_ruido:dash,,,,audit_cwd=/var/ossec
ATA027,1,2026-09-29T03:58:49.787Z,victima-linux,80792,3,audit|audit_command,RS2,Audit: Command: /usr/bin/ps.,auto_ruido,auto_ruido:ps,,,,audit_cwd=/var/ossec
ATA027,1,2026-09-29T03:58:49.790Z,victima-linux,80792,3,audit|audit_command,RS2,Audit: Command: /usr/bin/dash.,auto_ruido,auto_ruido:dash,,,,audit_cwd=/var/ossec
ATA027,1,2026-09-29T03:58:49.793Z,victima-linux,80792,3,audit|audit_command,RS2,Audit: Command: /usr/bin/ps.,auto_ruido,auto_ruido:ps,,,,audit_cwd=/var/ossec
ATA027,1,2026-09-29T03:58:49.795Z,victima-linux,80792,3,audit|audit_command,RS2,Audit: Command: /usr/bin/dash.,auto_ruido,auto_ruido:dash,,,,audit_cwd=/var/ossec
ATA027,1,2026-09-29T03:58:49.797Z,victima-linux,80792,3,audit|audit_command,RS2,Audit: Command: /usr/bin/ps.,auto_ruido,auto_ruido:ps,,,,audit_cwd=/var/ossec
ATA027,1,2026-09-29T03:58:49.800Z,victima-linux,80792,3,audit|audit_command,RS2,Audit: Command: /usr/bin/dash.,auto_ruido,auto_ruido:dash,,,,audit_cwd=/var/ossec
ATA027,1,2026-09-29T03:58:49.802Z,victima-linux,80792,3,audit|audit_command,RS2,Audit: Command: /usr/bin/ps.,auto_ruido,auto_ruido:ps,,,,audit_cwd=/var/ossec
ATA027,1,2026-09-29T03:58:49.804Z,victima-linux,80792,3,audit|audit_command,RS2,Audit: Command: /usr/bin/dash.,auto_ruido,auto_ruido:dash,,,,audit_cwd=/var/ossec
ATA027,1,2026-09-29T03:58:49.806Z,victima-linux,80792,3,audit|audit_command,RS2,Audit: Command: /usr/bin/ps.,auto_ruido,auto_ruido:ps,,,,audit_cwd=/var/ossec
ATA027,1,2026-09-29T03:58:49.809Z,victima-linux,80792,3,audit|audit_command,RS2,Audit: Command: /usr/bin/dash.,auto_ruido,auto_ruido:dash,,,,audit_cwd=/var/ossec
ATA027,1,2026-09-29T03:58:49.811Z,victima-linux,80792,3,audit|audit_command,RS2,Audit: Command: /usr/bin/ps.,auto_ruido,auto_ruido:ps,,,,audit_cwd=/var/ossec
ATA027,1,2026-09-29T03:58:49.814Z,victima-linux,80792,3,audit|audit_command,RS2,Audit: Command: /usr/bin/dash.,auto_ruido,auto_ruido:dash,,,,audit_cwd=/var/ossec
ATA027,1,2026-09-29T03:58:49.816Z,victima-linux,80792,3,audit|audit_command,RS2,Audit: Command: /usr/bin/ps.,auto_ruido,auto_ruido:ps,,,,audit_cwd=/var/ossec
ATA027,1,2026-09-29T03:58:49.818Z,victima-linux,80792,3,audit|audit_command,RS2,Audit: Command: /usr/bin/dash.,auto_ruido,auto_ruido:dash,,,,audit_cwd=/var/ossec
ATA027,1,2026-09-29T03:58:49.821Z,victima-linux,80792,3,audit|audit_command,RS2,Audit: Command: /usr/bin/ps.,auto_ruido,auto_ruido:ps,,,,audit_cwd=/var/ossec
ATA027,1,2026-09-29T03:58:49.823Z,victima-linux,80792,3,audit|audit_command,RS2,Audit: Command: /usr/bin/dash.,auto_ruido,auto_ruido:dash,,,,audit_cwd=/var/ossec
ATA027,1,2026-09-29T03:58:49.825Z,victima-linux,80792,3,audit|audit_command,RS2,Audit: Command: /usr/bin/ps.,auto_ruido,auto_ruido:ps,,,,audit_cwd=/var/ossec
ATA027,1,2026-09-29T03:58:49.828Z,victima-linux,80792,3,audit|audit_command,RS2,Audit: Command: /usr/bin/dash.,auto_ruido,auto_ruido:dash,,,,audit_cwd=/var/ossec
ATA027,1,2026-09-29T03:58:49.830Z,victima-linux,80792,3,audit|audit_command,RS2,Audit: Command: /usr/bin/ps.,auto_ruido,auto_ruido:ps,,,,audit_cwd=/var/ossec
ATA027,1,2026-09-29T03:58:49.832Z,victima-linux,80792,3,audit|audit_command,RS2,Audit: Command: /usr/bin/dash.,auto_ruido,auto_ruido:dash,,,,audit_cwd=/var/ossec
ATA027,1,2026-09-29T03:58:49.835Z,victima-linux,80792,3,audit|audit_command,RS2,Audit: Command: /usr/bin/ps.,auto_ruido,auto_ruido:ps,,,,audit_cwd=/var/ossec
ATA027,1,2026-09-29T03:58:49.837Z,victima-linux,80792,3,audit|audit_command,RS2,Audit: Command: /usr/bin/dash.,auto_ruido,auto_ruido:dash,,,,audit_cwd=/var/ossec
ATA027,1,2026-09-29T03:58:49.840Z,victima-linux,80792,3,audit|audit_command,RS2,Audit: Command: /usr/bin/ps.,auto_ruido,auto_ruido:ps,,,,audit_cwd=/var/ossec
ATA027,1,2026-09-29T03:58:49.842Z,victima-linux,80792,3,audit|audit_command,RS2,Audit: Command: /usr/bin/dash.,auto_ruido,auto_ruido:dash,,,,audit_cwd=/var/ossec
ATA027,1,2026-09-29T03:58:49.844Z,victima-linux,80792,3,audit|audit_command,RS2,Audit: Command: /usr/bin/ps.,auto_ruido,auto_ruido:ps,,,,audit_cwd=/var/ossec
ATA027,1,2026-09-29T03:58:49.847Z,victima-linux,80792,3,audit|audit_command,RS2,Audit: Command: /usr/bin/dash.,auto_ruido,auto_ruido:dash,,,,audit_cwd=/var/ossec
ATA027,1,2026-09-29T03:58:49.850Z,victima-linux,80792,3,audit|audit_command,RS2,Audit: Command: /usr/bin/ps.,auto_ruido,auto_ruido:ps,,,,audit_cwd=/var/ossec
ATA027,1,2026-09-29T03:58:49.852Z,victima-linux,80792,3,audit|audit_command,RS2,Audit: Command: /usr/bin/dash.,auto_ruido,auto_ruido:dash,,,,audit_cwd=/var/ossec
ATA027,1,2026-09-29T03:58:49.855Z,victima-linux,80792,3,audit|audit_command,RS2,Audit: Command: /usr/bin/ps.,auto_ruido,auto_ruido:ps,,,,audit_cwd=/var/ossec
ATA027,1,2026-09-29T03:58:49.857Z,victima-linux,80792,3,audit|audit_command,RS2,Audit: Command: /usr/bin/dash.,auto_ruido,auto_ruido:dash,,,,audit_cwd=/var/ossec
ATA027,1,2026-09-29T03:58:49.860Z,victima-linux,80792,3,audit|audit_command,RS2,Audit: Command: /usr/bin/ps.,auto_ruido,auto_ruido:ps,,,,audit_cwd=/var/ossec
ATA027,1,2026-09-29T03:58:49.862Z,victima-linux,80792,3,audit|audit_command,RS2,Audit: Command: /usr/bin/dash.,auto_ruido,auto_ruido:dash,,,,audit_cwd=/var/ossec
ATA027,1,2026-09-29T03:58:49.865Z,victima-linux,80792,3,audit|audit_command,RS2,Audit: Command: /usr/bin/ps.,auto_ruido,auto_ruido:ps,,,,audit_cwd=/var/ossec
ATA027,1,2026-09-29T03:58:49.867Z,victima-linux,80792,3,audit|audit_command,RS2,Audit: Command: /usr/bin/dash.,auto_ruido,auto_ruido:dash,,,,audit_cwd=/var/ossec
ATA027,1,2026-09-29T03:58:49.869Z,victima-linux,80792,3,audit|audit_command,RS2,Audit: Command: /usr/bin/ps.,auto_ruido,auto_ruido:ps,,,,audit_cwd=/var/ossec
ATA027,1,2026-09-29T03:58:49.872Z,victima-linux,80792,3,audit|audit_command,RS2,Audit: Command: /usr/bin/dash.,auto_ruido,auto_ruido:dash,,,,audit_cwd=/var/ossec
ATA027,1,2026-09-29T03:58:49.875Z,victima-linux,80792,3,audit|audit_command,RS2,Audit: Command: /usr/bin/ps.,auto_ruido,auto_ruido:ps,,,,audit_cwd=/var/ossec
ATA027,1,2026-09-29T03:58:49.877Z,victima-linux,80792,3,audit|audit_command,RS2,Audit: Command: /usr/bin/dash.,auto_ruido,auto_ruido:dash,,,,audit_cwd=/var/ossec
ATA027,1,2026-09-29T03:58:49.879Z,victima-linux,80792,3,audit|audit_command,RS2,Audit: Command: /usr/bin/ps.,auto_ruido,auto_ruido:ps,,,,audit_cwd=/var/ossec
ATA027,1,2026-09-29T03:58:49.881Z,victima-linux,80792,3,audit|audit_command,RS2,Audit: Command: /usr/bin/dash.,auto_ruido,auto_ruido:dash,,,,audit_cwd=/var/ossec
ATA027,1,2026-09-29T03:58:49.884Z,victima-linux,80792,3,audit|audit_command,RS2,Audit: Command: /usr/bin/ps.,auto_ruido,auto_ruido:ps,,,,audit_cwd=/var/ossec
ATA027,1,2026-09-29T03:58:49.886Z,victima-linux,80792,3,audit|audit_command,RS2,Audit: Command: /usr/bin/dash.,auto_ruido,auto_ruido:dash,,,,audit_cwd=/var/ossec
ATA027,1,2026-09-29T03:58:49.888Z,victima-linux,80792,3,audit|audit_command,RS2,Audit: Command: /usr/bin/ps.,auto_ruido,auto_ruido:ps,,,,audit_cwd=/var/ossec
ATA027,1,2026-09-29T03:58:49.891Z,victima-linux,80792,3,audit|audit_command,RS2,Audit: Command: /usr/bin/dash.,auto_ruido,auto_ruido:dash,,,,audit_cwd=/var/ossec
ATA027,1,2026-09-29T03:58:49.892Z,victima-linux,80792,3,audit|audit_command,RS2,Audit: Command: /usr/bin/ps.,auto_ruido,auto_ruido:ps,,,,audit_cwd=/var/ossec
ATA027,1,2026-09-29T03:58:49.895Z,victima-linux,80792,3,audit|audit_command,RS2,Audit: Command: /usr/bin/dash.,auto_ruido,auto_ruido:dash,,,,audit_cwd=/var/ossec
ATA027,1,2026-09-29T03:58:49.897Z,victima-linux,80792,3,audit|audit_command,RS2,Audit: Command: /usr/bin/ps.,auto_ruido,auto_ruido:ps,,,,audit_cwd=/var/ossec
ATA027,1,2026-09-29T03:58:49.900Z,victima-linux,80792,3,audit|audit_command,RS2,Audit: Command: /usr/bin/dash.,auto_ruido,auto_ruido:dash,,,,audit_cwd=/var/ossec
ATA027,1,2026-09-29T03:58:49.902Z,victima-linux,80792,3,audit|audit_command,RS2,Audit: Command: /usr/bin/ps.,auto_ruido,auto_ruido:ps,,,,audit_cwd=/var/ossec
ATA027,1,2026-09-29T03:58:49.905Z,victima-linux,80792,3,audit|audit_command,RS2,Audit: Command: /usr/bin/dash.,auto_ruido,auto_ruido:dash,,,,audit_cwd=/var/ossec
ATA027,1,2026-09-29T03:58:49.907Z,victima-linux,80792,3,audit|audit_command,RS2,Audit: Command: /usr/bin/ps.,auto_ruido,auto_ruido:ps,,,,audit_cwd=/var/ossec
ATA027,1,2026-09-29T03:58:49.909Z,victima-linux,80792,3,audit|audit_command,RS2,Audit: Command: /usr/bin/dash.,auto_ruido,auto_ruido:dash,,,,audit_cwd=/var/ossec
ATA027,1,2026-09-29T03:58:49.912Z,victima-linux,80792,3,audit|audit_command,RS2,Audit: Command: /usr/bin/ps.,auto_ruido,auto_ruido:ps,,,,audit_cwd=/var/ossec
ATA027,1,2026-09-29T03:58:49.914Z,victima-linux,80792,3,audit|audit_command,RS2,Audit: Command: /usr/bin/dash.,auto_ruido,auto_ruido:dash,,,,audit_cwd=/var/ossec
ATA027,1,2026-09-29T03:58:49.916Z,victima-linux,80792,3,audit|audit_command,RS2,Audit: Command: /usr/bin/ps.,auto_ruido,auto_ruido:ps,,,,audit_cwd=/var/ossec
ATA027,1,2026-09-29T03:58:51.779Z,victima-linux,80792,3,audit|audit_command,RS2,Audit: Command: /usr/bin/dash.,auto_ruido,auto_ruido:dash,,,,audit_cwd=/var/ossec
ATA027,1,2026-09-29T03:58:51.779Z,victima-linux,80792,3,audit|audit_command,RS2,Audit: Command: /usr/bin/ps.,auto_ruido,auto_ruido:ps,,,,audit_cwd=/var/ossec
ATA027,1,2026-09-29T03:58:51.781Z,victima-linux,80792,3,audit|audit_command,RS2,Audit: Command: /usr/bin/dash.,auto_ruido,auto_ruido:dash,,,,audit_cwd=/var/ossec
ATA027,1,2026-09-29T03:58:51.784Z,victima-linux,80792,3,audit|audit_command,RS2,Audit: Command: /usr/bin/ps.,auto_ruido,auto_ruido:ps,,,,audit_cwd=/var/ossec
ATA027,1,2026-09-29T03:58:51.786Z,victima-linux,80792,3,audit|audit_command,RS2,Audit: Command: /usr/bin/dash.,auto_ruido,auto_ruido:dash,,,,audit_cwd=/var/ossec
ATA027,1,2026-09-29T03:58:51.788Z,victima-linux,80792,3,audit|audit_command,RS2,Audit: Command: /usr/bin/ps.,auto_ruido,auto_ruido:ps,,,,audit_cwd=/var/ossec
ATA027,1,2026-09-29T03:58:51.790Z,victima-linux,80792,3,audit|audit_command,RS2,Audit: Command: /usr/bin/dash.,auto_ruido,auto_ruido:dash,,,,audit_cwd=/var/ossec
ATA027,1,2026-09-29T03:58:51.793Z,victima-linux,80792,3,audit|audit_command,RS2,Audit: Command: /usr/bin/ps.,auto_ruido,auto_ruido:ps,,,,audit_cwd=/var/ossec
ATA027,1,2026-09-29T03:58:51.795Z,victima-linux,80792,3,audit|audit_command,RS2,Audit: Command: /usr/bin/dash.,auto_ruido,auto_ruido:dash,,,,audit_cwd=/var/ossec
ATA027,1,2026-09-29T03:58:51.797Z,victima-linux,80792,3,audit|audit_command,RS2,Audit: Command: /usr/bin/ps.,auto_ruido,auto_ruido:ps,,,,audit_cwd=/var/ossec
ATA027,1,2026-09-29T03:58:51.800Z,victima-linux,80792,3,audit|audit_command,RS2,Audit: Command: /usr/bin/dash.,auto_ruido,auto_ruido:dash,,,,audit_cwd=/var/ossec
ATA027,1,2026-09-29T03:58:51.802Z,victima-linux,80792,3,audit|audit_command,RS2,Audit: Command: /usr/bin/ps.,auto_ruido,auto_ruido:ps,,,,audit_cwd=/var/ossec
ATA027,1,2026-09-29T03:58:51.804Z,victima-linux,80792,3,audit|audit_command,RS2,Audit: Command: /usr/bin/dash.,auto_ruido,auto_ruido:dash,,,,audit_cwd=/var/ossec
ATA027,1,2026-09-29T03:58:51.807Z,victima-linux,80792,3,audit|audit_command,RS2,Audit: Command: /usr/bin/ps.,auto_ruido,auto_ruido:ps,,,,audit_cwd=/var/ossec
ATA027,1,2026-09-29T03:58:51.809Z,victima-linux,80792,3,audit|audit_command,RS2,Audit: Command: /usr/bin/dash.,auto_ruido,auto_ruido:dash,,,,audit_cwd=/var/ossec
ATA027,1,2026-09-29T03:58:51.812Z,victima-linux,80792,3,audit|audit_command,RS2,Audit: Command: /usr/bin/ps.,auto_ruido,auto_ruido:ps,,,,audit_cwd=/var/ossec
ATA027,1,2026-09-29T03:58:51.815Z,victima-linux,80792,3,audit|audit_command,RS2,Audit: Command: /usr/bin/dash.,auto_ruido,auto_ruido:dash,,,,audit_cwd=/var/ossec
ATA027,1,2026-09-29T03:58:51.817Z,victima-linux,80792,3,audit|audit_command,RS2,Audit: Command: /usr/bin/ps.,auto_ruido,auto_ruido:ps,,,,audit_cwd=/var/ossec
ATA027,1,2026-09-29T03:58:51.820Z,victima-linux,80792,3,audit|audit_command,RS2,Audit: Command: /usr/bin/dash.,auto_ruido,auto_ruido:dash,,,,audit_cwd=/var/ossec
ATA027,1,2026-09-29T03:58:51.822Z,victima-linux,80792,3,audit|audit_command,RS2,Audit: Command: /usr/bin/ps.,auto_ruido,auto_ruido:ps,,,,audit_cwd=/var/ossec
ATA027,1,2026-09-29T03:58:51.825Z,victima-linux,80792,3,audit|audit_command,RS2,Audit: Command: /usr/bin/dash.,auto_ruido,auto_ruido:dash,,,,audit_cwd=/var/ossec
ATA027,1,2026-09-29T03:58:51.827Z,victima-linux,80792,3,audit|audit_command,RS2,Audit: Command: /usr/bin/ps.,auto_ruido,auto_ruido:ps,,,,audit_cwd=/var/ossec
ATA027,1,2026-09-29T03:58:51.829Z,victima-linux,80792,3,audit|audit_command,RS2,Audit: Command: /usr/bin/dash.,auto_ruido,auto_ruido:dash,,,,audit_cwd=/var/ossec
ATA027,1,2026-09-29T03:58:51.832Z,victima-linux,80792,3,audit|audit_command,RS2,Audit: Command: /usr/bin/ps.,auto_ruido,auto_ruido:ps,,,,audit_cwd=/var/ossec
ATA027,1,2026-09-29T03:58:51.834Z,victima-linux,80792,3,audit|audit_command,RS2,Audit: Command: /usr/bin/dash.,auto_ruido,auto_ruido:dash,,,,audit_cwd=/var/ossec
ATA027,1,2026-09-29T03:58:51.836Z,victima-linux,80792,3,audit|audit_command,RS2,Audit: Command: /usr/bin/ps.,auto_ruido,auto_ruido:ps,,,,audit_cwd=/var/ossec
ATA027,1,2026-09-29T03:58:51.839Z,victima-linux,80792,3,audit|audit_command,RS2,Audit: Command: /usr/bin/dash.,auto_ruido,auto_ruido:dash,,,,audit_cwd=/var/ossec
ATA027,1,2026-09-29T03:58:51.841Z,victima-linux,80792,3,audit|audit_command,RS2,Audit: Command: /usr/bin/ps.,auto_ruido,auto_ruido:ps,,,,audit_cwd=/var/ossec
ATA027,1,2026-09-29T03:58:51.843Z,victima-linux,80792,3,audit|audit_command,RS2,Audit: Command: /usr/bin/dash.,auto_ruido,auto_ruido:dash,,,,audit_cwd=/var/ossec
ATA027,1,2026-09-29T03:58:51.846Z,victima-linux,80792,3,audit|audit_command,RS2,Audit: Command: /usr/bin/ps.,auto_ruido,auto_ruido:ps,,,,audit_cwd=/var/ossec
ATA027,1,2026-09-29T03:58:51.848Z,victima-linux,80792,3,audit|audit_command,RS2,Audit: Command: /usr/bin/dash.,auto_ruido,auto_ruido:dash,,,,audit_cwd=/var/ossec
ATA027,1,2026-09-29T03:58:51.851Z,victima-linux,80792,3,audit|audit_command,RS2,Audit: Command: /usr/bin/ps.,auto_ruido,auto_ruido:ps,,,,audit_cwd=/var/ossec
ATA027,1,2026-09-29T03:58:51.853Z,victima-linux,80792,3,audit|audit_command,RS2,Audit: Command: /usr/bin/dash.,auto_ruido,auto_ruido:dash,,,,audit_cwd=/var/ossec
ATA027,1,2026-09-29T03:58:51.855Z,victima-linux,80792,3,audit|audit_command,RS2,Audit: Command: /usr/bin/ps.,auto_ruido,auto_ruido:ps,,,,audit_cwd=/var/ossec
ATA027,1,2026-09-29T03:58:51.857Z,victima-linux,80792,3,audit|audit_command,RS2,Audit: Command: /usr/bin/dash.,auto_ruido,auto_ruido:dash,,,,audit_cwd=/var/ossec
ATA027,1,2026-09-29T03:58:51.860Z,victima-linux,80792,3,audit|audit_command,RS2,Audit: Command: /usr/bin/ps.,auto_ruido,auto_ruido:ps,,,,audit_cwd=/var/ossec
ATA027,1,2026-09-29T03:58:51.862Z,victima-linux,80792,3,audit|audit_command,RS2,Audit: Command: /usr/bin/dash.,auto_ruido,auto_ruido:dash,,,,audit_cwd=/var/ossec
ATA027,1,2026-09-29T03:58:51.865Z,victima-linux,80792,3,audit|audit_command,RS2,Audit: Command: /usr/bin/ps.,auto_ruido,auto_ruido:ps,,,,audit_cwd=/var/ossec
ATA027,1,2026-09-29T03:58:51.867Z,victima-linux,80792,3,audit|audit_command,RS2,Audit: Command: /usr/bin/dash.,auto_ruido,auto_ruido:dash,,,,audit_cwd=/var/ossec
ATA027,1,2026-09-29T03:58:51.869Z,victima-linux,80792,3,audit|audit_command,RS2,Audit: Command: /usr/bin/ps.,auto_ruido,auto_ruido:ps,,,,audit_cwd=/var/ossec
ATA027,1,2026-09-29T03:58:51.872Z,victima-linux,80792,3,audit|audit_command,RS2,Audit: Command: /usr/bin/dash.,auto_ruido,auto_ruido:dash,,,,audit_cwd=/var/ossec
ATA027,1,2026-09-29T03:58:51.874Z,victima-linux,80792,3,audit|audit_command,RS2,Audit: Command: /usr/bin/ps.,auto_ruido,auto_ruido:ps,,,,audit_cwd=/var/ossec
ATA027,1,2026-09-29T03:58:51.877Z,victima-linux,80792,3,audit|audit_command,RS2,Audit: Command: /usr/bin/dash.,auto_ruido,auto_ruido:dash,,,,audit_cwd=/var/ossec
ATA027,1,2026-09-29T03:58:51.879Z,victima-linux,80792,3,audit|audit_command,RS2,Audit: Command: /usr/bin/ps.,auto_ruido,auto_ruido:ps,,,,audit_cwd=/var/ossec
ATA027,1,2026-09-29T03:58:51.882Z,victima-linux,80792,3,audit|audit_command,RS2,Audit: Command: /usr/bin/dash.,auto_ruido,auto_ruido:dash,,,,audit_cwd=/var/ossec
ATA027,1,2026-09-29T03:58:51.884Z,victima-linux,80792,3,audit|audit_command,RS2,Audit: Command: /usr/bin/ps.,auto_ruido,auto_ruido:ps,,,,audit_cwd=/var/ossec
ATA027,1,2026-09-29T03:58:51.886Z,victima-linux,80792,3,audit|audit_command,RS2,Audit: Command: /usr/bin/dash.,auto_ruido,auto_ruido:dash,,,,audit_cwd=/var/ossec
ATA027,1,2026-09-29T03:58:51.889Z,victima-linux,80792,3,audit|audit_command,RS2,Audit: Command: /usr/bin/ps.,auto_ruido,auto_ruido:ps,,,,audit_cwd=/var/ossec
ATA027,1,2026-09-29T03:58:51.891Z,victima-linux,80792,3,audit|audit_command,RS2,Audit: Command: /usr/bin/dash.,auto_ruido,auto_ruido:dash,,,,audit_cwd=/var/ossec
ATA027,1,2026-09-29T03:58:51.893Z,victima-linux,80792,3,audit|audit_command,RS2,Audit: Command: /usr/bin/ps.,auto_ruido,auto_ruido:ps,,,,audit_cwd=/var/ossec
ATA027,1,2026-09-29T03:58:51.896Z,victima-linux,80792,3,audit|audit_command,RS2,Audit: Command: /usr/bin/dash.,auto_ruido,auto_ruido:dash,,,,audit_cwd=/var/ossec
ATA027,1,2026-09-29T03:58:51.898Z,victima-linux,80792,3,audit|audit_command,RS2,Audit: Command: /usr/bin/ps.,auto_ruido,auto_ruido:ps,,,,audit_cwd=/var/ossec
ATA027,1,2026-09-29T03:58:51.900Z,victima-linux,80792,3,audit|audit_command,RS2,Audit: Command: /usr/bin/dash.,auto_ruido,auto_ruido:dash,,,,audit_cwd=/var/ossec
ATA027,1,2026-09-29T03:58:51.902Z,victima-linux,80792,3,audit|audit_command,RS2,Audit: Command: /usr/bin/ps.,auto_ruido,auto_ruido:ps,,,,audit_cwd=/var/ossec
ATA027,1,2026-09-29T03:58:51.905Z,victima-linux,80792,3,audit|audit_command,RS2,Audit: Command: /usr/bin/dash.,auto_ruido,auto_ruido:dash,,,,audit_cwd=/var/ossec
ATA027,1,2026-09-29T03:58:51.907Z,victima-linux,80792,3,audit|audit_command,RS2,Audit: Command: /usr/bin/ps.,auto_ruido,auto_ruido:ps,,,,audit_cwd=/var/ossec
ATA027,1,2026-09-29T03:58:51.909Z,victima-linux,80792,3,audit|audit_command,RS2,Audit: Command: /usr/bin/dash.,auto_ruido,auto_ruido:dash,,,,audit_cwd=/var/ossec
ATA027,1,2026-09-29T03:58:51.912Z,victima-linux,80792,3,audit|audit_command,RS2,Audit: Command: /usr/bin/ps.,auto_ruido,auto_ruido:ps,,,,audit_cwd=/var/ossec
ATA027,1,2026-09-29T03:58:51.914Z,victima-linux,80792,3,audit|audit_command,RS2,Audit: Command: /usr/bin/dash.,auto_ruido,auto_ruido:dash,,,,audit_cwd=/var/ossec
ATA027,1,2026-09-29T03:58:51.916Z,victima-linux,80792,3,audit|audit_command,RS2,Audit: Command: /usr/bin/ps.,auto_ruido,auto_ruido:ps,,,,audit_cwd=/var/ossec
ATA027,1,2026-09-29T03:58:53.775Z,victima-linux,80792,3,audit|audit_command,RS2,Audit: Command: /usr/bin/dash.,auto_ruido,auto_ruido:dash,,,,audit_cwd=/var/ossec
ATA027,1,2026-09-29T03:58:53.775Z,victima-linux,80792,3,audit|audit_command,RS2,Audit: Command: /usr/bin/ps.,auto_ruido,auto_ruido:ps,,,,audit_cwd=/var/ossec
ATA027,1,2026-09-29T03:58:53.778Z,victima-linux,80792,3,audit|audit_command,RS2,Audit: Command: /usr/bin/dash.,auto_ruido,auto_ruido:dash,,,,audit_cwd=/var/ossec
ATA027,1,2026-09-29T03:58:53.780Z,victima-linux,80792,3,audit|audit_command,RS2,Audit: Command: /usr/bin/ps.,auto_ruido,auto_ruido:ps,,,,audit_cwd=/var/ossec
ATA027,1,2026-09-29T03:58:53.783Z,victima-linux,80792,3,audit|audit_command,RS2,Audit: Command: /usr/bin/dash.,auto_ruido,auto_ruido:dash,,,,audit_cwd=/var/ossec
ATA027,1,2026-09-29T03:58:53.786Z,victima-linux,80792,3,audit|audit_command,RS2,Audit: Command: /usr/bin/ps.,auto_ruido,auto_ruido:ps,,,,audit_cwd=/var/ossec
ATA027,1,2026-09-29T03:58:53.788Z,victima-linux,80792,3,audit|audit_command,RS2,Audit: Command: /usr/bin/dash.,auto_ruido,auto_ruido:dash,,,,audit_cwd=/var/ossec
ATA027,1,2026-09-29T03:58:53.790Z,victima-linux,80792,3,audit|audit_command,RS2,Audit: Command: /usr/bin/ps.,auto_ruido,auto_ruido:ps,,,,audit_cwd=/var/ossec
ATA027,1,2026-09-29T03:58:53.793Z,victima-linux,80792,3,audit|audit_command,RS2,Audit: Command: /usr/bin/dash.,auto_ruido,auto_ruido:dash,,,,audit_cwd=/var/ossec
ATA027,1,2026-09-29T03:58:53.795Z,victima-linux,80792,3,audit|audit_command,RS2,Audit: Command: /usr/bin/ps.,auto_ruido,auto_ruido:ps,,,,audit_cwd=/var/ossec
ATA027,1,2026-09-29T03:58:53.797Z,victima-linux,80792,3,audit|audit_command,RS2,Audit: Command: /usr/bin/dash.,auto_ruido,auto_ruido:dash,,,,audit_cwd=/var/ossec
ATA027,1,2026-09-29T03:58:53.799Z,victima-linux,80792,3,audit|audit_command,RS2,Audit: Command: /usr/bin/ps.,auto_ruido,auto_ruido:ps,,,,audit_cwd=/var/ossec
ATA027,1,2026-09-29T03:58:53.801Z,victima-linux,80792,3,audit|audit_command,RS2,Audit: Command: /usr/bin/dash.,auto_ruido,auto_ruido:dash,,,,audit_cwd=/var/ossec
ATA027,1,2026-09-29T03:58:53.804Z,victima-linux,80792,3,audit|audit_command,RS2,Audit: Command: /usr/bin/ps.,auto_ruido,auto_ruido:ps,,,,audit_cwd=/var/ossec
ATA027,1,2026-09-29T03:58:53.806Z,victima-linux,80792,3,audit|audit_command,RS2,Audit: Command: /usr/bin/dash.,auto_ruido,auto_ruido:dash,,,,audit_cwd=/var/ossec
ATA027,1,2026-09-29T03:58:53.809Z,victima-linux,80792,3,audit|audit_command,RS2,Audit: Command: /usr/bin/ps.,auto_ruido,auto_ruido:ps,,,,audit_cwd=/var/ossec
ATA027,1,2026-09-29T03:58:53.811Z,victima-linux,80792,3,audit|audit_command,RS2,Audit: Command: /usr/bin/dash.,auto_ruido,auto_ruido:dash,,,,audit_cwd=/var/ossec
ATA027,1,2026-09-29T03:58:53.813Z,victima-linux,80792,3,audit|audit_command,RS2,Audit: Command: /usr/bin/ps.,auto_ruido,auto_ruido:ps,,,,audit_cwd=/var/ossec
ATA027,1,2026-09-29T03:58:53.816Z,victima-linux,80792,3,audit|audit_command,RS2,Audit: Command: /usr/bin/dash.,auto_ruido,auto_ruido:dash,,,,audit_cwd=/var/ossec
ATA027,1,2026-09-29T03:58:53.818Z,victima-linux,80792,3,audit|audit_command,RS2,Audit: Command: /usr/bin/ps.,auto_ruido,auto_ruido:ps,,,,audit_cwd=/var/ossec
ATA027,1,2026-09-29T03:58:53.821Z,victima-linux,80792,3,audit|audit_command,RS2,Audit: Command: /usr/bin/dash.,auto_ruido,auto_ruido:dash,,,,audit_cwd=/var/ossec
ATA027,1,2026-09-29T03:58:53.823Z,victima-linux,80792,3,audit|audit_command,RS2,Audit: Command: /usr/bin/ps.,auto_ruido,auto_ruido:ps,,,,audit_cwd=/var/ossec
ATA027,1,2026-09-29T03:58:53.825Z,victima-linux,80791,3,audit|audit_watch_delete|audit_watch_write,RS2,Audit: Deleted: var/run/.,auto_ruido,auto_ruido:wazuh-agentd,,,,audit_exe=/var/ossec/bin/wazuh-agentd
ATA027,1,2026-09-29T03:58:53.832Z,victima-linux,80792,3,audit|audit_command,RS2,Audit: Command: /usr/bin/dash.,auto_ruido,auto_ruido:dash,,,,audit_cwd=/var/ossec
ATA027,1,2026-09-29T03:58:53.832Z,victima-linux,80792,3,audit|audit_command,RS2,Audit: Command: /usr/bin/dash.,auto_ruido,auto_ruido:dash,,,,audit_cwd=/var/ossec
ATA027,1,2026-09-29T03:58:53.832Z,victima-linux,80792,3,audit|audit_command,RS2,Audit: Command: /usr/bin/ps.,auto_ruido,auto_ruido:ps,,,,audit_cwd=/var/ossec
ATA027,1,2026-09-29T03:58:53.834Z,victima-linux,80792,3,audit|audit_command,RS2,Audit: Command: /usr/bin/ps.,auto_ruido,auto_ruido:ps,,,,audit_cwd=/var/ossec
ATA027,1,2026-09-29T03:58:53.837Z,victima-linux,80792,3,audit|audit_command,RS2,Audit: Command: /usr/bin/dash.,auto_ruido,auto_ruido:dash,,,,audit_cwd=/var/ossec
ATA027,1,2026-09-29T03:58:53.839Z,victima-linux,80792,3,audit|audit_command,RS2,Audit: Command: /usr/bin/ps.,auto_ruido,auto_ruido:ps,,,,audit_cwd=/var/ossec
ATA027,1,2026-09-29T03:58:53.841Z,victima-linux,80792,3,audit|audit_command,RS2,Audit: Command: /usr/bin/dash.,auto_ruido,auto_ruido:dash,,,,audit_cwd=/var/ossec
ATA027,1,2026-09-29T03:58:53.844Z,victima-linux,80792,3,audit|audit_command,RS2,Audit: Command: /usr/bin/ps.,auto_ruido,auto_ruido:ps,,,,audit_cwd=/var/ossec
ATA027,1,2026-09-29T03:58:53.846Z,victima-linux,80792,3,audit|audit_command,RS2,Audit: Command: /usr/bin/dash.,auto_ruido,auto_ruido:dash,,,,audit_cwd=/var/ossec
ATA027,1,2026-09-29T03:58:53.848Z,victima-linux,80792,3,audit|audit_command,RS2,Audit: Command: /usr/bin/ps.,auto_ruido,auto_ruido:ps,,,,audit_cwd=/var/ossec
ATA027,1,2026-09-29T03:58:53.851Z,victima-linux,80792,3,audit|audit_command,RS2,Audit: Command: /usr/bin/dash.,auto_ruido,auto_ruido:dash,,,,audit_cwd=/var/ossec
ATA027,1,2026-09-29T03:58:53.853Z,victima-linux,80792,3,audit|audit_command,RS2,Audit: Command: /usr/bin/ps.,auto_ruido,auto_ruido:ps,,,,audit_cwd=/var/ossec
ATA027,1,2026-09-29T03:58:53.855Z,victima-linux,80792,3,audit|audit_command,RS2,Audit: Command: /usr/bin/dash.,auto_ruido,auto_ruido:dash,,,,audit_cwd=/var/ossec
ATA027,1,2026-09-29T03:58:53.857Z,victima-linux,80792,3,audit|audit_command,RS2,Audit: Command: /usr/bin/ps.,auto_ruido,auto_ruido:ps,,,,audit_cwd=/var/ossec
ATA027,1,2026-09-29T03:58:53.860Z,victima-linux,80792,3,audit|audit_command,RS2,Audit: Command: /usr/bin/dash.,auto_ruido,auto_ruido:dash,,,,audit_cwd=/var/ossec
ATA027,1,2026-09-29T03:58:53.862Z,victima-linux,80792,3,audit|audit_command,RS2,Audit: Command: /usr/bin/ps.,auto_ruido,auto_ruido:ps,,,,audit_cwd=/var/ossec
ATA027,1,2026-09-29T03:58:53.865Z,victima-linux,80792,3,audit|audit_command,RS2,Audit: Command: /usr/bin/dash.,auto_ruido,auto_ruido:dash,,,,audit_cwd=/var/ossec
ATA027,1,2026-09-29T03:58:53.867Z,victima-linux,80792,3,audit|audit_command,RS2,Audit: Command: /usr/bin/ps.,auto_ruido,auto_ruido:ps,,,,audit_cwd=/var/ossec
ATA027,1,2026-09-29T03:58:53.869Z,victima-linux,80792,3,audit|audit_command,RS2,Audit: Command: /usr/bin/dash.,auto_ruido,auto_ruido:dash,,,,audit_cwd=/var/ossec
ATA027,1,2026-09-29T03:58:53.872Z,victima-linux,80792,3,audit|audit_command,RS2,Audit: Command: /usr/bin/ps.,auto_ruido,auto_ruido:ps,,,,audit_cwd=/var/ossec
ATA027,1,2026-09-29T03:58:53.874Z,victima-linux,80792,3,audit|audit_command,RS2,Audit: Command: /usr/bin/dash.,auto_ruido,auto_ruido:dash,,,,audit_cwd=/var/ossec
ATA027,1,2026-09-29T03:58:53.876Z,victima-linux,80792,3,audit|audit_command,RS2,Audit: Command: /usr/bin/ps.,auto_ruido,auto_ruido:ps,,,,audit_cwd=/var/ossec
ATA027,1,2026-09-29T03:58:53.879Z,victima-linux,80792,3,audit|audit_command,RS2,Audit: Command: /usr/bin/dash.,auto_ruido,auto_ruido:dash,,,,audit_cwd=/var/ossec
ATA027,1,2026-09-29T03:58:53.881Z,victima-linux,80792,3,audit|audit_command,RS2,Audit: Command: /usr/bin/ps.,auto_ruido,auto_ruido:ps,,,,audit_cwd=/var/ossec
ATA027,1,2026-09-29T03:58:53.884Z,victima-linux,80792,3,audit|audit_command,RS2,Audit: Command: /usr/bin/dash.,auto_ruido,auto_ruido:dash,,,,audit_cwd=/var/ossec
ATA027,1,2026-09-29T03:58:53.886Z,victima-linux,80792,3,audit|audit_command,RS2,Audit: Command: /usr/bin/ps.,auto_ruido,auto_ruido:ps,,,,audit_cwd=/var/ossec
ATA027,1,2026-09-29T03:58:53.889Z,victima-linux,80792,3,audit|audit_command,RS2,Audit: Command: /usr/bin/dash.,auto_ruido,auto_ruido:dash,,,,audit_cwd=/var/ossec
ATA027,1,2026-09-29T03:58:53.891Z,victima-linux,80792,3,audit|audit_command,RS2,Audit: Command: /usr/bin/ps.,auto_ruido,auto_ruido:ps,,,,audit_cwd=/var/ossec
ATA027,1,2026-09-29T03:58:53.893Z,victima-linux,80792,3,audit|audit_command,RS2,Audit: Command: /usr/bin/dash.,auto_ruido,auto_ruido:dash,,,,audit_cwd=/var/ossec
ATA027,1,2026-09-29T03:58:53.895Z,victima-linux,80792,3,audit|audit_command,RS2,Audit: Command: /usr/bin/ps.,auto_ruido,auto_ruido:ps,,,,audit_cwd=/var/ossec
ATA027,1,2026-09-29T03:58:53.898Z,victima-linux,80792,3,audit|audit_command,RS2,Audit: Command: /usr/bin/dash.,auto_ruido,auto_ruido:dash,,,,audit_cwd=/var/ossec
ATA027,1,2026-09-29T03:58:53.900Z,victima-linux,80792,3,audit|audit_command,RS2,Audit: Command: /usr/bin/ps.,auto_ruido,auto_ruido:ps,,,,audit_cwd=/var/ossec
ATA027,1,2026-09-29T03:58:53.902Z,victima-linux,80792,3,audit|audit_command,RS2,Audit: Command: /usr/bin/dash.,auto_ruido,auto_ruido:dash,,,,audit_cwd=/var/ossec
ATA027,1,2026-09-29T03:58:53.905Z,victima-linux,80792,3,audit|audit_command,RS2,Audit: Command: /usr/bin/ps.,auto_ruido,auto_ruido:ps,,,,audit_cwd=/var/ossec
ATA027,1,2026-09-29T03:58:53.907Z,victima-linux,80792,3,audit|audit_command,RS2,Audit: Command: /usr/bin/dash.,auto_ruido,auto_ruido:dash,,,,audit_cwd=/var/ossec
ATA027,1,2026-09-29T03:58:53.910Z,victima-linux,80792,3,audit|audit_command,RS2,Audit: Command: /usr/bin/ps.,auto_ruido,auto_ruido:ps,,,,audit_cwd=/var/ossec
ATA027,1,2026-09-29T03:58:55.772Z,victima-linux,80792,3,audit|audit_command,RS2,Audit: Command: /usr/bin/dash.,auto_ruido,auto_ruido:dash,,,,audit_cwd=/var/ossec
ATA027,1,2026-09-29T03:58:55.773Z,victima-linux,80792,3,audit|audit_command,RS2,Audit: Command: /usr/bin/ps.,auto_ruido,auto_ruido:ps,,,,audit_cwd=/var/ossec
ATA027,1,2026-09-29T03:58:55.775Z,victima-linux,80792,3,audit|audit_command,RS2,Audit: Command: /usr/bin/dash.,auto_ruido,auto_ruido:dash,,,,audit_cwd=/var/ossec
ATA027,1,2026-09-29T03:58:55.777Z,victima-linux,80792,3,audit|audit_command,RS2,Audit: Command: /usr/bin/ps.,auto_ruido,auto_ruido:ps,,,,audit_cwd=/var/ossec
ATA027,1,2026-09-29T03:58:55.780Z,victima-linux,80792,3,audit|audit_command,RS2,Audit: Command: /usr/bin/dash.,auto_ruido,auto_ruido:dash,,,,audit_cwd=/var/ossec
ATA027,1,2026-09-29T03:58:55.782Z,victima-linux,80792,3,audit|audit_command,RS2,Audit: Command: /usr/bin/ps.,auto_ruido,auto_ruido:ps,,,,audit_cwd=/var/ossec
ATA027,1,2026-09-29T03:58:55.784Z,victima-linux,80792,3,audit|audit_command,RS2,Audit: Command: /usr/bin/dash.,auto_ruido,auto_ruido:dash,,,,audit_cwd=/var/ossec
ATA027,1,2026-09-29T03:58:55.787Z,victima-linux,80792,3,audit|audit_command,RS2,Audit: Command: /usr/bin/ps.,auto_ruido,auto_ruido:ps,,,,audit_cwd=/var/ossec
ATA027,1,2026-09-29T03:58:55.789Z,victima-linux,80792,3,audit|audit_command,RS2,Audit: Command: /usr/bin/dash.,auto_ruido,auto_ruido:dash,,,,audit_cwd=/var/ossec
ATA027,1,2026-09-29T03:58:55.791Z,victima-linux,80792,3,audit|audit_command,RS2,Audit: Command: /usr/bin/ps.,auto_ruido,auto_ruido:ps,,,,audit_cwd=/var/ossec
ATA027,1,2026-09-29T03:58:55.794Z,victima-linux,80792,3,audit|audit_command,RS2,Audit: Command: /usr/bin/dash.,auto_ruido,auto_ruido:dash,,,,audit_cwd=/var/ossec
ATA027,1,2026-09-29T03:58:55.796Z,victima-linux,80792,3,audit|audit_command,RS2,Audit: Command: /usr/bin/ps.,auto_ruido,auto_ruido:ps,,,,audit_cwd=/var/ossec
ATA027,1,2026-09-29T03:58:55.798Z,victima-linux,80792,3,audit|audit_command,RS2,Audit: Command: /usr/bin/dash.,auto_ruido,auto_ruido:dash,,,,audit_cwd=/var/ossec
ATA027,1,2026-09-29T03:58:55.800Z,victima-linux,80792,3,audit|audit_command,RS2,Audit: Command: /usr/bin/ps.,auto_ruido,auto_ruido:ps,,,,audit_cwd=/var/ossec
ATA027,1,2026-09-29T03:58:55.803Z,victima-linux,80792,3,audit|audit_command,RS2,Audit: Command: /usr/bin/dash.,auto_ruido,auto_ruido:dash,,,,audit_cwd=/var/ossec
ATA027,1,2026-09-29T03:58:55.805Z,victima-linux,80792,3,audit|audit_command,RS2,Audit: Command: /usr/bin/ps.,auto_ruido,auto_ruido:ps,,,,audit_cwd=/var/ossec
ATA027,1,2026-09-29T03:58:55.808Z,victima-linux,80792,3,audit|audit_command,RS2,Audit: Command: /usr/bin/dash.,auto_ruido,auto_ruido:dash,,,,audit_cwd=/var/ossec
ATA027,1,2026-09-29T03:58:55.810Z,victima-linux,80792,3,audit|audit_command,RS2,Audit: Command: /usr/bin/ps.,auto_ruido,auto_ruido:ps,,,,audit_cwd=/var/ossec
ATA027,1,2026-09-29T03:58:55.812Z,victima-linux,80792,3,audit|audit_command,RS2,Audit: Command: /usr/bin/dash.,auto_ruido,auto_ruido:dash,,,,audit_cwd=/var/ossec
ATA027,1,2026-09-29T03:58:55.814Z,victima-linux,80792,3,audit|audit_command,RS2,Audit: Command: /usr/bin/ps.,auto_ruido,auto_ruido:ps,,,,audit_cwd=/var/ossec
ATA027,1,2026-09-29T03:58:55.817Z,victima-linux,80792,3,audit|audit_command,RS2,Audit: Command: /usr/bin/dash.,auto_ruido,auto_ruido:dash,,,,audit_cwd=/var/ossec
ATA027,1,2026-09-29T03:58:55.820Z,victima-linux,80792,3,audit|audit_command,RS2,Audit: Command: /usr/bin/ps.,auto_ruido,auto_ruido:ps,,,,audit_cwd=/var/ossec
ATA027,1,2026-09-29T03:58:55.822Z,victima-linux,80792,3,audit|audit_command,RS2,Audit: Command: /usr/bin/dash.,auto_ruido,auto_ruido:dash,,,,audit_cwd=/var/ossec
ATA027,1,2026-09-29T03:58:55.825Z,victima-linux,80792,3,audit|audit_command,RS2,Audit: Command: /usr/bin/ps.,auto_ruido,auto_ruido:ps,,,,audit_cwd=/var/ossec
ATA027,1,2026-09-29T03:58:55.828Z,victima-linux,80792,3,audit|audit_command,RS2,Audit: Command: /usr/bin/dash.,auto_ruido,auto_ruido:dash,,,,audit_cwd=/var/ossec
ATA027,1,2026-09-29T03:58:55.830Z,victima-linux,80792,3,audit|audit_command,RS2,Audit: Command: /usr/bin/ps.,auto_ruido,auto_ruido:ps,,,,audit_cwd=/var/ossec
ATA027,1,2026-09-29T03:58:55.833Z,victima-linux,80792,3,audit|audit_command,RS2,Audit: Command: /usr/bin/dash.,auto_ruido,auto_ruido:dash,,,,audit_cwd=/var/ossec
ATA027,1,2026-09-29T03:58:55.835Z,victima-linux,80792,3,audit|audit_command,RS2,Audit: Command: /usr/bin/ps.,auto_ruido,auto_ruido:ps,,,,audit_cwd=/var/ossec
ATA027,1,2026-09-29T03:58:55.837Z,victima-linux,80792,3,audit|audit_command,RS2,Audit: Command: /usr/bin/dash.,auto_ruido,auto_ruido:dash,,,,audit_cwd=/var/ossec
ATA027,1,2026-09-29T03:58:55.840Z,victima-linux,80792,3,audit|audit_command,RS2,Audit: Command: /usr/bin/ps.,auto_ruido,auto_ruido:ps,,,,audit_cwd=/var/ossec
ATA027,1,2026-09-29T03:58:55.842Z,victima-linux,80792,3,audit|audit_command,RS2,Audit: Command: /usr/bin/dash.,auto_ruido,auto_ruido:dash,,,,audit_cwd=/var/ossec
ATA027,1,2026-09-29T03:58:55.845Z,victima-linux,80792,3,audit|audit_command,RS2,Audit: Command: /usr/bin/ps.,auto_ruido,auto_ruido:ps,,,,audit_cwd=/var/ossec
ATA027,1,2026-09-29T03:58:55.847Z,victima-linux,80792,3,audit|audit_command,RS2,Audit: Command: /usr/bin/dash.,auto_ruido,auto_ruido:dash,,,,audit_cwd=/var/ossec
ATA027,1,2026-09-29T03:58:55.849Z,victima-linux,80792,3,audit|audit_command,RS2,Audit: Command: /usr/bin/ps.,auto_ruido,auto_ruido:ps,,,,audit_cwd=/var/ossec
ATA027,1,2026-09-29T03:58:55.852Z,victima-linux,80792,3,audit|audit_command,RS2,Audit: Command: /usr/bin/dash.,auto_ruido,auto_ruido:dash,,,,audit_cwd=/var/ossec
ATA027,1,2026-09-29T03:58:55.854Z,victima-linux,80792,3,audit|audit_command,RS2,Audit: Command: /usr/bin/ps.,auto_ruido,auto_ruido:ps,,,,audit_cwd=/var/ossec
ATA027,1,2026-09-29T03:58:55.856Z,victima-linux,80792,3,audit|audit_command,RS2,Audit: Command: /usr/bin/dash.,auto_ruido,auto_ruido:dash,,,,audit_cwd=/var/ossec
ATA027,1,2026-09-29T03:58:55.858Z,victima-linux,80792,3,audit|audit_command,RS2,Audit: Command: /usr/bin/ps.,auto_ruido,auto_ruido:ps,,,,audit_cwd=/var/ossec
ATA027,1,2026-09-29T03:58:55.860Z,victima-linux,80792,3,audit|audit_command,RS2,Audit: Command: /usr/bin/dash.,auto_ruido,auto_ruido:dash,,,,audit_cwd=/var/ossec
ATA027,1,2026-09-29T03:58:55.863Z,victima-linux,80792,3,audit|audit_command,RS2,Audit: Command: /usr/bin/ps.,auto_ruido,auto_ruido:ps,,,,audit_cwd=/var/ossec
ATA027,1,2026-09-29T03:58:55.865Z,victima-linux,80792,3,audit|audit_command,RS2,Audit: Command: /usr/bin/dash.,auto_ruido,auto_ruido:dash,,,,audit_cwd=/var/ossec
ATA027,1,2026-09-29T03:58:55.868Z,victima-linux,80792,3,audit|audit_command,RS2,Audit: Command: /usr/bin/ps.,auto_ruido,auto_ruido:ps,,,,audit_cwd=/var/ossec
ATA027,1,2026-09-29T03:58:55.870Z,victima-linux,80792,3,audit|audit_command,RS2,Audit: Command: /usr/bin/dash.,auto_ruido,auto_ruido:dash,,,,audit_cwd=/var/ossec
ATA027,1,2026-09-29T03:58:55.872Z,victima-linux,80792,3,audit|audit_command,RS2,Audit: Command: /usr/bin/ps.,auto_ruido,auto_ruido:ps,,,,audit_cwd=/var/ossec
ATA027,1,2026-09-29T03:58:55.875Z,victima-linux,80792,3,audit|audit_command,RS2,Audit: Command: /usr/bin/dash.,auto_ruido,auto_ruido:dash,,,,audit_cwd=/var/ossec
ATA027,1,2026-09-29T03:58:55.877Z,victima-linux,80792,3,audit|audit_command,RS2,Audit: Command: /usr/bin/ps.,auto_ruido,auto_ruido:ps,,,,audit_cwd=/var/ossec
ATA027,1,2026-09-29T03:58:55.880Z,victima-linux,80792,3,audit|audit_command,RS2,Audit: Command: /usr/bin/dash.,auto_ruido,auto_ruido:dash,,,,audit_cwd=/var/ossec
ATA027,1,2026-09-29T03:58:55.882Z,victima-linux,80792,3,audit|audit_command,RS2,Audit: Command: /usr/bin/ps.,auto_ruido,auto_ruido:ps,,,,audit_cwd=/var/ossec
ATA027,1,2026-09-29T03:58:55.884Z,victima-linux,80792,3,audit|audit_command,RS2,Audit: Command: /usr/bin/dash.,auto_ruido,auto_ruido:dash,,,,audit_cwd=/var/ossec
ATA027,1,2026-09-29T03:58:55.886Z,victima-linux,80792,3,audit|audit_command,RS2,Audit: Command: /usr/bin/ps.,auto_ruido,auto_ruido:ps,,,,audit_cwd=/var/ossec
ATA027,1,2026-09-29T03:58:55.888Z,victima-linux,80792,3,audit|audit_command,RS2,Audit: Command: /usr/bin/dash.,auto_ruido,auto_ruido:dash,,,,audit_cwd=/var/ossec
ATA027,1,2026-09-29T03:58:55.891Z,victima-linux,80792,3,audit|audit_command,RS2,Audit: Command: /usr/bin/ps.,auto_ruido,auto_ruido:ps,,,,audit_cwd=/var/ossec
ATA027,1,2026-09-29T03:58:55.893Z,victima-linux,80792,3,audit|audit_command,RS2,Audit: Command: /usr/bin/dash.,auto_ruido,auto_ruido:dash,,,,audit_cwd=/var/ossec
ATA027,1,2026-09-29T03:58:55.896Z,victima-linux,80792,3,audit|audit_command,RS2,Audit: Command: /usr/bin/ps.,auto_ruido,auto_ruido:ps,,,,audit_cwd=/var/ossec
ATA027,1,2026-09-29T03:58:55.898Z,victima-linux,80792,3,audit|audit_command,RS2,Audit: Command: /usr/bin/dash.,auto_ruido,auto_ruido:dash,,,,audit_cwd=/var/ossec
ATA027,1,2026-09-29T03:58:55.901Z,victima-linux,80792,3,audit|audit_command,RS2,Audit: Command: /usr/bin/ps.,auto_ruido,auto_ruido:ps,,,,audit_cwd=/var/ossec
ATA027,1,2026-09-29T03:58:55.903Z,victima-linux,80792,3,audit|audit_command,RS2,Audit: Command: /usr/bin/dash.,auto_ruido,auto_ruido:dash,,,,audit_cwd=/var/ossec
ATA027,1,2026-09-29T03:58:55.905Z,victima-linux,80792,3,audit|audit_command,RS2,Audit: Command: /usr/bin/ps.,auto_ruido,auto_ruido:ps,,,,audit_cwd=/var/ossec
ATA027,1,2026-09-29T03:58:57.769Z,victima-linux,80792,3,audit|audit_command,RS2,Audit: Command: /usr/bin/dash.,auto_ruido,auto_ruido:dash,,,,audit_cwd=/var/ossec
ATA027,1,2026-09-29T03:58:57.769Z,victima-linux,80792,3,audit|audit_command,RS2,Audit: Command: /usr/bin/ps.,auto_ruido,auto_ruido:ps,,,,audit_cwd=/var/ossec
ATA027,1,2026-09-29T03:58:57.772Z,victima-linux,80792,3,audit|audit_command,RS2,Audit: Command: /usr/bin/dash.,auto_ruido,auto_ruido:dash,,,,audit_cwd=/var/ossec
ATA027,1,2026-09-29T03:58:57.775Z,victima-linux,80792,3,audit|audit_command,RS2,Audit: Command: /usr/bin/ps.,auto_ruido,auto_ruido:ps,,,,audit_cwd=/var/ossec
ATA027,1,2026-09-29T03:58:57.777Z,victima-linux,80792,3,audit|audit_command,RS2,Audit: Command: /usr/bin/dash.,auto_ruido,auto_ruido:dash,,,,audit_cwd=/var/ossec
ATA027,1,2026-09-29T03:58:57.779Z,victima-linux,80792,3,audit|audit_command,RS2,Audit: Command: /usr/bin/ps.,auto_ruido,auto_ruido:ps,,,,audit_cwd=/var/ossec
ATA027,1,2026-09-29T03:58:57.782Z,victima-linux,80792,3,audit|audit_command,RS2,Audit: Command: /usr/bin/dash.,auto_ruido,auto_ruido:dash,,,,audit_cwd=/var/ossec
ATA027,1,2026-09-29T03:58:57.784Z,victima-linux,80792,3,audit|audit_command,RS2,Audit: Command: /usr/bin/ps.,auto_ruido,auto_ruido:ps,,,,audit_cwd=/var/ossec
ATA027,1,2026-09-29T03:58:57.787Z,victima-linux,80792,3,audit|audit_command,RS2,Audit: Command: /usr/bin/dash.,auto_ruido,auto_ruido:dash,,,,audit_cwd=/var/ossec
ATA027,1,2026-09-29T03:58:57.789Z,victima-linux,80792,3,audit|audit_command,RS2,Audit: Command: /usr/bin/ps.,auto_ruido,auto_ruido:ps,,,,audit_cwd=/var/ossec
ATA027,1,2026-09-29T03:58:57.791Z,victima-linux,80792,3,audit|audit_command,RS2,Audit: Command: /usr/bin/dash.,auto_ruido,auto_ruido:dash,,,,audit_cwd=/var/ossec
ATA027,1,2026-09-29T03:58:57.794Z,victima-linux,80792,3,audit|audit_command,RS2,Audit: Command: /usr/bin/ps.,auto_ruido,auto_ruido:ps,,,,audit_cwd=/var/ossec
ATA027,1,2026-09-29T03:58:57.796Z,victima-linux,80792,3,audit|audit_command,RS2,Audit: Command: /usr/bin/dash.,auto_ruido,auto_ruido:dash,,,,audit_cwd=/var/ossec
ATA027,1,2026-09-29T03:58:57.798Z,victima-linux,80792,3,audit|audit_command,RS2,Audit: Command: /usr/bin/ps.,auto_ruido,auto_ruido:ps,,,,audit_cwd=/var/ossec
ATA027,1,2026-09-29T03:58:57.801Z,victima-linux,80792,3,audit|audit_command,RS2,Audit: Command: /usr/bin/dash.,auto_ruido,auto_ruido:dash,,,,audit_cwd=/var/ossec
ATA027,1,2026-09-29T03:58:57.803Z,victima-linux,80792,3,audit|audit_command,RS2,Audit: Command: /usr/bin/ps.,auto_ruido,auto_ruido:ps,,,,audit_cwd=/var/ossec
ATA027,1,2026-09-29T03:58:57.805Z,victima-linux,80792,3,audit|audit_command,RS2,Audit: Command: /usr/bin/dash.,auto_ruido,auto_ruido:dash,,,,audit_cwd=/var/ossec
ATA027,1,2026-09-29T03:58:57.808Z,victima-linux,80792,3,audit|audit_command,RS2,Audit: Command: /usr/bin/ps.,auto_ruido,auto_ruido:ps,,,,audit_cwd=/var/ossec
ATA027,1,2026-09-29T03:58:57.810Z,victima-linux,80792,3,audit|audit_command,RS2,Audit: Command: /usr/bin/dash.,auto_ruido,auto_ruido:dash,,,,audit_cwd=/var/ossec
ATA027,1,2026-09-29T03:58:57.813Z,victima-linux,80792,3,audit|audit_command,RS2,Audit: Command: /usr/bin/ps.,auto_ruido,auto_ruido:ps,,,,audit_cwd=/var/ossec
ATA027,1,2026-09-29T03:58:57.815Z,victima-linux,80792,3,audit|audit_command,RS2,Audit: Command: /usr/bin/dash.,auto_ruido,auto_ruido:dash,,,,audit_cwd=/var/ossec
ATA027,1,2026-09-29T03:58:57.817Z,victima-linux,80792,3,audit|audit_command,RS2,Audit: Command: /usr/bin/ps.,auto_ruido,auto_ruido:ps,,,,audit_cwd=/var/ossec
ATA027,1,2026-09-29T03:58:57.820Z,victima-linux,80792,3,audit|audit_command,RS2,Audit: Command: /usr/bin/dash.,auto_ruido,auto_ruido:dash,,,,audit_cwd=/var/ossec
ATA027,1,2026-09-29T03:58:57.822Z,victima-linux,80792,3,audit|audit_command,RS2,Audit: Command: /usr/bin/ps.,auto_ruido,auto_ruido:ps,,,,audit_cwd=/var/ossec
ATA027,1,2026-09-29T03:58:57.825Z,victima-linux,80792,3,audit|audit_command,RS2,Audit: Command: /usr/bin/dash.,auto_ruido,auto_ruido:dash,,,,audit_cwd=/var/ossec
ATA027,1,2026-09-29T03:58:57.827Z,victima-linux,80792,3,audit|audit_command,RS2,Audit: Command: /usr/bin/ps.,auto_ruido,auto_ruido:ps,,,,audit_cwd=/var/ossec
ATA027,1,2026-09-29T03:58:57.829Z,victima-linux,80792,3,audit|audit_command,RS2,Audit: Command: /usr/bin/dash.,auto_ruido,auto_ruido:dash,,,,audit_cwd=/var/ossec
ATA027,1,2026-09-29T03:58:57.831Z,victima-linux,80792,3,audit|audit_command,RS2,Audit: Command: /usr/bin/ps.,auto_ruido,auto_ruido:ps,,,,audit_cwd=/var/ossec
ATA027,1,2026-09-29T03:58:57.834Z,victima-linux,80792,3,audit|audit_command,RS2,Audit: Command: /usr/bin/dash.,auto_ruido,auto_ruido:dash,,,,audit_cwd=/var/ossec
ATA027,1,2026-09-29T03:58:57.836Z,victima-linux,80792,3,audit|audit_command,RS2,Audit: Command: /usr/bin/ps.,auto_ruido,auto_ruido:ps,,,,audit_cwd=/var/ossec
ATA027,1,2026-09-29T03:58:57.838Z,victima-linux,80792,3,audit|audit_command,RS2,Audit: Command: /usr/bin/dash.,auto_ruido,auto_ruido:dash,,,,audit_cwd=/var/ossec
ATA027,1,2026-09-29T03:58:57.841Z,victima-linux,80792,3,audit|audit_command,RS2,Audit: Command: /usr/bin/ps.,auto_ruido,auto_ruido:ps,,,,audit_cwd=/var/ossec
ATA027,1,2026-09-29T03:58:57.843Z,victima-linux,80792,3,audit|audit_command,RS2,Audit: Command: /usr/bin/dash.,auto_ruido,auto_ruido:dash,,,,audit_cwd=/var/ossec
ATA027,1,2026-09-29T03:58:57.845Z,victima-linux,80792,3,audit|audit_command,RS2,Audit: Command: /usr/bin/ps.,auto_ruido,auto_ruido:ps,,,,audit_cwd=/var/ossec
ATA027,1,2026-09-29T03:58:57.848Z,victima-linux,80792,3,audit|audit_command,RS2,Audit: Command: /usr/bin/dash.,auto_ruido,auto_ruido:dash,,,,audit_cwd=/var/ossec
ATA027,1,2026-09-29T03:58:57.850Z,victima-linux,80792,3,audit|audit_command,RS2,Audit: Command: /usr/bin/ps.,auto_ruido,auto_ruido:ps,,,,audit_cwd=/var/ossec
ATA027,1,2026-09-29T03:58:57.852Z,victima-linux,80792,3,audit|audit_command,RS2,Audit: Command: /usr/bin/dash.,auto_ruido,auto_ruido:dash,,,,audit_cwd=/var/ossec
ATA027,1,2026-09-29T03:58:57.854Z,victima-linux,80792,3,audit|audit_command,RS2,Audit: Command: /usr/bin/ps.,auto_ruido,auto_ruido:ps,,,,audit_cwd=/var/ossec
ATA027,1,2026-09-29T03:58:57.856Z,victima-linux,80792,3,audit|audit_command,RS2,Audit: Command: /usr/bin/dash.,auto_ruido,auto_ruido:dash,,,,audit_cwd=/var/ossec
ATA027,1,2026-09-29T03:58:57.859Z,victima-linux,80792,3,audit|audit_command,RS2,Audit: Command: /usr/bin/ps.,auto_ruido,auto_ruido:ps,,,,audit_cwd=/var/ossec
ATA027,1,2026-09-29T03:58:57.861Z,victima-linux,80791,3,audit|audit_watch_delete|audit_watch_write,RS2,Audit: Deleted: /run/systemd/sessions/1.,ruido_conocido,baseline,,,,rule_id=80791
ATA027,1,2026-09-29T03:58:57.863Z,victima-linux,80791,3,audit|audit_watch_delete|audit_watch_write,RS2,Audit: Deleted: /run/systemd/users/.,ruido_conocido,baseline,,,,rule_id=80791
ATA027,1,2026-09-29T03:58:57.866Z,victima-linux,80792,3,audit|audit_command,RS2,Audit: Command: /usr/bin/dash.,auto_ruido,auto_ruido:dash,,,,audit_cwd=/var/ossec
ATA027,1,2026-09-29T03:58:57.868Z,victima-linux,80792,3,audit|audit_command,RS2,Audit: Command: /usr/bin/ps.,auto_ruido,auto_ruido:ps,,,,audit_cwd=/var/ossec
ATA027,1,2026-09-29T03:58:57.870Z,victima-linux,80792,3,audit|audit_command,RS2,Audit: Command: /usr/bin/dash.,auto_ruido,auto_ruido:dash,,,,audit_cwd=/var/ossec
ATA027,1,2026-09-29T03:58:57.872Z,victima-linux,80792,3,audit|audit_command,RS2,Audit: Command: /usr/bin/ps.,auto_ruido,auto_ruido:ps,,,,audit_cwd=/var/ossec
ATA027,1,2026-09-29T03:58:57.874Z,victima-linux,80792,3,audit|audit_command,RS2,Audit: Command: /usr/bin/dash.,auto_ruido,auto_ruido:dash,,,,audit_cwd=/var/ossec
ATA027,1,2026-09-29T03:58:57.877Z,victima-linux,80792,3,audit|audit_command,RS2,Audit: Command: /usr/bin/ps.,auto_ruido,auto_ruido:ps,,,,audit_cwd=/var/ossec
ATA027,1,2026-09-29T03:58:57.880Z,victima-linux,80792,3,audit|audit_command,RS2,Audit: Command: /usr/bin/dash.,auto_ruido,auto_ruido:dash,,,,audit_cwd=/var/ossec
ATA027,1,2026-09-29T03:58:57.882Z,victima-linux,80792,3,audit|audit_command,RS2,Audit: Command: /usr/bin/ps.,auto_ruido,auto_ruido:ps,,,,audit_cwd=/var/ossec
ATA027,1,2026-09-29T03:58:57.884Z,victima-linux,80792,3,audit|audit_command,RS2,Audit: Command: /usr/bin/dash.,auto_ruido,auto_ruido:dash,,,,audit_cwd=/var/ossec
ATA027,1,2026-09-29T03:58:57.887Z,victima-linux,80792,3,audit|audit_command,RS2,Audit: Command: /usr/bin/ps.,auto_ruido,auto_ruido:ps,,,,audit_cwd=/var/ossec
ATA027,1,2026-09-29T03:58:57.889Z,victima-linux,80792,3,audit|audit_command,RS2,Audit: Command: /usr/bin/dash.,auto_ruido,auto_ruido:dash,,,,audit_cwd=/var/ossec
ATA027,1,2026-09-29T03:58:57.892Z,victima-linux,80792,3,audit|audit_command,RS2,Audit: Command: /usr/bin/ps.,auto_ruido,auto_ruido:ps,,,,audit_cwd=/var/ossec
ATA027,1,2026-09-29T03:58:57.894Z,victima-linux,80791,3,audit|audit_watch_delete|audit_watch_write,RS2,Audit: Deleted: var/run/.,auto_ruido,auto_ruido:wazuh-agentd,,,,audit_exe=/var/ossec/bin/wazuh-agentd
ATA027,1,2026-09-29T03:58:57.901Z,victima-linux,80792,3,audit|audit_command,RS2,Audit: Command: /usr/bin/dash.,auto_ruido,auto_ruido:dash,,,,audit_cwd=/var/ossec
ATA027,1,2026-09-29T03:58:57.901Z,victima-linux,80792,3,audit|audit_command,RS2,Audit: Command: /usr/bin/dash.,auto_ruido,auto_ruido:dash,,,,audit_cwd=/var/ossec
ATA027,1,2026-09-29T03:58:57.901Z,victima-linux,80792,3,audit|audit_command,RS2,Audit: Command: /usr/bin/ps.,auto_ruido,auto_ruido:ps,,,,audit_cwd=/var/ossec
ATA027,1,2026-09-29T03:58:57.903Z,victima-linux,80792,3,audit|audit_command,RS2,Audit: Command: /usr/bin/ps.,auto_ruido,auto_ruido:ps,,,,audit_cwd=/var/ossec
ATA027,1,2026-09-29T03:58:57.913Z,victima-linux,80792,3,audit|audit_command,RS2,Audit: Command: /usr/bin/dash.,auto_ruido,auto_ruido:dash,,,,audit_cwd=/var/ossec
ATA027,1,2026-09-29T03:58:57.915Z,victima-linux,80792,3,audit|audit_command,RS2,Audit: Command: /usr/bin/ps.,auto_ruido,auto_ruido:ps,,,,audit_cwd=/var/ossec
ATA027,1,2026-09-29T03:58:59.765Z,victima-linux,80792,3,audit|audit_command,RS2,Audit: Command: /usr/bin/dash.,auto_ruido,auto_ruido:dash,,,,audit_cwd=/var/ossec
ATA027,1,2026-09-29T03:58:59.765Z,victima-linux,80792,3,audit|audit_command,RS2,Audit: Command: /usr/bin/ps.,auto_ruido,auto_ruido:ps,,,,audit_cwd=/var/ossec
ATA027,1,2026-09-29T03:58:59.767Z,victima-linux,80792,3,audit|audit_command,RS2,Audit: Command: /usr/bin/dash.,auto_ruido,auto_ruido:dash,,,,audit_cwd=/var/ossec
ATA027,1,2026-09-29T03:58:59.770Z,victima-linux,80792,3,audit|audit_command,RS2,Audit: Command: /usr/bin/ps.,auto_ruido,auto_ruido:ps,,,,audit_cwd=/var/ossec
ATA027,1,2026-09-29T03:58:59.772Z,victima-linux,80792,3,audit|audit_command,RS2,Audit: Command: /usr/bin/dash.,auto_ruido,auto_ruido:dash,,,,audit_cwd=/var/ossec
ATA027,1,2026-09-29T03:58:59.775Z,victima-linux,80792,3,audit|audit_command,RS2,Audit: Command: /usr/bin/ps.,auto_ruido,auto_ruido:ps,,,,audit_cwd=/var/ossec
ATA027,1,2026-09-29T03:58:59.777Z,victima-linux,80792,3,audit|audit_command,RS2,Audit: Command: /usr/bin/dash.,auto_ruido,auto_ruido:dash,,,,audit_cwd=/var/ossec
ATA027,1,2026-09-29T03:58:59.779Z,victima-linux,80792,3,audit|audit_command,RS2,Audit: Command: /usr/bin/ps.,auto_ruido,auto_ruido:ps,,,,audit_cwd=/var/ossec
ATA027,1,2026-09-29T03:58:59.781Z,victima-linux,80792,3,audit|audit_command,RS2,Audit: Command: /usr/bin/dash.,auto_ruido,auto_ruido:dash,,,,audit_cwd=/var/ossec
ATA027,1,2026-09-29T03:58:59.783Z,victima-linux,80792,3,audit|audit_command,RS2,Audit: Command: /usr/bin/ps.,auto_ruido,auto_ruido:ps,,,,audit_cwd=/var/ossec
ATA027,1,2026-09-29T03:58:59.786Z,victima-linux,80792,3,audit|audit_command,RS2,Audit: Command: /usr/bin/dash.,auto_ruido,auto_ruido:dash,,,,audit_cwd=/var/ossec
ATA027,1,2026-09-29T03:58:59.788Z,victima-linux,80792,3,audit|audit_command,RS2,Audit: Command: /usr/bin/ps.,auto_ruido,auto_ruido:ps,,,,audit_cwd=/var/ossec
ATA027,1,2026-09-29T03:58:59.791Z,victima-linux,80792,3,audit|audit_command,RS2,Audit: Command: /usr/bin/dash.,auto_ruido,auto_ruido:dash,,,,audit_cwd=/var/ossec
ATA027,1,2026-09-29T03:58:59.793Z,victima-linux,80792,3,audit|audit_command,RS2,Audit: Command: /usr/bin/ps.,auto_ruido,auto_ruido:ps,,,,audit_cwd=/var/ossec
ATA027,1,2026-09-29T03:58:59.795Z,victima-linux,80792,3,audit|audit_command,RS2,Audit: Command: /usr/bin/dash.,auto_ruido,auto_ruido:dash,,,,audit_cwd=/var/ossec
ATA027,1,2026-09-29T03:58:59.798Z,victima-linux,80792,3,audit|audit_command,RS2,Audit: Command: /usr/bin/ps.,auto_ruido,auto_ruido:ps,,,,audit_cwd=/var/ossec
ATA027,1,2026-09-29T03:58:59.800Z,victima-linux,80792,3,audit|audit_command,RS2,Audit: Command: /usr/bin/dash.,auto_ruido,auto_ruido:dash,,,,audit_cwd=/var/ossec
ATA027,1,2026-09-29T03:58:59.802Z,victima-linux,80792,3,audit|audit_command,RS2,Audit: Command: /usr/bin/ps.,auto_ruido,auto_ruido:ps,,,,audit_cwd=/var/ossec
ATA027,1,2026-09-29T03:58:59.804Z,victima-linux,80792,3,audit|audit_command,RS2,Audit: Command: /usr/bin/dash.,auto_ruido,auto_ruido:dash,,,,audit_cwd=/var/ossec
ATA027,1,2026-09-29T03:58:59.806Z,victima-linux,80792,3,audit|audit_command,RS2,Audit: Command: /usr/bin/ps.,auto_ruido,auto_ruido:ps,,,,audit_cwd=/var/ossec
ATA027,1,2026-09-29T03:58:59.809Z,victima-linux,80792,3,audit|audit_command,RS2,Audit: Command: /usr/bin/dash.,auto_ruido,auto_ruido:dash,,,,audit_cwd=/var/ossec
ATA027,1,2026-09-29T03:58:59.811Z,victima-linux,80792,3,audit|audit_command,RS2,Audit: Command: /usr/bin/ps.,auto_ruido,auto_ruido:ps,,,,audit_cwd=/var/ossec
ATA027,1,2026-09-29T03:58:59.814Z,victima-linux,80792,3,audit|audit_command,RS2,Audit: Command: /usr/bin/dash.,auto_ruido,auto_ruido:dash,,,,audit_cwd=/var/ossec
ATA027,1,2026-09-29T03:58:59.816Z,victima-linux,80792,3,audit|audit_command,RS2,Audit: Command: /usr/bin/ps.,auto_ruido,auto_ruido:ps,,,,audit_cwd=/var/ossec
ATA027,1,2026-09-29T03:58:59.818Z,victima-linux,80792,3,audit|audit_command,RS2,Audit: Command: /usr/bin/dash.,auto_ruido,auto_ruido:dash,,,,audit_cwd=/var/ossec
ATA027,1,2026-09-29T03:58:59.820Z,victima-linux,80792,3,audit|audit_command,RS2,Audit: Command: /usr/bin/ps.,auto_ruido,auto_ruido:ps,,,,audit_cwd=/var/ossec
ATA027,1,2026-09-29T03:58:59.822Z,victima-linux,80792,3,audit|audit_command,RS2,Audit: Command: /usr/bin/dash.,auto_ruido,auto_ruido:dash,,,,audit_cwd=/var/ossec
ATA027,1,2026-09-29T03:58:59.824Z,victima-linux,80792,3,audit|audit_command,RS2,Audit: Command: /usr/bin/ps.,auto_ruido,auto_ruido:ps,,,,audit_cwd=/var/ossec
ATA027,1,2026-09-29T03:58:59.826Z,victima-linux,80792,3,audit|audit_command,RS2,Audit: Command: /usr/bin/dash.,auto_ruido,auto_ruido:dash,,,,audit_cwd=/var/ossec
ATA027,1,2026-09-29T03:58:59.829Z,victima-linux,80792,3,audit|audit_command,RS2,Audit: Command: /usr/bin/ps.,auto_ruido,auto_ruido:ps,,,,audit_cwd=/var/ossec
ATA027,1,2026-09-29T03:58:59.831Z,victima-linux,80792,3,audit|audit_command,RS2,Audit: Command: /usr/bin/dash.,auto_ruido,auto_ruido:dash,,,,audit_cwd=/var/ossec
ATA027,1,2026-09-29T03:58:59.834Z,victima-linux,80792,3,audit|audit_command,RS2,Audit: Command: /usr/bin/ps.,auto_ruido,auto_ruido:ps,,,,audit_cwd=/var/ossec
ATA027,1,2026-09-29T03:58:59.836Z,victima-linux,80792,3,audit|audit_command,RS2,Audit: Command: /usr/bin/dash.,auto_ruido,auto_ruido:dash,,,,audit_cwd=/var/ossec
ATA027,1,2026-09-29T03:58:59.838Z,victima-linux,80792,3,audit|audit_command,RS2,Audit: Command: /usr/bin/ps.,auto_ruido,auto_ruido:ps,,,,audit_cwd=/var/ossec
ATA027,1,2026-09-29T03:58:59.841Z,victima-linux,80792,3,audit|audit_command,RS2,Audit: Command: /usr/bin/dash.,auto_ruido,auto_ruido:dash,,,,audit_cwd=/var/ossec
ATA027,1,2026-09-29T03:58:59.843Z,victima-linux,80792,3,audit|audit_command,RS2,Audit: Command: /usr/bin/ps.,auto_ruido,auto_ruido:ps,,,,audit_cwd=/var/ossec
ATA027,1,2026-09-29T03:58:59.845Z,victima-linux,80792,3,audit|audit_command,RS2,Audit: Command: /usr/bin/dash.,auto_ruido,auto_ruido:dash,,,,audit_cwd=/var/ossec
ATA027,1,2026-09-29T03:58:59.848Z,victima-linux,80792,3,audit|audit_command,RS2,Audit: Command: /usr/bin/ps.,auto_ruido,auto_ruido:ps,,,,audit_cwd=/var/ossec
ATA027,1,2026-09-29T03:58:59.850Z,victima-linux,80792,3,audit|audit_command,RS2,Audit: Command: /usr/bin/dash.,auto_ruido,auto_ruido:dash,,,,audit_cwd=/var/ossec
ATA027,1,2026-09-29T03:58:59.852Z,victima-linux,80792,3,audit|audit_command,RS2,Audit: Command: /usr/bin/ps.,auto_ruido,auto_ruido:ps,,,,audit_cwd=/var/ossec
ATA027,1,2026-09-29T03:58:59.854Z,victima-linux,80792,3,audit|audit_command,RS2,Audit: Command: /usr/bin/dash.,auto_ruido,auto_ruido:dash,,,,audit_cwd=/var/ossec
ATA027,1,2026-09-29T03:58:59.856Z,victima-linux,80792,3,audit|audit_command,RS2,Audit: Command: /usr/bin/ps.,auto_ruido,auto_ruido:ps,,,,audit_cwd=/var/ossec
ATA027,1,2026-09-29T03:58:59.859Z,victima-linux,80792,3,audit|audit_command,RS2,Audit: Command: /usr/bin/dash.,auto_ruido,auto_ruido:dash,,,,audit_cwd=/var/ossec
ATA027,1,2026-09-29T03:58:59.861Z,victima-linux,80792,3,audit|audit_command,RS2,Audit: Command: /usr/bin/ps.,auto_ruido,auto_ruido:ps,,,,audit_cwd=/var/ossec
ATA027,1,2026-09-29T03:58:59.863Z,victima-linux,80792,3,audit|audit_command,RS2,Audit: Command: /usr/bin/dash.,auto_ruido,auto_ruido:dash,,,,audit_cwd=/var/ossec
ATA027,1,2026-09-29T03:58:59.865Z,victima-linux,80792,3,audit|audit_command,RS2,Audit: Command: /usr/bin/ps.,auto_ruido,auto_ruido:ps,,,,audit_cwd=/var/ossec
ATA027,1,2026-09-29T03:58:59.868Z,victima-linux,80792,3,audit|audit_command,RS2,Audit: Command: /usr/bin/dash.,auto_ruido,auto_ruido:dash,,,,audit_cwd=/var/ossec
ATA027,1,2026-09-29T03:58:59.870Z,victima-linux,80792,3,audit|audit_command,RS2,Audit: Command: /usr/bin/ps.,auto_ruido,auto_ruido:ps,,,,audit_cwd=/var/ossec
ATA027,1,2026-09-29T03:58:59.873Z,victima-linux,80792,3,audit|audit_command,RS2,Audit: Command: /usr/bin/dash.,auto_ruido,auto_ruido:dash,,,,audit_cwd=/var/ossec
ATA027,1,2026-09-29T03:58:59.875Z,victima-linux,80792,3,audit|audit_command,RS2,Audit: Command: /usr/bin/ps.,auto_ruido,auto_ruido:ps,,,,audit_cwd=/var/ossec
ATA027,1,2026-09-29T03:58:59.877Z,victima-linux,80792,3,audit|audit_command,RS2,Audit: Command: /usr/bin/dash.,auto_ruido,auto_ruido:dash,,,,audit_cwd=/var/ossec
ATA027,1,2026-09-29T03:58:59.880Z,victima-linux,80792,3,audit|audit_command,RS2,Audit: Command: /usr/bin/ps.,auto_ruido,auto_ruido:ps,,,,audit_cwd=/var/ossec
ATA027,1,2026-09-29T03:58:59.882Z,victima-linux,80792,3,audit|audit_command,RS2,Audit: Command: /usr/bin/dash.,auto_ruido,auto_ruido:dash,,,,audit_cwd=/var/ossec
ATA027,1,2026-09-29T03:58:59.884Z,victima-linux,80792,3,audit|audit_command,RS2,Audit: Command: /usr/bin/ps.,auto_ruido,auto_ruido:ps,,,,audit_cwd=/var/ossec
ATA027,1,2026-09-29T03:59:01.763Z,victima-linux,80792,3,audit|audit_command,RS2,Audit: Command: /usr/bin/dash.,auto_ruido,auto_ruido:dash,,,,audit_cwd=/var/ossec
ATA027,1,2026-09-29T03:59:01.763Z,victima-linux,80792,3,audit|audit_command,RS2,Audit: Command: /usr/bin/ps.,auto_ruido,auto_ruido:ps,,,,audit_cwd=/var/ossec
ATA027,1,2026-09-29T03:59:01.765Z,victima-linux,80792,3,audit|audit_command,RS2,Audit: Command: /usr/bin/dash.,auto_ruido,auto_ruido:dash,,,,audit_cwd=/var/ossec
ATA027,1,2026-09-29T03:59:01.768Z,victima-linux,80792,3,audit|audit_command,RS2,Audit: Command: /usr/bin/ps.,auto_ruido,auto_ruido:ps,,,,audit_cwd=/var/ossec
ATA027,1,2026-09-29T03:59:01.770Z,victima-linux,80792,3,audit|audit_command,RS2,Audit: Command: /usr/bin/dash.,auto_ruido,auto_ruido:dash,,,,audit_cwd=/var/ossec
ATA027,1,2026-09-29T03:59:01.773Z,victima-linux,80792,3,audit|audit_command,RS2,Audit: Command: /usr/bin/ps.,auto_ruido,auto_ruido:ps,,,,audit_cwd=/var/ossec
ATA027,1,2026-09-29T03:59:01.775Z,victima-linux,80792,3,audit|audit_command,RS2,Audit: Command: /usr/bin/dash.,auto_ruido,auto_ruido:dash,,,,audit_cwd=/var/ossec
ATA027,1,2026-09-29T03:59:01.779Z,victima-linux,80792,3,audit|audit_command,RS2,Audit: Command: /usr/bin/ps.,auto_ruido,auto_ruido:ps,,,,audit_cwd=/var/ossec
ATA027,1,2026-09-29T03:59:01.781Z,victima-linux,80792,3,audit|audit_command,RS2,Audit: Command: /usr/bin/dash.,auto_ruido,auto_ruido:dash,,,,audit_cwd=/var/ossec
ATA027,1,2026-09-29T03:59:01.784Z,victima-linux,80792,3,audit|audit_command,RS2,Audit: Command: /usr/bin/ps.,auto_ruido,auto_ruido:ps,,,,audit_cwd=/var/ossec
ATA027,1,2026-09-29T03:59:01.786Z,victima-linux,80792,3,audit|audit_command,RS2,Audit: Command: /usr/bin/dash.,auto_ruido,auto_ruido:dash,,,,audit_cwd=/var/ossec
ATA027,1,2026-09-29T03:59:01.788Z,victima-linux,80792,3,audit|audit_command,RS2,Audit: Command: /usr/bin/ps.,auto_ruido,auto_ruido:ps,,,,audit_cwd=/var/ossec
ATA027,1,2026-09-29T03:59:01.791Z,victima-linux,80792,3,audit|audit_command,RS2,Audit: Command: /usr/bin/dash.,auto_ruido,auto_ruido:dash,,,,audit_cwd=/var/ossec
ATA027,1,2026-09-29T03:59:01.793Z,victima-linux,80792,3,audit|audit_command,RS2,Audit: Command: /usr/bin/ps.,auto_ruido,auto_ruido:ps,,,,audit_cwd=/var/ossec
ATA027,1,2026-09-29T03:59:01.796Z,victima-linux,80792,3,audit|audit_command,RS2,Audit: Command: /usr/bin/dash.,auto_ruido,auto_ruido:dash,,,,audit_cwd=/var/ossec
ATA027,1,2026-09-29T03:59:01.798Z,victima-linux,80792,3,audit|audit_command,RS2,Audit: Command: /usr/bin/ps.,auto_ruido,auto_ruido:ps,,,,audit_cwd=/var/ossec
ATA027,1,2026-09-29T03:59:01.801Z,victima-linux,80792,3,audit|audit_command,RS2,Audit: Command: /usr/bin/dash.,auto_ruido,auto_ruido:dash,,,,audit_cwd=/var/ossec
ATA027,1,2026-09-29T03:59:01.803Z,victima-linux,80792,3,audit|audit_command,RS2,Audit: Command: /usr/bin/ps.,auto_ruido,auto_ruido:ps,,,,audit_cwd=/var/ossec
ATA027,1,2026-09-29T03:59:01.806Z,victima-linux,80792,3,audit|audit_command,RS2,Audit: Command: /usr/bin/dash.,auto_ruido,auto_ruido:dash,,,,audit_cwd=/var/ossec
ATA027,1,2026-09-29T03:59:01.808Z,victima-linux,80792,3,audit|audit_command,RS2,Audit: Command: /usr/bin/ps.,auto_ruido,auto_ruido:ps,,,,audit_cwd=/var/ossec
ATA027,1,2026-09-29T03:59:01.810Z,victima-linux,80792,3,audit|audit_command,RS2,Audit: Command: /usr/bin/dash.,auto_ruido,auto_ruido:dash,,,,audit_cwd=/var/ossec
ATA027,1,2026-09-29T03:59:01.812Z,victima-linux,80792,3,audit|audit_command,RS2,Audit: Command: /usr/bin/ps.,auto_ruido,auto_ruido:ps,,,,audit_cwd=/var/ossec
ATA027,1,2026-09-29T03:59:01.815Z,victima-linux,80792,3,audit|audit_command,RS2,Audit: Command: /usr/bin/dash.,auto_ruido,auto_ruido:dash,,,,audit_cwd=/var/ossec
ATA027,1,2026-09-29T03:59:01.817Z,victima-linux,80792,3,audit|audit_command,RS2,Audit: Command: /usr/bin/ps.,auto_ruido,auto_ruido:ps,,,,audit_cwd=/var/ossec
ATA027,1,2026-09-29T03:59:01.820Z,victima-linux,80792,3,audit|audit_command,RS2,Audit: Command: /usr/bin/dash.,auto_ruido,auto_ruido:dash,,,,audit_cwd=/var/ossec
ATA027,1,2026-09-29T03:59:01.822Z,victima-linux,80792,3,audit|audit_command,RS2,Audit: Command: /usr/bin/ps.,auto_ruido,auto_ruido:ps,,,,audit_cwd=/var/ossec
ATA027,1,2026-09-29T03:59:01.825Z,victima-linux,80792,3,audit|audit_command,RS2,Audit: Command: /usr/bin/dash.,auto_ruido,auto_ruido:dash,,,,audit_cwd=/var/ossec
ATA027,1,2026-09-29T03:59:01.827Z,victima-linux,80792,3,audit|audit_command,RS2,Audit: Command: /usr/bin/ps.,auto_ruido,auto_ruido:ps,,,,audit_cwd=/var/ossec
ATA027,1,2026-09-29T03:59:01.830Z,victima-linux,80792,3,audit|audit_command,RS2,Audit: Command: /usr/bin/dash.,auto_ruido,auto_ruido:dash,,,,audit_cwd=/var/ossec
ATA027,1,2026-09-29T03:59:01.833Z,victima-linux,80792,3,audit|audit_command,RS2,Audit: Command: /usr/bin/ps.,auto_ruido,auto_ruido:ps,,,,audit_cwd=/var/ossec
ATA027,1,2026-09-29T03:59:01.835Z,victima-linux,80792,3,audit|audit_command,RS2,Audit: Command: /usr/bin/dash.,auto_ruido,auto_ruido:dash,,,,audit_cwd=/var/ossec
ATA027,1,2026-09-29T03:59:01.837Z,victima-linux,80792,3,audit|audit_command,RS2,Audit: Command: /usr/bin/ps.,auto_ruido,auto_ruido:ps,,,,audit_cwd=/var/ossec
ATA027,1,2026-09-29T03:59:01.840Z,victima-linux,80792,3,audit|audit_command,RS2,Audit: Command: /usr/bin/dash.,auto_ruido,auto_ruido:dash,,,,audit_cwd=/var/ossec
ATA027,1,2026-09-29T03:59:01.842Z,victima-linux,80792,3,audit|audit_command,RS2,Audit: Command: /usr/bin/ps.,auto_ruido,auto_ruido:ps,,,,audit_cwd=/var/ossec
ATA027,1,2026-09-29T03:59:01.844Z,victima-linux,80792,3,audit|audit_command,RS2,Audit: Command: /usr/bin/dash.,auto_ruido,auto_ruido:dash,,,,audit_cwd=/var/ossec
ATA027,1,2026-09-29T03:59:01.846Z,victima-linux,80792,3,audit|audit_command,RS2,Audit: Command: /usr/bin/ps.,auto_ruido,auto_ruido:ps,,,,audit_cwd=/var/ossec
ATA027,1,2026-09-29T03:59:01.849Z,victima-linux,80792,3,audit|audit_command,RS2,Audit: Command: /usr/bin/dash.,auto_ruido,auto_ruido:dash,,,,audit_cwd=/var/ossec
ATA027,1,2026-09-29T03:59:01.851Z,victima-linux,80792,3,audit|audit_command,RS2,Audit: Command: /usr/bin/ps.,auto_ruido,auto_ruido:ps,,,,audit_cwd=/var/ossec
ATA027,1,2026-09-29T03:59:01.854Z,victima-linux,80792,3,audit|audit_command,RS2,Audit: Command: /usr/bin/dash.,auto_ruido,auto_ruido:dash,,,,audit_cwd=/var/ossec
ATA027,1,2026-09-29T03:59:01.857Z,victima-linux,80792,3,audit|audit_command,RS2,Audit: Command: /usr/bin/ps.,auto_ruido,auto_ruido:ps,,,,audit_cwd=/var/ossec
ATA027,1,2026-09-29T03:59:01.859Z,victima-linux,80792,3,audit|audit_command,RS2,Audit: Command: /usr/bin/dash.,auto_ruido,auto_ruido:dash,,,,audit_cwd=/var/ossec
ATA027,1,2026-09-29T03:59:01.861Z,victima-linux,80792,3,audit|audit_command,RS2,Audit: Command: /usr/bin/ps.,auto_ruido,auto_ruido:ps,,,,audit_cwd=/var/ossec
ATA027,1,2026-09-29T03:59:01.864Z,victima-linux,80792,3,audit|audit_command,RS2,Audit: Command: /usr/bin/dash.,auto_ruido,auto_ruido:dash,,,,audit_cwd=/var/ossec
ATA027,1,2026-09-29T03:59:01.866Z,victima-linux,80792,3,audit|audit_command,RS2,Audit: Command: /usr/bin/ps.,auto_ruido,auto_ruido:ps,,,,audit_cwd=/var/ossec
ATA027,1,2026-09-29T03:59:01.868Z,victima-linux,80792,3,audit|audit_command,RS2,Audit: Command: /usr/bin/dash.,auto_ruido,auto_ruido:dash,,,,audit_cwd=/var/ossec
ATA027,1,2026-09-29T03:59:01.871Z,victima-linux,80792,3,audit|audit_command,RS2,Audit: Command: /usr/bin/ps.,auto_ruido,auto_ruido:ps,,,,audit_cwd=/var/ossec
ATA027,1,2026-09-29T03:59:01.873Z,victima-linux,80792,3,audit|audit_command,RS2,Audit: Command: /usr/bin/dash.,auto_ruido,auto_ruido:dash,,,,audit_cwd=/var/ossec
ATA027,1,2026-09-29T03:59:01.876Z,victima-linux,80792,3,audit|audit_command,RS2,Audit: Command: /usr/bin/ps.,auto_ruido,auto_ruido:ps,,,,audit_cwd=/var/ossec
ATA027,1,2026-09-29T03:59:01.878Z,victima-linux,80792,3,audit|audit_command,RS2,Audit: Command: /usr/bin/dash.,auto_ruido,auto_ruido:dash,,,,audit_cwd=/var/ossec
ATA027,1,2026-09-29T03:59:01.881Z,victima-linux,80792,3,audit|audit_command,RS2,Audit: Command: /usr/bin/ps.,auto_ruido,auto_ruido:ps,,,,audit_cwd=/var/ossec
ATA027,1,2026-09-29T03:59:01.883Z,victima-linux,80792,3,audit|audit_command,RS2,Audit: Command: /usr/bin/dash.,auto_ruido,auto_ruido:dash,,,,audit_cwd=/var/ossec
ATA027,1,2026-09-29T03:59:01.886Z,victima-linux,80792,3,audit|audit_command,RS2,Audit: Command: /usr/bin/ps.,auto_ruido,auto_ruido:ps,,,,audit_cwd=/var/ossec
ATA027,1,2026-09-29T03:59:01.888Z,victima-linux,80792,3,audit|audit_command,RS2,Audit: Command: /usr/bin/dash.,auto_ruido,auto_ruido:dash,,,,audit_cwd=/var/ossec
ATA027,1,2026-09-29T03:59:01.891Z,victima-linux,80792,3,audit|audit_command,RS2,Audit: Command: /usr/bin/ps.,auto_ruido,auto_ruido:ps,,,,audit_cwd=/var/ossec
ATA027,1,2026-09-29T03:59:03.759Z,victima-linux,80792,3,audit|audit_command,RS2,Audit: Command: /usr/bin/dash.,auto_ruido,auto_ruido:dash,,,,audit_cwd=/var/ossec
ATA027,1,2026-09-29T03:59:03.759Z,victima-linux,80792,3,audit|audit_command,RS2,Audit: Command: /usr/bin/ps.,auto_ruido,auto_ruido:ps,,,,audit_cwd=/var/ossec
ATA027,1,2026-09-29T03:59:03.762Z,victima-linux,80792,3,audit|audit_command,RS2,Audit: Command: /usr/bin/dash.,auto_ruido,auto_ruido:dash,,,,audit_cwd=/var/ossec
ATA027,1,2026-09-29T03:59:03.764Z,victima-linux,80792,3,audit|audit_command,RS2,Audit: Command: /usr/bin/ps.,auto_ruido,auto_ruido:ps,,,,audit_cwd=/var/ossec
ATA027,1,2026-09-29T03:59:03.767Z,victima-linux,80792,3,audit|audit_command,RS2,Audit: Command: /usr/bin/dash.,auto_ruido,auto_ruido:dash,,,,audit_cwd=/var/ossec
ATA027,1,2026-09-29T03:59:03.769Z,victima-linux,80792,3,audit|audit_command,RS2,Audit: Command: /usr/bin/ps.,auto_ruido,auto_ruido:ps,,,,audit_cwd=/var/ossec
ATA027,1,2026-09-29T03:59:03.771Z,victima-linux,80792,3,audit|audit_command,RS2,Audit: Command: /usr/bin/dash.,auto_ruido,auto_ruido:dash,,,,audit_cwd=/var/ossec
ATA027,1,2026-09-29T03:59:03.774Z,victima-linux,80792,3,audit|audit_command,RS2,Audit: Command: /usr/bin/ps.,auto_ruido,auto_ruido:ps,,,,audit_cwd=/var/ossec
ATA027,1,2026-09-29T03:59:03.776Z,victima-linux,80792,3,audit|audit_command,RS2,Audit: Command: /usr/bin/dash.,auto_ruido,auto_ruido:dash,,,,audit_cwd=/var/ossec
ATA027,1,2026-09-29T03:59:03.779Z,victima-linux,80792,3,audit|audit_command,RS2,Audit: Command: /usr/bin/ps.,auto_ruido,auto_ruido:ps,,,,audit_cwd=/var/ossec
ATA027,1,2026-09-29T03:59:03.781Z,victima-linux,80792,3,audit|audit_command,RS2,Audit: Command: /usr/bin/dash.,auto_ruido,auto_ruido:dash,,,,audit_cwd=/var/ossec
ATA027,1,2026-09-29T03:59:03.784Z,victima-linux,80792,3,audit|audit_command,RS2,Audit: Command: /usr/bin/ps.,auto_ruido,auto_ruido:ps,,,,audit_cwd=/var/ossec
ATA027,1,2026-09-29T03:59:03.786Z,victima-linux,80792,3,audit|audit_command,RS2,Audit: Command: /usr/bin/dash.,auto_ruido,auto_ruido:dash,,,,audit_cwd=/var/ossec
ATA027,1,2026-09-29T03:59:03.789Z,victima-linux,80792,3,audit|audit_command,RS2,Audit: Command: /usr/bin/ps.,auto_ruido,auto_ruido:ps,,,,audit_cwd=/var/ossec
ATA027,1,2026-09-29T03:59:03.791Z,victima-linux,80792,3,audit|audit_command,RS2,Audit: Command: /usr/bin/dash.,auto_ruido,auto_ruido:dash,,,,audit_cwd=/var/ossec
ATA027,1,2026-09-29T03:59:03.794Z,victima-linux,80792,3,audit|audit_command,RS2,Audit: Command: /usr/bin/ps.,auto_ruido,auto_ruido:ps,,,,audit_cwd=/var/ossec
ATA027,1,2026-09-29T03:59:03.796Z,victima-linux,80792,3,audit|audit_command,RS2,Audit: Command: /usr/bin/dash.,auto_ruido,auto_ruido:dash,,,,audit_cwd=/var/ossec
ATA027,1,2026-09-29T03:59:03.799Z,victima-linux,80792,3,audit|audit_command,RS2,Audit: Command: /usr/bin/ps.,auto_ruido,auto_ruido:ps,,,,audit_cwd=/var/ossec
ATA027,1,2026-09-29T03:59:03.801Z,victima-linux,80792,3,audit|audit_command,RS2,Audit: Command: /usr/bin/dash.,auto_ruido,auto_ruido:dash,,,,audit_cwd=/var/ossec
ATA027,1,2026-09-29T03:59:03.804Z,victima-linux,80792,3,audit|audit_command,RS2,Audit: Command: /usr/bin/ps.,auto_ruido,auto_ruido:ps,,,,audit_cwd=/var/ossec
ATA027,1,2026-09-29T03:59:03.806Z,victima-linux,80791,3,audit|audit_watch_delete|audit_watch_write,RS2,Audit: Deleted: var/run/.,auto_ruido,auto_ruido:wazuh-agentd,,,,audit_exe=/var/ossec/bin/wazuh-agentd
ATA027,1,2026-09-29T03:59:03.814Z,victima-linux,80792,3,audit|audit_command,RS2,Audit: Command: /usr/bin/dash.,auto_ruido,auto_ruido:dash,,,,audit_cwd=/var/ossec
ATA027,1,2026-09-29T03:59:03.814Z,victima-linux,80792,3,audit|audit_command,RS2,Audit: Command: /usr/bin/dash.,auto_ruido,auto_ruido:dash,,,,audit_cwd=/var/ossec
ATA027,1,2026-09-29T03:59:03.814Z,victima-linux,80792,3,audit|audit_command,RS2,Audit: Command: /usr/bin/ps.,auto_ruido,auto_ruido:ps,,,,audit_cwd=/var/ossec
ATA027,1,2026-09-29T03:59:03.816Z,victima-linux,80792,3,audit|audit_command,RS2,Audit: Command: /usr/bin/ps.,auto_ruido,auto_ruido:ps,,,,audit_cwd=/var/ossec
ATA027,1,2026-09-29T03:59:03.819Z,victima-linux,80792,3,audit|audit_command,RS2,Audit: Command: /usr/bin/dash.,auto_ruido,auto_ruido:dash,,,,audit_cwd=/var/ossec
ATA027,1,2026-09-29T03:59:03.821Z,victima-linux,80792,3,audit|audit_command,RS2,Audit: Command: /usr/bin/ps.,auto_ruido,auto_ruido:ps,,,,audit_cwd=/var/ossec
ATA027,1,2026-09-29T03:59:03.824Z,victima-linux,80792,3,audit|audit_command,RS2,Audit: Command: /usr/bin/dash.,auto_ruido,auto_ruido:dash,,,,audit_cwd=/var/ossec
ATA027,1,2026-09-29T03:59:03.826Z,victima-linux,80792,3,audit|audit_command,RS2,Audit: Command: /usr/bin/ps.,auto_ruido,auto_ruido:ps,,,,audit_cwd=/var/ossec
ATA027,1,2026-09-29T03:59:03.829Z,victima-linux,80792,3,audit|audit_command,RS2,Audit: Command: /usr/bin/dash.,auto_ruido,auto_ruido:dash,,,,audit_cwd=/var/ossec
ATA027,1,2026-09-29T03:59:03.831Z,victima-linux,80792,3,audit|audit_command,RS2,Audit: Command: /usr/bin/ps.,auto_ruido,auto_ruido:ps,,,,audit_cwd=/var/ossec
ATA027,1,2026-09-29T03:59:03.834Z,victima-linux,80792,3,audit|audit_command,RS2,Audit: Command: /usr/bin/dash.,auto_ruido,auto_ruido:dash,,,,audit_cwd=/var/ossec
ATA027,1,2026-09-29T03:59:03.836Z,victima-linux,80792,3,audit|audit_command,RS2,Audit: Command: /usr/bin/ps.,auto_ruido,auto_ruido:ps,,,,audit_cwd=/var/ossec
ATA027,1,2026-09-29T03:59:03.839Z,victima-linux,80792,3,audit|audit_command,RS2,Audit: Command: /usr/bin/dash.,auto_ruido,auto_ruido:dash,,,,audit_cwd=/var/ossec
ATA027,1,2026-09-29T03:59:03.841Z,victima-linux,80792,3,audit|audit_command,RS2,Audit: Command: /usr/bin/ps.,auto_ruido,auto_ruido:ps,,,,audit_cwd=/var/ossec
ATA027,1,2026-09-29T03:59:03.843Z,victima-linux,80792,3,audit|audit_command,RS2,Audit: Command: /usr/bin/dash.,auto_ruido,auto_ruido:dash,,,,audit_cwd=/var/ossec
ATA027,1,2026-09-29T03:59:03.846Z,victima-linux,80792,3,audit|audit_command,RS2,Audit: Command: /usr/bin/ps.,auto_ruido,auto_ruido:ps,,,,audit_cwd=/var/ossec
ATA027,1,2026-09-29T03:59:03.848Z,victima-linux,80792,3,audit|audit_command,RS2,Audit: Command: /usr/bin/dash.,auto_ruido,auto_ruido:dash,,,,audit_cwd=/var/ossec
ATA027,1,2026-09-29T03:59:03.851Z,victima-linux,80792,3,audit|audit_command,RS2,Audit: Command: /usr/bin/ps.,auto_ruido,auto_ruido:ps,,,,audit_cwd=/var/ossec
ATA027,1,2026-09-29T03:59:03.853Z,victima-linux,80792,3,audit|audit_command,RS2,Audit: Command: /usr/bin/dash.,auto_ruido,auto_ruido:dash,,,,audit_cwd=/var/ossec
ATA027,1,2026-09-29T03:59:03.856Z,victima-linux,80792,3,audit|audit_command,RS2,Audit: Command: /usr/bin/ps.,auto_ruido,auto_ruido:ps,,,,audit_cwd=/var/ossec
ATA027,1,2026-09-29T03:59:03.858Z,victima-linux,80792,3,audit|audit_command,RS2,Audit: Command: /usr/bin/dash.,auto_ruido,auto_ruido:dash,,,,audit_cwd=/var/ossec
ATA027,1,2026-09-29T03:59:03.861Z,victima-linux,80792,3,audit|audit_command,RS2,Audit: Command: /usr/bin/ps.,auto_ruido,auto_ruido:ps,,,,audit_cwd=/var/ossec
ATA027,1,2026-09-29T03:59:07.755Z,victima-linux,80791,3,audit|audit_watch_delete|audit_watch_write,RS2,Audit: Deleted: /run/user/1000/systemd/units/invocation:dbus.socket.,ruido_conocido,baseline,,,,rule_id=80791
ATA027,1,2026-09-29T03:59:07.755Z,victima-linux,80791,3,audit|audit_watch_delete|audit_watch_write,RS2,Audit: Deleted: /run/systemd/users/.,ruido_conocido,baseline,,,,rule_id=80791
ATA027,1,2026-09-29T03:59:07.762Z,victima-linux,80792,3,audit|audit_command,RS2,Audit: Command: /usr/bin/systemctl.,ruido_conocido,baseline,,,,rule_id=80792
ATA027,1,2026-09-29T03:59:07.762Z,victima-linux,80792,3,audit|audit_command,RS2,Audit: Command: /usr/lib/systemd/systemd-executor.,ruido_conocido,baseline,,,,rule_id=80792
ATA027,1,2026-09-29T03:59:07.762Z,victima-linux,80792,3,audit|audit_command,RS2,Audit: Command: /usr/lib/systemd/systemd-executor.,ruido_conocido,baseline,,,,rule_id=80792
ATA027,1,2026-09-29T03:59:07.768Z,victima-linux,80791,3,audit|audit_watch_delete|audit_watch_write,RS2,Audit: Deleted: /run/user/1000/systemd/units/invocation:gpg-agent-ssh.socket.,ruido_conocido,baseline,,,,rule_id=80791
ATA027,1,2026-09-29T03:59:07.768Z,victima-linux,80792,3,audit|audit_command,RS2,Audit: Command: /usr/bin/systemctl.,ruido_conocido,baseline,,,,rule_id=80792
ATA027,1,2026-09-29T03:59:07.769Z,victima-linux,80791,3,audit|audit_watch_delete|audit_watch_write,RS2,Audit: Deleted: init.scope.,ruido_conocido,baseline,,,,rule_id=80791
ATA027,1,2026-09-29T03:59:07.775Z,victima-linux,80791,3,audit|audit_watch_delete|audit_watch_write,RS2,Audit: Deleted: app-snap\x2duserd\x2dautostart@autostart.service.,ruido_conocido,baseline,,,,rule_id=80791
ATA027,1,2026-09-29T03:59:07.775Z,victima-linux,80791,3,audit|audit_watch_delete|audit_watch_write,RS2,Audit: Deleted: app-xdg\x2duser\x2ddirs@autostart.service.,ruido_conocido,baseline,,,,rule_id=80791
ATA027,1,2026-09-29T03:59:07.775Z,victima-linux,80791,3,audit|audit_watch_delete|audit_watch_write,RS2,Audit: Deleted: app-xdg\x2duser\x2ddirs@autostart.service.,ruido_conocido,baseline,,,,rule_id=80791
ATA027,1,2026-09-29T03:59:07.782Z,victima-linux,80791,3,audit|audit_watch_delete|audit_watch_write,RS2,Audit: Deleted: /run/user/1000/systemd/generator.late.,ruido_conocido,baseline,,,,rule_id=80791
ATA027,1,2026-09-29T03:59:07.782Z,victima-linux,80791,3,audit|audit_watch_delete|audit_watch_write,RS2,Audit: Deleted: app-snap\x2duserd\x2dautostart@autostart.service.,ruido_conocido,baseline,,,,rule_id=80791
ATA027,1,2026-09-29T03:59:07.782Z,victima-linux,80791,3,audit|audit_watch_delete|audit_watch_write,RS2,Audit: Deleted: xdg-desktop-autostart.target.wants.,ruido_conocido,baseline,,,,rule_id=80791
ATA027,1,2026-09-29T03:59:07.789Z,victima-linux,80791,3,audit|audit_watch_delete|audit_watch_write,RS2,Audit: Deleted: /run/systemd/users/.,ruido_conocido,baseline,,,,rule_id=80791
ATA027,1,2026-09-29T03:59:07.790Z,victima-linux,80792,3,audit|audit_command,RS2,Audit: Command: /usr/lib/systemd/systemd-executor.,ruido_conocido,baseline,,,,rule_id=80792
ATA027,1,2026-09-29T03:59:07.796Z,victima-linux,80791,3,audit|audit_watch_delete|audit_watch_write,RS2,Audit: Deleted: /run/systemd/users/1000.,ruido_conocido,baseline,,,,rule_id=80791
ATA027,1,2026-09-29T03:59:07.796Z,victima-linux,80791,3,audit|audit_watch_delete|audit_watch_write,RS2,Audit: Deleted: snapd-session-agent.socket.,ruido_conocido,baseline,,,,rule_id=80791
ATA027,1,2026-09-29T03:59:07.796Z,victima-linux,80792,3,audit|audit_command,RS2,Audit: Command: /usr/lib/systemd/systemd-user-runtime-dir.,ruido_conocido,baseline,,,,rule_id=80792
ATA027,1,2026-09-29T03:59:07.803Z,victima-linux,80791,3,audit|audit_watch_delete|audit_watch_write,RS2,Audit: Deleted: S.gpg-agent.ssh.,ruido_conocido,baseline,,,,rule_id=80791
ATA027,1,2026-09-29T03:59:07.803Z,victima-linux,80791,3,audit|audit_watch_delete|audit_watch_write,RS2,Audit: Deleted: S.keyboxd.,ruido_conocido,baseline,,,,rule_id=80791
ATA027,1,2026-09-29T03:59:07.803Z,victima-linux,80791,3,audit|audit_watch_delete|audit_watch_write,RS2,Audit: Deleted: pk-debconf-socket.,ruido_conocido,baseline,,,,rule_id=80791
ATA027,1,2026-09-29T03:59:07.810Z,victima-linux,80791,3,audit|audit_watch_delete|audit_watch_write,RS2,Audit: Deleted: S.gpg-agent.,ruido_conocido,baseline,,,,rule_id=80791
ATA027,1,2026-09-29T03:59:07.810Z,victima-linux,80791,3,audit|audit_watch_delete|audit_watch_write,RS2,Audit: Deleted: S.gpg-agent.browser.,ruido_conocido,baseline,,,,rule_id=80791
ATA027,1,2026-09-29T03:59:07.810Z,victima-linux,80791,3,audit|audit_watch_delete|audit_watch_write,RS2,Audit: Deleted: S.gpg-agent.extra.,ruido_conocido,baseline,,,,rule_id=80791
ATA027,1,2026-09-29T03:59:07.817Z,victima-linux,80791,3,audit|audit_watch_delete|audit_watch_write,RS2,Audit: Deleted: S.dirmngr.,ruido_conocido,baseline,,,,rule_id=80791
ATA027,1,2026-09-29T03:59:07.817Z,victima-linux,80791,3,audit|audit_watch_delete|audit_watch_write,RS2,Audit: Deleted: bus.,ruido_conocido,baseline,,,,rule_id=80791
ATA027,1,2026-09-29T03:59:07.817Z,victima-linux,80791,3,audit|audit_watch_delete|audit_watch_write,RS2,Audit: Deleted: gnupg.,ruido_conocido,baseline,,,,rule_id=80791
ATA027,1,2026-09-29T03:59:07.824Z,victima-linux,80791,3,audit|audit_watch_delete|audit_watch_write,RS2,Audit: Deleted: notify.,ruido_conocido,baseline,,,,rule_id=80791
ATA027,1,2026-09-29T03:59:07.824Z,victima-linux,80791,3,audit|audit_watch_delete|audit_watch_write,RS2,Audit: Deleted: private.,ruido_conocido,baseline,,,,rule_id=80791
ATA027,1,2026-09-29T03:59:07.824Z,victima-linux,80791,3,audit|audit_watch_delete|audit_watch_write,RS2,Audit: Deleted: units.,ruido_conocido,baseline,,,,rule_id=80791
ATA027,1,2026-09-29T03:59:07.831Z,victima-linux,80791,3,audit|audit_watch_delete|audit_watch_write,RS2,Audit: Deleted: .os-release-stage.,ruido_conocido,baseline,,,,rule_id=80791
ATA027,1,2026-09-29T03:59:07.831Z,victima-linux,80791,3,audit|audit_watch_delete|audit_watch_write,RS2,Audit: Deleted: os-release.,ruido_conocido,baseline,,,,rule_id=80791
ATA027,1,2026-09-29T03:59:07.832Z,victima-linux,80791,3,audit|audit_watch_delete|audit_watch_write,RS2,Audit: Deleted: propagate.,ruido_conocido,baseline,,,,rule_id=80791
ATA027,1,2026-09-29T03:59:07.838Z,victima-linux,80791,3,audit|audit_watch_delete|audit_watch_write,RS2,Audit: Deleted: chr.,ruido_conocido,baseline,,,,rule_id=80791
ATA027,1,2026-09-29T03:59:07.838Z,victima-linux,80791,3,audit|audit_watch_delete|audit_watch_write,RS2,Audit: Deleted: sock.,ruido_conocido,baseline,,,,rule_id=80791
ATA027,1,2026-09-29T03:59:07.839Z,victima-linux,80791,3,audit|audit_watch_delete|audit_watch_write,RS2,Audit: Deleted: fifo.,ruido_conocido,baseline,,,,rule_id=80791
ATA027,1,2026-09-29T03:59:07.845Z,victima-linux,80791,3,audit|audit_watch_delete|audit_watch_write,RS2,Audit: Deleted: dir.,ruido_conocido,baseline,,,,rule_id=80791
ATA027,1,2026-09-29T03:59:07.845Z,victima-linux,80791,3,audit|audit_watch_delete|audit_watch_write,RS2,Audit: Deleted: inaccessible.,ruido_conocido,baseline,,,,rule_id=80791
ATA027,1,2026-09-29T03:59:07.845Z,victima-linux,80791,3,audit|audit_watch_delete|audit_watch_write,RS2,Audit: Deleted: reg.,ruido_conocido,baseline,,,,rule_id=80791
ATA027,1,2026-09-29T03:59:07.852Z,victima-linux,80791,3,audit|audit_watch_delete|audit_watch_write,RS2,Audit: Deleted: systemd.,ruido_conocido,baseline,,,,rule_id=80791
ATA027,1,2026-09-29T03:59:07.853Z,victima-linux,80791,3,audit|audit_watch_delete|audit_watch_write,RS2,Audit: Deleted: /run/user/1000.,ruido_conocido,baseline,,,,rule_id=80791
ATA027,1,2026-09-29T03:59:07.869Z,victima-linux,80791,3,audit|audit_watch_delete|audit_watch_write,RS2,Audit: Deleted: var/run/.,auto_ruido,auto_ruido:wazuh-agentd,,,,audit_exe=/var/ossec/bin/wazuh-agentd
