timestamp_utc,agent_name,rule_id,rule_level,rule_description,rule_groups,rs_origen,audit_exe,audit_cwd,audit_key,audit_type,audit_file,audit_dir,syscheck_path,srcip,srcuser,dstuser
2026-10-02T01:37:36.524Z,victima-linux,80792,3,Audit: Command: /usr/bin/dash.,audit|audit_command,RS2,/usr/bin/dash,/var/ossec,audit-wazuh-c,SYSCALL,/bin/sh,,,,,
2026-10-02T01:37:36.526Z,victima-linux,80792,3,Audit: Command: /usr/bin/dash.,audit|audit_command,RS2,/usr/bin/dash,/var/ossec,audit-wazuh-c,SYSCALL,/bin/sh,,,,,
2026-10-02T01:37:36.526Z,victima-linux,80792,3,Audit: Command: /usr/bin/ps.,audit|audit_command,RS2,/usr/bin/ps,/var/ossec,audit-wazuh-c,SYSCALL,/bin/ps,,,,,
2026-10-02T01:37:36.529Z,victima-linux,80792,3,Audit: Command: /usr/bin/ps.,audit|audit_command,RS2,/usr/bin/ps,/var/ossec,audit-wazuh-c,SYSCALL,/bin/ps,,,,,
2026-10-02T01:37:36.531Z,victima-linux,80792,3,Audit: Command: /usr/bin/dash.,audit|audit_command,RS2,/usr/bin/dash,/var/ossec,audit-wazuh-c,SYSCALL,/bin/sh,,,,,
2026-10-02T01:37:36.533Z,victima-linux,80792,3,Audit: Command: /usr/bin/ps.,audit|audit_command,RS2,/usr/bin/ps,/var/ossec,audit-wazuh-c,SYSCALL,/bin/ps,,,,,
2026-10-02T01:37:36.536Z,victima-linux,80792,3,Audit: Command: /usr/bin/dash.,audit|audit_command,RS2,/usr/bin/dash,/var/ossec,audit-wazuh-c,SYSCALL,/bin/sh,,,,,
2026-10-02T01:37:36.538Z,victima-linux,80792,3,Audit: Command: /usr/bin/ps.,audit|audit_command,RS2,/usr/bin/ps,/var/ossec,audit-wazuh-c,SYSCALL,/bin/ps,,,,,
2026-10-02T01:37:36.540Z,victima-linux,80792,3,Audit: Command: /usr/bin/dash.,audit|audit_command,RS2,/usr/bin/dash,/var/ossec,audit-wazuh-c,SYSCALL,/bin/sh,,,,,
2026-10-02T01:37:36.542Z,victima-linux,80792,3,Audit: Command: /usr/bin/ps.,audit|audit_command,RS2,/usr/bin/ps,/var/ossec,audit-wazuh-c,SYSCALL,/bin/ps,,,,,
2026-10-02T01:37:36.544Z,victima-linux,80792,3,Audit: Command: /usr/bin/dash.,audit|audit_command,RS2,/usr/bin/dash,/var/ossec,audit-wazuh-c,SYSCALL,/bin/sh,,,,,
2026-10-02T01:37:36.546Z,victima-linux,80792,3,Audit: Command: /usr/bin/ps.,audit|audit_command,RS2,/usr/bin/ps,/var/ossec,audit-wazuh-c,SYSCALL,/bin/ps,,,,,
2026-10-02T01:37:36.549Z,victima-linux,80792,3,Audit: Command: /usr/bin/dash.,audit|audit_command,RS2,/usr/bin/dash,/var/ossec,audit-wazuh-c,SYSCALL,/bin/sh,,,,,
2026-10-02T01:37:36.551Z,victima-linux,80792,3,Audit: Command: /usr/bin/ps.,audit|audit_command,RS2,/usr/bin/ps,/var/ossec,audit-wazuh-c,SYSCALL,/bin/ps,,,,,
2026-10-02T01:37:36.554Z,victima-linux,80792,3,Audit: Command: /usr/bin/dash.,audit|audit_command,RS2,/usr/bin/dash,/var/ossec,audit-wazuh-c,SYSCALL,/bin/sh,,,,,
2026-10-02T01:37:36.557Z,victima-linux,80792,3,Audit: Command: /usr/bin/ps.,audit|audit_command,RS2,/usr/bin/ps,/var/ossec,audit-wazuh-c,SYSCALL,/bin/ps,,,,,
2026-10-02T01:37:36.559Z,victima-linux,80792,3,Audit: Command: /usr/bin/dash.,audit|audit_command,RS2,/usr/bin/dash,/var/ossec,audit-wazuh-c,SYSCALL,/bin/sh,,,,,
2026-10-02T01:37:36.562Z,victima-linux,80792,3,Audit: Command: /usr/bin/ps.,audit|audit_command,RS2,/usr/bin/ps,/var/ossec,audit-wazuh-c,SYSCALL,/bin/ps,,,,,
2026-10-02T01:37:36.564Z,victima-linux,80792,3,Audit: Command: /usr/sbin/sshd.,audit|audit_command,RS2,/usr/sbin/sshd,/,audit-wazuh-c,SYSCALL,/usr/sbin/sshd,,,,,
2026-10-02T01:37:36.567Z,victima-linux,80792,3,Audit: Command: /usr/bin/dash.,audit|audit_command,RS2,/usr/bin/dash,/var/ossec,audit-wazuh-c,SYSCALL,/bin/sh,,,,,
2026-10-02T01:37:36.569Z,victima-linux,80792,3,Audit: Command: /usr/bin/ps.,audit|audit_command,RS2,/usr/bin/ps,/var/ossec,audit-wazuh-c,SYSCALL,/bin/ps,,,,,
2026-10-02T01:37:36.572Z,victima-linux,80792,3,Audit: Command: /usr/bin/dash.,audit|audit_command,RS2,/usr/bin/dash,/var/ossec,audit-wazuh-c,SYSCALL,/bin/sh,,,,,
2026-10-02T01:37:36.574Z,victima-linux,80792,3,Audit: Command: /usr/bin/ps.,audit|audit_command,RS2,/usr/bin/ps,/var/ossec,audit-wazuh-c,SYSCALL,/bin/ps,,,,,
2026-10-02T01:37:36.581Z,victima-linux,80780,3,Audit: Watch - Write access.,audit|audit_watch_write,RS2,/usr/sbin/sshd,,audit-wazuh-w,SYSCALL,,,,,,
2026-10-02T01:37:36.585Z,victima-linux,80791,3,Audit: Deleted: /run/systemd/sessions/.,audit|audit_watch_delete|audit_watch_write,RS2,/usr/lib/systemd/systemd-logind,/,audit-wazuh-w,SYSCALL,/run/systemd/sessions/,/run/systemd/sessions/,,,,
2026-10-02T01:37:36.587Z,victima-linux,80791,3,Audit: Deleted: /run/systemd/users/.,audit|audit_watch_delete|audit_watch_write,RS2,/usr/lib/systemd/systemd-logind,/,audit-wazuh-w,SYSCALL,/run/systemd/users/,/run/systemd/users/,,,,
2026-10-02T01:37:36.590Z,victima-linux,80791,3,Audit: Deleted: /run/systemd/sessions/.,audit|audit_watch_delete|audit_watch_write,RS2,/usr/lib/systemd/systemd-logind,/,audit-wazuh-w,SYSCALL,/run/systemd/sessions/,/run/systemd/sessions/,,,,
2026-10-02T01:37:36.596Z,victima-linux,80791,3,Audit: Deleted: /run/systemd/sessions/.,audit|audit_watch_delete|audit_watch_write,RS2,/usr/lib/systemd/systemd-logind,/,audit-wazuh-w,SYSCALL,/run/systemd/sessions/,/run/systemd/sessions/,,,,
2026-10-02T01:37:36.597Z,victima-linux,80791,3,Audit: Deleted: /run/systemd/users/.,audit|audit_watch_delete|audit_watch_write,RS2,/usr/lib/systemd/systemd-logind,/,audit-wazuh-w,SYSCALL,/run/systemd/users/,/run/systemd/users/,,,,
2026-10-02T01:37:36.597Z,victima-linux,80792,3,Audit: Command: /usr/bin/dash.,audit|audit_command,RS2,/usr/bin/dash,/,audit-wazuh-c,SYSCALL,/bin/sh,,,,,
2026-10-02T01:37:36.599Z,victima-linux,80792,3,Audit: Command: /usr/bin/env.,audit|audit_command,RS2,/usr/bin/env,/,audit-wazuh-c,SYSCALL,/usr/bin/env,,,,,
2026-10-02T01:37:36.601Z,victima-linux,80792,3,Audit: Command: /usr/bin/env.,audit|audit_command,RS2,/usr/bin/env,/,audit-wazuh-c,SYSCALL,,,,,,
2026-10-02T01:37:36.603Z,victima-linux,80792,3,Audit: Command: /usr/bin/env.,audit|audit_command,RS2,/usr/bin/env,/,audit-wazuh-c,SYSCALL,,,,,,
2026-10-02T01:37:36.611Z,victima-linux,80792,3,Audit: Command: /usr/bin/dash.,audit|audit_command,RS2,/usr/bin/dash,/,audit-wazuh-c,SYSCALL,/etc/update-motd.d/00-header,,,,,
2026-10-02T01:37:36.611Z,victima-linux,80792,3,Audit: Command: /usr/bin/env.,audit|audit_command,RS2,/usr/bin/env,/,audit-wazuh-c,SYSCALL,,,,,,
2026-10-02T01:37:36.611Z,victima-linux,80792,3,Audit: Command: /usr/bin/run-parts.,audit|audit_command,RS2,/usr/bin/run-parts,/,audit-wazuh-c,SYSCALL,/usr/bin/run-parts,,,,,
2026-10-02T01:37:36.613Z,victima-linux,80792,3,Audit: Command: /usr/bin/uname.,audit|audit_command,RS2,/usr/bin/uname,/,audit-wazuh-c,SYSCALL,/usr/bin/uname,,,,,
2026-10-02T01:37:36.616Z,victima-linux,80792,3,Audit: Command: /usr/bin/uname.,audit|audit_command,RS2,/usr/bin/uname,/,audit-wazuh-c,SYSCALL,/usr/bin/uname,,,,,
2026-10-02T01:37:36.623Z,victima-linux,80792,3,Audit: Command: /usr/bin/dash.,audit|audit_command,RS2,/usr/bin/dash,/,audit-wazuh-c,SYSCALL,/etc/update-motd.d/10-help-text,,,,,
2026-10-02T01:37:36.623Z,victima-linux,80792,3,Audit: Command: /usr/bin/dash.,audit|audit_command,RS2,/usr/bin/dash,/,audit-wazuh-c,SYSCALL,/etc/update-motd.d/50-landscape-sysinfo,,,,,
2026-10-02T01:37:36.623Z,victima-linux,80792,3,Audit: Command: /usr/bin/uname.,audit|audit_command,RS2,/usr/bin/uname,/,audit-wazuh-c,SYSCALL,/usr/bin/uname,,,,,
2026-10-02T01:37:36.626Z,victima-linux,80792,3,Audit: Command: /usr/bin/find.,audit|audit_command,RS2,/usr/bin/find,/,audit-wazuh-c,SYSCALL,/usr/bin/find,,,,,
2026-10-02T01:37:36.628Z,victima-linux,80792,3,Audit: Command: /usr/bin/cat.,audit|audit_command,RS2,/usr/bin/cat,/,audit-wazuh-c,SYSCALL,/usr/bin/cat,,,,,
2026-10-02T01:37:36.631Z,victima-linux,80792,3,Audit: Command: /usr/bin/dash.,audit|audit_command,RS2,/usr/bin/dash,/,audit-wazuh-c,SYSCALL,/etc/update-motd.d/50-motd-news,,,,,
2026-10-02T01:37:36.633Z,victima-linux,80792,3,Audit: Command: /usr/bin/cat.,audit|audit_command,RS2,/usr/bin/cat,/,audit-wazuh-c,SYSCALL,/usr/bin/cat,,,,,
2026-10-02T01:37:36.635Z,victima-linux,80792,3,Audit: Command: /usr/bin/head.,audit|audit_command,RS2,/usr/bin/head,/,audit-wazuh-c,SYSCALL,/usr/bin/head,,,,,
2026-10-02T01:37:36.638Z,victima-linux,80792,3,Audit: Command: /usr/bin/tr.,audit|audit_command,RS2,/usr/bin/tr,,audit-wazuh-c,SYSCALL,,,,,,
2026-10-02T01:37:36.640Z,victima-linux,80792,3,Audit: Command: /usr/bin/cut.,audit|audit_command,RS2,/usr/bin/cut,/,audit-wazuh-c,SYSCALL,/usr/bin/cut,,,,,
2026-10-02T01:37:36.645Z,victima-linux,80792,3,Audit: Command: /usr/bin/dash.,audit|audit_command,RS2,/usr/bin/dash,/,audit-wazuh-c,SYSCALL,/etc/update-motd.d/85-fwupd,,,,,
2026-10-02T01:37:36.647Z,victima-linux,80792,3,Audit: Command: /usr/bin/dash.,audit|audit_command,RS2,/usr/bin/dash,/,audit-wazuh-c,SYSCALL,/etc/update-motd.d/90-updates-available,,,,,
2026-10-02T01:37:36.649Z,victima-linux,80792,3,Audit: Command: /usr/bin/cat.,audit|audit_command,RS2,/usr/bin/cat,/,audit-wazuh-c,SYSCALL,/usr/bin/cat,,,,,
2026-10-02T01:37:36.651Z,victima-linux,80792,3,Audit: Command: /usr/bin/find.,audit|audit_command,RS2,/usr/bin/find,/,audit-wazuh-c,SYSCALL,/usr/bin/find,,,,,
2026-10-02T01:37:36.654Z,victima-linux,80792,3,Audit: Command: /usr/bin/grep.,audit|audit_command,RS2,/usr/bin/grep,/,audit-wazuh-c,SYSCALL,/usr/bin/grep,,,,,
2026-10-02T01:37:36.656Z,victima-linux,80792,3,Audit: Command: /usr/bin/dash.,audit|audit_command,RS2,/usr/bin/dash,/,audit-wazuh-c,SYSCALL,/usr/share/update-notifier/notify-updates-outdated,,,,,
2026-10-02T01:37:36.658Z,victima-linux,80792,3,Audit: Command: /usr/bin/gettext.,audit|audit_command,RS2,/usr/bin/gettext,/,audit-wazuh-c,SYSCALL,/usr/bin/gettext,,,,,
2026-10-02T01:37:36.661Z,victima-linux,80792,3,Audit: Command: /usr/bin/gettext.,audit|audit_command,RS2,/usr/bin/gettext,/,audit-wazuh-c,SYSCALL,/usr/bin/gettext,,,,,
2026-10-02T01:37:36.663Z,victima-linux,80792,3,Audit: Command: /usr/bin/dash.,audit|audit_command,RS2,/usr/bin/dash,/,audit-wazuh-c,SYSCALL,/etc/update-motd.d/91-contract-ua-esm-status,,,,,
2026-10-02T01:37:36.665Z,victima-linux,80792,3,Audit: Command: /usr/bin/dash.,audit|audit_command,RS2,/usr/bin/dash,/,audit-wazuh-c,SYSCALL,/etc/update-motd.d/91-release-upgrade,,,,,
2026-10-02T01:37:36.668Z,victima-linux,80792,3,Audit: Command: /usr/bin/cut.,audit|audit_command,RS2,/usr/bin/cut,/,audit-wazuh-c,SYSCALL,/usr/bin/cut,,,,,
2026-10-02T01:37:36.670Z,victima-linux,80792,3,Audit: Command: /usr/bin/id.,audit|audit_command,RS2,/usr/bin/id,/,audit-wazuh-c,SYSCALL,/usr/bin/id,,,,,
2026-10-02T01:37:36.672Z,victima-linux,80792,3,Audit: Command: /usr/bin/dash.,audit|audit_command,RS2,/usr/bin/dash,/,audit-wazuh-c,SYSCALL,/usr/lib/ubuntu-release-upgrader/release-upgrade-motd,,,,,
2026-10-02T01:37:36.675Z,victima-linux,80792,3,Audit: Command: /usr/bin/date.,audit|audit_command,RS2,/usr/bin/date,/,audit-wazuh-c,SYSCALL,/usr/bin/date,,,,,
2026-10-02T01:37:36.677Z,victima-linux,80792,3,Audit: Command: /usr/bin/stat.,audit|audit_command,RS2,/usr/bin/stat,/,audit-wazuh-c,SYSCALL,/usr/bin/stat,,,,,
2026-10-02T01:37:36.679Z,victima-linux,80792,3,Audit: Command: /usr/bin/expr.,audit|audit_command,RS2,/usr/bin/expr,/,audit-wazuh-c,SYSCALL,/usr/bin/expr,,,,,
2026-10-02T01:37:36.682Z,victima-linux,80792,3,Audit: Command: /usr/bin/cat.,audit|audit_command,RS2,/usr/bin/cat,/,audit-wazuh-c,SYSCALL,/usr/bin/cat,,,,,
2026-10-02T01:37:36.684Z,victima-linux,80792,3,Audit: Command: /usr/bin/dash.,audit|audit_command,RS2,/usr/bin/dash,/,audit-wazuh-c,SYSCALL,/etc/update-motd.d/92-unattended-upgrades,,,,,
2026-10-02T01:37:36.687Z,victima-linux,80792,3,Audit: Command: /usr/bin/dash.,audit|audit_command,RS2,/usr/bin/dash,/,audit-wazuh-c,SYSCALL,/usr/share/unattended-upgrades/update-motd-unattended-upgrades,,,,,
2026-10-02T01:37:36.695Z,victima-linux,80792,3,Audit: Command: /usr/bin/dash.,audit|audit_command,RS2,/usr/bin/dash,/,audit-wazuh-c,SYSCALL,/etc/update-motd.d/95-hwe-eol,,,,,
2026-10-02T01:37:36.695Z,victima-linux,80792,3,Audit: Command: /usr/bin/dash.,audit|audit_command,RS2,/usr/bin/dash,/,audit-wazuh-c,SYSCALL,/etc/update-motd.d/97-overlayroot,,,,,
2026-10-02T01:37:36.695Z,victima-linux,80792,3,Audit: Command: /usr/bin/find.,audit|audit_command,RS2,/usr/bin/find,/,audit-wazuh-c,SYSCALL,/usr/bin/find,,,,,
2026-10-02T01:37:36.698Z,victima-linux,80792,3,Audit: Command: /usr/bin/dash.,audit|audit_command,RS2,/usr/bin/dash,,audit-wazuh-c,SYSCALL,,,,,,
2026-10-02T01:37:36.699Z,victima-linux,80792,3,Audit: Command: /usr/bin/sort.,audit|audit_command,RS2,/usr/bin/sort,/,audit-wazuh-c,SYSCALL,/usr/bin/sort,,,,,
2026-10-02T01:37:36.706Z,victima-linux,80792,3,Audit: Command: /usr/bin/dash.,audit|audit_command,RS2,/usr/bin/dash,/,audit-wazuh-c,SYSCALL,,,,,,
2026-10-02T01:37:36.707Z,victima-linux,80792,3,Audit: Command: /usr/bin/dash.,audit|audit_command,RS2,/usr/bin/dash,/,audit-wazuh-c,SYSCALL,,,,,,
2026-10-02T01:37:36.714Z,victima-linux,80792,3,Audit: Command: /usr/bin/dash.,audit|audit_command,RS2,/usr/bin/dash,/,audit-wazuh-c,SYSCALL,,,,,,
2026-10-02T01:37:36.714Z,victima-linux,80792,3,Audit: Command: /usr/bin/dash.,audit|audit_command,RS2,/usr/bin/dash,/,audit-wazuh-c,SYSCALL,/etc/update-motd.d/98-fsck-at-reboot,,,,,
2026-10-02T01:37:36.714Z,victima-linux,80792,3,Audit: Command: /usr/bin/grep.,audit|audit_command,RS2,/usr/bin/grep,/,audit-wazuh-c,SYSCALL,/usr/bin/grep,,,,,
2026-10-02T01:37:36.719Z,victima-linux,80792,3,Audit: Command: /usr/bin/dash.,audit|audit_command,RS2,/usr/bin/dash,/,audit-wazuh-c,SYSCALL,/usr/lib/update-notifier/update-motd-fsck-at-reboot,,,,,
2026-10-02T01:37:36.719Z,victima-linux,80792,3,Audit: Command: /usr/bin/id.,audit|audit_command,RS2,/usr/bin/id,/,audit-wazuh-c,SYSCALL,/usr/bin/id,,,,,
2026-10-02T01:37:36.722Z,victima-linux,80792,3,Audit: Command: /usr/bin/stat.,audit|audit_command,RS2,/usr/bin/stat,/,audit-wazuh-c,SYSCALL,/usr/bin/stat,,,,,
2026-10-02T01:37:36.724Z,victima-linux,80792,3,Audit: Command: /usr/bin/gawk.,audit|audit_command,RS2,/usr/bin/gawk,/,audit-wazuh-c,SYSCALL,/usr/bin/awk,,,,,
2026-10-02T01:37:36.726Z,victima-linux,80792,3,Audit: Command: /usr/bin/date.,audit|audit_command,RS2,/usr/bin/date,/,audit-wazuh-c,SYSCALL,/usr/bin/date,,,,,
2026-10-02T01:37:36.739Z,victima-linux,80792,3,Audit: Command: /usr/bin/dash.,audit|audit_command,RS2,/usr/bin/dash,,audit-wazuh-c,SYSCALL,,,,,,
2026-10-02T01:37:36.739Z,victima-linux,80792,3,Audit: Command: /usr/bin/date.,audit|audit_command,RS2,/usr/bin/date,,audit-wazuh-c,SYSCALL,,,,,,
2026-10-02T01:37:36.742Z,victima-linux,80792,3,Audit: Command: /usr/bin/ps.,audit|audit_command,RS2,/usr/bin/ps,/var/ossec,audit-wazuh-c,SYSCALL,/bin/ps,,,,,
2026-10-02T01:37:36.744Z,victima-linux,80792,3,Audit: Command: /usr/bin/cat.,audit|audit_command,RS2,/usr/bin/cat,/,audit-wazuh-c,SYSCALL,/usr/bin/cat,,,,,
2026-10-02T01:37:36.748Z,victima-linux,80792,3,Audit: Command: /usr/bin/dash.,audit|audit_command,RS2,/usr/bin/dash,/,audit-wazuh-c,SYSCALL,/etc/update-motd.d/98-reboot-required,,,,,
2026-10-02T01:37:36.749Z,victima-linux,80792,3,Audit: Command: /usr/bin/dash.,audit|audit_command,RS2,/usr/bin/dash,/,audit-wazuh-c,SYSCALL,/usr/lib/update-notifier/update-motd-reboot-required,,,,,
2026-10-02T01:37:36.761Z,victima-linux,80791,3,Audit: Deleted: /run/.,audit|audit_watch_delete|audit_watch_write,RS2,/usr/sbin/sshd,/,audit-wazuh-w,SYSCALL,/run/,/run/,,,,
2026-10-02T01:37:36.761Z,victima-linux,80792,3,Audit: Command: /usr/bin/bash.,audit|audit_command,RS2,/usr/bin/bash,/home/angel,audit-wazuh-c,SYSCALL,/bin/bash,,,,,
2026-10-02T01:37:36.761Z,victima-linux,80792,3,Audit: Command: /usr/bin/date.,audit|audit_command,RS2,/usr/bin/date,/home/angel/lab-attack/ATA049,audit-wazuh-c,SYSCALL,/usr/bin/date,,,,,
2026-10-02T01:37:36.764Z,victima-linux,80792,3,Audit: Command: /usr/bin/tee.,audit|audit_command,RS2,/usr/bin/tee,/home/angel/lab-attack/ATA049,audit-wazuh-c,SYSCALL,/usr/bin/tee,,,,,
2026-10-02T01:37:36.766Z,victima-linux,80792,3,Audit: Command: /usr/bin/bash.,audit|audit_command,RS2,/usr/bin/bash,/home/angel/lab-attack/ATA049,audit-wazuh-c,SYSCALL,/usr/bin/bash,,,,,
2026-10-02T01:37:36.769Z,victima-linux,80792,3,Audit: Command: /usr/bin/date.,audit|audit_command,RS2,/usr/bin/date,/home/angel/lab-attack/ATA049,audit-wazuh-c,SYSCALL,/usr/bin/date,,,,,
2026-10-02T01:37:36.771Z,victima-linux,80792,3,Audit: Command: /usr/bin/cat.,audit|audit_command,RS2,/usr/bin/cat,,audit-wazuh-c,SYSCALL,,,,,,
2026-10-02T01:37:36.774Z,victima-linux,80792,3,Audit: Command: /usr/bin/dash.,audit|audit_command,RS2,/usr/bin/dash,/var/ossec,audit-wazuh-c,SYSCALL,/bin/sh,,,,,
2026-10-02T01:37:36.779Z,victima-linux,80792,3,Audit: Command: /usr/bin/ps.,audit|audit_command,RS2,/usr/bin/ps,/var/ossec,audit-wazuh-c,SYSCALL,/bin/ps,,,,,
2026-10-02T01:37:36.782Z,victima-linux,80792,3,Audit: Command: /home/angel/lab-attack/ATA049/rclone.,audit|audit_command,RS2,/home/angel/lab-attack/ATA049/rclone,/home/angel/lab-attack/ATA049,audit-wazuh-c,SYSCALL,./rclone,,,,,
2026-10-02T01:37:36.785Z,victima-linux,80791,3,Audit: Deleted: /tmp/rclone3120000830.,audit|audit_watch_delete|audit_watch_write,RS2,/home/angel/lab-attack/ATA049/rclone,/home/angel/lab-attack/ATA049,audit-wazuh-w,SYSCALL,/tmp/rclone3120000830,/tmp/,,,,
2026-10-02T01:37:36.786Z,victima-linux,80792,3,Audit: Command: /usr/bin/dash.,audit|audit_command,RS2,/usr/bin/dash,/var/ossec,audit-wazuh-c,SYSCALL,/bin/sh,,,,,
2026-10-02T01:37:36.789Z,victima-linux,80792,3,Audit: Command: /usr/bin/ps.,audit|audit_command,RS2,/usr/bin/ps,/var/ossec,audit-wazuh-c,SYSCALL,/bin/ps,,,,,
2026-10-02T01:37:36.791Z,victima-linux,80792,3,Audit: Command: /usr/bin/dash.,audit|audit_command,RS2,/usr/bin/dash,/var/ossec,audit-wazuh-c,SYSCALL,/bin/sh,,,,,
2026-10-02T01:37:36.794Z,victima-linux,80792,3,Audit: Command: /usr/bin/ps.,audit|audit_command,RS2,/usr/bin/ps,/var/ossec,audit-wazuh-c,SYSCALL,/bin/ps,,,,,
2026-10-02T01:37:36.796Z,victima-linux,80792,3,Audit: Command: /usr/bin/sha256sum.,audit|audit_command,RS2,/usr/bin/sha256sum,/home/angel/lab-attack/ATA049,audit-wazuh-c,SYSCALL,/usr/bin/sha256sum,,,,,
2026-10-02T01:37:36.800Z,victima-linux,80792,3,Audit: Command: /usr/bin/pgrep.,audit|audit_command,RS2,/usr/bin/pgrep,/home/angel/lab-attack/ATA049,audit-wazuh-c,SYSCALL,/usr/bin/pgrep,,,,,
2026-10-02T01:37:36.801Z,victima-linux,80792,3,Audit: Command: /usr/bin/wc.,audit|audit_command,RS2,/usr/bin/wc,/home/angel/lab-attack/ATA049,audit-wazuh-c,SYSCALL,/usr/bin/wc,,,,,
2026-10-02T01:37:36.803Z,victima-linux,80792,3,Audit: Command: /usr/bin/sleep.,audit|audit_command,RS2,/usr/bin/sleep,/home/angel/lab-attack/ATA049,audit-wazuh-c,SYSCALL,/usr/bin/sleep,,,,,
2026-10-02T01:37:36.811Z,victima-linux,80792,3,Audit: Command: /usr/bin/dash.,audit|audit_command,RS2,/usr/bin/dash,/var/ossec,audit-wazuh-c,SYSCALL,/bin/sh,,,,,
2026-10-02T01:37:36.811Z,victima-linux,80792,3,Audit: Command: /usr/bin/dash.,audit|audit_command,RS2,/usr/bin/dash,/var/ossec,audit-wazuh-c,SYSCALL,/bin/sh,,,,,
2026-10-02T01:37:36.811Z,victima-linux,80792,3,Audit: Command: /usr/bin/ps.,audit|audit_command,RS2,/usr/bin/ps,/var/ossec,audit-wazuh-c,SYSCALL,/bin/ps,,,,,
2026-10-02T01:37:36.814Z,victima-linux,80792,3,Audit: Command: /usr/bin/ps.,audit|audit_command,RS2,/usr/bin/ps,/var/ossec,audit-wazuh-c,SYSCALL,/bin/ps,,,,,
2026-10-02T01:37:36.816Z,victima-linux,80792,3,Audit: Command: /usr/bin/dash.,audit|audit_command,RS2,/usr/bin/dash,/var/ossec,audit-wazuh-c,SYSCALL,/bin/sh,,,,,
2026-10-02T01:37:36.820Z,victima-linux,80792,3,Audit: Command: /usr/bin/ps.,audit|audit_command,RS2,/usr/bin/ps,/var/ossec,audit-wazuh-c,SYSCALL,/bin/ps,,,,,
2026-10-02T01:37:36.821Z,victima-linux,80792,3,Audit: Command: /usr/bin/dash.,audit|audit_command,RS2,/usr/bin/dash,/var/ossec,audit-wazuh-c,SYSCALL,/bin/sh,,,,,
2026-10-02T01:37:36.823Z,victima-linux,80792,3,Audit: Command: /usr/bin/ps.,audit|audit_command,RS2,/usr/bin/ps,/var/ossec,audit-wazuh-c,SYSCALL,/bin/ps,,,,,
2026-10-02T01:37:36.826Z,victima-linux,80792,3,Audit: Command: /usr/bin/dash.,audit|audit_command,RS2,/usr/bin/dash,/var/ossec,audit-wazuh-c,SYSCALL,/bin/sh,,,,,
2026-10-02T01:37:36.828Z,victima-linux,80792,3,Audit: Command: /usr/bin/ps.,audit|audit_command,RS2,/usr/bin/ps,/var/ossec,audit-wazuh-c,SYSCALL,/bin/ps,,,,,
2026-10-02T01:37:36.831Z,victima-linux,80792,3,Audit: Command: /usr/bin/dash.,audit|audit_command,RS2,/usr/bin/dash,/var/ossec,audit-wazuh-c,SYSCALL,/bin/sh,,,,,
2026-10-02T01:37:36.833Z,victima-linux,80792,3,Audit: Command: /usr/bin/ps.,audit|audit_command,RS2,/usr/bin/ps,/var/ossec,audit-wazuh-c,SYSCALL,/bin/ps,,,,,
2026-10-02T01:37:36.838Z,victima-linux,80792,3,Audit: Command: /usr/bin/dash.,audit|audit_command,RS2,/usr/bin/dash,/var/ossec,audit-wazuh-c,SYSCALL,/bin/sh,,,,,
2026-10-02T01:37:36.838Z,victima-linux,80792,3,Audit: Command: /usr/bin/ps.,audit|audit_command,RS2,/usr/bin/ps,/var/ossec,audit-wazuh-c,SYSCALL,/bin/ps,,,,,
2026-10-02T01:37:36.841Z,victima-linux,80792,3,Audit: Command: /usr/bin/dash.,audit|audit_command,RS2,/usr/bin/dash,/var/ossec,audit-wazuh-c,SYSCALL,/bin/sh,,,,,
2026-10-02T01:37:36.843Z,victima-linux,80792,3,Audit: Command: /usr/bin/ps.,audit|audit_command,RS2,/usr/bin/ps,/var/ossec,audit-wazuh-c,SYSCALL,/bin/ps,,,,,
2026-10-02T01:37:36.846Z,victima-linux,80792,3,Audit: Command: /usr/bin/dash.,audit|audit_command,RS2,/usr/bin/dash,/var/ossec,audit-wazuh-c,SYSCALL,/bin/sh,,,,,
2026-10-02T01:37:36.848Z,victima-linux,80792,3,Audit: Command: /usr/bin/ps.,audit|audit_command,RS2,/usr/bin/ps,/var/ossec,audit-wazuh-c,SYSCALL,/bin/ps,,,,,
2026-10-02T01:37:36.851Z,victima-linux,80792,3,Audit: Command: /usr/bin/dash.,audit|audit_command,RS2,/usr/bin/dash,/var/ossec,audit-wazuh-c,SYSCALL,/bin/sh,,,,,
2026-10-02T01:37:36.853Z,victima-linux,80792,3,Audit: Command: /usr/bin/ps.,audit|audit_command,RS2,/usr/bin/ps,/var/ossec,audit-wazuh-c,SYSCALL,/bin/ps,,,,,
2026-10-02T01:37:36.855Z,victima-linux,80792,3,Audit: Command: /usr/bin/dash.,audit|audit_command,RS2,/usr/bin/dash,/var/ossec,audit-wazuh-c,SYSCALL,/bin/sh,,,,,
2026-10-02T01:37:36.858Z,victima-linux,80792,3,Audit: Command: /usr/bin/ps.,audit|audit_command,RS2,/usr/bin/ps,/var/ossec,audit-wazuh-c,SYSCALL,/bin/ps,,,,,
2026-10-02T01:37:36.863Z,victima-linux,5715,3,sshd: authentication success.,syslog|sshd|authentication_success,RS1,,,,,,,,192.168.65.1,,angel
2026-10-02T01:37:36.865Z,victima-linux,5501,3,PAM: Login session opened.,pam|syslog|authentication_success,RS1,,,,,,,,,angel,angel
2026-10-02T01:37:36.872Z,victima-linux,80792,3,Audit: Command: /usr/bin/dash.,audit|audit_command,RS2,/usr/bin/dash,/var/ossec,audit-wazuh-c,SYSCALL,/bin/sh,,,,,
2026-10-02T01:37:36.875Z,victima-linux,80792,3,Audit: Command: /usr/bin/ps.,audit|audit_command,RS2,/usr/bin/ps,/var/ossec,audit-wazuh-c,SYSCALL,/bin/ps,,,,,
2026-10-02T01:37:38.524Z,victima-linux,80792,3,Audit: Command: /usr/bin/dash.,audit|audit_command,RS2,/usr/bin/dash,/var/ossec,audit-wazuh-c,SYSCALL,/bin/sh,,,,,
2026-10-02T01:37:38.524Z,victima-linux,80792,3,Audit: Command: /usr/bin/ps.,audit|audit_command,RS2,/usr/bin/ps,/var/ossec,audit-wazuh-c,SYSCALL,/bin/ps,,,,,
2026-10-02T01:37:38.527Z,victima-linux,80792,3,Audit: Command: /usr/bin/date.,audit|audit_command,RS2,/usr/bin/date,/home/angel/lab-attack/ATA049,audit-wazuh-c,SYSCALL,/usr/bin/date,,,,,
2026-10-02T01:37:38.529Z,victima-linux,80792,3,Audit: Command: /usr/bin/cat.,audit|audit_command,RS2,/usr/bin/cat,/home/angel/lab-attack/ATA049,audit-wazuh-c,SYSCALL,/usr/bin/cat,,,,,
2026-10-02T01:37:38.536Z,victima-linux,80791,3,Audit: Deleted: /run/systemd/sessions/6.ref.,audit|audit_watch_delete|audit_watch_write,RS2,/usr/lib/systemd/systemd-logind,/,audit-wazuh-w,SYSCALL,/run/systemd/sessions/6.ref,/run/systemd/sessions/,,,,
2026-10-02T01:37:38.540Z,victima-linux,80792,3,Audit: Command: /usr/bin/dash.,audit|audit_command,RS2,/usr/bin/dash,/var/ossec,audit-wazuh-c,SYSCALL,/bin/sh,,,,,
2026-10-02T01:37:38.542Z,victima-linux,80791,3,Audit: Deleted: /run/systemd/sessions/.,audit|audit_watch_delete|audit_watch_write,RS2,/usr/lib/systemd/systemd-logind,/,audit-wazuh-w,SYSCALL,/run/systemd/sessions/,/run/systemd/sessions/,,,,
2026-10-02T01:37:38.545Z,victima-linux,80791,3,Audit: Deleted: /run/systemd/users/.,audit|audit_watch_delete|audit_watch_write,RS2,/usr/lib/systemd/systemd-logind,/,audit-wazuh-w,SYSCALL,/run/systemd/users/,/run/systemd/users/,,,,
2026-10-02T01:37:38.547Z,victima-linux,80792,3,Audit: Command: /usr/bin/ps.,audit|audit_command,RS2,/usr/bin/ps,/var/ossec,audit-wazuh-c,SYSCALL,/bin/ps,,,,,
2026-10-02T01:37:38.549Z,victima-linux,80791,3,Audit: Deleted: /run/systemd/sessions/6.,audit|audit_watch_delete|audit_watch_write,RS2,/usr/lib/systemd/systemd-logind,/,audit-wazuh-w,SYSCALL,/run/systemd/sessions/6,/run/systemd/sessions/,,,,
2026-10-02T01:37:38.552Z,victima-linux,80791,3,Audit: Deleted: /run/systemd/users/.,audit|audit_watch_delete|audit_watch_write,RS2,/usr/lib/systemd/systemd-logind,/,audit-wazuh-w,SYSCALL,/run/systemd/users/,/run/systemd/users/,,,,
2026-10-02T01:37:38.554Z,victima-linux,80792,3,Audit: Command: /usr/bin/dash.,audit|audit_command,RS2,/usr/bin/dash,/var/ossec,audit-wazuh-c,SYSCALL,/bin/sh,,,,,
2026-10-02T01:37:38.557Z,victima-linux,80792,3,Audit: Command: /usr/bin/ps.,audit|audit_command,RS2,/usr/bin/ps,/var/ossec,audit-wazuh-c,SYSCALL,/bin/ps,,,,,
2026-10-02T01:37:38.559Z,victima-linux,80792,3,Audit: Command: /usr/bin/dash.,audit|audit_command,RS2,/usr/bin/dash,/var/ossec,audit-wazuh-c,SYSCALL,/bin/sh,,,,,
2026-10-02T01:37:38.562Z,victima-linux,80792,3,Audit: Command: /usr/bin/ps.,audit|audit_command,RS2,/usr/bin/ps,/var/ossec,audit-wazuh-c,SYSCALL,/bin/ps,,,,,
2026-10-02T01:37:38.564Z,victima-linux,80792,3,Audit: Command: /usr/bin/dash.,audit|audit_command,RS2,/usr/bin/dash,/var/ossec,audit-wazuh-c,SYSCALL,/bin/sh,,,,,
2026-10-02T01:37:38.567Z,victima-linux,80792,3,Audit: Command: /usr/bin/ps.,audit|audit_command,RS2,/usr/bin/ps,/var/ossec,audit-wazuh-c,SYSCALL,/bin/ps,,,,,
2026-10-02T01:37:38.569Z,victima-linux,80792,3,Audit: Command: /usr/bin/dash.,audit|audit_command,RS2,/usr/bin/dash,/var/ossec,audit-wazuh-c,SYSCALL,/bin/sh,,,,,
2026-10-02T01:37:38.572Z,victima-linux,80792,3,Audit: Command: /usr/bin/ps.,audit|audit_command,RS2,/usr/bin/ps,/var/ossec,audit-wazuh-c,SYSCALL,/bin/ps,,,,,
2026-10-02T01:37:38.574Z,victima-linux,80792,3,Audit: Command: /usr/bin/dash.,audit|audit_command,RS2,/usr/bin/dash,/var/ossec,audit-wazuh-c,SYSCALL,/bin/sh,,,,,
2026-10-02T01:37:38.577Z,victima-linux,80792,3,Audit: Command: /usr/bin/ps.,audit|audit_command,RS2,/usr/bin/ps,/var/ossec,audit-wazuh-c,SYSCALL,/bin/ps,,,,,
2026-10-02T01:37:38.579Z,victima-linux,80792,3,Audit: Command: /usr/bin/dash.,audit|audit_command,RS2,/usr/bin/dash,/var/ossec,audit-wazuh-c,SYSCALL,/bin/sh,,,,,
2026-10-02T01:37:38.582Z,victima-linux,80792,3,Audit: Command: /usr/bin/ps.,audit|audit_command,RS2,/usr/bin/ps,/var/ossec,audit-wazuh-c,SYSCALL,/bin/ps,,,,,
2026-10-02T01:37:38.584Z,victima-linux,80792,3,Audit: Command: /usr/bin/dash.,audit|audit_command,RS2,/usr/bin/dash,/var/ossec,audit-wazuh-c,SYSCALL,/bin/sh,,,,,
2026-10-02T01:37:38.587Z,victima-linux,80792,3,Audit: Command: /usr/bin/ps.,audit|audit_command,RS2,/usr/bin/ps,/var/ossec,audit-wazuh-c,SYSCALL,/bin/ps,,,,,
2026-10-02T01:37:38.589Z,victima-linux,80792,3,Audit: Command: /usr/bin/dash.,audit|audit_command,RS2,/usr/bin/dash,/var/ossec,audit-wazuh-c,SYSCALL,/bin/sh,,,,,
2026-10-02T01:37:38.592Z,victima-linux,80792,3,Audit: Command: /usr/bin/ps.,audit|audit_command,RS2,/usr/bin/ps,/var/ossec,audit-wazuh-c,SYSCALL,/bin/ps,,,,,
2026-10-02T01:37:38.594Z,victima-linux,80791,3,Audit: Deleted: var/run/.,audit|audit_watch_delete|audit_watch_write,RS2,/var/ossec/bin/wazuh-agentd,/var/ossec,audit-wazuh-w,SYSCALL,var/run/,var/run/,,,,
2026-10-02T01:37:38.602Z,victima-linux,80792,3,Audit: Command: /usr/bin/dash.,audit|audit_command,RS2,/usr/bin/dash,/var/ossec,audit-wazuh-c,SYSCALL,/bin/sh,,,,,
2026-10-02T01:37:38.602Z,victima-linux,80792,3,Audit: Command: /usr/bin/dash.,audit|audit_command,RS2,/usr/bin/dash,/var/ossec,audit-wazuh-c,SYSCALL,/bin/sh,,,,,
2026-10-02T01:37:38.602Z,victima-linux,80792,3,Audit: Command: /usr/bin/ps.,audit|audit_command,RS2,/usr/bin/ps,/var/ossec,audit-wazuh-c,SYSCALL,/bin/ps,,,,,
2026-10-02T01:37:38.604Z,victima-linux,80792,3,Audit: Command: /usr/bin/ps.,audit|audit_command,RS2,/usr/bin/ps,/var/ossec,audit-wazuh-c,SYSCALL,/bin/ps,,,,,
2026-10-02T01:37:38.606Z,victima-linux,80792,3,Audit: Command: /usr/bin/dash.,audit|audit_command,RS2,/usr/bin/dash,/var/ossec,audit-wazuh-c,SYSCALL,/bin/sh,,,,,
2026-10-02T01:37:38.609Z,victima-linux,80792,3,Audit: Command: /usr/bin/ps.,audit|audit_command,RS2,/usr/bin/ps,/var/ossec,audit-wazuh-c,SYSCALL,/bin/ps,,,,,
2026-10-02T01:37:38.616Z,victima-linux,5502,3,PAM: Login session closed.,pam|syslog,RS1,,,,,,,,,,angel
2026-10-02T01:37:40.526Z,victima-linux,80780,3,Audit: Watch - Write access.,audit|audit_watch_write,RS2,/var/ossec/bin/wazuh-syscheckd,,audit-wazuh-w,SYSCALL,,,,,,
2026-10-02T01:37:42.527Z,victima-linux,80791,3,Audit: Deleted: var/run/.,audit|audit_watch_delete|audit_watch_write,RS2,/var/ossec/bin/wazuh-agentd,/var/ossec,audit-wazuh-w,SYSCALL,var/run/,var/run/,,,,
2026-10-02T01:37:48.527Z,victima-linux,80791,3,Audit: Deleted: /run/user/1000/systemd/units/invocation:dbus.socket.,audit|audit_watch_delete|audit_watch_write,RS2,/usr/lib/systemd/systemd,/,audit-wazuh-w,SYSCALL,/run/user/1000/systemd/units/invocation:dbus.socket,/run/user/1000/systemd/units/,,,,
2026-10-02T01:37:48.527Z,victima-linux,80791,3,Audit: Deleted: /run/systemd/users/.,audit|audit_watch_delete|audit_watch_write,RS2,/usr/lib/systemd/systemd-logind,/,audit-wazuh-w,SYSCALL,/run/systemd/users/,/run/systemd/users/,,,,
2026-10-02T01:37:48.529Z,victima-linux,80792,3,Audit: Command: /usr/lib/systemd/systemd-executor.,audit|audit_command,RS2,/usr/lib/systemd/systemd-executor,/,audit-wazuh-c,SYSCALL,/proc/self/fd/9,,,,,
2026-10-02T01:37:48.531Z,victima-linux,80792,3,Audit: Command: /usr/bin/systemctl.,audit|audit_command,RS2,/usr/bin/systemctl,/home/angel,audit-wazuh-c,SYSCALL,/usr/bin/systemctl,,,,,
2026-10-02T01:37:48.534Z,victima-linux,80792,3,Audit: Command: /usr/lib/systemd/systemd-executor.,audit|audit_command,RS2,/usr/lib/systemd/systemd-executor,/,audit-wazuh-c,SYSCALL,/proc/self/fd/9,,,,,
2026-10-02T01:37:48.536Z,victima-linux,80792,3,Audit: Command: /usr/bin/systemctl.,audit|audit_command,RS2,/usr/bin/systemctl,/home/angel,audit-wazuh-c,SYSCALL,/usr/bin/systemctl,,,,,
2026-10-02T01:37:48.538Z,victima-linux,80791,3,Audit: Deleted: /run/user/1000/systemd/units/invocation:gpg-agent-ssh.socket.,audit|audit_watch_delete|audit_watch_write,RS2,/usr/lib/systemd/systemd,/,audit-wazuh-w,SYSCALL,/run/user/1000/systemd/units/invocation:gpg-agent-ssh.socket,/run/user/1000/systemd/units/,,,,
2026-10-02T01:37:48.540Z,victima-linux,80791,3,Audit: Deleted: init.scope.,audit|audit_watch_delete|audit_watch_write,RS2,/usr/lib/systemd/systemd,/,audit-wazuh-w,SYSCALL,init.scope,/,,,,
2026-10-02T01:37:48.543Z,victima-linux,80791,3,Audit: Deleted: app-xdg\x2duser\x2ddirs@autostart.service.,audit|audit_watch_delete|audit_watch_write,RS2,/usr/lib/systemd/systemd,/,audit-wazuh-w,SYSCALL,app-xdg\x2duser\x2ddirs@autostart.service,/,,,,
2026-10-02T01:37:48.545Z,victima-linux,80791,3,Audit: Deleted: app-xdg\x2duser\x2ddirs@autostart.service.,audit|audit_watch_delete|audit_watch_write,RS2,/usr/lib/systemd/systemd,/,audit-wazuh-w,SYSCALL,app-xdg\x2duser\x2ddirs@autostart.service,/,,,,
2026-10-02T01:37:48.548Z,victima-linux,80791,3,Audit: Deleted: app-snap\x2duserd\x2dautostart@autostart.service.,audit|audit_watch_delete|audit_watch_write,RS2,/usr/lib/systemd/systemd,/,audit-wazuh-w,SYSCALL,app-snap\x2duserd\x2dautostart@autostart.service,/,,,,
2026-10-02T01:37:48.550Z,victima-linux,80791,3,Audit: Deleted: xdg-desktop-autostart.target.wants.,audit|audit_watch_delete|audit_watch_write,RS2,/usr/lib/systemd/systemd,/,audit-wazuh-w,SYSCALL,xdg-desktop-autostart.target.wants,/,,,,
2026-10-02T01:37:48.553Z,victima-linux,80791,3,Audit: Deleted: app-snap\x2duserd\x2dautostart@autostart.service.,audit|audit_watch_delete|audit_watch_write,RS2,/usr/lib/systemd/systemd,/,audit-wazuh-w,SYSCALL,app-snap\x2duserd\x2dautostart@autostart.service,/,,,,
2026-10-02T01:37:48.555Z,victima-linux,80791,3,Audit: Deleted: /run/user/1000/systemd/generator.late.,audit|audit_watch_delete|audit_watch_write,RS2,/usr/lib/systemd/systemd,/,audit-wazuh-w,SYSCALL,/run/user/1000/systemd/generator.late,/run/user/1000/systemd/,,,,
2026-10-02T01:37:48.560Z,victima-linux,80792,3,Audit: Command: /usr/lib/systemd/systemd-executor.,audit|audit_command,RS2,/usr/lib/systemd/systemd-executor,/,audit-wazuh-c,SYSCALL,/proc/self/fd/9,,,,,
2026-10-02T01:37:48.562Z,victima-linux,80791,3,Audit: Deleted: /run/systemd/users/1000.,audit|audit_watch_delete|audit_watch_write,RS2,/usr/lib/systemd/systemd-logind,/,audit-wazuh-w,SYSCALL,/run/systemd/users/1000,/run/systemd/users/,,,,
2026-10-02T01:37:48.565Z,victima-linux,80792,3,Audit: Command: /usr/lib/systemd/systemd-user-runtime-dir.,audit|audit_command,RS2,/usr/lib/systemd/systemd-user-runtime-dir,/,audit-wazuh-c,SYSCALL,/usr/lib/systemd/systemd-user-runtime-dir,,,,,
2026-10-02T01:37:48.567Z,victima-linux,80791,3,Audit: Deleted: snapd-session-agent.socket.,audit|audit_watch_delete|audit_watch_write,RS2,/usr/lib/systemd/systemd-user-runtime-dir,/,audit-wazuh-w,SYSCALL,snapd-session-agent.socket,/,,,,
2026-10-02T01:37:48.569Z,victima-linux,80791,3,Audit: Deleted: pk-debconf-socket.,audit|audit_watch_delete|audit_watch_write,RS2,/usr/lib/systemd/systemd-user-runtime-dir,/,audit-wazuh-w,SYSCALL,pk-debconf-socket,/,,,,
2026-10-02T01:37:48.576Z,victima-linux,80791,3,Audit: Deleted: S.gpg-agent.,audit|audit_watch_delete|audit_watch_write,RS2,/usr/lib/systemd/systemd-user-runtime-dir,/,audit-wazuh-w,SYSCALL,S.gpg-agent,/,,,,
2026-10-02T01:37:48.576Z,victima-linux,80791,3,Audit: Deleted: S.gpg-agent.ssh.,audit|audit_watch_delete|audit_watch_write,RS2,/usr/lib/systemd/systemd-user-runtime-dir,/,audit-wazuh-w,SYSCALL,S.gpg-agent.ssh,/,,,,
2026-10-02T01:37:48.576Z,victima-linux,80791,3,Audit: Deleted: S.keyboxd.,audit|audit_watch_delete|audit_watch_write,RS2,/usr/lib/systemd/systemd-user-runtime-dir,/,audit-wazuh-w,SYSCALL,S.keyboxd,/,,,,
2026-10-02T01:37:48.578Z,victima-linux,80791,3,Audit: Deleted: S.gpg-agent.extra.,audit|audit_watch_delete|audit_watch_write,RS2,/usr/lib/systemd/systemd-user-runtime-dir,/,audit-wazuh-w,SYSCALL,S.gpg-agent.extra,/,,,,
2026-10-02T01:37:48.580Z,victima-linux,80791,3,Audit: Deleted: S.gpg-agent.browser.,audit|audit_watch_delete|audit_watch_write,RS2,/usr/lib/systemd/systemd-user-runtime-dir,/,audit-wazuh-w,SYSCALL,S.gpg-agent.browser,/,,,,
2026-10-02T01:37:48.588Z,victima-linux,80791,3,Audit: Deleted: S.dirmngr.,audit|audit_watch_delete|audit_watch_write,RS2,/usr/lib/systemd/systemd-user-runtime-dir,/,audit-wazuh-w,SYSCALL,S.dirmngr,/,,,,
2026-10-02T01:37:48.588Z,victima-linux,80791,3,Audit: Deleted: bus.,audit|audit_watch_delete|audit_watch_write,RS2,/usr/lib/systemd/systemd-user-runtime-dir,/,audit-wazuh-w,SYSCALL,bus,/,,,,
2026-10-02T01:37:48.588Z,victima-linux,80791,3,Audit: Deleted: gnupg.,audit|audit_watch_delete|audit_watch_write,RS2,/usr/lib/systemd/systemd-user-runtime-dir,/,audit-wazuh-w,SYSCALL,gnupg,/,,,,
2026-10-02T01:37:48.590Z,victima-linux,80791,3,Audit: Deleted: private.,audit|audit_watch_delete|audit_watch_write,RS2,/usr/lib/systemd/systemd-user-runtime-dir,/,audit-wazuh-w,SYSCALL,private,/,,,,
2026-10-02T01:37:48.592Z,victima-linux,80791,3,Audit: Deleted: notify.,audit|audit_watch_delete|audit_watch_write,RS2,/usr/lib/systemd/systemd-user-runtime-dir,/,audit-wazuh-w,SYSCALL,notify,/,,,,
2026-10-02T01:37:48.599Z,victima-linux,80791,3,Audit: Deleted: .os-release-stage.,audit|audit_watch_delete|audit_watch_write,RS2,/usr/lib/systemd/systemd-user-runtime-dir,/,audit-wazuh-w,SYSCALL,.os-release-stage,/,,,,
2026-10-02T01:37:48.599Z,victima-linux,80791,3,Audit: Deleted: os-release.,audit|audit_watch_delete|audit_watch_write,RS2,/usr/lib/systemd/systemd-user-runtime-dir,/,audit-wazuh-w,SYSCALL,os-release,/,,,,
2026-10-02T01:37:48.599Z,victima-linux,80791,3,Audit: Deleted: units.,audit|audit_watch_delete|audit_watch_write,RS2,/usr/lib/systemd/systemd-user-runtime-dir,/,audit-wazuh-w,SYSCALL,units,/,,,,
2026-10-02T01:37:48.602Z,victima-linux,80791,3,Audit: Deleted: propagate.,audit|audit_watch_delete|audit_watch_write,RS2,/usr/lib/systemd/systemd-user-runtime-dir,/,audit-wazuh-w,SYSCALL,propagate,/,,,,
2026-10-02T01:37:48.604Z,victima-linux,80791,3,Audit: Deleted: chr.,audit|audit_watch_delete|audit_watch_write,RS2,/usr/lib/systemd/systemd-user-runtime-dir,/,audit-wazuh-w,SYSCALL,chr,/,,,,
2026-10-02T01:37:48.612Z,victima-linux,80791,3,Audit: Deleted: dir.,audit|audit_watch_delete|audit_watch_write,RS2,/usr/lib/systemd/systemd-user-runtime-dir,/,audit-wazuh-w,SYSCALL,dir,/,,,,
2026-10-02T01:37:48.612Z,victima-linux,80791,3,Audit: Deleted: fifo.,audit|audit_watch_delete|audit_watch_write,RS2,/usr/lib/systemd/systemd-user-runtime-dir,/,audit-wazuh-w,SYSCALL,fifo,/,,,,
2026-10-02T01:37:48.612Z,victima-linux,80791,3,Audit: Deleted: sock.,audit|audit_watch_delete|audit_watch_write,RS2,/usr/lib/systemd/systemd-user-runtime-dir,/,audit-wazuh-w,SYSCALL,sock,/,,,,
2026-10-02T01:37:48.615Z,victima-linux,80791,3,Audit: Deleted: reg.,audit|audit_watch_delete|audit_watch_write,RS2,/usr/lib/systemd/systemd-user-runtime-dir,/,audit-wazuh-w,SYSCALL,reg,/,,,,
2026-10-02T01:37:48.617Z,victima-linux,80791,3,Audit: Deleted: inaccessible.,audit|audit_watch_delete|audit_watch_write,RS2,/usr/lib/systemd/systemd-user-runtime-dir,/,audit-wazuh-w,SYSCALL,inaccessible,/,,,,
2026-10-02T01:37:48.624Z,victima-linux,80791,3,Audit: Deleted: /run/user/1000.,audit|audit_watch_delete|audit_watch_write,RS2,/usr/lib/systemd/systemd-user-runtime-dir,/,audit-wazuh-w,SYSCALL,/run/user/1000,/run/user/,,,,
2026-10-02T01:37:48.624Z,victima-linux,80791,3,Audit: Deleted: systemd.,audit|audit_watch_delete|audit_watch_write,RS2,/usr/lib/systemd/systemd-user-runtime-dir,/,audit-wazuh-w,SYSCALL,systemd,/,,,,
2026-10-02T01:37:48.627Z,victima-linux,80791,3,Audit: Deleted: var/run/.,audit|audit_watch_delete|audit_watch_write,RS2,/var/ossec/bin/wazuh-agentd,/var/ossec,audit-wazuh-w,SYSCALL,var/run/,var/run/,,,,
2026-10-02T01:37:48.629Z,victima-linux,80792,3,Audit: Command: /usr/bin/dash.,audit|audit_command,RS2,/usr/bin/dash,/var/ossec,audit-wazuh-c,SYSCALL,/bin/sh,,,,,
2026-10-02T01:37:48.631Z,victima-linux,80792,3,Audit: Command: /usr/bin/ps.,audit|audit_command,RS2,/usr/bin/ps,/var/ossec,audit-wazuh-c,SYSCALL,/bin/ps,,,,,
2026-10-02T01:37:48.633Z,victima-linux,80792,3,Audit: Command: /usr/bin/dash.,audit|audit_command,RS2,/usr/bin/dash,/var/ossec,audit-wazuh-c,SYSCALL,/bin/sh,,,,,
2026-10-02T01:37:48.635Z,victima-linux,80792,3,Audit: Command: /usr/bin/ps.,audit|audit_command,RS2,/usr/bin/ps,/var/ossec,audit-wazuh-c,SYSCALL,/bin/ps,,,,,
2026-10-02T01:37:48.638Z,victima-linux,80792,3,Audit: Command: /usr/bin/dash.,audit|audit_command,RS2,/usr/bin/dash,/var/ossec,audit-wazuh-c,SYSCALL,/bin/sh,,,,,
2026-10-02T01:37:48.640Z,victima-linux,80792,3,Audit: Command: /usr/bin/ps.,audit|audit_command,RS2,/usr/bin/ps,/var/ossec,audit-wazuh-c,SYSCALL,/bin/ps,,,,,
2026-10-02T01:37:48.643Z,victima-linux,80792,3,Audit: Command: /usr/bin/dash.,audit|audit_command,RS2,/usr/bin/dash,/var/ossec,audit-wazuh-c,SYSCALL,/bin/sh,,,,,
2026-10-02T01:37:48.645Z,victima-linux,80792,3,Audit: Command: /usr/bin/ps.,audit|audit_command,RS2,/usr/bin/ps,/var/ossec,audit-wazuh-c,SYSCALL,/bin/ps,,,,,
2026-10-02T01:37:48.648Z,victima-linux,80792,3,Audit: Command: /usr/bin/dash.,audit|audit_command,RS2,/usr/bin/dash,/var/ossec,audit-wazuh-c,SYSCALL,/bin/sh,,,,,
2026-10-02T01:37:48.650Z,victima-linux,80792,3,Audit: Command: /usr/bin/ps.,audit|audit_command,RS2,/usr/bin/ps,/var/ossec,audit-wazuh-c,SYSCALL,/bin/ps,,,,,
2026-10-02T01:37:48.652Z,victima-linux,80792,3,Audit: Command: /usr/bin/dash.,audit|audit_command,RS2,/usr/bin/dash,/var/ossec,audit-wazuh-c,SYSCALL,/bin/sh,,,,,
2026-10-02T01:37:48.655Z,victima-linux,80792,3,Audit: Command: /usr/bin/ps.,audit|audit_command,RS2,/usr/bin/ps,/var/ossec,audit-wazuh-c,SYSCALL,/bin/ps,,,,,
2026-10-02T01:37:48.657Z,victima-linux,80792,3,Audit: Command: /usr/bin/dash.,audit|audit_command,RS2,/usr/bin/dash,/var/ossec,audit-wazuh-c,SYSCALL,/bin/sh,,,,,
2026-10-02T01:37:48.660Z,victima-linux,80792,3,Audit: Command: /usr/bin/ps.,audit|audit_command,RS2,/usr/bin/ps,/var/ossec,audit-wazuh-c,SYSCALL,/bin/ps,,,,,
2026-10-02T01:37:48.662Z,victima-linux,80792,3,Audit: Command: /usr/bin/dash.,audit|audit_command,RS2,/usr/bin/dash,/var/ossec,audit-wazuh-c,SYSCALL,/bin/sh,,,,,
2026-10-02T01:37:48.664Z,victima-linux,80792,3,Audit: Command: /usr/bin/ps.,audit|audit_command,RS2,/usr/bin/ps,/var/ossec,audit-wazuh-c,SYSCALL,/bin/ps,,,,,
2026-10-02T01:37:48.667Z,victima-linux,80792,3,Audit: Command: /usr/bin/dash.,audit|audit_command,RS2,/usr/bin/dash,/var/ossec,audit-wazuh-c,SYSCALL,/bin/sh,,,,,
2026-10-02T01:37:48.669Z,victima-linux,80792,3,Audit: Command: /usr/bin/ps.,audit|audit_command,RS2,/usr/bin/ps,/var/ossec,audit-wazuh-c,SYSCALL,/bin/ps,,,,,
2026-10-02T01:37:48.671Z,victima-linux,80792,3,Audit: Command: /usr/bin/dash.,audit|audit_command,RS2,/usr/bin/dash,/var/ossec,audit-wazuh-c,SYSCALL,/bin/sh,,,,,
2026-10-02T01:37:48.674Z,victima-linux,80792,3,Audit: Command: /usr/bin/ps.,audit|audit_command,RS2,/usr/bin/ps,/var/ossec,audit-wazuh-c,SYSCALL,/bin/ps,,,,,
2026-10-02T01:37:48.676Z,victima-linux,80792,3,Audit: Command: /usr/bin/dash.,audit|audit_command,RS2,/usr/bin/dash,/var/ossec,audit-wazuh-c,SYSCALL,/bin/sh,,,,,
2026-10-02T01:37:48.679Z,victima-linux,80792,3,Audit: Command: /usr/bin/ps.,audit|audit_command,RS2,/usr/bin/ps,/var/ossec,audit-wazuh-c,SYSCALL,/bin/ps,,,,,
2026-10-02T01:37:48.681Z,victima-linux,80792,3,Audit: Command: /usr/bin/dash.,audit|audit_command,RS2,/usr/bin/dash,/var/ossec,audit-wazuh-c,SYSCALL,/bin/sh,,,,,
2026-10-02T01:37:48.684Z,victima-linux,80792,3,Audit: Command: /usr/bin/ps.,audit|audit_command,RS2,/usr/bin/ps,/var/ossec,audit-wazuh-c,SYSCALL,/bin/ps,,,,,
2026-10-02T01:37:48.756Z,victima-linux,80792,3,Audit: Command: /usr/bin/dash.,audit|audit_command,RS2,/usr/bin/dash,/var/ossec,audit-wazuh-c,SYSCALL,/bin/sh,,,,,
2026-10-02T01:37:48.758Z,victima-linux,80792,3,Audit: Command: /usr/bin/ps.,audit|audit_command,RS2,/usr/bin/ps,/var/ossec,audit-wazuh-c,SYSCALL,/bin/ps,,,,,
2026-10-02T01:37:48.761Z,victima-linux,80792,3,Audit: Command: /usr/bin/dash.,audit|audit_command,RS2,/usr/bin/dash,/var/ossec,audit-wazuh-c,SYSCALL,/bin/sh,,,,,
2026-10-02T01:37:48.763Z,victima-linux,80792,3,Audit: Command: /usr/bin/ps.,audit|audit_command,RS2,/usr/bin/ps,/var/ossec,audit-wazuh-c,SYSCALL,/bin/ps,,,,,
2026-10-02T01:37:50.530Z,victima-linux,80792,3,Audit: Command: /usr/bin/dash.,audit|audit_command,RS2,/usr/bin/dash,/var/ossec,audit-wazuh-c,SYSCALL,/bin/sh,,,,,
2026-10-02T01:37:50.530Z,victima-linux,80792,3,Audit: Command: /usr/bin/ps.,audit|audit_command,RS2,/usr/bin/ps,/var/ossec,audit-wazuh-c,SYSCALL,/bin/ps,,,,,
2026-10-02T01:37:50.533Z,victima-linux,80792,3,Audit: Command: /usr/bin/dash.,audit|audit_command,RS2,/usr/bin/dash,/var/ossec,audit-wazuh-c,SYSCALL,/bin/sh,,,,,
2026-10-02T01:37:50.535Z,victima-linux,80792,3,Audit: Command: /usr/bin/ps.,audit|audit_command,RS2,/usr/bin/ps,/var/ossec,audit-wazuh-c,SYSCALL,/bin/ps,,,,,
2026-10-02T01:37:50.538Z,victima-linux,80792,3,Audit: Command: /usr/bin/dash.,audit|audit_command,RS2,/usr/bin/dash,/var/ossec,audit-wazuh-c,SYSCALL,/bin/sh,,,,,
2026-10-02T01:37:50.540Z,victima-linux,80792,3,Audit: Command: /usr/bin/ps.,audit|audit_command,RS2,/usr/bin/ps,/var/ossec,audit-wazuh-c,SYSCALL,/bin/ps,,,,,
2026-10-02T01:37:50.544Z,victima-linux,80792,3,Audit: Command: /usr/bin/dash.,audit|audit_command,RS2,/usr/bin/dash,/var/ossec,audit-wazuh-c,SYSCALL,/bin/sh,,,,,
2026-10-02T01:37:50.546Z,victima-linux,80792,3,Audit: Command: /usr/bin/ps.,audit|audit_command,RS2,/usr/bin/ps,/var/ossec,audit-wazuh-c,SYSCALL,/bin/ps,,,,,
2026-10-02T01:37:50.549Z,victima-linux,80792,3,Audit: Command: /usr/bin/dash.,audit|audit_command,RS2,/usr/bin/dash,/var/ossec,audit-wazuh-c,SYSCALL,/bin/sh,,,,,
2026-10-02T01:37:50.551Z,victima-linux,80792,3,Audit: Command: /usr/bin/ps.,audit|audit_command,RS2,/usr/bin/ps,/var/ossec,audit-wazuh-c,SYSCALL,/bin/ps,,,,,
2026-10-02T01:37:50.554Z,victima-linux,80792,3,Audit: Command: /usr/bin/dash.,audit|audit_command,RS2,/usr/bin/dash,/var/ossec,audit-wazuh-c,SYSCALL,/bin/sh,,,,,
2026-10-02T01:37:50.556Z,victima-linux,80792,3,Audit: Command: /usr/bin/ps.,audit|audit_command,RS2,/usr/bin/ps,/var/ossec,audit-wazuh-c,SYSCALL,/bin/ps,,,,,
2026-10-02T01:37:50.559Z,victima-linux,80792,3,Audit: Command: /usr/bin/dash.,audit|audit_command,RS2,/usr/bin/dash,/var/ossec,audit-wazuh-c,SYSCALL,/bin/sh,,,,,
2026-10-02T01:37:50.561Z,victima-linux,80792,3,Audit: Command: /usr/bin/ps.,audit|audit_command,RS2,/usr/bin/ps,/var/ossec,audit-wazuh-c,SYSCALL,/bin/ps,,,,,
2026-10-02T01:37:50.563Z,victima-linux,80792,3,Audit: Command: /usr/bin/dash.,audit|audit_command,RS2,/usr/bin/dash,/var/ossec,audit-wazuh-c,SYSCALL,/bin/sh,,,,,
2026-10-02T01:37:50.565Z,victima-linux,80792,3,Audit: Command: /usr/bin/ps.,audit|audit_command,RS2,/usr/bin/ps,/var/ossec,audit-wazuh-c,SYSCALL,/bin/ps,,,,,
2026-10-02T01:37:50.567Z,victima-linux,80792,3,Audit: Command: /usr/bin/dash.,audit|audit_command,RS2,/usr/bin/dash,/var/ossec,audit-wazuh-c,SYSCALL,/bin/sh,,,,,
2026-10-02T01:37:50.570Z,victima-linux,80792,3,Audit: Command: /usr/bin/ps.,audit|audit_command,RS2,/usr/bin/ps,/var/ossec,audit-wazuh-c,SYSCALL,/bin/ps,,,,,
2026-10-02T01:37:50.572Z,victima-linux,80792,3,Audit: Command: /usr/bin/dash.,audit|audit_command,RS2,/usr/bin/dash,/var/ossec,audit-wazuh-c,SYSCALL,/bin/sh,,,,,
2026-10-02T01:37:50.574Z,victima-linux,80792,3,Audit: Command: /usr/bin/ps.,audit|audit_command,RS2,/usr/bin/ps,/var/ossec,audit-wazuh-c,SYSCALL,/bin/ps,,,,,
2026-10-02T01:37:50.577Z,victima-linux,80792,3,Audit: Command: /usr/bin/dash.,audit|audit_command,RS2,/usr/bin/dash,/var/ossec,audit-wazuh-c,SYSCALL,/bin/sh,,,,,
2026-10-02T01:37:50.579Z,victima-linux,80792,3,Audit: Command: /usr/bin/ps.,audit|audit_command,RS2,/usr/bin/ps,/var/ossec,audit-wazuh-c,SYSCALL,/bin/ps,,,,,
2026-10-02T01:37:50.582Z,victima-linux,80792,3,Audit: Command: /usr/bin/dash.,audit|audit_command,RS2,/usr/bin/dash,/var/ossec,audit-wazuh-c,SYSCALL,/bin/sh,,,,,
2026-10-02T01:37:50.584Z,victima-linux,80792,3,Audit: Command: /usr/bin/ps.,audit|audit_command,RS2,/usr/bin/ps,/var/ossec,audit-wazuh-c,SYSCALL,/bin/ps,,,,,
2026-10-02T01:37:50.586Z,victima-linux,80792,3,Audit: Command: /usr/bin/dash.,audit|audit_command,RS2,/usr/bin/dash,/var/ossec,audit-wazuh-c,SYSCALL,/bin/sh,,,,,
2026-10-02T01:37:50.589Z,victima-linux,80792,3,Audit: Command: /usr/bin/ps.,audit|audit_command,RS2,/usr/bin/ps,/var/ossec,audit-wazuh-c,SYSCALL,/bin/ps,,,,,
2026-10-02T01:37:50.591Z,victima-linux,80792,3,Audit: Command: /usr/bin/dash.,audit|audit_command,RS2,/usr/bin/dash,/var/ossec,audit-wazuh-c,SYSCALL,/bin/sh,,,,,
2026-10-02T01:37:50.593Z,victima-linux,80792,3,Audit: Command: /usr/bin/ps.,audit|audit_command,RS2,/usr/bin/ps,/var/ossec,audit-wazuh-c,SYSCALL,/bin/ps,,,,,
2026-10-02T01:37:50.595Z,victima-linux,80792,3,Audit: Command: /usr/bin/dash.,audit|audit_command,RS2,/usr/bin/dash,/var/ossec,audit-wazuh-c,SYSCALL,/bin/sh,,,,,
2026-10-02T01:37:50.598Z,victima-linux,80792,3,Audit: Command: /usr/bin/ps.,audit|audit_command,RS2,/usr/bin/ps,/var/ossec,audit-wazuh-c,SYSCALL,/bin/ps,,,,,
2026-10-02T01:37:50.600Z,victima-linux,80792,3,Audit: Command: /usr/bin/dash.,audit|audit_command,RS2,/usr/bin/dash,/var/ossec,audit-wazuh-c,SYSCALL,/bin/sh,,,,,
2026-10-02T01:37:50.602Z,victima-linux,80792,3,Audit: Command: /usr/bin/ps.,audit|audit_command,RS2,/usr/bin/ps,/var/ossec,audit-wazuh-c,SYSCALL,/bin/ps,,,,,
2026-10-02T01:37:50.604Z,victima-linux,80792,3,Audit: Command: /usr/bin/dash.,audit|audit_command,RS2,/usr/bin/dash,/var/ossec,audit-wazuh-c,SYSCALL,/bin/sh,,,,,
2026-10-02T01:37:50.607Z,victima-linux,80792,3,Audit: Command: /usr/bin/ps.,audit|audit_command,RS2,/usr/bin/ps,/var/ossec,audit-wazuh-c,SYSCALL,/bin/ps,,,,,
2026-10-02T01:37:50.610Z,victima-linux,80792,3,Audit: Command: /usr/bin/dash.,audit|audit_command,RS2,/usr/bin/dash,/var/ossec,audit-wazuh-c,SYSCALL,/bin/sh,,,,,
2026-10-02T01:37:50.612Z,victima-linux,80792,3,Audit: Command: /usr/bin/ps.,audit|audit_command,RS2,/usr/bin/ps,/var/ossec,audit-wazuh-c,SYSCALL,/bin/ps,,,,,
2026-10-02T01:37:50.615Z,victima-linux,80792,3,Audit: Command: /usr/bin/dash.,audit|audit_command,RS2,/usr/bin/dash,/var/ossec,audit-wazuh-c,SYSCALL,/bin/sh,,,,,
2026-10-02T01:37:50.617Z,victima-linux,80792,3,Audit: Command: /usr/bin/ps.,audit|audit_command,RS2,/usr/bin/ps,/var/ossec,audit-wazuh-c,SYSCALL,/bin/ps,,,,,
2026-10-02T01:37:50.620Z,victima-linux,80792,3,Audit: Command: /usr/bin/dash.,audit|audit_command,RS2,/usr/bin/dash,/var/ossec,audit-wazuh-c,SYSCALL,/bin/sh,,,,,
2026-10-02T01:37:50.622Z,victima-linux,80792,3,Audit: Command: /usr/bin/ps.,audit|audit_command,RS2,/usr/bin/ps,/var/ossec,audit-wazuh-c,SYSCALL,/bin/ps,,,,,
2026-10-02T01:37:50.625Z,victima-linux,80792,3,Audit: Command: /usr/bin/dash.,audit|audit_command,RS2,/usr/bin/dash,/var/ossec,audit-wazuh-c,SYSCALL,/bin/sh,,,,,
2026-10-02T01:37:50.627Z,victima-linux,80792,3,Audit: Command: /usr/bin/ps.,audit|audit_command,RS2,/usr/bin/ps,/var/ossec,audit-wazuh-c,SYSCALL,/bin/ps,,,,,
2026-10-02T01:37:50.629Z,victima-linux,80792,3,Audit: Command: /usr/bin/dash.,audit|audit_command,RS2,/usr/bin/dash,/var/ossec,audit-wazuh-c,SYSCALL,/bin/sh,,,,,
2026-10-02T01:37:50.631Z,victima-linux,80792,3,Audit: Command: /usr/bin/ps.,audit|audit_command,RS2,/usr/bin/ps,/var/ossec,audit-wazuh-c,SYSCALL,/bin/ps,,,,,
2026-10-02T01:37:50.633Z,victima-linux,80792,3,Audit: Command: /usr/bin/dash.,audit|audit_command,RS2,/usr/bin/dash,/var/ossec,audit-wazuh-c,SYSCALL,/bin/sh,,,,,
2026-10-02T01:37:50.635Z,victima-linux,80792,3,Audit: Command: /usr/bin/ps.,audit|audit_command,RS2,/usr/bin/ps,/var/ossec,audit-wazuh-c,SYSCALL,/bin/ps,,,,,
2026-10-02T01:37:50.638Z,victima-linux,80792,3,Audit: Command: /usr/bin/dash.,audit|audit_command,RS2,/usr/bin/dash,/var/ossec,audit-wazuh-c,SYSCALL,/bin/sh,,,,,
2026-10-02T01:37:50.640Z,victima-linux,80792,3,Audit: Command: /usr/bin/ps.,audit|audit_command,RS2,/usr/bin/ps,/var/ossec,audit-wazuh-c,SYSCALL,/bin/ps,,,,,
2026-10-02T01:37:50.643Z,victima-linux,80792,3,Audit: Command: /usr/bin/dash.,audit|audit_command,RS2,/usr/bin/dash,/var/ossec,audit-wazuh-c,SYSCALL,/bin/sh,,,,,
2026-10-02T01:37:50.645Z,victima-linux,80792,3,Audit: Command: /usr/bin/ps.,audit|audit_command,RS2,/usr/bin/ps,/var/ossec,audit-wazuh-c,SYSCALL,/bin/ps,,,,,
2026-10-02T01:37:50.647Z,victima-linux,80792,3,Audit: Command: /usr/bin/dash.,audit|audit_command,RS2,/usr/bin/dash,/var/ossec,audit-wazuh-c,SYSCALL,/bin/sh,,,,,
2026-10-02T01:37:50.650Z,victima-linux,80792,3,Audit: Command: /usr/bin/ps.,audit|audit_command,RS2,/usr/bin/ps,/var/ossec,audit-wazuh-c,SYSCALL,/bin/ps,,,,,
2026-10-02T01:37:50.652Z,victima-linux,80792,3,Audit: Command: /usr/bin/dash.,audit|audit_command,RS2,/usr/bin/dash,/var/ossec,audit-wazuh-c,SYSCALL,/bin/sh,,,,,
2026-10-02T01:37:50.654Z,victima-linux,80792,3,Audit: Command: /usr/bin/ps.,audit|audit_command,RS2,/usr/bin/ps,/var/ossec,audit-wazuh-c,SYSCALL,/bin/ps,,,,,
2026-10-02T01:37:50.656Z,victima-linux,80792,3,Audit: Command: /usr/bin/dash.,audit|audit_command,RS2,/usr/bin/dash,/var/ossec,audit-wazuh-c,SYSCALL,/bin/sh,,,,,
2026-10-02T01:37:50.659Z,victima-linux,80792,3,Audit: Command: /usr/bin/ps.,audit|audit_command,RS2,/usr/bin/ps,/var/ossec,audit-wazuh-c,SYSCALL,/bin/ps,,,,,
2026-10-02T01:37:52.530Z,victima-linux,80792,3,Audit: Command: /usr/bin/dash.,audit|audit_command,RS2,/usr/bin/dash,/var/ossec,audit-wazuh-c,SYSCALL,/bin/sh,,,,,
2026-10-02T01:37:52.530Z,victima-linux,80792,3,Audit: Command: /usr/bin/ps.,audit|audit_command,RS2,/usr/bin/ps,/var/ossec,audit-wazuh-c,SYSCALL,/bin/ps,,,,,
2026-10-02T01:37:52.533Z,victima-linux,80792,3,Audit: Command: /usr/bin/dash.,audit|audit_command,RS2,/usr/bin/dash,/var/ossec,audit-wazuh-c,SYSCALL,/bin/sh,,,,,
2026-10-02T01:37:52.535Z,victima-linux,80792,3,Audit: Command: /usr/bin/ps.,audit|audit_command,RS2,/usr/bin/ps,/var/ossec,audit-wazuh-c,SYSCALL,/bin/ps,,,,,
2026-10-02T01:37:52.537Z,victima-linux,80792,3,Audit: Command: /usr/bin/dash.,audit|audit_command,RS2,/usr/bin/dash,/var/ossec,audit-wazuh-c,SYSCALL,/bin/sh,,,,,
2026-10-02T01:37:52.539Z,victima-linux,80792,3,Audit: Command: /usr/bin/ps.,audit|audit_command,RS2,/usr/bin/ps,/var/ossec,audit-wazuh-c,SYSCALL,/bin/ps,,,,,
2026-10-02T01:37:52.542Z,victima-linux,80792,3,Audit: Command: /usr/bin/dash.,audit|audit_command,RS2,/usr/bin/dash,/var/ossec,audit-wazuh-c,SYSCALL,/bin/sh,,,,,
2026-10-02T01:37:52.544Z,victima-linux,80792,3,Audit: Command: /usr/bin/ps.,audit|audit_command,RS2,/usr/bin/ps,/var/ossec,audit-wazuh-c,SYSCALL,/bin/ps,,,,,
2026-10-02T01:37:52.547Z,victima-linux,80792,3,Audit: Command: /usr/bin/dash.,audit|audit_command,RS2,/usr/bin/dash,/var/ossec,audit-wazuh-c,SYSCALL,/bin/sh,,,,,
2026-10-02T01:37:52.549Z,victima-linux,80792,3,Audit: Command: /usr/bin/ps.,audit|audit_command,RS2,/usr/bin/ps,/var/ossec,audit-wazuh-c,SYSCALL,/bin/ps,,,,,
2026-10-02T01:37:52.552Z,victima-linux,80792,3,Audit: Command: /usr/bin/dash.,audit|audit_command,RS2,/usr/bin/dash,/var/ossec,audit-wazuh-c,SYSCALL,/bin/sh,,,,,
2026-10-02T01:37:52.554Z,victima-linux,80792,3,Audit: Command: /usr/bin/ps.,audit|audit_command,RS2,/usr/bin/ps,/var/ossec,audit-wazuh-c,SYSCALL,/bin/ps,,,,,
2026-10-02T01:37:52.556Z,victima-linux,80792,3,Audit: Command: /usr/bin/dash.,audit|audit_command,RS2,/usr/bin/dash,/var/ossec,audit-wazuh-c,SYSCALL,/bin/sh,,,,,
2026-10-02T01:37:52.558Z,victima-linux,80792,3,Audit: Command: /usr/bin/ps.,audit|audit_command,RS2,/usr/bin/ps,/var/ossec,audit-wazuh-c,SYSCALL,/bin/ps,,,,,
2026-10-02T01:37:52.561Z,victima-linux,80792,3,Audit: Command: /usr/bin/dash.,audit|audit_command,RS2,/usr/bin/dash,/var/ossec,audit-wazuh-c,SYSCALL,/bin/sh,,,,,
2026-10-02T01:37:52.563Z,victima-linux,80792,3,Audit: Command: /usr/bin/ps.,audit|audit_command,RS2,/usr/bin/ps,/var/ossec,audit-wazuh-c,SYSCALL,/bin/ps,,,,,
2026-10-02T01:37:52.566Z,victima-linux,80792,3,Audit: Command: /usr/bin/dash.,audit|audit_command,RS2,/usr/bin/dash,/var/ossec,audit-wazuh-c,SYSCALL,/bin/sh,,,,,
2026-10-02T01:37:52.568Z,victima-linux,80792,3,Audit: Command: /usr/bin/ps.,audit|audit_command,RS2,/usr/bin/ps,/var/ossec,audit-wazuh-c,SYSCALL,/bin/ps,,,,,
2026-10-02T01:37:52.571Z,victima-linux,80792,3,Audit: Command: /usr/bin/dash.,audit|audit_command,RS2,/usr/bin/dash,/var/ossec,audit-wazuh-c,SYSCALL,/bin/sh,,,,,
2026-10-02T01:37:52.573Z,victima-linux,80792,3,Audit: Command: /usr/bin/ps.,audit|audit_command,RS2,/usr/bin/ps,/var/ossec,audit-wazuh-c,SYSCALL,/bin/ps,,,,,
2026-10-02T01:37:52.576Z,victima-linux,80792,3,Audit: Command: /usr/bin/dash.,audit|audit_command,RS2,/usr/bin/dash,/var/ossec,audit-wazuh-c,SYSCALL,/bin/sh,,,,,
2026-10-02T01:37:52.579Z,victima-linux,80792,3,Audit: Command: /usr/bin/ps.,audit|audit_command,RS2,/usr/bin/ps,/var/ossec,audit-wazuh-c,SYSCALL,/bin/ps,,,,,
2026-10-02T01:37:52.581Z,victima-linux,80792,3,Audit: Command: /usr/bin/dash.,audit|audit_command,RS2,/usr/bin/dash,/var/ossec,audit-wazuh-c,SYSCALL,/bin/sh,,,,,
2026-10-02T01:37:52.584Z,victima-linux,80792,3,Audit: Command: /usr/bin/ps.,audit|audit_command,RS2,/usr/bin/ps,/var/ossec,audit-wazuh-c,SYSCALL,/bin/ps,,,,,
2026-10-02T01:37:52.586Z,victima-linux,80792,3,Audit: Command: /usr/bin/dash.,audit|audit_command,RS2,/usr/bin/dash,/var/ossec,audit-wazuh-c,SYSCALL,/bin/sh,,,,,
2026-10-02T01:37:52.588Z,victima-linux,80792,3,Audit: Command: /usr/bin/ps.,audit|audit_command,RS2,/usr/bin/ps,/var/ossec,audit-wazuh-c,SYSCALL,/bin/ps,,,,,
2026-10-02T01:37:52.591Z,victima-linux,80792,3,Audit: Command: /usr/bin/dash.,audit|audit_command,RS2,/usr/bin/dash,/var/ossec,audit-wazuh-c,SYSCALL,/bin/sh,,,,,
2026-10-02T01:37:52.593Z,victima-linux,80792,3,Audit: Command: /usr/bin/ps.,audit|audit_command,RS2,/usr/bin/ps,/var/ossec,audit-wazuh-c,SYSCALL,/bin/ps,,,,,
2026-10-02T01:37:52.595Z,victima-linux,80792,3,Audit: Command: /usr/bin/dash.,audit|audit_command,RS2,/usr/bin/dash,/var/ossec,audit-wazuh-c,SYSCALL,/bin/sh,,,,,
2026-10-02T01:37:52.598Z,victima-linux,80792,3,Audit: Command: /usr/bin/ps.,audit|audit_command,RS2,/usr/bin/ps,/var/ossec,audit-wazuh-c,SYSCALL,/bin/ps,,,,,
2026-10-02T01:37:52.600Z,victima-linux,80792,3,Audit: Command: /usr/bin/dash.,audit|audit_command,RS2,/usr/bin/dash,/var/ossec,audit-wazuh-c,SYSCALL,/bin/sh,,,,,
2026-10-02T01:37:52.603Z,victima-linux,80792,3,Audit: Command: /usr/bin/ps.,audit|audit_command,RS2,/usr/bin/ps,/var/ossec,audit-wazuh-c,SYSCALL,/bin/ps,,,,,
2026-10-02T01:37:52.605Z,victima-linux,80792,3,Audit: Command: /usr/bin/dash.,audit|audit_command,RS2,/usr/bin/dash,/var/ossec,audit-wazuh-c,SYSCALL,/bin/sh,,,,,
2026-10-02T01:37:52.607Z,victima-linux,80792,3,Audit: Command: /usr/bin/ps.,audit|audit_command,RS2,/usr/bin/ps,/var/ossec,audit-wazuh-c,SYSCALL,/bin/ps,,,,,
2026-10-02T01:37:52.610Z,victima-linux,80792,3,Audit: Command: /usr/bin/dash.,audit|audit_command,RS2,/usr/bin/dash,/var/ossec,audit-wazuh-c,SYSCALL,/bin/sh,,,,,
2026-10-02T01:37:52.612Z,victima-linux,80792,3,Audit: Command: /usr/bin/ps.,audit|audit_command,RS2,/usr/bin/ps,/var/ossec,audit-wazuh-c,SYSCALL,/bin/ps,,,,,
2026-10-02T01:37:52.614Z,victima-linux,80792,3,Audit: Command: /usr/bin/dash.,audit|audit_command,RS2,/usr/bin/dash,/var/ossec,audit-wazuh-c,SYSCALL,/bin/sh,,,,,
2026-10-02T01:37:52.616Z,victima-linux,80792,3,Audit: Command: /usr/bin/ps.,audit|audit_command,RS2,/usr/bin/ps,/var/ossec,audit-wazuh-c,SYSCALL,/bin/ps,,,,,
2026-10-02T01:37:52.619Z,victima-linux,80792,3,Audit: Command: /usr/bin/dash.,audit|audit_command,RS2,/usr/bin/dash,/var/ossec,audit-wazuh-c,SYSCALL,/bin/sh,,,,,
2026-10-02T01:37:52.621Z,victima-linux,80792,3,Audit: Command: /usr/bin/ps.,audit|audit_command,RS2,/usr/bin/ps,/var/ossec,audit-wazuh-c,SYSCALL,/bin/ps,,,,,
2026-10-02T01:37:52.624Z,victima-linux,80792,3,Audit: Command: /usr/bin/dash.,audit|audit_command,RS2,/usr/bin/dash,/var/ossec,audit-wazuh-c,SYSCALL,/bin/sh,,,,,
2026-10-02T01:37:52.626Z,victima-linux,80792,3,Audit: Command: /usr/bin/ps.,audit|audit_command,RS2,/usr/bin/ps,/var/ossec,audit-wazuh-c,SYSCALL,/bin/ps,,,,,
2026-10-02T01:37:52.629Z,victima-linux,80792,3,Audit: Command: /usr/bin/dash.,audit|audit_command,RS2,/usr/bin/dash,/var/ossec,audit-wazuh-c,SYSCALL,/bin/sh,,,,,
2026-10-02T01:37:52.631Z,victima-linux,80792,3,Audit: Command: /usr/bin/ps.,audit|audit_command,RS2,/usr/bin/ps,/var/ossec,audit-wazuh-c,SYSCALL,/bin/ps,,,,,
2026-10-02T01:37:52.633Z,victima-linux,80792,3,Audit: Command: /usr/bin/dash.,audit|audit_command,RS2,/usr/bin/dash,/var/ossec,audit-wazuh-c,SYSCALL,/bin/sh,,,,,
2026-10-02T01:37:52.635Z,victima-linux,80792,3,Audit: Command: /usr/bin/ps.,audit|audit_command,RS2,/usr/bin/ps,/var/ossec,audit-wazuh-c,SYSCALL,/bin/ps,,,,,
2026-10-02T01:37:52.638Z,victima-linux,80792,3,Audit: Command: /usr/bin/dash.,audit|audit_command,RS2,/usr/bin/dash,/var/ossec,audit-wazuh-c,SYSCALL,/bin/sh,,,,,
2026-10-02T01:37:52.640Z,victima-linux,80792,3,Audit: Command: /usr/bin/ps.,audit|audit_command,RS2,/usr/bin/ps,/var/ossec,audit-wazuh-c,SYSCALL,/bin/ps,,,,,
2026-10-02T01:37:52.642Z,victima-linux,80792,3,Audit: Command: /usr/bin/dash.,audit|audit_command,RS2,/usr/bin/dash,/var/ossec,audit-wazuh-c,SYSCALL,/bin/sh,,,,,
2026-10-02T01:37:52.646Z,victima-linux,80792,3,Audit: Command: /usr/bin/ps.,audit|audit_command,RS2,/usr/bin/ps,/var/ossec,audit-wazuh-c,SYSCALL,/bin/ps,,,,,
2026-10-02T01:37:52.649Z,victima-linux,80792,3,Audit: Command: /usr/bin/dash.,audit|audit_command,RS2,/usr/bin/dash,/var/ossec,audit-wazuh-c,SYSCALL,/bin/sh,,,,,
2026-10-02T01:37:52.651Z,victima-linux,80792,3,Audit: Command: /usr/bin/ps.,audit|audit_command,RS2,/usr/bin/ps,/var/ossec,audit-wazuh-c,SYSCALL,/bin/ps,,,,,
2026-10-02T01:37:52.654Z,victima-linux,80792,3,Audit: Command: /usr/bin/dash.,audit|audit_command,RS2,/usr/bin/dash,/var/ossec,audit-wazuh-c,SYSCALL,/bin/sh,,,,,
2026-10-02T01:37:52.656Z,victima-linux,80792,3,Audit: Command: /usr/bin/ps.,audit|audit_command,RS2,/usr/bin/ps,/var/ossec,audit-wazuh-c,SYSCALL,/bin/ps,,,,,
2026-10-02T01:37:52.659Z,victima-linux,80791,3,Audit: Deleted: var/run/.,audit|audit_watch_delete|audit_watch_write,RS2,/var/ossec/bin/wazuh-agentd,/var/ossec,audit-wazuh-w,SYSCALL,var/run/,var/run/,,,,
2026-10-02T01:37:52.661Z,victima-linux,80792,3,Audit: Command: /usr/bin/dash.,audit|audit_command,RS2,/usr/bin/dash,/var/ossec,audit-wazuh-c,SYSCALL,/bin/sh,,,,,
2026-10-02T01:37:52.664Z,victima-linux,80792,3,Audit: Command: /usr/bin/ps.,audit|audit_command,RS2,/usr/bin/ps,/var/ossec,audit-wazuh-c,SYSCALL,/bin/ps,,,,,
2026-10-02T01:37:52.666Z,victima-linux,80792,3,Audit: Command: /usr/bin/dash.,audit|audit_command,RS2,/usr/bin/dash,/var/ossec,audit-wazuh-c,SYSCALL,/bin/sh,,,,,
2026-10-02T01:37:52.669Z,victima-linux,80792,3,Audit: Command: /usr/bin/ps.,audit|audit_command,RS2,/usr/bin/ps,/var/ossec,audit-wazuh-c,SYSCALL,/bin/ps,,,,,
2026-10-02T01:37:52.671Z,victima-linux,80792,3,Audit: Command: /usr/bin/dash.,audit|audit_command,RS2,/usr/bin/dash,/var/ossec,audit-wazuh-c,SYSCALL,/bin/sh,,,,,
2026-10-02T01:37:52.673Z,victima-linux,80792,3,Audit: Command: /usr/bin/ps.,audit|audit_command,RS2,/usr/bin/ps,/var/ossec,audit-wazuh-c,SYSCALL,/bin/ps,,,,,
2026-10-02T01:37:54.532Z,victima-linux,80792,3,Audit: Command: /usr/bin/dash.,audit|audit_command,RS2,/usr/bin/dash,/var/ossec,audit-wazuh-c,SYSCALL,/bin/sh,,,,,
2026-10-02T01:37:54.532Z,victima-linux,80792,3,Audit: Command: /usr/bin/ps.,audit|audit_command,RS2,/usr/bin/ps,/var/ossec,audit-wazuh-c,SYSCALL,/bin/ps,,,,,
2026-10-02T01:37:54.534Z,victima-linux,80792,3,Audit: Command: /usr/bin/dash.,audit|audit_command,RS2,/usr/bin/dash,/var/ossec,audit-wazuh-c,SYSCALL,/bin/sh,,,,,
2026-10-02T01:37:54.537Z,victima-linux,80792,3,Audit: Command: /usr/bin/ps.,audit|audit_command,RS2,/usr/bin/ps,/var/ossec,audit-wazuh-c,SYSCALL,/bin/ps,,,,,
2026-10-02T01:37:54.539Z,victima-linux,80792,3,Audit: Command: /usr/bin/dash.,audit|audit_command,RS2,/usr/bin/dash,/var/ossec,audit-wazuh-c,SYSCALL,/bin/sh,,,,,
2026-10-02T01:37:54.542Z,victima-linux,80792,3,Audit: Command: /usr/bin/ps.,audit|audit_command,RS2,/usr/bin/ps,/var/ossec,audit-wazuh-c,SYSCALL,/bin/ps,,,,,
2026-10-02T01:37:54.544Z,victima-linux,80792,3,Audit: Command: /usr/bin/dash.,audit|audit_command,RS2,/usr/bin/dash,/var/ossec,audit-wazuh-c,SYSCALL,/bin/sh,,,,,
2026-10-02T01:37:54.547Z,victima-linux,80792,3,Audit: Command: /usr/bin/ps.,audit|audit_command,RS2,/usr/bin/ps,/var/ossec,audit-wazuh-c,SYSCALL,/bin/ps,,,,,
2026-10-02T01:37:54.549Z,victima-linux,80792,3,Audit: Command: /usr/bin/dash.,audit|audit_command,RS2,/usr/bin/dash,/var/ossec,audit-wazuh-c,SYSCALL,/bin/sh,,,,,
2026-10-02T01:37:54.552Z,victima-linux,80792,3,Audit: Command: /usr/bin/ps.,audit|audit_command,RS2,/usr/bin/ps,/var/ossec,audit-wazuh-c,SYSCALL,/bin/ps,,,,,
2026-10-02T01:37:54.554Z,victima-linux,80792,3,Audit: Command: /usr/bin/dash.,audit|audit_command,RS2,/usr/bin/dash,/var/ossec,audit-wazuh-c,SYSCALL,/bin/sh,,,,,
2026-10-02T01:37:54.557Z,victima-linux,80792,3,Audit: Command: /usr/bin/ps.,audit|audit_command,RS2,/usr/bin/ps,/var/ossec,audit-wazuh-c,SYSCALL,/bin/ps,,,,,
2026-10-02T01:37:54.559Z,victima-linux,80792,3,Audit: Command: /usr/bin/dash.,audit|audit_command,RS2,/usr/bin/dash,/var/ossec,audit-wazuh-c,SYSCALL,/bin/sh,,,,,
2026-10-02T01:37:54.561Z,victima-linux,80792,3,Audit: Command: /usr/bin/ps.,audit|audit_command,RS2,/usr/bin/ps,/var/ossec,audit-wazuh-c,SYSCALL,/bin/ps,,,,,
2026-10-02T01:37:54.563Z,victima-linux,80792,3,Audit: Command: /usr/bin/dash.,audit|audit_command,RS2,/usr/bin/dash,/var/ossec,audit-wazuh-c,SYSCALL,/bin/sh,,,,,
2026-10-02T01:37:54.566Z,victima-linux,80792,3,Audit: Command: /usr/bin/ps.,audit|audit_command,RS2,/usr/bin/ps,/var/ossec,audit-wazuh-c,SYSCALL,/bin/ps,,,,,
2026-10-02T01:37:54.568Z,victima-linux,80792,3,Audit: Command: /usr/bin/dash.,audit|audit_command,RS2,/usr/bin/dash,/var/ossec,audit-wazuh-c,SYSCALL,/bin/sh,,,,,
2026-10-02T01:37:54.571Z,victima-linux,80792,3,Audit: Command: /usr/bin/ps.,audit|audit_command,RS2,/usr/bin/ps,/var/ossec,audit-wazuh-c,SYSCALL,/bin/ps,,,,,
2026-10-02T01:37:54.573Z,victima-linux,80792,3,Audit: Command: /usr/bin/dash.,audit|audit_command,RS2,/usr/bin/dash,/var/ossec,audit-wazuh-c,SYSCALL,/bin/sh,,,,,
2026-10-02T01:37:54.575Z,victima-linux,80792,3,Audit: Command: /usr/bin/ps.,audit|audit_command,RS2,/usr/bin/ps,/var/ossec,audit-wazuh-c,SYSCALL,/bin/ps,,,,,
2026-10-02T01:37:54.577Z,victima-linux,80792,3,Audit: Command: /usr/bin/dash.,audit|audit_command,RS2,/usr/bin/dash,/var/ossec,audit-wazuh-c,SYSCALL,/bin/sh,,,,,
2026-10-02T01:37:54.580Z,victima-linux,80792,3,Audit: Command: /usr/bin/ps.,audit|audit_command,RS2,/usr/bin/ps,/var/ossec,audit-wazuh-c,SYSCALL,/bin/ps,,,,,
2026-10-02T01:37:54.582Z,victima-linux,80792,3,Audit: Command: /usr/bin/dash.,audit|audit_command,RS2,/usr/bin/dash,/var/ossec,audit-wazuh-c,SYSCALL,/bin/sh,,,,,
2026-10-02T01:37:54.585Z,victima-linux,80792,3,Audit: Command: /usr/bin/ps.,audit|audit_command,RS2,/usr/bin/ps,/var/ossec,audit-wazuh-c,SYSCALL,/bin/ps,,,,,
2026-10-02T01:37:54.587Z,victima-linux,80792,3,Audit: Command: /usr/bin/dash.,audit|audit_command,RS2,/usr/bin/dash,/var/ossec,audit-wazuh-c,SYSCALL,/bin/sh,,,,,
2026-10-02T01:37:54.589Z,victima-linux,80792,3,Audit: Command: /usr/bin/ps.,audit|audit_command,RS2,/usr/bin/ps,/var/ossec,audit-wazuh-c,SYSCALL,/bin/ps,,,,,
2026-10-02T01:37:54.591Z,victima-linux,80792,3,Audit: Command: /usr/bin/dash.,audit|audit_command,RS2,/usr/bin/dash,/var/ossec,audit-wazuh-c,SYSCALL,/bin/sh,,,,,
2026-10-02T01:37:54.593Z,victima-linux,80792,3,Audit: Command: /usr/bin/ps.,audit|audit_command,RS2,/usr/bin/ps,/var/ossec,audit-wazuh-c,SYSCALL,/bin/ps,,,,,
2026-10-02T01:37:54.595Z,victima-linux,80792,3,Audit: Command: /usr/bin/dash.,audit|audit_command,RS2,/usr/bin/dash,/var/ossec,audit-wazuh-c,SYSCALL,/bin/sh,,,,,
2026-10-02T01:37:54.598Z,victima-linux,80792,3,Audit: Command: /usr/bin/ps.,audit|audit_command,RS2,/usr/bin/ps,/var/ossec,audit-wazuh-c,SYSCALL,/bin/ps,,,,,
2026-10-02T01:37:54.600Z,victima-linux,80792,3,Audit: Command: /usr/bin/dash.,audit|audit_command,RS2,/usr/bin/dash,/var/ossec,audit-wazuh-c,SYSCALL,/bin/sh,,,,,
2026-10-02T01:37:54.602Z,victima-linux,80792,3,Audit: Command: /usr/bin/ps.,audit|audit_command,RS2,/usr/bin/ps,/var/ossec,audit-wazuh-c,SYSCALL,/bin/ps,,,,,
2026-10-02T01:37:54.605Z,victima-linux,80792,3,Audit: Command: /usr/bin/dash.,audit|audit_command,RS2,/usr/bin/dash,/var/ossec,audit-wazuh-c,SYSCALL,/bin/sh,,,,,
2026-10-02T01:37:54.608Z,victima-linux,80792,3,Audit: Command: /usr/bin/ps.,audit|audit_command,RS2,/usr/bin/ps,/var/ossec,audit-wazuh-c,SYSCALL,/bin/ps,,,,,
2026-10-02T01:37:54.610Z,victima-linux,80792,3,Audit: Command: /usr/bin/dash.,audit|audit_command,RS2,/usr/bin/dash,/var/ossec,audit-wazuh-c,SYSCALL,/bin/sh,,,,,
2026-10-02T01:37:54.613Z,victima-linux,80792,3,Audit: Command: /usr/bin/ps.,audit|audit_command,RS2,/usr/bin/ps,/var/ossec,audit-wazuh-c,SYSCALL,/bin/ps,,,,,
2026-10-02T01:37:54.615Z,victima-linux,80792,3,Audit: Command: /usr/bin/dash.,audit|audit_command,RS2,/usr/bin/dash,/var/ossec,audit-wazuh-c,SYSCALL,/bin/sh,,,,,
2026-10-02T01:37:54.617Z,victima-linux,80792,3,Audit: Command: /usr/bin/ps.,audit|audit_command,RS2,/usr/bin/ps,/var/ossec,audit-wazuh-c,SYSCALL,/bin/ps,,,,,
2026-10-02T01:37:54.619Z,victima-linux,80792,3,Audit: Command: /usr/bin/dash.,audit|audit_command,RS2,/usr/bin/dash,/var/ossec,audit-wazuh-c,SYSCALL,/bin/sh,,,,,
2026-10-02T01:37:54.622Z,victima-linux,80792,3,Audit: Command: /usr/bin/ps.,audit|audit_command,RS2,/usr/bin/ps,/var/ossec,audit-wazuh-c,SYSCALL,/bin/ps,,,,,
2026-10-02T01:37:54.624Z,victima-linux,80792,3,Audit: Command: /usr/bin/dash.,audit|audit_command,RS2,/usr/bin/dash,/var/ossec,audit-wazuh-c,SYSCALL,/bin/sh,,,,,
2026-10-02T01:37:54.626Z,victima-linux,80792,3,Audit: Command: /usr/bin/ps.,audit|audit_command,RS2,/usr/bin/ps,/var/ossec,audit-wazuh-c,SYSCALL,/bin/ps,,,,,
2026-10-02T01:37:54.629Z,victima-linux,80792,3,Audit: Command: /usr/bin/dash.,audit|audit_command,RS2,/usr/bin/dash,/var/ossec,audit-wazuh-c,SYSCALL,/bin/sh,,,,,
2026-10-02T01:37:54.631Z,victima-linux,80792,3,Audit: Command: /usr/bin/ps.,audit|audit_command,RS2,/usr/bin/ps,/var/ossec,audit-wazuh-c,SYSCALL,/bin/ps,,,,,
2026-10-02T01:37:54.633Z,victima-linux,80792,3,Audit: Command: /usr/bin/dash.,audit|audit_command,RS2,/usr/bin/dash,/var/ossec,audit-wazuh-c,SYSCALL,/bin/sh,,,,,
2026-10-02T01:37:54.636Z,victima-linux,80792,3,Audit: Command: /usr/bin/ps.,audit|audit_command,RS2,/usr/bin/ps,/var/ossec,audit-wazuh-c,SYSCALL,/bin/ps,,,,,
2026-10-02T01:37:54.638Z,victima-linux,80792,3,Audit: Command: /usr/bin/dash.,audit|audit_command,RS2,/usr/bin/dash,/var/ossec,audit-wazuh-c,SYSCALL,/bin/sh,,,,,
2026-10-02T01:37:54.640Z,victima-linux,80792,3,Audit: Command: /usr/bin/ps.,audit|audit_command,RS2,/usr/bin/ps,/var/ossec,audit-wazuh-c,SYSCALL,/bin/ps,,,,,
2026-10-02T01:37:54.642Z,victima-linux,80792,3,Audit: Command: /usr/bin/dash.,audit|audit_command,RS2,/usr/bin/dash,/var/ossec,audit-wazuh-c,SYSCALL,/bin/sh,,,,,
2026-10-02T01:37:54.644Z,victima-linux,80792,3,Audit: Command: /usr/bin/ps.,audit|audit_command,RS2,/usr/bin/ps,/var/ossec,audit-wazuh-c,SYSCALL,/bin/ps,,,,,
2026-10-02T01:37:54.646Z,victima-linux,80792,3,Audit: Command: /usr/bin/dash.,audit|audit_command,RS2,/usr/bin/dash,/var/ossec,audit-wazuh-c,SYSCALL,/bin/sh,,,,,
2026-10-02T01:37:54.649Z,victima-linux,80792,3,Audit: Command: /usr/bin/ps.,audit|audit_command,RS2,/usr/bin/ps,/var/ossec,audit-wazuh-c,SYSCALL,/bin/ps,,,,,
2026-10-02T01:37:54.651Z,victima-linux,80792,3,Audit: Command: /usr/bin/dash.,audit|audit_command,RS2,/usr/bin/dash,/var/ossec,audit-wazuh-c,SYSCALL,/bin/sh,,,,,
2026-10-02T01:37:54.653Z,victima-linux,80792,3,Audit: Command: /usr/bin/ps.,audit|audit_command,RS2,/usr/bin/ps,/var/ossec,audit-wazuh-c,SYSCALL,/bin/ps,,,,,
2026-10-02T01:37:54.656Z,victima-linux,80792,3,Audit: Command: /usr/bin/dash.,audit|audit_command,RS2,/usr/bin/dash,/var/ossec,audit-wazuh-c,SYSCALL,/bin/sh,,,,,
2026-10-02T01:37:54.658Z,victima-linux,80792,3,Audit: Command: /usr/bin/ps.,audit|audit_command,RS2,/usr/bin/ps,/var/ossec,audit-wazuh-c,SYSCALL,/bin/ps,,,,,
2026-10-02T01:37:54.661Z,victima-linux,80792,3,Audit: Command: /usr/bin/dash.,audit|audit_command,RS2,/usr/bin/dash,/var/ossec,audit-wazuh-c,SYSCALL,/bin/sh,,,,,
2026-10-02T01:37:54.662Z,victima-linux,80792,3,Audit: Command: /usr/bin/ps.,audit|audit_command,RS2,/usr/bin/ps,/var/ossec,audit-wazuh-c,SYSCALL,/bin/ps,,,,,
2026-10-02T01:37:54.665Z,victima-linux,80792,3,Audit: Command: /usr/bin/dash.,audit|audit_command,RS2,/usr/bin/dash,/var/ossec,audit-wazuh-c,SYSCALL,/bin/sh,,,,,
2026-10-02T01:37:54.668Z,victima-linux,80792,3,Audit: Command: /usr/bin/ps.,audit|audit_command,RS2,/usr/bin/ps,/var/ossec,audit-wazuh-c,SYSCALL,/bin/ps,,,,,
2026-10-02T01:37:56.535Z,victima-linux,80792,3,Audit: Command: /usr/bin/dash.,audit|audit_command,RS2,/usr/bin/dash,/var/ossec,audit-wazuh-c,SYSCALL,/bin/sh,,,,,
2026-10-02T01:37:56.535Z,victima-linux,80792,3,Audit: Command: /usr/bin/ps.,audit|audit_command,RS2,/usr/bin/ps,/var/ossec,audit-wazuh-c,SYSCALL,/bin/ps,,,,,
2026-10-02T01:37:56.537Z,victima-linux,80792,3,Audit: Command: /usr/bin/dash.,audit|audit_command,RS2,/usr/bin/dash,/var/ossec,audit-wazuh-c,SYSCALL,/bin/sh,,,,,
2026-10-02T01:37:56.539Z,victima-linux,80792,3,Audit: Command: /usr/bin/ps.,audit|audit_command,RS2,/usr/bin/ps,/var/ossec,audit-wazuh-c,SYSCALL,/bin/ps,,,,,
2026-10-02T01:37:56.542Z,victima-linux,80792,3,Audit: Command: /usr/bin/dash.,audit|audit_command,RS2,/usr/bin/dash,/var/ossec,audit-wazuh-c,SYSCALL,/bin/sh,,,,,
2026-10-02T01:37:56.544Z,victima-linux,80792,3,Audit: Command: /usr/bin/ps.,audit|audit_command,RS2,/usr/bin/ps,/var/ossec,audit-wazuh-c,SYSCALL,/bin/ps,,,,,
2026-10-02T01:37:56.547Z,victima-linux,80792,3,Audit: Command: /usr/bin/dash.,audit|audit_command,RS2,/usr/bin/dash,/var/ossec,audit-wazuh-c,SYSCALL,/bin/sh,,,,,
2026-10-02T01:37:56.549Z,victima-linux,80792,3,Audit: Command: /usr/bin/ps.,audit|audit_command,RS2,/usr/bin/ps,/var/ossec,audit-wazuh-c,SYSCALL,/bin/ps,,,,,
2026-10-02T01:37:56.552Z,victima-linux,80792,3,Audit: Command: /usr/bin/dash.,audit|audit_command,RS2,/usr/bin/dash,/var/ossec,audit-wazuh-c,SYSCALL,/bin/sh,,,,,
2026-10-02T01:37:56.554Z,victima-linux,80792,3,Audit: Command: /usr/bin/ps.,audit|audit_command,RS2,/usr/bin/ps,/var/ossec,audit-wazuh-c,SYSCALL,/bin/ps,,,,,
2026-10-02T01:37:56.556Z,victima-linux,80792,3,Audit: Command: /usr/bin/dash.,audit|audit_command,RS2,/usr/bin/dash,/var/ossec,audit-wazuh-c,SYSCALL,/bin/sh,,,,,
2026-10-02T01:37:56.559Z,victima-linux,80792,3,Audit: Command: /usr/bin/ps.,audit|audit_command,RS2,/usr/bin/ps,/var/ossec,audit-wazuh-c,SYSCALL,/bin/ps,,,,,
2026-10-02T01:37:56.561Z,victima-linux,80792,3,Audit: Command: /usr/bin/dash.,audit|audit_command,RS2,/usr/bin/dash,/var/ossec,audit-wazuh-c,SYSCALL,/bin/sh,,,,,
2026-10-02T01:37:56.564Z,victima-linux,80792,3,Audit: Command: /usr/bin/ps.,audit|audit_command,RS2,/usr/bin/ps,/var/ossec,audit-wazuh-c,SYSCALL,/bin/ps,,,,,
2026-10-02T01:37:56.566Z,victima-linux,80792,3,Audit: Command: /usr/bin/dash.,audit|audit_command,RS2,/usr/bin/dash,/var/ossec,audit-wazuh-c,SYSCALL,/bin/sh,,,,,
2026-10-02T01:37:56.569Z,victima-linux,80792,3,Audit: Command: /usr/bin/ps.,audit|audit_command,RS2,/usr/bin/ps,/var/ossec,audit-wazuh-c,SYSCALL,/bin/ps,,,,,
2026-10-02T01:37:56.571Z,victima-linux,80792,3,Audit: Command: /usr/bin/dash.,audit|audit_command,RS2,/usr/bin/dash,/var/ossec,audit-wazuh-c,SYSCALL,/bin/sh,,,,,
2026-10-02T01:37:56.573Z,victima-linux,80792,3,Audit: Command: /usr/bin/ps.,audit|audit_command,RS2,/usr/bin/ps,/var/ossec,audit-wazuh-c,SYSCALL,/bin/ps,,,,,
2026-10-02T01:37:56.576Z,victima-linux,80792,3,Audit: Command: /usr/bin/dash.,audit|audit_command,RS2,/usr/bin/dash,/var/ossec,audit-wazuh-c,SYSCALL,/bin/sh,,,,,
2026-10-02T01:37:56.578Z,victima-linux,80792,3,Audit: Command: /usr/bin/ps.,audit|audit_command,RS2,/usr/bin/ps,/var/ossec,audit-wazuh-c,SYSCALL,/bin/ps,,,,,
2026-10-02T01:37:56.581Z,victima-linux,80792,3,Audit: Command: /usr/bin/dash.,audit|audit_command,RS2,/usr/bin/dash,/var/ossec,audit-wazuh-c,SYSCALL,/bin/sh,,,,,
2026-10-02T01:37:56.583Z,victima-linux,80792,3,Audit: Command: /usr/bin/ps.,audit|audit_command,RS2,/usr/bin/ps,/var/ossec,audit-wazuh-c,SYSCALL,/bin/ps,,,,,
2026-10-02T01:37:56.585Z,victima-linux,80792,3,Audit: Command: /usr/bin/dash.,audit|audit_command,RS2,/usr/bin/dash,/var/ossec,audit-wazuh-c,SYSCALL,/bin/sh,,,,,
2026-10-02T01:37:56.587Z,victima-linux,80792,3,Audit: Command: /usr/bin/ps.,audit|audit_command,RS2,/usr/bin/ps,/var/ossec,audit-wazuh-c,SYSCALL,/bin/ps,,,,,
2026-10-02T01:37:56.589Z,victima-linux,80792,3,Audit: Command: /usr/bin/dash.,audit|audit_command,RS2,/usr/bin/dash,/var/ossec,audit-wazuh-c,SYSCALL,/bin/sh,,,,,
2026-10-02T01:37:56.592Z,victima-linux,80792,3,Audit: Command: /usr/bin/ps.,audit|audit_command,RS2,/usr/bin/ps,/var/ossec,audit-wazuh-c,SYSCALL,/bin/ps,,,,,
2026-10-02T01:37:56.594Z,victima-linux,80792,3,Audit: Command: /usr/bin/dash.,audit|audit_command,RS2,/usr/bin/dash,/var/ossec,audit-wazuh-c,SYSCALL,/bin/sh,,,,,
2026-10-02T01:37:56.597Z,victima-linux,80792,3,Audit: Command: /usr/bin/ps.,audit|audit_command,RS2,/usr/bin/ps,/var/ossec,audit-wazuh-c,SYSCALL,/bin/ps,,,,,
2026-10-02T01:37:56.599Z,victima-linux,80792,3,Audit: Command: /usr/bin/dash.,audit|audit_command,RS2,/usr/bin/dash,/var/ossec,audit-wazuh-c,SYSCALL,/bin/sh,,,,,
2026-10-02T01:37:56.602Z,victima-linux,80792,3,Audit: Command: /usr/bin/ps.,audit|audit_command,RS2,/usr/bin/ps,/var/ossec,audit-wazuh-c,SYSCALL,/bin/ps,,,,,
2026-10-02T01:37:56.604Z,victima-linux,80792,3,Audit: Command: /usr/bin/dash.,audit|audit_command,RS2,/usr/bin/dash,/var/ossec,audit-wazuh-c,SYSCALL,/bin/sh,,,,,
2026-10-02T01:37:56.607Z,victima-linux,80792,3,Audit: Command: /usr/bin/ps.,audit|audit_command,RS2,/usr/bin/ps,/var/ossec,audit-wazuh-c,SYSCALL,/bin/ps,,,,,
2026-10-02T01:37:56.609Z,victima-linux,80792,3,Audit: Command: /usr/bin/dash.,audit|audit_command,RS2,/usr/bin/dash,/var/ossec,audit-wazuh-c,SYSCALL,/bin/sh,,,,,
2026-10-02T01:37:56.611Z,victima-linux,80792,3,Audit: Command: /usr/bin/ps.,audit|audit_command,RS2,/usr/bin/ps,/var/ossec,audit-wazuh-c,SYSCALL,/bin/ps,,,,,
2026-10-02T01:37:56.614Z,victima-linux,80792,3,Audit: Command: /usr/bin/dash.,audit|audit_command,RS2,/usr/bin/dash,/var/ossec,audit-wazuh-c,SYSCALL,/bin/sh,,,,,
2026-10-02T01:37:56.616Z,victima-linux,80792,3,Audit: Command: /usr/bin/ps.,audit|audit_command,RS2,/usr/bin/ps,/var/ossec,audit-wazuh-c,SYSCALL,/bin/ps,,,,,
2026-10-02T01:37:56.619Z,victima-linux,80792,3,Audit: Command: /usr/bin/dash.,audit|audit_command,RS2,/usr/bin/dash,/var/ossec,audit-wazuh-c,SYSCALL,/bin/sh,,,,,
2026-10-02T01:37:56.621Z,victima-linux,80792,3,Audit: Command: /usr/bin/ps.,audit|audit_command,RS2,/usr/bin/ps,/var/ossec,audit-wazuh-c,SYSCALL,/bin/ps,,,,,
2026-10-02T01:37:56.623Z,victima-linux,80792,3,Audit: Command: /usr/bin/dash.,audit|audit_command,RS2,/usr/bin/dash,/var/ossec,audit-wazuh-c,SYSCALL,/bin/sh,,,,,
2026-10-02T01:37:56.625Z,victima-linux,80792,3,Audit: Command: /usr/bin/ps.,audit|audit_command,RS2,/usr/bin/ps,/var/ossec,audit-wazuh-c,SYSCALL,/bin/ps,,,,,
2026-10-02T01:37:56.628Z,victima-linux,80792,3,Audit: Command: /usr/bin/dash.,audit|audit_command,RS2,/usr/bin/dash,/var/ossec,audit-wazuh-c,SYSCALL,/bin/sh,,,,,
2026-10-02T01:37:56.630Z,victima-linux,80792,3,Audit: Command: /usr/bin/ps.,audit|audit_command,RS2,/usr/bin/ps,/var/ossec,audit-wazuh-c,SYSCALL,/bin/ps,,,,,
2026-10-02T01:37:56.632Z,victima-linux,80792,3,Audit: Command: /usr/bin/dash.,audit|audit_command,RS2,/usr/bin/dash,/var/ossec,audit-wazuh-c,SYSCALL,/bin/sh,,,,,
2026-10-02T01:37:56.635Z,victima-linux,80792,3,Audit: Command: /usr/bin/ps.,audit|audit_command,RS2,/usr/bin/ps,/var/ossec,audit-wazuh-c,SYSCALL,/bin/ps,,,,,
2026-10-02T01:37:56.637Z,victima-linux,80792,3,Audit: Command: /usr/bin/dash.,audit|audit_command,RS2,/usr/bin/dash,/var/ossec,audit-wazuh-c,SYSCALL,/bin/sh,,,,,
2026-10-02T01:37:56.639Z,victima-linux,80792,3,Audit: Command: /usr/bin/ps.,audit|audit_command,RS2,/usr/bin/ps,/var/ossec,audit-wazuh-c,SYSCALL,/bin/ps,,,,,
2026-10-02T01:37:56.641Z,victima-linux,80792,3,Audit: Command: /usr/bin/dash.,audit|audit_command,RS2,/usr/bin/dash,/var/ossec,audit-wazuh-c,SYSCALL,/bin/sh,,,,,
2026-10-02T01:37:56.644Z,victima-linux,80792,3,Audit: Command: /usr/bin/ps.,audit|audit_command,RS2,/usr/bin/ps,/var/ossec,audit-wazuh-c,SYSCALL,/bin/ps,,,,,
2026-10-02T01:37:56.646Z,victima-linux,80792,3,Audit: Command: /usr/bin/dash.,audit|audit_command,RS2,/usr/bin/dash,/var/ossec,audit-wazuh-c,SYSCALL,/bin/sh,,,,,
2026-10-02T01:37:56.649Z,victima-linux,80792,3,Audit: Command: /usr/bin/ps.,audit|audit_command,RS2,/usr/bin/ps,/var/ossec,audit-wazuh-c,SYSCALL,/bin/ps,,,,,
2026-10-02T01:37:56.651Z,victima-linux,80792,3,Audit: Command: /usr/bin/dash.,audit|audit_command,RS2,/usr/bin/dash,/var/ossec,audit-wazuh-c,SYSCALL,/bin/sh,,,,,
2026-10-02T01:37:56.654Z,victima-linux,80792,3,Audit: Command: /usr/bin/ps.,audit|audit_command,RS2,/usr/bin/ps,/var/ossec,audit-wazuh-c,SYSCALL,/bin/ps,,,,,
2026-10-02T01:37:56.656Z,victima-linux,80792,3,Audit: Command: /usr/bin/dash.,audit|audit_command,RS2,/usr/bin/dash,/var/ossec,audit-wazuh-c,SYSCALL,/bin/sh,,,,,
2026-10-02T01:37:56.658Z,victima-linux,80792,3,Audit: Command: /usr/bin/ps.,audit|audit_command,RS2,/usr/bin/ps,/var/ossec,audit-wazuh-c,SYSCALL,/bin/ps,,,,,
2026-10-02T01:37:56.660Z,victima-linux,80792,3,Audit: Command: /usr/bin/dash.,audit|audit_command,RS2,/usr/bin/dash,/var/ossec,audit-wazuh-c,SYSCALL,/bin/sh,,,,,
2026-10-02T01:37:56.662Z,victima-linux,80792,3,Audit: Command: /usr/bin/ps.,audit|audit_command,RS2,/usr/bin/ps,/var/ossec,audit-wazuh-c,SYSCALL,/bin/ps,,,,,
2026-10-02T01:37:56.664Z,victima-linux,80792,3,Audit: Command: /usr/bin/dash.,audit|audit_command,RS2,/usr/bin/dash,/var/ossec,audit-wazuh-c,SYSCALL,/bin/sh,,,,,
2026-10-02T01:37:56.667Z,victima-linux,80792,3,Audit: Command: /usr/bin/ps.,audit|audit_command,RS2,/usr/bin/ps,/var/ossec,audit-wazuh-c,SYSCALL,/bin/ps,,,,,
2026-10-02T01:37:58.534Z,victima-linux,80792,3,Audit: Command: /usr/bin/dash.,audit|audit_command,RS2,/usr/bin/dash,/var/ossec,audit-wazuh-c,SYSCALL,/bin/sh,,,,,
2026-10-02T01:37:58.539Z,victima-linux,80792,3,Audit: Command: /usr/bin/dash.,audit|audit_command,RS2,/usr/bin/dash,/var/ossec,audit-wazuh-c,SYSCALL,/bin/sh,,,,,
2026-10-02T01:37:58.539Z,victima-linux,80792,3,Audit: Command: /usr/bin/ps.,audit|audit_command,RS2,/usr/bin/ps,/var/ossec,audit-wazuh-c,SYSCALL,/bin/ps,,,,,
2026-10-02T01:37:58.539Z,victima-linux,80792,3,Audit: Command: /usr/bin/ps.,audit|audit_command,RS2,/usr/bin/ps,/var/ossec,audit-wazuh-c,SYSCALL,/bin/ps,,,,,
2026-10-02T01:37:58.545Z,victima-linux,80792,3,Audit: Command: /usr/bin/dash.,audit|audit_command,RS2,/usr/bin/dash,/var/ossec,audit-wazuh-c,SYSCALL,/bin/sh,,,,,
2026-10-02T01:37:58.545Z,victima-linux,80792,3,Audit: Command: /usr/bin/ps.,audit|audit_command,RS2,/usr/bin/ps,/var/ossec,audit-wazuh-c,SYSCALL,/bin/ps,,,,,
2026-10-02T01:37:58.546Z,victima-linux,80792,3,Audit: Command: /usr/bin/dash.,audit|audit_command,RS2,/usr/bin/dash,/var/ossec,audit-wazuh-c,SYSCALL,/bin/sh,,,,,
2026-10-02T01:37:58.553Z,victima-linux,80792,3,Audit: Command: /usr/bin/dash.,audit|audit_command,RS2,/usr/bin/dash,/var/ossec,audit-wazuh-c,SYSCALL,/bin/sh,,,,,
2026-10-02T01:37:58.553Z,victima-linux,80792,3,Audit: Command: /usr/bin/ps.,audit|audit_command,RS2,/usr/bin/ps,/var/ossec,audit-wazuh-c,SYSCALL,/bin/ps,,,,,
2026-10-02T01:37:58.553Z,victima-linux,80792,3,Audit: Command: /usr/bin/ps.,audit|audit_command,RS2,/usr/bin/ps,/var/ossec,audit-wazuh-c,SYSCALL,/bin/ps,,,,,
2026-10-02T01:37:58.560Z,victima-linux,80792,3,Audit: Command: /usr/bin/dash.,audit|audit_command,RS2,/usr/bin/dash,/var/ossec,audit-wazuh-c,SYSCALL,/bin/sh,,,,,
2026-10-02T01:37:58.560Z,victima-linux,80792,3,Audit: Command: /usr/bin/dash.,audit|audit_command,RS2,/usr/bin/dash,/var/ossec,audit-wazuh-c,SYSCALL,/bin/sh,,,,,
2026-10-02T01:37:58.560Z,victima-linux,80792,3,Audit: Command: /usr/bin/ps.,audit|audit_command,RS2,/usr/bin/ps,/var/ossec,audit-wazuh-c,SYSCALL,/bin/ps,,,,,
2026-10-02T01:37:58.567Z,victima-linux,80792,3,Audit: Command: /usr/bin/dash.,audit|audit_command,RS2,/usr/bin/dash,/var/ossec,audit-wazuh-c,SYSCALL,/bin/sh,,,,,
2026-10-02T01:37:58.567Z,victima-linux,80792,3,Audit: Command: /usr/bin/ps.,audit|audit_command,RS2,/usr/bin/ps,/var/ossec,audit-wazuh-c,SYSCALL,/bin/ps,,,,,
2026-10-02T01:37:58.567Z,victima-linux,80792,3,Audit: Command: /usr/bin/ps.,audit|audit_command,RS2,/usr/bin/ps,/var/ossec,audit-wazuh-c,SYSCALL,/bin/ps,,,,,
2026-10-02T01:37:58.574Z,victima-linux,80792,3,Audit: Command: /usr/bin/dash.,audit|audit_command,RS2,/usr/bin/dash,/var/ossec,audit-wazuh-c,SYSCALL,/bin/sh,,,,,
2026-10-02T01:37:58.574Z,victima-linux,80792,3,Audit: Command: /usr/bin/dash.,audit|audit_command,RS2,/usr/bin/dash,/var/ossec,audit-wazuh-c,SYSCALL,/bin/sh,,,,,
2026-10-02T01:37:58.574Z,victima-linux,80792,3,Audit: Command: /usr/bin/ps.,audit|audit_command,RS2,/usr/bin/ps,/var/ossec,audit-wazuh-c,SYSCALL,/bin/ps,,,,,
2026-10-02T01:37:58.581Z,victima-linux,80792,3,Audit: Command: /usr/bin/dash.,audit|audit_command,RS2,/usr/bin/dash,/var/ossec,audit-wazuh-c,SYSCALL,/bin/sh,,,,,
2026-10-02T01:37:58.581Z,victima-linux,80792,3,Audit: Command: /usr/bin/ps.,audit|audit_command,RS2,/usr/bin/ps,/var/ossec,audit-wazuh-c,SYSCALL,/bin/ps,,,,,
2026-10-02T01:37:58.581Z,victima-linux,80792,3,Audit: Command: /usr/bin/ps.,audit|audit_command,RS2,/usr/bin/ps,/var/ossec,audit-wazuh-c,SYSCALL,/bin/ps,,,,,
2026-10-02T01:37:58.588Z,victima-linux,80791,3,Audit: Deleted: var/run/.,audit|audit_watch_delete|audit_watch_write,RS2,/var/ossec/bin/wazuh-agentd,/var/ossec,audit-wazuh-w,SYSCALL,var/run/,var/run/,,,,
2026-10-02T01:37:58.588Z,victima-linux,80792,3,Audit: Command: /usr/bin/dash.,audit|audit_command,RS2,/usr/bin/dash,/var/ossec,audit-wazuh-c,SYSCALL,/bin/sh,,,,,
2026-10-02T01:37:58.588Z,victima-linux,80792,3,Audit: Command: /usr/bin/ps.,audit|audit_command,RS2,/usr/bin/ps,/var/ossec,audit-wazuh-c,SYSCALL,/bin/ps,,,,,
2026-10-02T01:37:58.595Z,victima-linux,80792,3,Audit: Command: /usr/bin/dash.,audit|audit_command,RS2,/usr/bin/dash,/var/ossec,audit-wazuh-c,SYSCALL,/bin/sh,,,,,
2026-10-02T01:37:58.595Z,victima-linux,80792,3,Audit: Command: /usr/bin/dash.,audit|audit_command,RS2,/usr/bin/dash,/var/ossec,audit-wazuh-c,SYSCALL,/bin/sh,,,,,
2026-10-02T01:37:58.595Z,victima-linux,80792,3,Audit: Command: /usr/bin/ps.,audit|audit_command,RS2,/usr/bin/ps,/var/ossec,audit-wazuh-c,SYSCALL,/bin/ps,,,,,
2026-10-02T01:37:58.601Z,victima-linux,80792,3,Audit: Command: /usr/bin/ps.,audit|audit_command,RS2,/usr/bin/ps,/var/ossec,audit-wazuh-c,SYSCALL,/bin/ps,,,,,
2026-10-02T01:37:58.602Z,victima-linux,80792,3,Audit: Command: /usr/bin/dash.,audit|audit_command,RS2,/usr/bin/dash,/var/ossec,audit-wazuh-c,SYSCALL,/bin/sh,,,,,
2026-10-02T01:37:58.602Z,victima-linux,80792,3,Audit: Command: /usr/bin/ps.,audit|audit_command,RS2,/usr/bin/ps,/var/ossec,audit-wazuh-c,SYSCALL,/bin/ps,,,,,
2026-10-02T01:37:58.609Z,victima-linux,80792,3,Audit: Command: /usr/bin/dash.,audit|audit_command,RS2,/usr/bin/dash,/var/ossec,audit-wazuh-c,SYSCALL,/bin/sh,,,,,
2026-10-02T01:37:58.609Z,victima-linux,80792,3,Audit: Command: /usr/bin/dash.,audit|audit_command,RS2,/usr/bin/dash,/var/ossec,audit-wazuh-c,SYSCALL,/bin/sh,,,,,
2026-10-02T01:37:58.609Z,victima-linux,80792,3,Audit: Command: /usr/bin/ps.,audit|audit_command,RS2,/usr/bin/ps,/var/ossec,audit-wazuh-c,SYSCALL,/bin/ps,,,,,
2026-10-02T01:37:58.616Z,victima-linux,80792,3,Audit: Command: /usr/bin/dash.,audit|audit_command,RS2,/usr/bin/dash,/var/ossec,audit-wazuh-c,SYSCALL,/bin/sh,,,,,
2026-10-02T01:37:58.616Z,victima-linux,80792,3,Audit: Command: /usr/bin/ps.,audit|audit_command,RS2,/usr/bin/ps,/var/ossec,audit-wazuh-c,SYSCALL,/bin/ps,,,,,
2026-10-02T01:37:58.616Z,victima-linux,80792,3,Audit: Command: /usr/bin/ps.,audit|audit_command,RS2,/usr/bin/ps,/var/ossec,audit-wazuh-c,SYSCALL,/bin/ps,,,,,
2026-10-02T01:37:58.624Z,victima-linux,80792,3,Audit: Command: /usr/bin/dash.,audit|audit_command,RS2,/usr/bin/dash,/var/ossec,audit-wazuh-c,SYSCALL,/bin/sh,,,,,
2026-10-02T01:37:58.624Z,victima-linux,80792,3,Audit: Command: /usr/bin/dash.,audit|audit_command,RS2,/usr/bin/dash,/var/ossec,audit-wazuh-c,SYSCALL,/bin/sh,,,,,
2026-10-02T01:37:58.624Z,victima-linux,80792,3,Audit: Command: /usr/bin/ps.,audit|audit_command,RS2,/usr/bin/ps,/var/ossec,audit-wazuh-c,SYSCALL,/bin/ps,,,,,
2026-10-02T01:37:58.631Z,victima-linux,80792,3,Audit: Command: /usr/bin/dash.,audit|audit_command,RS2,/usr/bin/dash,/var/ossec,audit-wazuh-c,SYSCALL,/bin/sh,,,,,
2026-10-02T01:37:58.631Z,victima-linux,80792,3,Audit: Command: /usr/bin/ps.,audit|audit_command,RS2,/usr/bin/ps,/var/ossec,audit-wazuh-c,SYSCALL,/bin/ps,,,,,
2026-10-02T01:37:58.631Z,victima-linux,80792,3,Audit: Command: /usr/bin/ps.,audit|audit_command,RS2,/usr/bin/ps,/var/ossec,audit-wazuh-c,SYSCALL,/bin/ps,,,,,
2026-10-02T01:37:58.638Z,victima-linux,80792,3,Audit: Command: /usr/bin/dash.,audit|audit_command,RS2,/usr/bin/dash,/var/ossec,audit-wazuh-c,SYSCALL,/bin/sh,,,,,
2026-10-02T01:37:58.638Z,victima-linux,80792,3,Audit: Command: /usr/bin/dash.,audit|audit_command,RS2,/usr/bin/dash,/var/ossec,audit-wazuh-c,SYSCALL,/bin/sh,,,,,
2026-10-02T01:37:58.638Z,victima-linux,80792,3,Audit: Command: /usr/bin/ps.,audit|audit_command,RS2,/usr/bin/ps,/var/ossec,audit-wazuh-c,SYSCALL,/bin/ps,,,,,
2026-10-02T01:37:58.645Z,victima-linux,80792,3,Audit: Command: /usr/bin/dash.,audit|audit_command,RS2,/usr/bin/dash,/var/ossec,audit-wazuh-c,SYSCALL,/bin/sh,,,,,
2026-10-02T01:37:58.645Z,victima-linux,80792,3,Audit: Command: /usr/bin/ps.,audit|audit_command,RS2,/usr/bin/ps,/var/ossec,audit-wazuh-c,SYSCALL,/bin/ps,,,,,
2026-10-02T01:37:58.645Z,victima-linux,80792,3,Audit: Command: /usr/bin/ps.,audit|audit_command,RS2,/usr/bin/ps,/var/ossec,audit-wazuh-c,SYSCALL,/bin/ps,,,,,
2026-10-02T01:37:58.653Z,victima-linux,80792,3,Audit: Command: /usr/bin/dash.,audit|audit_command,RS2,/usr/bin/dash,/var/ossec,audit-wazuh-c,SYSCALL,/bin/sh,,,,,
2026-10-02T01:37:58.653Z,victima-linux,80792,3,Audit: Command: /usr/bin/dash.,audit|audit_command,RS2,/usr/bin/dash,/var/ossec,audit-wazuh-c,SYSCALL,/bin/sh,,,,,
2026-10-02T01:37:58.653Z,victima-linux,80792,3,Audit: Command: /usr/bin/ps.,audit|audit_command,RS2,/usr/bin/ps,/var/ossec,audit-wazuh-c,SYSCALL,/bin/ps,,,,,
2026-10-02T01:37:58.660Z,victima-linux,80792,3,Audit: Command: /usr/bin/dash.,audit|audit_command,RS2,/usr/bin/dash,/var/ossec,audit-wazuh-c,SYSCALL,/bin/sh,,,,,
2026-10-02T01:37:58.660Z,victima-linux,80792,3,Audit: Command: /usr/bin/ps.,audit|audit_command,RS2,/usr/bin/ps,/var/ossec,audit-wazuh-c,SYSCALL,/bin/ps,,,,,
2026-10-02T01:37:58.660Z,victima-linux,80792,3,Audit: Command: /usr/bin/ps.,audit|audit_command,RS2,/usr/bin/ps,/var/ossec,audit-wazuh-c,SYSCALL,/bin/ps,,,,,
2026-10-02T01:37:58.666Z,victima-linux,80792,3,Audit: Command: /usr/bin/dash.,audit|audit_command,RS2,/usr/bin/dash,/var/ossec,audit-wazuh-c,SYSCALL,/bin/sh,,,,,
2026-10-02T01:37:58.666Z,victima-linux,80792,3,Audit: Command: /usr/bin/ps.,audit|audit_command,RS2,/usr/bin/ps,/var/ossec,audit-wazuh-c,SYSCALL,/bin/ps,,,,,
2026-10-02T01:37:58.667Z,victima-linux,80792,3,Audit: Command: /usr/bin/dash.,audit|audit_command,RS2,/usr/bin/dash,/var/ossec,audit-wazuh-c,SYSCALL,/bin/sh,,,,,
2026-10-02T01:37:58.707Z,victima-linux,80792,3,Audit: Command: /usr/bin/ps.,audit|audit_command,RS2,/usr/bin/ps,/var/ossec,audit-wazuh-c,SYSCALL,/bin/ps,,,,,
2026-10-02T01:38:00.535Z,victima-linux,80792,3,Audit: Command: /usr/bin/dash.,audit|audit_command,RS2,/usr/bin/dash,/var/ossec,audit-wazuh-c,SYSCALL,/bin/sh,,,,,
2026-10-02T01:38:00.535Z,victima-linux,80792,3,Audit: Command: /usr/bin/ps.,audit|audit_command,RS2,/usr/bin/ps,/var/ossec,audit-wazuh-c,SYSCALL,/bin/ps,,,,,
2026-10-02T01:38:00.537Z,victima-linux,80792,3,Audit: Command: /usr/bin/dash.,audit|audit_command,RS2,/usr/bin/dash,/var/ossec,audit-wazuh-c,SYSCALL,/bin/sh,,,,,
2026-10-02T01:38:00.539Z,victima-linux,80792,3,Audit: Command: /usr/bin/ps.,audit|audit_command,RS2,/usr/bin/ps,/var/ossec,audit-wazuh-c,SYSCALL,/bin/ps,,,,,
2026-10-02T01:38:00.542Z,victima-linux,80792,3,Audit: Command: /usr/bin/dash.,audit|audit_command,RS2,/usr/bin/dash,/var/ossec,audit-wazuh-c,SYSCALL,/bin/sh,,,,,
2026-10-02T01:38:00.544Z,victima-linux,80792,3,Audit: Command: /usr/bin/ps.,audit|audit_command,RS2,/usr/bin/ps,/var/ossec,audit-wazuh-c,SYSCALL,/bin/ps,,,,,
2026-10-02T01:38:00.547Z,victima-linux,80792,3,Audit: Command: /usr/bin/dash.,audit|audit_command,RS2,/usr/bin/dash,/var/ossec,audit-wazuh-c,SYSCALL,/bin/sh,,,,,
2026-10-02T01:38:00.549Z,victima-linux,80792,3,Audit: Command: /usr/bin/ps.,audit|audit_command,RS2,/usr/bin/ps,/var/ossec,audit-wazuh-c,SYSCALL,/bin/ps,,,,,
2026-10-02T01:38:00.551Z,victima-linux,80792,3,Audit: Command: /usr/bin/dash.,audit|audit_command,RS2,/usr/bin/dash,/var/ossec,audit-wazuh-c,SYSCALL,/bin/sh,,,,,
2026-10-02T01:38:00.554Z,victima-linux,80792,3,Audit: Command: /usr/bin/ps.,audit|audit_command,RS2,/usr/bin/ps,/var/ossec,audit-wazuh-c,SYSCALL,/bin/ps,,,,,
2026-10-02T01:38:00.556Z,victima-linux,80792,3,Audit: Command: /usr/bin/dash.,audit|audit_command,RS2,/usr/bin/dash,/var/ossec,audit-wazuh-c,SYSCALL,/bin/sh,,,,,
2026-10-02T01:38:00.558Z,victima-linux,80792,3,Audit: Command: /usr/bin/ps.,audit|audit_command,RS2,/usr/bin/ps,/var/ossec,audit-wazuh-c,SYSCALL,/bin/ps,,,,,
2026-10-02T01:38:00.561Z,victima-linux,80792,3,Audit: Command: /usr/bin/dash.,audit|audit_command,RS2,/usr/bin/dash,/var/ossec,audit-wazuh-c,SYSCALL,/bin/sh,,,,,
2026-10-02T01:38:00.563Z,victima-linux,80792,3,Audit: Command: /usr/bin/ps.,audit|audit_command,RS2,/usr/bin/ps,/var/ossec,audit-wazuh-c,SYSCALL,/bin/ps,,,,,
2026-10-02T01:38:00.565Z,victima-linux,80792,3,Audit: Command: /usr/bin/dash.,audit|audit_command,RS2,/usr/bin/dash,/var/ossec,audit-wazuh-c,SYSCALL,/bin/sh,,,,,
2026-10-02T01:38:00.568Z,victima-linux,80792,3,Audit: Command: /usr/bin/ps.,audit|audit_command,RS2,/usr/bin/ps,/var/ossec,audit-wazuh-c,SYSCALL,/bin/ps,,,,,
2026-10-02T01:38:00.570Z,victima-linux,80792,3,Audit: Command: /usr/bin/dash.,audit|audit_command,RS2,/usr/bin/dash,/var/ossec,audit-wazuh-c,SYSCALL,/bin/sh,,,,,
2026-10-02T01:38:00.573Z,victima-linux,80792,3,Audit: Command: /usr/bin/ps.,audit|audit_command,RS2,/usr/bin/ps,/var/ossec,audit-wazuh-c,SYSCALL,/bin/ps,,,,,
2026-10-02T01:38:00.575Z,victima-linux,80792,3,Audit: Command: /usr/bin/dash.,audit|audit_command,RS2,/usr/bin/dash,/var/ossec,audit-wazuh-c,SYSCALL,/bin/sh,,,,,
2026-10-02T01:38:00.578Z,victima-linux,80792,3,Audit: Command: /usr/bin/ps.,audit|audit_command,RS2,/usr/bin/ps,/var/ossec,audit-wazuh-c,SYSCALL,/bin/ps,,,,,
2026-10-02T01:38:00.580Z,victima-linux,80792,3,Audit: Command: /usr/bin/dash.,audit|audit_command,RS2,/usr/bin/dash,/var/ossec,audit-wazuh-c,SYSCALL,/bin/sh,,,,,
2026-10-02T01:38:00.583Z,victima-linux,80792,3,Audit: Command: /usr/bin/ps.,audit|audit_command,RS2,/usr/bin/ps,/var/ossec,audit-wazuh-c,SYSCALL,/bin/ps,,,,,
2026-10-02T01:38:00.585Z,victima-linux,80792,3,Audit: Command: /usr/bin/dash.,audit|audit_command,RS2,/usr/bin/dash,/var/ossec,audit-wazuh-c,SYSCALL,/bin/sh,,,,,
2026-10-02T01:38:00.587Z,victima-linux,80792,3,Audit: Command: /usr/bin/ps.,audit|audit_command,RS2,/usr/bin/ps,/var/ossec,audit-wazuh-c,SYSCALL,/bin/ps,,,,,
2026-10-02T01:38:00.590Z,victima-linux,80792,3,Audit: Command: /usr/bin/dash.,audit|audit_command,RS2,/usr/bin/dash,/var/ossec,audit-wazuh-c,SYSCALL,/bin/sh,,,,,
2026-10-02T01:38:00.592Z,victima-linux,80792,3,Audit: Command: /usr/bin/ps.,audit|audit_command,RS2,/usr/bin/ps,/var/ossec,audit-wazuh-c,SYSCALL,/bin/ps,,,,,
2026-10-02T01:38:00.594Z,victima-linux,80792,3,Audit: Command: /usr/bin/dash.,audit|audit_command,RS2,/usr/bin/dash,/var/ossec,audit-wazuh-c,SYSCALL,/bin/sh,,,,,
2026-10-02T01:38:00.596Z,victima-linux,80792,3,Audit: Command: /usr/bin/ps.,audit|audit_command,RS2,/usr/bin/ps,/var/ossec,audit-wazuh-c,SYSCALL,/bin/ps,,,,,
2026-10-02T01:38:00.599Z,victima-linux,80792,3,Audit: Command: /usr/bin/dash.,audit|audit_command,RS2,/usr/bin/dash,/var/ossec,audit-wazuh-c,SYSCALL,/bin/sh,,,,,
2026-10-02T01:38:00.601Z,victima-linux,80792,3,Audit: Command: /usr/bin/ps.,audit|audit_command,RS2,/usr/bin/ps,/var/ossec,audit-wazuh-c,SYSCALL,/bin/ps,,,,,
2026-10-02T01:38:00.603Z,victima-linux,80792,3,Audit: Command: /usr/bin/dash.,audit|audit_command,RS2,/usr/bin/dash,/var/ossec,audit-wazuh-c,SYSCALL,/bin/sh,,,,,
2026-10-02T01:38:00.606Z,victima-linux,80792,3,Audit: Command: /usr/bin/ps.,audit|audit_command,RS2,/usr/bin/ps,/var/ossec,audit-wazuh-c,SYSCALL,/bin/ps,,,,,
2026-10-02T01:38:00.608Z,victima-linux,80792,3,Audit: Command: /usr/bin/dash.,audit|audit_command,RS2,/usr/bin/dash,/var/ossec,audit-wazuh-c,SYSCALL,/bin/sh,,,,,
2026-10-02T01:38:00.610Z,victima-linux,80792,3,Audit: Command: /usr/bin/ps.,audit|audit_command,RS2,/usr/bin/ps,/var/ossec,audit-wazuh-c,SYSCALL,/bin/ps,,,,,
2026-10-02T01:38:00.613Z,victima-linux,80792,3,Audit: Command: /usr/bin/dash.,audit|audit_command,RS2,/usr/bin/dash,/var/ossec,audit-wazuh-c,SYSCALL,/bin/sh,,,,,
2026-10-02T01:38:00.616Z,victima-linux,80792,3,Audit: Command: /usr/bin/ps.,audit|audit_command,RS2,/usr/bin/ps,/var/ossec,audit-wazuh-c,SYSCALL,/bin/ps,,,,,
2026-10-02T01:38:00.618Z,victima-linux,80792,3,Audit: Command: /usr/bin/dash.,audit|audit_command,RS2,/usr/bin/dash,/var/ossec,audit-wazuh-c,SYSCALL,/bin/sh,,,,,
2026-10-02T01:38:00.620Z,victima-linux,80792,3,Audit: Command: /usr/bin/ps.,audit|audit_command,RS2,/usr/bin/ps,/var/ossec,audit-wazuh-c,SYSCALL,/bin/ps,,,,,
2026-10-02T01:38:00.622Z,victima-linux,80792,3,Audit: Command: /usr/bin/dash.,audit|audit_command,RS2,/usr/bin/dash,/var/ossec,audit-wazuh-c,SYSCALL,/bin/sh,,,,,
2026-10-02T01:38:00.625Z,victima-linux,80792,3,Audit: Command: /usr/bin/ps.,audit|audit_command,RS2,/usr/bin/ps,/var/ossec,audit-wazuh-c,SYSCALL,/bin/ps,,,,,
2026-10-02T01:38:00.627Z,victima-linux,80792,3,Audit: Command: /usr/bin/dash.,audit|audit_command,RS2,/usr/bin/dash,/var/ossec,audit-wazuh-c,SYSCALL,/bin/sh,,,,,
2026-10-02T01:38:00.629Z,victima-linux,80792,3,Audit: Command: /usr/bin/ps.,audit|audit_command,RS2,/usr/bin/ps,/var/ossec,audit-wazuh-c,SYSCALL,/bin/ps,,,,,
2026-10-02T01:38:00.631Z,victima-linux,80792,3,Audit: Command: /usr/bin/dash.,audit|audit_command,RS2,/usr/bin/dash,/var/ossec,audit-wazuh-c,SYSCALL,/bin/sh,,,,,
2026-10-02T01:38:00.634Z,victima-linux,80792,3,Audit: Command: /usr/bin/ps.,audit|audit_command,RS2,/usr/bin/ps,/var/ossec,audit-wazuh-c,SYSCALL,/bin/ps,,,,,
2026-10-02T01:38:00.636Z,victima-linux,80792,3,Audit: Command: /usr/bin/dash.,audit|audit_command,RS2,/usr/bin/dash,/var/ossec,audit-wazuh-c,SYSCALL,/bin/sh,,,,,
2026-10-02T01:38:00.639Z,victima-linux,80792,3,Audit: Command: /usr/bin/ps.,audit|audit_command,RS2,/usr/bin/ps,/var/ossec,audit-wazuh-c,SYSCALL,/bin/ps,,,,,
2026-10-02T01:38:00.641Z,victima-linux,80792,3,Audit: Command: /usr/bin/dash.,audit|audit_command,RS2,/usr/bin/dash,/var/ossec,audit-wazuh-c,SYSCALL,/bin/sh,,,,,
2026-10-02T01:38:00.644Z,victima-linux,80792,3,Audit: Command: /usr/bin/ps.,audit|audit_command,RS2,/usr/bin/ps,/var/ossec,audit-wazuh-c,SYSCALL,/bin/ps,,,,,
2026-10-02T01:38:00.646Z,victima-linux,80792,3,Audit: Command: /usr/bin/dash.,audit|audit_command,RS2,/usr/bin/dash,/var/ossec,audit-wazuh-c,SYSCALL,/bin/sh,,,,,
2026-10-02T01:38:00.649Z,victima-linux,80792,3,Audit: Command: /usr/bin/ps.,audit|audit_command,RS2,/usr/bin/ps,/var/ossec,audit-wazuh-c,SYSCALL,/bin/ps,,,,,
2026-10-02T01:38:00.651Z,victima-linux,80792,3,Audit: Command: /usr/bin/dash.,audit|audit_command,RS2,/usr/bin/dash,/var/ossec,audit-wazuh-c,SYSCALL,/bin/sh,,,,,
2026-10-02T01:38:00.653Z,victima-linux,80792,3,Audit: Command: /usr/bin/ps.,audit|audit_command,RS2,/usr/bin/ps,/var/ossec,audit-wazuh-c,SYSCALL,/bin/ps,,,,,
2026-10-02T01:38:00.656Z,victima-linux,80792,3,Audit: Command: /usr/bin/dash.,audit|audit_command,RS2,/usr/bin/dash,/var/ossec,audit-wazuh-c,SYSCALL,/bin/sh,,,,,
2026-10-02T01:38:00.658Z,victima-linux,80792,3,Audit: Command: /usr/bin/ps.,audit|audit_command,RS2,/usr/bin/ps,/var/ossec,audit-wazuh-c,SYSCALL,/bin/ps,,,,,
2026-10-02T01:38:00.661Z,victima-linux,80792,3,Audit: Command: /usr/bin/dash.,audit|audit_command,RS2,/usr/bin/dash,/var/ossec,audit-wazuh-c,SYSCALL,/bin/sh,,,,,
2026-10-02T01:38:00.663Z,victima-linux,80792,3,Audit: Command: /usr/bin/ps.,audit|audit_command,RS2,/usr/bin/ps,/var/ossec,audit-wazuh-c,SYSCALL,/bin/ps,,,,,
2026-10-02T01:38:00.665Z,victima-linux,80792,3,Audit: Command: /usr/bin/dash.,audit|audit_command,RS2,/usr/bin/dash,/var/ossec,audit-wazuh-c,SYSCALL,/bin/sh,,,,,
2026-10-02T01:38:00.668Z,victima-linux,80792,3,Audit: Command: /usr/bin/ps.,audit|audit_command,RS2,/usr/bin/ps,/var/ossec,audit-wazuh-c,SYSCALL,/bin/ps,,,,,
2026-10-02T01:38:00.670Z,victima-linux,80792,3,Audit: Command: /usr/bin/dash.,audit|audit_command,RS2,/usr/bin/dash,/var/ossec,audit-wazuh-c,SYSCALL,/bin/sh,,,,,
2026-10-02T01:38:00.672Z,victima-linux,80792,3,Audit: Command: /usr/bin/ps.,audit|audit_command,RS2,/usr/bin/ps,/var/ossec,audit-wazuh-c,SYSCALL,/bin/ps,,,,,
2026-10-02T01:38:02.536Z,victima-linux,80792,3,Audit: Command: /usr/bin/dash.,audit|audit_command,RS2,/usr/bin/dash,/var/ossec,audit-wazuh-c,SYSCALL,/bin/sh,,,,,
2026-10-02T01:38:02.536Z,victima-linux,80792,3,Audit: Command: /usr/bin/ps.,audit|audit_command,RS2,/usr/bin/ps,/var/ossec,audit-wazuh-c,SYSCALL,/bin/ps,,,,,
2026-10-02T01:38:02.538Z,victima-linux,80792,3,Audit: Command: /usr/bin/dash.,audit|audit_command,RS2,/usr/bin/dash,/var/ossec,audit-wazuh-c,SYSCALL,/bin/sh,,,,,
2026-10-02T01:38:02.541Z,victima-linux,80792,3,Audit: Command: /usr/bin/ps.,audit|audit_command,RS2,/usr/bin/ps,/var/ossec,audit-wazuh-c,SYSCALL,/bin/ps,,,,,
2026-10-02T01:38:02.543Z,victima-linux,80792,3,Audit: Command: /usr/bin/dash.,audit|audit_command,RS2,/usr/bin/dash,/var/ossec,audit-wazuh-c,SYSCALL,/bin/sh,,,,,
2026-10-02T01:38:02.545Z,victima-linux,80792,3,Audit: Command: /usr/bin/ps.,audit|audit_command,RS2,/usr/bin/ps,/var/ossec,audit-wazuh-c,SYSCALL,/bin/ps,,,,,
2026-10-02T01:38:02.547Z,victima-linux,80792,3,Audit: Command: /usr/bin/dash.,audit|audit_command,RS2,/usr/bin/dash,/var/ossec,audit-wazuh-c,SYSCALL,/bin/sh,,,,,
2026-10-02T01:38:02.550Z,victima-linux,80792,3,Audit: Command: /usr/bin/ps.,audit|audit_command,RS2,/usr/bin/ps,/var/ossec,audit-wazuh-c,SYSCALL,/bin/ps,,,,,
2026-10-02T01:38:02.552Z,victima-linux,80792,3,Audit: Command: /usr/bin/dash.,audit|audit_command,RS2,/usr/bin/dash,/var/ossec,audit-wazuh-c,SYSCALL,/bin/sh,,,,,
2026-10-02T01:38:02.554Z,victima-linux,80792,3,Audit: Command: /usr/bin/ps.,audit|audit_command,RS2,/usr/bin/ps,/var/ossec,audit-wazuh-c,SYSCALL,/bin/ps,,,,,
2026-10-02T01:38:02.557Z,victima-linux,80792,3,Audit: Command: /usr/bin/dash.,audit|audit_command,RS2,/usr/bin/dash,/var/ossec,audit-wazuh-c,SYSCALL,/bin/sh,,,,,
2026-10-02T01:38:02.560Z,victima-linux,80792,3,Audit: Command: /usr/bin/ps.,audit|audit_command,RS2,/usr/bin/ps,/var/ossec,audit-wazuh-c,SYSCALL,/bin/ps,,,,,
2026-10-02T01:38:02.562Z,victima-linux,80792,3,Audit: Command: /usr/bin/dash.,audit|audit_command,RS2,/usr/bin/dash,/var/ossec,audit-wazuh-c,SYSCALL,/bin/sh,,,,,
2026-10-02T01:38:02.564Z,victima-linux,80792,3,Audit: Command: /usr/bin/ps.,audit|audit_command,RS2,/usr/bin/ps,/var/ossec,audit-wazuh-c,SYSCALL,/bin/ps,,,,,
2026-10-02T01:38:02.567Z,victima-linux,80792,3,Audit: Command: /usr/bin/dash.,audit|audit_command,RS2,/usr/bin/dash,/var/ossec,audit-wazuh-c,SYSCALL,/bin/sh,,,,,
2026-10-02T01:38:02.570Z,victima-linux,80792,3,Audit: Command: /usr/bin/ps.,audit|audit_command,RS2,/usr/bin/ps,/var/ossec,audit-wazuh-c,SYSCALL,/bin/ps,,,,,
2026-10-02T01:38:02.572Z,victima-linux,80792,3,Audit: Command: /usr/bin/dash.,audit|audit_command,RS2,/usr/bin/dash,/var/ossec,audit-wazuh-c,SYSCALL,/bin/sh,,,,,
2026-10-02T01:38:02.574Z,victima-linux,80792,3,Audit: Command: /usr/bin/ps.,audit|audit_command,RS2,/usr/bin/ps,/var/ossec,audit-wazuh-c,SYSCALL,/bin/ps,,,,,
2026-10-02T01:38:02.578Z,victima-linux,80792,3,Audit: Command: /usr/bin/dash.,audit|audit_command,RS2,/usr/bin/dash,/var/ossec,audit-wazuh-c,SYSCALL,/bin/sh,,,,,
2026-10-02T01:38:02.580Z,victima-linux,80792,3,Audit: Command: /usr/bin/ps.,audit|audit_command,RS2,/usr/bin/ps,/var/ossec,audit-wazuh-c,SYSCALL,/bin/ps,,,,,
2026-10-02T01:38:02.583Z,victima-linux,80792,3,Audit: Command: /usr/bin/dash.,audit|audit_command,RS2,/usr/bin/dash,/var/ossec,audit-wazuh-c,SYSCALL,/bin/sh,,,,,
2026-10-02T01:38:02.585Z,victima-linux,80792,3,Audit: Command: /usr/bin/ps.,audit|audit_command,RS2,/usr/bin/ps,/var/ossec,audit-wazuh-c,SYSCALL,/bin/ps,,,,,
2026-10-02T01:38:02.588Z,victima-linux,80792,3,Audit: Command: /usr/bin/dash.,audit|audit_command,RS2,/usr/bin/dash,/var/ossec,audit-wazuh-c,SYSCALL,/bin/sh,,,,,
2026-10-02T01:38:02.590Z,victima-linux,80792,3,Audit: Command: /usr/bin/ps.,audit|audit_command,RS2,/usr/bin/ps,/var/ossec,audit-wazuh-c,SYSCALL,/bin/ps,,,,,
2026-10-02T01:38:02.593Z,victima-linux,80792,3,Audit: Command: /usr/bin/dash.,audit|audit_command,RS2,/usr/bin/dash,/var/ossec,audit-wazuh-c,SYSCALL,/bin/sh,,,,,
2026-10-02T01:38:02.596Z,victima-linux,80792,3,Audit: Command: /usr/bin/ps.,audit|audit_command,RS2,/usr/bin/ps,/var/ossec,audit-wazuh-c,SYSCALL,/bin/ps,,,,,
2026-10-02T01:38:02.598Z,victima-linux,80792,3,Audit: Command: /usr/bin/dash.,audit|audit_command,RS2,/usr/bin/dash,/var/ossec,audit-wazuh-c,SYSCALL,/bin/sh,,,,,
2026-10-02T01:38:02.601Z,victima-linux,80792,3,Audit: Command: /usr/bin/ps.,audit|audit_command,RS2,/usr/bin/ps,/var/ossec,audit-wazuh-c,SYSCALL,/bin/ps,,,,,
2026-10-02T01:38:02.603Z,victima-linux,80792,3,Audit: Command: /usr/bin/dash.,audit|audit_command,RS2,/usr/bin/dash,/var/ossec,audit-wazuh-c,SYSCALL,/bin/sh,,,,,
2026-10-02T01:38:02.605Z,victima-linux,80792,3,Audit: Command: /usr/bin/ps.,audit|audit_command,RS2,/usr/bin/ps,/var/ossec,audit-wazuh-c,SYSCALL,/bin/ps,,,,,
2026-10-02T01:38:02.607Z,victima-linux,80792,3,Audit: Command: /usr/bin/dash.,audit|audit_command,RS2,/usr/bin/dash,/var/ossec,audit-wazuh-c,SYSCALL,/bin/sh,,,,,
2026-10-02T01:38:02.609Z,victima-linux,80792,3,Audit: Command: /usr/bin/ps.,audit|audit_command,RS2,/usr/bin/ps,/var/ossec,audit-wazuh-c,SYSCALL,/bin/ps,,,,,
2026-10-02T01:38:02.612Z,victima-linux,80792,3,Audit: Command: /usr/bin/dash.,audit|audit_command,RS2,/usr/bin/dash,/var/ossec,audit-wazuh-c,SYSCALL,/bin/sh,,,,,
2026-10-02T01:38:02.614Z,victima-linux,80792,3,Audit: Command: /usr/bin/ps.,audit|audit_command,RS2,/usr/bin/ps,/var/ossec,audit-wazuh-c,SYSCALL,/bin/ps,,,,,
2026-10-02T01:38:02.617Z,victima-linux,80792,3,Audit: Command: /usr/bin/dash.,audit|audit_command,RS2,/usr/bin/dash,/var/ossec,audit-wazuh-c,SYSCALL,/bin/sh,,,,,
2026-10-02T01:38:02.619Z,victima-linux,80792,3,Audit: Command: /usr/bin/ps.,audit|audit_command,RS2,/usr/bin/ps,/var/ossec,audit-wazuh-c,SYSCALL,/bin/ps,,,,,
2026-10-02T01:38:02.621Z,victima-linux,80792,3,Audit: Command: /usr/bin/dash.,audit|audit_command,RS2,/usr/bin/dash,/var/ossec,audit-wazuh-c,SYSCALL,/bin/sh,,,,,
2026-10-02T01:38:02.624Z,victima-linux,80792,3,Audit: Command: /usr/bin/ps.,audit|audit_command,RS2,/usr/bin/ps,/var/ossec,audit-wazuh-c,SYSCALL,/bin/ps,,,,,
2026-10-02T01:38:02.626Z,victima-linux,80792,3,Audit: Command: /usr/bin/dash.,audit|audit_command,RS2,/usr/bin/dash,/var/ossec,audit-wazuh-c,SYSCALL,/bin/sh,,,,,
2026-10-02T01:38:02.628Z,victima-linux,80792,3,Audit: Command: /usr/bin/ps.,audit|audit_command,RS2,/usr/bin/ps,/var/ossec,audit-wazuh-c,SYSCALL,/bin/ps,,,,,
2026-10-02T01:38:02.630Z,victima-linux,80792,3,Audit: Command: /usr/bin/dash.,audit|audit_command,RS2,/usr/bin/dash,/var/ossec,audit-wazuh-c,SYSCALL,/bin/sh,,,,,
2026-10-02T01:38:02.633Z,victima-linux,80792,3,Audit: Command: /usr/bin/ps.,audit|audit_command,RS2,/usr/bin/ps,/var/ossec,audit-wazuh-c,SYSCALL,/bin/ps,,,,,
2026-10-02T01:38:02.635Z,victima-linux,80792,3,Audit: Command: /usr/bin/dash.,audit|audit_command,RS2,/usr/bin/dash,/var/ossec,audit-wazuh-c,SYSCALL,/bin/sh,,,,,
2026-10-02T01:38:02.637Z,victima-linux,80792,3,Audit: Command: /usr/bin/ps.,audit|audit_command,RS2,/usr/bin/ps,/var/ossec,audit-wazuh-c,SYSCALL,/bin/ps,,,,,
2026-10-02T01:38:02.640Z,victima-linux,80792,3,Audit: Command: /usr/bin/dash.,audit|audit_command,RS2,/usr/bin/dash,/var/ossec,audit-wazuh-c,SYSCALL,/bin/sh,,,,,
2026-10-02T01:38:02.642Z,victima-linux,80792,3,Audit: Command: /usr/bin/ps.,audit|audit_command,RS2,/usr/bin/ps,/var/ossec,audit-wazuh-c,SYSCALL,/bin/ps,,,,,
2026-10-02T01:38:02.644Z,victima-linux,80792,3,Audit: Command: /usr/bin/dash.,audit|audit_command,RS2,/usr/bin/dash,/var/ossec,audit-wazuh-c,SYSCALL,/bin/sh,,,,,
2026-10-02T01:38:02.646Z,victima-linux,80792,3,Audit: Command: /usr/bin/ps.,audit|audit_command,RS2,/usr/bin/ps,/var/ossec,audit-wazuh-c,SYSCALL,/bin/ps,,,,,
2026-10-02T01:38:02.649Z,victima-linux,80792,3,Audit: Command: /usr/bin/dash.,audit|audit_command,RS2,/usr/bin/dash,/var/ossec,audit-wazuh-c,SYSCALL,/bin/sh,,,,,
2026-10-02T01:38:02.651Z,victima-linux,80792,3,Audit: Command: /usr/bin/ps.,audit|audit_command,RS2,/usr/bin/ps,/var/ossec,audit-wazuh-c,SYSCALL,/bin/ps,,,,,
2026-10-02T01:38:02.653Z,victima-linux,80792,3,Audit: Command: /usr/bin/dash.,audit|audit_command,RS2,/usr/bin/dash,/var/ossec,audit-wazuh-c,SYSCALL,/bin/sh,,,,,
2026-10-02T01:38:02.655Z,victima-linux,80792,3,Audit: Command: /usr/bin/ps.,audit|audit_command,RS2,/usr/bin/ps,/var/ossec,audit-wazuh-c,SYSCALL,/bin/ps,,,,,
2026-10-02T01:38:02.658Z,victima-linux,80791,3,Audit: Deleted: var/run/.,audit|audit_watch_delete|audit_watch_write,RS2,/var/ossec/bin/wazuh-agentd,/var/ossec,audit-wazuh-w,SYSCALL,var/run/,var/run/,,,,
2026-10-02T01:38:02.665Z,victima-linux,80792,3,Audit: Command: /usr/bin/dash.,audit|audit_command,RS2,/usr/bin/dash,/var/ossec,audit-wazuh-c,SYSCALL,/bin/sh,,,,,
2026-10-02T01:38:02.665Z,victima-linux,80792,3,Audit: Command: /usr/bin/dash.,audit|audit_command,RS2,/usr/bin/dash,/var/ossec,audit-wazuh-c,SYSCALL,/bin/sh,,,,,
2026-10-02T01:38:02.665Z,victima-linux,80792,3,Audit: Command: /usr/bin/ps.,audit|audit_command,RS2,/usr/bin/ps,/var/ossec,audit-wazuh-c,SYSCALL,/bin/ps,,,,,
2026-10-02T01:38:02.667Z,victima-linux,80792,3,Audit: Command: /usr/bin/ps.,audit|audit_command,RS2,/usr/bin/ps,/var/ossec,audit-wazuh-c,SYSCALL,/bin/ps,,,,,
2026-10-02T01:38:02.669Z,victima-linux,80792,3,Audit: Command: /usr/bin/dash.,audit|audit_command,RS2,/usr/bin/dash,/var/ossec,audit-wazuh-c,SYSCALL,/bin/sh,,,,,
2026-10-02T01:38:02.671Z,victima-linux,80792,3,Audit: Command: /usr/bin/ps.,audit|audit_command,RS2,/usr/bin/ps,/var/ossec,audit-wazuh-c,SYSCALL,/bin/ps,,,,,
2026-10-02T01:38:04.537Z,victima-linux,80792,3,Audit: Command: /usr/bin/dash.,audit|audit_command,RS2,/usr/bin/dash,/var/ossec,audit-wazuh-c,SYSCALL,/bin/sh,,,,,
2026-10-02T01:38:04.537Z,victima-linux,80792,3,Audit: Command: /usr/bin/ps.,audit|audit_command,RS2,/usr/bin/ps,/var/ossec,audit-wazuh-c,SYSCALL,/bin/ps,,,,,
2026-10-02T01:38:04.540Z,victima-linux,80792,3,Audit: Command: /usr/bin/dash.,audit|audit_command,RS2,/usr/bin/dash,/var/ossec,audit-wazuh-c,SYSCALL,/bin/sh,,,,,
2026-10-02T01:38:04.542Z,victima-linux,80792,3,Audit: Command: /usr/bin/ps.,audit|audit_command,RS2,/usr/bin/ps,/var/ossec,audit-wazuh-c,SYSCALL,/bin/ps,,,,,
2026-10-02T01:38:04.544Z,victima-linux,80792,3,Audit: Command: /usr/bin/dash.,audit|audit_command,RS2,/usr/bin/dash,/var/ossec,audit-wazuh-c,SYSCALL,/bin/sh,,,,,
2026-10-02T01:38:04.547Z,victima-linux,80792,3,Audit: Command: /usr/bin/ps.,audit|audit_command,RS2,/usr/bin/ps,/var/ossec,audit-wazuh-c,SYSCALL,/bin/ps,,,,,
2026-10-02T01:38:04.549Z,victima-linux,80792,3,Audit: Command: /usr/bin/dash.,audit|audit_command,RS2,/usr/bin/dash,/var/ossec,audit-wazuh-c,SYSCALL,/bin/sh,,,,,
2026-10-02T01:38:04.552Z,victima-linux,80792,3,Audit: Command: /usr/bin/ps.,audit|audit_command,RS2,/usr/bin/ps,/var/ossec,audit-wazuh-c,SYSCALL,/bin/ps,,,,,
2026-10-02T01:38:04.554Z,victima-linux,80792,3,Audit: Command: /usr/bin/dash.,audit|audit_command,RS2,/usr/bin/dash,/var/ossec,audit-wazuh-c,SYSCALL,/bin/sh,,,,,
2026-10-02T01:38:04.557Z,victima-linux,80792,3,Audit: Command: /usr/bin/ps.,audit|audit_command,RS2,/usr/bin/ps,/var/ossec,audit-wazuh-c,SYSCALL,/bin/ps,,,,,
2026-10-02T01:38:04.559Z,victima-linux,80792,3,Audit: Command: /usr/bin/dash.,audit|audit_command,RS2,/usr/bin/dash,/var/ossec,audit-wazuh-c,SYSCALL,/bin/sh,,,,,
2026-10-02T01:38:04.562Z,victima-linux,80792,3,Audit: Command: /usr/bin/ps.,audit|audit_command,RS2,/usr/bin/ps,/var/ossec,audit-wazuh-c,SYSCALL,/bin/ps,,,,,
2026-10-02T01:38:04.564Z,victima-linux,80792,3,Audit: Command: /usr/bin/dash.,audit|audit_command,RS2,/usr/bin/dash,/var/ossec,audit-wazuh-c,SYSCALL,/bin/sh,,,,,
2026-10-02T01:38:04.566Z,victima-linux,80792,3,Audit: Command: /usr/bin/ps.,audit|audit_command,RS2,/usr/bin/ps,/var/ossec,audit-wazuh-c,SYSCALL,/bin/ps,,,,,
2026-10-02T01:38:04.569Z,victima-linux,80792,3,Audit: Command: /usr/bin/dash.,audit|audit_command,RS2,/usr/bin/dash,/var/ossec,audit-wazuh-c,SYSCALL,/bin/sh,,,,,
2026-10-02T01:38:04.571Z,victima-linux,80792,3,Audit: Command: /usr/bin/ps.,audit|audit_command,RS2,/usr/bin/ps,/var/ossec,audit-wazuh-c,SYSCALL,/bin/ps,,,,,
2026-10-02T01:38:04.574Z,victima-linux,80792,3,Audit: Command: /usr/bin/dash.,audit|audit_command,RS2,/usr/bin/dash,/var/ossec,audit-wazuh-c,SYSCALL,/bin/sh,,,,,
2026-10-02T01:38:04.576Z,victima-linux,80792,3,Audit: Command: /usr/bin/ps.,audit|audit_command,RS2,/usr/bin/ps,/var/ossec,audit-wazuh-c,SYSCALL,/bin/ps,,,,,
2026-10-02T01:38:04.578Z,victima-linux,80792,3,Audit: Command: /usr/bin/dash.,audit|audit_command,RS2,/usr/bin/dash,/var/ossec,audit-wazuh-c,SYSCALL,/bin/sh,,,,,
2026-10-02T01:38:04.581Z,victima-linux,80792,3,Audit: Command: /usr/bin/ps.,audit|audit_command,RS2,/usr/bin/ps,/var/ossec,audit-wazuh-c,SYSCALL,/bin/ps,,,,,
2026-10-02T01:38:04.583Z,victima-linux,80792,3,Audit: Command: /usr/bin/dash.,audit|audit_command,RS2,/usr/bin/dash,/var/ossec,audit-wazuh-c,SYSCALL,/bin/sh,,,,,
2026-10-02T01:38:04.585Z,victima-linux,80792,3,Audit: Command: /usr/bin/ps.,audit|audit_command,RS2,/usr/bin/ps,/var/ossec,audit-wazuh-c,SYSCALL,/bin/ps,,,,,
2026-10-02T01:38:04.588Z,victima-linux,80792,3,Audit: Command: /usr/bin/dash.,audit|audit_command,RS2,/usr/bin/dash,/var/ossec,audit-wazuh-c,SYSCALL,/bin/sh,,,,,
2026-10-02T01:38:04.590Z,victima-linux,80792,3,Audit: Command: /usr/bin/ps.,audit|audit_command,RS2,/usr/bin/ps,/var/ossec,audit-wazuh-c,SYSCALL,/bin/ps,,,,,
2026-10-02T01:38:04.592Z,victima-linux,80792,3,Audit: Command: /usr/bin/dash.,audit|audit_command,RS2,/usr/bin/dash,/var/ossec,audit-wazuh-c,SYSCALL,/bin/sh,,,,,
2026-10-02T01:38:04.595Z,victima-linux,80792,3,Audit: Command: /usr/bin/ps.,audit|audit_command,RS2,/usr/bin/ps,/var/ossec,audit-wazuh-c,SYSCALL,/bin/ps,,,,,
2026-10-02T01:38:04.597Z,victima-linux,80792,3,Audit: Command: /usr/bin/dash.,audit|audit_command,RS2,/usr/bin/dash,/var/ossec,audit-wazuh-c,SYSCALL,/bin/sh,,,,,
2026-10-02T01:38:04.599Z,victima-linux,80792,3,Audit: Command: /usr/bin/ps.,audit|audit_command,RS2,/usr/bin/ps,/var/ossec,audit-wazuh-c,SYSCALL,/bin/ps,,,,,
2026-10-02T01:38:04.602Z,victima-linux,80792,3,Audit: Command: /usr/bin/dash.,audit|audit_command,RS2,/usr/bin/dash,/var/ossec,audit-wazuh-c,SYSCALL,/bin/sh,,,,,
2026-10-02T01:38:04.604Z,victima-linux,80792,3,Audit: Command: /usr/bin/ps.,audit|audit_command,RS2,/usr/bin/ps,/var/ossec,audit-wazuh-c,SYSCALL,/bin/ps,,,,,
2026-10-02T01:38:04.607Z,victima-linux,80792,3,Audit: Command: /usr/bin/dash.,audit|audit_command,RS2,/usr/bin/dash,/var/ossec,audit-wazuh-c,SYSCALL,/bin/sh,,,,,
2026-10-02T01:38:04.609Z,victima-linux,80792,3,Audit: Command: /usr/bin/ps.,audit|audit_command,RS2,/usr/bin/ps,/var/ossec,audit-wazuh-c,SYSCALL,/bin/ps,,,,,
2026-10-02T01:38:04.611Z,victima-linux,80792,3,Audit: Command: /usr/bin/dash.,audit|audit_command,RS2,/usr/bin/dash,/var/ossec,audit-wazuh-c,SYSCALL,/bin/sh,,,,,
2026-10-02T01:38:04.613Z,victima-linux,80792,3,Audit: Command: /usr/bin/ps.,audit|audit_command,RS2,/usr/bin/ps,/var/ossec,audit-wazuh-c,SYSCALL,/bin/ps,,,,,
2026-10-02T01:38:04.616Z,victima-linux,80792,3,Audit: Command: /usr/bin/dash.,audit|audit_command,RS2,/usr/bin/dash,/var/ossec,audit-wazuh-c,SYSCALL,/bin/sh,,,,,
2026-10-02T01:38:04.618Z,victima-linux,80792,3,Audit: Command: /usr/bin/ps.,audit|audit_command,RS2,/usr/bin/ps,/var/ossec,audit-wazuh-c,SYSCALL,/bin/ps,,,,,
2026-10-02T01:38:04.620Z,victima-linux,80792,3,Audit: Command: /usr/bin/dash.,audit|audit_command,RS2,/usr/bin/dash,/var/ossec,audit-wazuh-c,SYSCALL,/bin/sh,,,,,
2026-10-02T01:38:04.623Z,victima-linux,80792,3,Audit: Command: /usr/bin/ps.,audit|audit_command,RS2,/usr/bin/ps,/var/ossec,audit-wazuh-c,SYSCALL,/bin/ps,,,,,
2026-10-02T01:38:04.626Z,victima-linux,80792,3,Audit: Command: /usr/bin/dash.,audit|audit_command,RS2,/usr/bin/dash,/var/ossec,audit-wazuh-c,SYSCALL,/bin/sh,,,,,
2026-10-02T01:38:04.628Z,victima-linux,80792,3,Audit: Command: /usr/bin/ps.,audit|audit_command,RS2,/usr/bin/ps,/var/ossec,audit-wazuh-c,SYSCALL,/bin/ps,,,,,
2026-10-02T01:38:04.631Z,victima-linux,80792,3,Audit: Command: /usr/bin/dash.,audit|audit_command,RS2,/usr/bin/dash,/var/ossec,audit-wazuh-c,SYSCALL,/bin/sh,,,,,
2026-10-02T01:38:04.633Z,victima-linux,80792,3,Audit: Command: /usr/bin/ps.,audit|audit_command,RS2,/usr/bin/ps,/var/ossec,audit-wazuh-c,SYSCALL,/bin/ps,,,,,
2026-10-02T01:38:04.636Z,victima-linux,80792,3,Audit: Command: /usr/bin/dash.,audit|audit_command,RS2,/usr/bin/dash,/var/ossec,audit-wazuh-c,SYSCALL,/bin/sh,,,,,
2026-10-02T01:38:04.638Z,victima-linux,80792,3,Audit: Command: /usr/bin/ps.,audit|audit_command,RS2,/usr/bin/ps,/var/ossec,audit-wazuh-c,SYSCALL,/bin/ps,,,,,
2026-10-02T01:38:04.641Z,victima-linux,80792,3,Audit: Command: /usr/bin/dash.,audit|audit_command,RS2,/usr/bin/dash,/var/ossec,audit-wazuh-c,SYSCALL,/bin/sh,,,,,
2026-10-02T01:38:04.644Z,victima-linux,80792,3,Audit: Command: /usr/bin/ps.,audit|audit_command,RS2,/usr/bin/ps,/var/ossec,audit-wazuh-c,SYSCALL,/bin/ps,,,,,
2026-10-02T01:38:04.646Z,victima-linux,80792,3,Audit: Command: /usr/bin/dash.,audit|audit_command,RS2,/usr/bin/dash,/var/ossec,audit-wazuh-c,SYSCALL,/bin/sh,,,,,
2026-10-02T01:38:04.648Z,victima-linux,80792,3,Audit: Command: /usr/bin/ps.,audit|audit_command,RS2,/usr/bin/ps,/var/ossec,audit-wazuh-c,SYSCALL,/bin/ps,,,,,
2026-10-02T01:38:04.651Z,victima-linux,80792,3,Audit: Command: /usr/bin/dash.,audit|audit_command,RS2,/usr/bin/dash,/var/ossec,audit-wazuh-c,SYSCALL,/bin/sh,,,,,
2026-10-02T01:38:04.653Z,victima-linux,80792,3,Audit: Command: /usr/bin/ps.,audit|audit_command,RS2,/usr/bin/ps,/var/ossec,audit-wazuh-c,SYSCALL,/bin/ps,,,,,
2026-10-02T01:38:04.656Z,victima-linux,80792,3,Audit: Command: /usr/bin/dash.,audit|audit_command,RS2,/usr/bin/dash,/var/ossec,audit-wazuh-c,SYSCALL,/bin/sh,,,,,
2026-10-02T01:38:04.658Z,victima-linux,80792,3,Audit: Command: /usr/bin/ps.,audit|audit_command,RS2,/usr/bin/ps,/var/ossec,audit-wazuh-c,SYSCALL,/bin/ps,,,,,
2026-10-02T01:38:04.661Z,victima-linux,80792,3,Audit: Command: /usr/bin/dash.,audit|audit_command,RS2,/usr/bin/dash,/var/ossec,audit-wazuh-c,SYSCALL,/bin/sh,,,,,
2026-10-02T01:38:04.664Z,victima-linux,80792,3,Audit: Command: /usr/bin/ps.,audit|audit_command,RS2,/usr/bin/ps,/var/ossec,audit-wazuh-c,SYSCALL,/bin/ps,,,,,
2026-10-02T01:38:04.666Z,victima-linux,80792,3,Audit: Command: /usr/bin/dash.,audit|audit_command,RS2,/usr/bin/dash,/var/ossec,audit-wazuh-c,SYSCALL,/bin/sh,,,,,
2026-10-02T01:38:04.669Z,victima-linux,80792,3,Audit: Command: /usr/bin/ps.,audit|audit_command,RS2,/usr/bin/ps,/var/ossec,audit-wazuh-c,SYSCALL,/bin/ps,,,,,
2026-10-02T01:38:06.538Z,victima-linux,80792,3,Audit: Command: /usr/bin/dash.,audit|audit_command,RS2,/usr/bin/dash,/var/ossec,audit-wazuh-c,SYSCALL,/bin/sh,,,,,
2026-10-02T01:38:06.538Z,victima-linux,80792,3,Audit: Command: /usr/bin/ps.,audit|audit_command,RS2,/usr/bin/ps,/var/ossec,audit-wazuh-c,SYSCALL,/bin/ps,,,,,
2026-10-02T01:38:06.540Z,victima-linux,80792,3,Audit: Command: /usr/bin/dash.,audit|audit_command,RS2,/usr/bin/dash,/var/ossec,audit-wazuh-c,SYSCALL,/bin/sh,,,,,
2026-10-02T01:38:06.542Z,victima-linux,80792,3,Audit: Command: /usr/bin/ps.,audit|audit_command,RS2,/usr/bin/ps,/var/ossec,audit-wazuh-c,SYSCALL,/bin/ps,,,,,
2026-10-02T01:38:06.544Z,victima-linux,80792,3,Audit: Command: /usr/bin/dash.,audit|audit_command,RS2,/usr/bin/dash,/var/ossec,audit-wazuh-c,SYSCALL,/bin/sh,,,,,
2026-10-02T01:38:06.547Z,victima-linux,80792,3,Audit: Command: /usr/bin/ps.,audit|audit_command,RS2,/usr/bin/ps,/var/ossec,audit-wazuh-c,SYSCALL,/bin/ps,,,,,
2026-10-02T01:38:06.549Z,victima-linux,80792,3,Audit: Command: /usr/bin/dash.,audit|audit_command,RS2,/usr/bin/dash,/var/ossec,audit-wazuh-c,SYSCALL,/bin/sh,,,,,
2026-10-02T01:38:06.551Z,victima-linux,80792,3,Audit: Command: /usr/bin/ps.,audit|audit_command,RS2,/usr/bin/ps,/var/ossec,audit-wazuh-c,SYSCALL,/bin/ps,,,,,
2026-10-02T01:38:06.554Z,victima-linux,80792,3,Audit: Command: /usr/bin/dash.,audit|audit_command,RS2,/usr/bin/dash,/var/ossec,audit-wazuh-c,SYSCALL,/bin/sh,,,,,
2026-10-02T01:38:06.556Z,victima-linux,80792,3,Audit: Command: /usr/bin/ps.,audit|audit_command,RS2,/usr/bin/ps,/var/ossec,audit-wazuh-c,SYSCALL,/bin/ps,,,,,
2026-10-02T01:38:06.558Z,victima-linux,80792,3,Audit: Command: /usr/bin/dash.,audit|audit_command,RS2,/usr/bin/dash,/var/ossec,audit-wazuh-c,SYSCALL,/bin/sh,,,,,
2026-10-02T01:38:06.561Z,victima-linux,80792,3,Audit: Command: /usr/bin/ps.,audit|audit_command,RS2,/usr/bin/ps,/var/ossec,audit-wazuh-c,SYSCALL,/bin/ps,,,,,
2026-10-02T01:38:06.563Z,victima-linux,80792,3,Audit: Command: /usr/bin/dash.,audit|audit_command,RS2,/usr/bin/dash,/var/ossec,audit-wazuh-c,SYSCALL,/bin/sh,,,,,
2026-10-02T01:38:06.566Z,victima-linux,80792,3,Audit: Command: /usr/bin/ps.,audit|audit_command,RS2,/usr/bin/ps,/var/ossec,audit-wazuh-c,SYSCALL,/bin/ps,,,,,
2026-10-02T01:38:06.568Z,victima-linux,80792,3,Audit: Command: /usr/bin/dash.,audit|audit_command,RS2,/usr/bin/dash,/var/ossec,audit-wazuh-c,SYSCALL,/bin/sh,,,,,
2026-10-02T01:38:06.570Z,victima-linux,80792,3,Audit: Command: /usr/bin/ps.,audit|audit_command,RS2,/usr/bin/ps,/var/ossec,audit-wazuh-c,SYSCALL,/bin/ps,,,,,
2026-10-02T01:38:06.573Z,victima-linux,80792,3,Audit: Command: /usr/bin/dash.,audit|audit_command,RS2,/usr/bin/dash,/var/ossec,audit-wazuh-c,SYSCALL,/bin/sh,,,,,
2026-10-02T01:38:06.575Z,victima-linux,80792,3,Audit: Command: /usr/bin/ps.,audit|audit_command,RS2,/usr/bin/ps,/var/ossec,audit-wazuh-c,SYSCALL,/bin/ps,,,,,
2026-10-02T01:38:06.578Z,victima-linux,80792,3,Audit: Command: /usr/bin/dash.,audit|audit_command,RS2,/usr/bin/dash,/var/ossec,audit-wazuh-c,SYSCALL,/bin/sh,,,,,
2026-10-02T01:38:06.581Z,victima-linux,80792,3,Audit: Command: /usr/bin/ps.,audit|audit_command,RS2,/usr/bin/ps,/var/ossec,audit-wazuh-c,SYSCALL,/bin/ps,,,,,
2026-10-02T01:38:06.583Z,victima-linux,80792,3,Audit: Command: /usr/bin/dash.,audit|audit_command,RS2,/usr/bin/dash,/var/ossec,audit-wazuh-c,SYSCALL,/bin/sh,,,,,
2026-10-02T01:38:06.585Z,victima-linux,80792,3,Audit: Command: /usr/bin/ps.,audit|audit_command,RS2,/usr/bin/ps,/var/ossec,audit-wazuh-c,SYSCALL,/bin/ps,,,,,
2026-10-02T01:38:06.588Z,victima-linux,80792,3,Audit: Command: /usr/bin/dash.,audit|audit_command,RS2,/usr/bin/dash,/var/ossec,audit-wazuh-c,SYSCALL,/bin/sh,,,,,
2026-10-02T01:38:06.590Z,victima-linux,80792,3,Audit: Command: /usr/bin/ps.,audit|audit_command,RS2,/usr/bin/ps,/var/ossec,audit-wazuh-c,SYSCALL,/bin/ps,,,,,
2026-10-02T01:38:06.593Z,victima-linux,80792,3,Audit: Command: /usr/bin/dash.,audit|audit_command,RS2,/usr/bin/dash,/var/ossec,audit-wazuh-c,SYSCALL,/bin/sh,,,,,
2026-10-02T01:38:06.595Z,victima-linux,80792,3,Audit: Command: /usr/bin/ps.,audit|audit_command,RS2,/usr/bin/ps,/var/ossec,audit-wazuh-c,SYSCALL,/bin/ps,,,,,
2026-10-02T01:38:06.598Z,victima-linux,80792,3,Audit: Command: /usr/bin/dash.,audit|audit_command,RS2,/usr/bin/dash,/var/ossec,audit-wazuh-c,SYSCALL,/bin/sh,,,,,
2026-10-02T01:38:06.600Z,victima-linux,80792,3,Audit: Command: /usr/bin/ps.,audit|audit_command,RS2,/usr/bin/ps,/var/ossec,audit-wazuh-c,SYSCALL,/bin/ps,,,,,
2026-10-02T01:38:06.602Z,victima-linux,80792,3,Audit: Command: /usr/bin/dash.,audit|audit_command,RS2,/usr/bin/dash,/var/ossec,audit-wazuh-c,SYSCALL,/bin/sh,,,,,
2026-10-02T01:38:06.605Z,victima-linux,80792,3,Audit: Command: /usr/bin/ps.,audit|audit_command,RS2,/usr/bin/ps,/var/ossec,audit-wazuh-c,SYSCALL,/bin/ps,,,,,
2026-10-02T01:38:06.607Z,victima-linux,80792,3,Audit: Command: /usr/bin/dash.,audit|audit_command,RS2,/usr/bin/dash,/var/ossec,audit-wazuh-c,SYSCALL,/bin/sh,,,,,
2026-10-02T01:38:06.610Z,victima-linux,80792,3,Audit: Command: /usr/bin/ps.,audit|audit_command,RS2,/usr/bin/ps,/var/ossec,audit-wazuh-c,SYSCALL,/bin/ps,,,,,
2026-10-02T01:38:06.612Z,victima-linux,80792,3,Audit: Command: /usr/bin/dash.,audit|audit_command,RS2,/usr/bin/dash,/var/ossec,audit-wazuh-c,SYSCALL,/bin/sh,,,,,
2026-10-02T01:38:06.615Z,victima-linux,80792,3,Audit: Command: /usr/bin/ps.,audit|audit_command,RS2,/usr/bin/ps,/var/ossec,audit-wazuh-c,SYSCALL,/bin/ps,,,,,
2026-10-02T01:38:06.618Z,victima-linux,80792,3,Audit: Command: /usr/bin/dash.,audit|audit_command,RS2,/usr/bin/dash,/var/ossec,audit-wazuh-c,SYSCALL,/bin/sh,,,,,
2026-10-02T01:38:06.620Z,victima-linux,80792,3,Audit: Command: /usr/bin/ps.,audit|audit_command,RS2,/usr/bin/ps,/var/ossec,audit-wazuh-c,SYSCALL,/bin/ps,,,,,
2026-10-02T01:38:06.622Z,victima-linux,80792,3,Audit: Command: /usr/bin/dash.,audit|audit_command,RS2,/usr/bin/dash,/var/ossec,audit-wazuh-c,SYSCALL,/bin/sh,,,,,
2026-10-02T01:38:06.624Z,victima-linux,80792,3,Audit: Command: /usr/bin/ps.,audit|audit_command,RS2,/usr/bin/ps,/var/ossec,audit-wazuh-c,SYSCALL,/bin/ps,,,,,
2026-10-02T01:38:06.627Z,victima-linux,80792,3,Audit: Command: /usr/bin/dash.,audit|audit_command,RS2,/usr/bin/dash,/var/ossec,audit-wazuh-c,SYSCALL,/bin/sh,,,,,
2026-10-02T01:38:06.629Z,victima-linux,80792,3,Audit: Command: /usr/bin/ps.,audit|audit_command,RS2,/usr/bin/ps,/var/ossec,audit-wazuh-c,SYSCALL,/bin/ps,,,,,
2026-10-02T01:38:06.631Z,victima-linux,80792,3,Audit: Command: /usr/bin/dash.,audit|audit_command,RS2,/usr/bin/dash,/var/ossec,audit-wazuh-c,SYSCALL,/bin/sh,,,,,
2026-10-02T01:38:06.634Z,victima-linux,80792,3,Audit: Command: /usr/bin/ps.,audit|audit_command,RS2,/usr/bin/ps,/var/ossec,audit-wazuh-c,SYSCALL,/bin/ps,,,,,
2026-10-02T01:38:06.636Z,victima-linux,80792,3,Audit: Command: /usr/bin/dash.,audit|audit_command,RS2,/usr/bin/dash,/var/ossec,audit-wazuh-c,SYSCALL,/bin/sh,,,,,
2026-10-02T01:38:06.639Z,victima-linux,80792,3,Audit: Command: /usr/bin/ps.,audit|audit_command,RS2,/usr/bin/ps,/var/ossec,audit-wazuh-c,SYSCALL,/bin/ps,,,,,
2026-10-02T01:38:06.641Z,victima-linux,80792,3,Audit: Command: /usr/bin/dash.,audit|audit_command,RS2,/usr/bin/dash,/var/ossec,audit-wazuh-c,SYSCALL,/bin/sh,,,,,
2026-10-02T01:38:06.643Z,victima-linux,80792,3,Audit: Command: /usr/bin/ps.,audit|audit_command,RS2,/usr/bin/ps,/var/ossec,audit-wazuh-c,SYSCALL,/bin/ps,,,,,
2026-10-02T01:38:06.647Z,victima-linux,80792,3,Audit: Command: /usr/bin/dash.,audit|audit_command,RS2,/usr/bin/dash,/var/ossec,audit-wazuh-c,SYSCALL,/bin/sh,,,,,
2026-10-02T01:38:06.650Z,victima-linux,80792,3,Audit: Command: /usr/bin/ps.,audit|audit_command,RS2,/usr/bin/ps,/var/ossec,audit-wazuh-c,SYSCALL,/bin/ps,,,,,
2026-10-02T01:38:06.652Z,victima-linux,80792,3,Audit: Command: /usr/bin/dash.,audit|audit_command,RS2,/usr/bin/dash,/var/ossec,audit-wazuh-c,SYSCALL,/bin/sh,,,,,
2026-10-02T01:38:06.654Z,victima-linux,80792,3,Audit: Command: /usr/bin/ps.,audit|audit_command,RS2,/usr/bin/ps,/var/ossec,audit-wazuh-c,SYSCALL,/bin/ps,,,,,
2026-10-02T01:38:06.657Z,victima-linux,80792,3,Audit: Command: /usr/bin/dash.,audit|audit_command,RS2,/usr/bin/dash,/var/ossec,audit-wazuh-c,SYSCALL,/bin/sh,,,,,
2026-10-02T01:38:06.659Z,victima-linux,80792,3,Audit: Command: /usr/bin/ps.,audit|audit_command,RS2,/usr/bin/ps,/var/ossec,audit-wazuh-c,SYSCALL,/bin/ps,,,,,
2026-10-02T01:38:06.662Z,victima-linux,80792,3,Audit: Command: /usr/bin/dash.,audit|audit_command,RS2,/usr/bin/dash,/var/ossec,audit-wazuh-c,SYSCALL,/bin/sh,,,,,
2026-10-02T01:38:06.664Z,victima-linux,80792,3,Audit: Command: /usr/bin/ps.,audit|audit_command,RS2,/usr/bin/ps,/var/ossec,audit-wazuh-c,SYSCALL,/bin/ps,,,,,
