# ATA017_iter1-Detalle_raw.csv | detalle por alerta (una fila/alerta) | TFG HIDS - Fase 3 A2.1 (paso 0) | alertas=/var/ossec/logs/alerts/2026/Sep/ossec-alerts-29.json | ventana=2026-09-29T00:53:14Z..2026-09-29T00:53:46Z | leidas=13798 en_ventana=1145 no_json=0 | columnas: timestamp_utc,agent_name,rule_id,rule_level,rule_description,rule_groups,rs_origen,audit_exe,audit_cwd,audit_key,audit_type,audit_file,audit_dir,syscheck_path,srcip,srcuser,dstuser
timestamp_utc,agent_name,rule_id,rule_level,rule_description,rule_groups,rs_origen,audit_exe,audit_cwd,audit_key,audit_type,audit_file,audit_dir,syscheck_path,srcip,srcuser,dstuser
2026-09-29T00:53:14.618Z,victima-linux,80792,3,Audit: Command: /usr/bin/dash.,audit|audit_command,RS2,/usr/bin/dash,/,audit-wazuh-c,SYSCALL,/etc/update-motd.d/98-fsck-at-reboot,,,,,
2026-09-29T00:53:14.618Z,victima-linux,80792,3,Audit: Command: /usr/bin/dash.,audit|audit_command,RS2,/usr/bin/dash,/,audit-wazuh-c,SYSCALL,/usr/lib/update-notifier/update-motd-fsck-at-reboot,,,,,
2026-09-29T00:53:14.620Z,victima-linux,80792,3,Audit: Command: /usr/bin/id.,audit|audit_command,RS2,/usr/bin/id,/,audit-wazuh-c,SYSCALL,/usr/bin/id,,,,,
2026-09-29T00:53:14.623Z,victima-linux,80792,3,Audit: Command: /usr/bin/stat.,audit|audit_command,RS2,/usr/bin/stat,/,audit-wazuh-c,SYSCALL,/usr/bin/stat,,,,,
2026-09-29T00:53:14.625Z,victima-linux,80792,3,Audit: Command: /usr/bin/gawk.,audit|audit_command,RS2,/usr/bin/gawk,/,audit-wazuh-c,SYSCALL,/usr/bin/awk,,,,,
2026-09-29T00:53:14.631Z,victima-linux,80792,3,Audit: Command: /usr/bin/date.,audit|audit_command,RS2,/usr/bin/date,/,audit-wazuh-c,SYSCALL,/usr/bin/date,,,,,
2026-09-29T00:53:14.632Z,victima-linux,80792,3,Audit: Command: /usr/bin/date.,audit|audit_command,RS2,/usr/bin/date,/,audit-wazuh-c,SYSCALL,/usr/bin/date,,,,,
2026-09-29T00:53:14.634Z,victima-linux,80792,3,Audit: Command: /usr/bin/cat.,audit|audit_command,RS2,/usr/bin/cat,/,audit-wazuh-c,SYSCALL,/usr/bin/cat,,,,,
2026-09-29T00:53:14.636Z,victima-linux,80792,3,Audit: Command: /usr/bin/dash.,audit|audit_command,RS2,/usr/bin/dash,/,audit-wazuh-c,SYSCALL,/etc/update-motd.d/98-reboot-required,,,,,
2026-09-29T00:53:14.638Z,victima-linux,80792,3,Audit: Command: /usr/bin/dash.,audit|audit_command,RS2,/usr/bin/dash,/,audit-wazuh-c,SYSCALL,/usr/lib/update-notifier/update-motd-reboot-required,,,,,
2026-09-29T00:53:14.641Z,victima-linux,80791,3,Audit: Deleted: /run/.,audit|audit_watch_delete|audit_watch_write,RS2,/usr/sbin/sshd,/,audit-wazuh-w,SYSCALL,/run/,/run/,,,,
2026-09-29T00:53:14.647Z,victima-linux,80792,3,Audit: Command: /usr/bin/bash.,audit|audit_command,RS2,/usr/bin/bash,/home/angel,audit-wazuh-c,SYSCALL,/bin/bash,,,,,
2026-09-29T00:53:14.651Z,victima-linux,80792,3,Audit: Command: /usr/bin/mkdir.,audit|audit_command,RS2,/usr/bin/mkdir,/home/angel,audit-wazuh-c,SYSCALL,/usr/bin/mkdir,,,,,
2026-09-29T00:53:14.656Z,victima-linux,80791,3,Audit: Deleted: /run/systemd/sessions/98.ref.,audit|audit_watch_delete|audit_watch_write,RS2,/usr/lib/systemd/systemd-logind,/,audit-wazuh-w,SYSCALL,/run/systemd/sessions/98.ref,/run/systemd/sessions/,,,,
2026-09-29T00:53:14.659Z,victima-linux,80791,3,Audit: Deleted: /run/systemd/sessions/.,audit|audit_watch_delete|audit_watch_write,RS2,/usr/lib/systemd/systemd-logind,/,audit-wazuh-w,SYSCALL,/run/systemd/sessions/,/run/systemd/sessions/,,,,
2026-09-29T00:53:14.661Z,victima-linux,80791,3,Audit: Deleted: /run/systemd/users/.,audit|audit_watch_delete|audit_watch_write,RS2,/usr/lib/systemd/systemd-logind,/,audit-wazuh-w,SYSCALL,/run/systemd/users/,/run/systemd/users/,,,,
2026-09-29T00:53:14.664Z,victima-linux,80791,3,Audit: Deleted: /run/systemd/sessions/98.,audit|audit_watch_delete|audit_watch_write,RS2,/usr/lib/systemd/systemd-logind,/,audit-wazuh-w,SYSCALL,/run/systemd/sessions/98,/run/systemd/sessions/,,,,
2026-09-29T00:53:14.666Z,victima-linux,80791,3,Audit: Deleted: /run/systemd/users/.,audit|audit_watch_delete|audit_watch_write,RS2,/usr/lib/systemd/systemd-logind,/,audit-wazuh-w,SYSCALL,/run/systemd/users/,/run/systemd/users/,,,,
2026-09-29T00:53:14.668Z,victima-linux,80792,3,Audit: Command: /usr/sbin/sshd.,audit|audit_command,RS2,/usr/sbin/sshd,/,audit-wazuh-c,SYSCALL,/usr/sbin/sshd,,,,,
2026-09-29T00:53:14.674Z,victima-linux,80780,3,Audit: Watch - Write access.,audit|audit_watch_write,RS2,/usr/sbin/sshd,,audit-wazuh-w,SYSCALL,,,,,,
2026-09-29T00:53:14.679Z,victima-linux,80791,3,Audit: Deleted: /run/systemd/sessions/.,audit|audit_watch_delete|audit_watch_write,RS2,/usr/lib/systemd/systemd-logind,/,audit-wazuh-w,SYSCALL,/run/systemd/sessions/,/run/systemd/sessions/,,,,
2026-09-29T00:53:14.681Z,victima-linux,80791,3,Audit: Deleted: /run/systemd/users/.,audit|audit_watch_delete|audit_watch_write,RS2,/usr/lib/systemd/systemd-logind,/,audit-wazuh-w,SYSCALL,/run/systemd/users/,/run/systemd/users/,,,,
2026-09-29T00:53:14.684Z,victima-linux,80791,3,Audit: Deleted: /run/systemd/sessions/.,audit|audit_watch_delete|audit_watch_write,RS2,/usr/lib/systemd/systemd-logind,/,audit-wazuh-w,SYSCALL,/run/systemd/sessions/,/run/systemd/sessions/,,,,
2026-09-29T00:53:14.686Z,victima-linux,80791,3,Audit: Deleted: /run/systemd/sessions/.,audit|audit_watch_delete|audit_watch_write,RS2,/usr/lib/systemd/systemd-logind,/,audit-wazuh-w,SYSCALL,/run/systemd/sessions/,/run/systemd/sessions/,,,,
2026-09-29T00:53:14.688Z,victima-linux,80792,3,Audit: Command: /usr/bin/dash.,audit|audit_command,RS2,/usr/bin/dash,/,audit-wazuh-c,SYSCALL,/bin/sh,,,,,
2026-09-29T00:53:14.693Z,victima-linux,80791,3,Audit: Deleted: /run/systemd/users/.,audit|audit_watch_delete|audit_watch_write,RS2,/usr/lib/systemd/systemd-logind,/,audit-wazuh-w,SYSCALL,/run/systemd/users/,/run/systemd/users/,,,,
2026-09-29T00:53:14.695Z,victima-linux,80792,3,Audit: Command: /usr/bin/env.,audit|audit_command,RS2,/usr/bin/env,/,audit-wazuh-c,SYSCALL,/usr/bin/env,,,,,
2026-09-29T00:53:14.697Z,victima-linux,80792,3,Audit: Command: /usr/bin/env.,audit|audit_command,RS2,/usr/bin/env,/,audit-wazuh-c,SYSCALL,,,,,,
2026-09-29T00:53:14.700Z,victima-linux,80792,3,Audit: Command: /usr/bin/env.,audit|audit_command,RS2,/usr/bin/env,/,audit-wazuh-c,SYSCALL,,,,,,
2026-09-29T00:53:14.706Z,victima-linux,80792,3,Audit: Command: /usr/bin/env.,audit|audit_command,RS2,/usr/bin/env,/,audit-wazuh-c,SYSCALL,,,,,,
2026-09-29T00:53:14.706Z,victima-linux,80792,3,Audit: Command: /usr/bin/run-parts.,audit|audit_command,RS2,/usr/bin/run-parts,/,audit-wazuh-c,SYSCALL,/usr/bin/run-parts,,,,,
2026-09-29T00:53:14.707Z,victima-linux,80792,3,Audit: Command: /usr/bin/dash.,audit|audit_command,RS2,/usr/bin/dash,/,audit-wazuh-c,SYSCALL,/etc/update-motd.d/00-header,,,,,
2026-09-29T00:53:14.708Z,victima-linux,80792,3,Audit: Command: /usr/bin/uname.,audit|audit_command,RS2,/usr/bin/uname,/,audit-wazuh-c,SYSCALL,/usr/bin/uname,,,,,
2026-09-29T00:53:14.711Z,victima-linux,80792,3,Audit: Command: /usr/bin/uname.,audit|audit_command,RS2,/usr/bin/uname,/,audit-wazuh-c,SYSCALL,/usr/bin/uname,,,,,
2026-09-29T00:53:14.717Z,victima-linux,80792,3,Audit: Command: /usr/bin/dash.,audit|audit_command,RS2,/usr/bin/dash,/,audit-wazuh-c,SYSCALL,/etc/update-motd.d/10-help-text,,,,,
2026-09-29T00:53:14.717Z,victima-linux,80792,3,Audit: Command: /usr/bin/uname.,audit|audit_command,RS2,/usr/bin/uname,/,audit-wazuh-c,SYSCALL,/usr/bin/uname,,,,,
2026-09-29T00:53:14.718Z,victima-linux,80792,3,Audit: Command: /usr/bin/dash.,audit|audit_command,RS2,/usr/bin/dash,/,audit-wazuh-c,SYSCALL,/etc/update-motd.d/50-landscape-sysinfo,,,,,
2026-09-29T00:53:14.719Z,victima-linux,80792,3,Audit: Command: /usr/bin/find.,audit|audit_command,RS2,/usr/bin/find,/,audit-wazuh-c,SYSCALL,/usr/bin/find,,,,,
2026-09-29T00:53:14.722Z,victima-linux,80792,3,Audit: Command: /usr/bin/cat.,audit|audit_command,RS2,/usr/bin/cat,/,audit-wazuh-c,SYSCALL,/usr/bin/cat,,,,,
2026-09-29T00:53:14.724Z,victima-linux,80792,3,Audit: Command: /usr/bin/dash.,audit|audit_command,RS2,/usr/bin/dash,/,audit-wazuh-c,SYSCALL,/etc/update-motd.d/50-motd-news,,,,,
2026-09-29T00:53:14.727Z,victima-linux,80792,3,Audit: Command: /usr/bin/cat.,audit|audit_command,RS2,/usr/bin/cat,/,audit-wazuh-c,SYSCALL,/usr/bin/cat,,,,,
2026-09-29T00:53:14.729Z,victima-linux,80792,3,Audit: Command: /usr/bin/head.,audit|audit_command,RS2,/usr/bin/head,,audit-wazuh-c,SYSCALL,,,,,,
2026-09-29T00:53:14.731Z,victima-linux,80792,3,Audit: Command: /usr/bin/cut.,audit|audit_command,RS2,/usr/bin/cut,/,audit-wazuh-c,SYSCALL,/usr/bin/cut,,,,,
2026-09-29T00:53:14.733Z,victima-linux,80792,3,Audit: Command: /usr/bin/tr.,audit|audit_command,RS2,/usr/bin/tr,,audit-wazuh-c,SYSCALL,,,,,,
2026-09-29T00:53:14.748Z,victima-linux,80792,3,Audit: Command: /usr/bin/dash.,audit|audit_command,RS2,/usr/bin/dash,/,audit-wazuh-c,SYSCALL,/etc/update-motd.d/85-fwupd,,,,,
2026-09-29T00:53:14.751Z,victima-linux,80792,3,Audit: Command: /usr/bin/dash.,audit|audit_command,RS2,/usr/bin/dash,/,audit-wazuh-c,SYSCALL,/etc/update-motd.d/90-updates-available,,,,,
2026-09-29T00:53:14.753Z,victima-linux,80792,3,Audit: Command: /usr/bin/cat.,audit|audit_command,RS2,/usr/bin/cat,/,audit-wazuh-c,SYSCALL,/usr/bin/cat,,,,,
2026-09-29T00:53:14.755Z,victima-linux,80792,3,Audit: Command: /usr/bin/find.,audit|audit_command,RS2,/usr/bin/find,/,audit-wazuh-c,SYSCALL,/usr/bin/find,,,,,
2026-09-29T00:53:14.758Z,victima-linux,80792,3,Audit: Command: /usr/bin/grep.,audit|audit_command,RS2,/usr/bin/grep,/,audit-wazuh-c,SYSCALL,/usr/bin/grep,,,,,
2026-09-29T00:53:14.760Z,victima-linux,80792,3,Audit: Command: /usr/bin/dash.,audit|audit_command,RS2,/usr/bin/dash,/,audit-wazuh-c,SYSCALL,/etc/update-motd.d/91-contract-ua-esm-status,,,,,
2026-09-29T00:53:14.762Z,victima-linux,80792,3,Audit: Command: /usr/bin/dash.,audit|audit_command,RS2,/usr/bin/dash,/,audit-wazuh-c,SYSCALL,/etc/update-motd.d/91-release-upgrade,,,,,
2026-09-29T00:53:14.765Z,victima-linux,80792,3,Audit: Command: /usr/bin/cut.,audit|audit_command,RS2,/usr/bin/cut,/,audit-wazuh-c,SYSCALL,/usr/bin/cut,,,,,
2026-09-29T00:53:14.768Z,victima-linux,80792,3,Audit: Command: /usr/bin/id.,audit|audit_command,RS2,/usr/bin/id,/,audit-wazuh-c,SYSCALL,/usr/bin/id,,,,,
2026-09-29T00:53:14.770Z,victima-linux,80792,3,Audit: Command: /usr/bin/dash.,audit|audit_command,RS2,/usr/bin/dash,/,audit-wazuh-c,SYSCALL,/usr/lib/ubuntu-release-upgrader/release-upgrade-motd,,,,,
2026-09-29T00:53:14.772Z,victima-linux,80792,3,Audit: Command: /usr/bin/date.,audit|audit_command,RS2,/usr/bin/date,/,audit-wazuh-c,SYSCALL,/usr/bin/date,,,,,
2026-09-29T00:53:14.775Z,victima-linux,80792,3,Audit: Command: /usr/bin/stat.,audit|audit_command,RS2,/usr/bin/stat,/,audit-wazuh-c,SYSCALL,/usr/bin/stat,,,,,
2026-09-29T00:53:14.777Z,victima-linux,80792,3,Audit: Command: /usr/bin/expr.,audit|audit_command,RS2,/usr/bin/expr,/,audit-wazuh-c,SYSCALL,/usr/bin/expr,,,,,
2026-09-29T00:53:14.779Z,victima-linux,80792,3,Audit: Command: /usr/bin/cat.,audit|audit_command,RS2,/usr/bin/cat,/,audit-wazuh-c,SYSCALL,/usr/bin/cat,,,,,
2026-09-29T00:53:14.781Z,victima-linux,80792,3,Audit: Command: /usr/bin/dash.,audit|audit_command,RS2,/usr/bin/dash,/,audit-wazuh-c,SYSCALL,/etc/update-motd.d/92-unattended-upgrades,,,,,
2026-09-29T00:53:14.784Z,victima-linux,80792,3,Audit: Command: /usr/bin/dash.,audit|audit_command,RS2,/usr/bin/dash,/,audit-wazuh-c,SYSCALL,/usr/share/unattended-upgrades/update-motd-unattended-upgrades,,,,,
2026-09-29T00:53:14.791Z,victima-linux,80792,3,Audit: Command: /usr/bin/dash.,audit|audit_command,RS2,/usr/bin/dash,/,audit-wazuh-c,SYSCALL,/etc/update-motd.d/95-hwe-eol,,,,,
2026-09-29T00:53:14.791Z,victima-linux,80792,3,Audit: Command: /usr/bin/find.,audit|audit_command,RS2,/usr/bin/find,/,audit-wazuh-c,SYSCALL,/usr/bin/find,,,,,
2026-09-29T00:53:14.793Z,victima-linux,80792,3,Audit: Command: /usr/bin/dash.,audit|audit_command,RS2,/usr/bin/dash,/,audit-wazuh-c,SYSCALL,/usr/bin/egrep,,,,,
2026-09-29T00:53:14.796Z,victima-linux,80792,3,Audit: Command: /usr/bin/sort.,audit|audit_command,RS2,/usr/bin/sort,/,audit-wazuh-c,SYSCALL,/usr/bin/sort,,,,,
2026-09-29T00:53:14.798Z,victima-linux,80792,3,Audit: Command: /usr/bin/dash.,audit|audit_command,RS2,/usr/bin/dash,/,audit-wazuh-c,SYSCALL,,,,,,
2026-09-29T00:53:14.801Z,victima-linux,80792,3,Audit: Command: /usr/bin/dash.,audit|audit_command,RS2,/usr/bin/dash,/,audit-wazuh-c,SYSCALL,,,,,,
2026-09-29T00:53:14.807Z,victima-linux,80792,3,Audit: Command: /usr/bin/dash.,audit|audit_command,RS2,/usr/bin/dash,/,audit-wazuh-c,SYSCALL,,,,,,
2026-09-29T00:53:14.807Z,victima-linux,80792,3,Audit: Command: /usr/bin/grep.,audit|audit_command,RS2,/usr/bin/grep,/,audit-wazuh-c,SYSCALL,/usr/bin/grep,,,,,
2026-09-29T00:53:14.808Z,victima-linux,80792,3,Audit: Command: /usr/bin/dash.,audit|audit_command,RS2,/usr/bin/dash,/,audit-wazuh-c,SYSCALL,/etc/update-motd.d/98-fsck-at-reboot,,,,,
2026-09-29T00:53:14.810Z,victima-linux,80792,3,Audit: Command: /usr/bin/dash.,audit|audit_command,RS2,/usr/bin/dash,/,audit-wazuh-c,SYSCALL,/usr/lib/update-notifier/update-motd-fsck-at-reboot,,,,,
2026-09-29T00:53:14.812Z,victima-linux,80792,3,Audit: Command: /usr/bin/id.,audit|audit_command,RS2,/usr/bin/id,/,audit-wazuh-c,SYSCALL,/usr/bin/id,,,,,
2026-09-29T00:53:14.814Z,victima-linux,80792,3,Audit: Command: /usr/bin/stat.,audit|audit_command,RS2,/usr/bin/stat,/,audit-wazuh-c,SYSCALL,/usr/bin/stat,,,,,
2026-09-29T00:53:14.816Z,victima-linux,80792,3,Audit: Command: /usr/bin/gawk.,audit|audit_command,RS2,/usr/bin/gawk,/,audit-wazuh-c,SYSCALL,/usr/bin/awk,,,,,
2026-09-29T00:53:14.819Z,victima-linux,80792,3,Audit: Command: /usr/bin/date.,audit|audit_command,RS2,/usr/bin/date,/,audit-wazuh-c,SYSCALL,/usr/bin/date,,,,,
2026-09-29T00:53:14.826Z,victima-linux,80792,3,Audit: Command: /usr/bin/cat.,audit|audit_command,RS2,/usr/bin/cat,/,audit-wazuh-c,SYSCALL,/usr/bin/cat,,,,,
2026-09-29T00:53:14.826Z,victima-linux,80792,3,Audit: Command: /usr/bin/dash.,audit|audit_command,RS2,/usr/bin/dash,/,audit-wazuh-c,SYSCALL,/etc/update-motd.d/98-reboot-required,,,,,
2026-09-29T00:53:14.826Z,victima-linux,80792,3,Audit: Command: /usr/bin/date.,audit|audit_command,RS2,/usr/bin/date,/,audit-wazuh-c,SYSCALL,/usr/bin/date,,,,,
2026-09-29T00:53:14.828Z,victima-linux,80792,3,Audit: Command: /usr/bin/dash.,audit|audit_command,RS2,/usr/bin/dash,/,audit-wazuh-c,SYSCALL,/usr/lib/update-notifier/update-motd-reboot-required,,,,,
2026-09-29T00:53:14.831Z,victima-linux,80791,3,Audit: Deleted: /run/.,audit|audit_watch_delete|audit_watch_write,RS2,/usr/sbin/sshd,/,audit-wazuh-w,SYSCALL,/run/,/run/,,,,
2026-09-29T00:53:14.837Z,victima-linux,80792,3,Audit: Command: /usr/bin/bash.,audit|audit_command,RS2,/usr/bin/bash,/home/angel,audit-wazuh-c,SYSCALL,/bin/bash,,,,,
2026-09-29T00:53:14.839Z,victima-linux,80792,3,Audit: Command: /usr/lib/openssh/sftp-server.,audit|audit_command,RS2,/usr/lib/openssh/sftp-server,/home/angel,audit-wazuh-c,SYSCALL,/usr/lib/openssh/sftp-server,,,,,
2026-09-29T00:53:14.849Z,victima-linux,80780,3,Audit: Watch - Write access.,audit|audit_watch_write,RS2,/usr/lib/openssh/sftp-server,,audit-wazuh-w,SYSCALL,,,,,,
2026-09-29T00:53:14.849Z,victima-linux,80791,3,Audit: Deleted: /run/systemd/sessions/100.ref.,audit|audit_watch_delete|audit_watch_write,RS2,/usr/lib/systemd/systemd-logind,/,audit-wazuh-w,SYSCALL,/run/systemd/sessions/100.ref,/run/systemd/sessions/,,,,
2026-09-29T00:53:14.851Z,victima-linux,80791,3,Audit: Deleted: /run/systemd/sessions/.,audit|audit_watch_delete|audit_watch_write,RS2,/usr/lib/systemd/systemd-logind,/,audit-wazuh-w,SYSCALL,/run/systemd/sessions/,/run/systemd/sessions/,,,,
2026-09-29T00:53:14.853Z,victima-linux,80791,3,Audit: Deleted: /run/systemd/users/.,audit|audit_watch_delete|audit_watch_write,RS2,/usr/lib/systemd/systemd-logind,/,audit-wazuh-w,SYSCALL,/run/systemd/users/,/run/systemd/users/,,,,
2026-09-29T00:53:14.861Z,victima-linux,80791,3,Audit: Deleted: /run/systemd/sessions/100.,audit|audit_watch_delete|audit_watch_write,RS2,/usr/lib/systemd/systemd-logind,/,audit-wazuh-w,SYSCALL,/run/systemd/sessions/100,/run/systemd/sessions/,,,,
2026-09-29T00:53:14.861Z,victima-linux,80791,3,Audit: Deleted: /run/systemd/users/.,audit|audit_watch_delete|audit_watch_write,RS2,/usr/lib/systemd/systemd-logind,/,audit-wazuh-w,SYSCALL,/run/systemd/users/,/run/systemd/users/,,,,
2026-09-29T00:53:14.861Z,victima-linux,80792,3,Audit: Command: /usr/sbin/sshd.,audit|audit_command,RS2,/usr/sbin/sshd,/,audit-wazuh-c,SYSCALL,/usr/sbin/sshd,,,,,
2026-09-29T00:53:14.868Z,victima-linux,80780,3,Audit: Watch - Write access.,audit|audit_watch_write,RS2,/usr/sbin/sshd,,audit-wazuh-w,SYSCALL,,,,,,
2026-09-29T00:53:14.873Z,victima-linux,80791,3,Audit: Deleted: /run/systemd/sessions/.,audit|audit_watch_delete|audit_watch_write,RS2,/usr/lib/systemd/systemd-logind,/,audit-wazuh-w,SYSCALL,/run/systemd/sessions/,/run/systemd/sessions/,,,,
2026-09-29T00:53:14.875Z,victima-linux,80791,3,Audit: Deleted: /run/systemd/users/.,audit|audit_watch_delete|audit_watch_write,RS2,/usr/lib/systemd/systemd-logind,/,audit-wazuh-w,SYSCALL,/run/systemd/users/,/run/systemd/users/,,,,
2026-09-29T00:53:14.877Z,victima-linux,80791,3,Audit: Deleted: /run/systemd/sessions/.,audit|audit_watch_delete|audit_watch_write,RS2,/usr/lib/systemd/systemd-logind,/,audit-wazuh-w,SYSCALL,/run/systemd/sessions/,/run/systemd/sessions/,,,,
2026-09-29T00:53:14.884Z,victima-linux,80791,3,Audit: Deleted: /run/systemd/sessions/.,audit|audit_watch_delete|audit_watch_write,RS2,/usr/lib/systemd/systemd-logind,/,audit-wazuh-w,SYSCALL,/run/systemd/sessions/,/run/systemd/sessions/,,,,
2026-09-29T00:53:14.884Z,victima-linux,80791,3,Audit: Deleted: /run/systemd/users/.,audit|audit_watch_delete|audit_watch_write,RS2,/usr/lib/systemd/systemd-logind,/,audit-wazuh-w,SYSCALL,/run/systemd/users/,/run/systemd/users/,,,,
2026-09-29T00:53:14.884Z,victima-linux,80792,3,Audit: Command: /usr/bin/dash.,audit|audit_command,RS2,/usr/bin/dash,/,audit-wazuh-c,SYSCALL,/bin/sh,,,,,
2026-09-29T00:53:14.886Z,victima-linux,80792,3,Audit: Command: /usr/bin/env.,audit|audit_command,RS2,/usr/bin/env,/,audit-wazuh-c,SYSCALL,/usr/bin/env,,,,,
2026-09-29T00:53:14.888Z,victima-linux,80792,3,Audit: Command: /usr/bin/env.,audit|audit_command,RS2,/usr/bin/env,/,audit-wazuh-c,SYSCALL,,,,,,
2026-09-29T00:53:14.891Z,victima-linux,80792,3,Audit: Command: /usr/bin/env.,audit|audit_command,RS2,/usr/bin/env,/,audit-wazuh-c,SYSCALL,,,,,,
2026-09-29T00:53:14.898Z,victima-linux,80792,3,Audit: Command: /usr/bin/dash.,audit|audit_command,RS2,/usr/bin/dash,/,audit-wazuh-c,SYSCALL,/etc/update-motd.d/00-header,,,,,
2026-09-29T00:53:14.898Z,victima-linux,80792,3,Audit: Command: /usr/bin/env.,audit|audit_command,RS2,/usr/bin/env,/,audit-wazuh-c,SYSCALL,,,,,,
2026-09-29T00:53:14.898Z,victima-linux,80792,3,Audit: Command: /usr/bin/run-parts.,audit|audit_command,RS2,/usr/bin/run-parts,/,audit-wazuh-c,SYSCALL,/usr/bin/run-parts,,,,,
2026-09-29T00:53:14.900Z,victima-linux,80792,3,Audit: Command: /usr/bin/uname.,audit|audit_command,RS2,/usr/bin/uname,/,audit-wazuh-c,SYSCALL,/usr/bin/uname,,,,,
2026-09-29T00:53:14.903Z,victima-linux,80792,3,Audit: Command: /usr/bin/uname.,audit|audit_command,RS2,/usr/bin/uname,/,audit-wazuh-c,SYSCALL,/usr/bin/uname,,,,,
2026-09-29T00:53:14.909Z,victima-linux,80792,3,Audit: Command: /usr/bin/dash.,audit|audit_command,RS2,/usr/bin/dash,/,audit-wazuh-c,SYSCALL,/etc/update-motd.d/10-help-text,,,,,
2026-09-29T00:53:14.909Z,victima-linux,80792,3,Audit: Command: /usr/bin/dash.,audit|audit_command,RS2,/usr/bin/dash,/,audit-wazuh-c,SYSCALL,/etc/update-motd.d/50-landscape-sysinfo,,,,,
2026-09-29T00:53:14.909Z,victima-linux,80792,3,Audit: Command: /usr/bin/uname.,audit|audit_command,RS2,/usr/bin/uname,/,audit-wazuh-c,SYSCALL,/usr/bin/uname,,,,,
2026-09-29T00:53:14.912Z,victima-linux,80792,3,Audit: Command: /usr/bin/find.,audit|audit_command,RS2,/usr/bin/find,/,audit-wazuh-c,SYSCALL,/usr/bin/find,,,,,
2026-09-29T00:53:14.914Z,victima-linux,80792,3,Audit: Command: /usr/bin/cat.,audit|audit_command,RS2,/usr/bin/cat,/,audit-wazuh-c,SYSCALL,/usr/bin/cat,,,,,
2026-09-29T00:53:14.917Z,victima-linux,80792,3,Audit: Command: /usr/bin/dash.,audit|audit_command,RS2,/usr/bin/dash,/,audit-wazuh-c,SYSCALL,/etc/update-motd.d/50-motd-news,,,,,
2026-09-29T00:53:14.919Z,victima-linux,80792,3,Audit: Command: /usr/bin/cat.,audit|audit_command,RS2,/usr/bin/cat,/,audit-wazuh-c,SYSCALL,/usr/bin/cat,,,,,
2026-09-29T00:53:14.922Z,victima-linux,80792,3,Audit: Command: /usr/bin/head.,audit|audit_command,RS2,/usr/bin/head,/,audit-wazuh-c,SYSCALL,/usr/bin/head,,,,,
2026-09-29T00:53:14.924Z,victima-linux,80792,3,Audit: Command: /usr/bin/cut.,audit|audit_command,RS2,/usr/bin/cut,/,audit-wazuh-c,SYSCALL,/usr/bin/cut,,,,,
2026-09-29T00:53:14.932Z,victima-linux,80792,3,Audit: Command: /usr/bin/dash.,audit|audit_command,RS2,/usr/bin/dash,/,audit-wazuh-c,SYSCALL,/etc/update-motd.d/85-fwupd,,,,,
2026-09-29T00:53:14.932Z,victima-linux,80792,3,Audit: Command: /usr/bin/dash.,audit|audit_command,RS2,/usr/bin/dash,/,audit-wazuh-c,SYSCALL,/etc/update-motd.d/90-updates-available,,,,,
2026-09-29T00:53:14.932Z,victima-linux,80792,3,Audit: Command: /usr/bin/tr.,audit|audit_command,RS2,/usr/bin/tr,/,audit-wazuh-c,SYSCALL,/usr/bin/tr,,,,,
2026-09-29T00:53:14.934Z,victima-linux,80792,3,Audit: Command: /usr/bin/cat.,audit|audit_command,RS2,/usr/bin/cat,/,audit-wazuh-c,SYSCALL,/usr/bin/cat,,,,,
2026-09-29T00:53:14.936Z,victima-linux,80792,3,Audit: Command: /usr/bin/find.,audit|audit_command,RS2,/usr/bin/find,/,audit-wazuh-c,SYSCALL,/usr/bin/find,,,,,
2026-09-29T00:53:14.938Z,victima-linux,80792,3,Audit: Command: /usr/bin/grep.,audit|audit_command,RS2,/usr/bin/grep,/,audit-wazuh-c,SYSCALL,/usr/bin/grep,,,,,
2026-09-29T00:53:14.940Z,victima-linux,80792,3,Audit: Command: /usr/bin/dash.,audit|audit_command,RS2,/usr/bin/dash,/,audit-wazuh-c,SYSCALL,/etc/update-motd.d/91-contract-ua-esm-status,,,,,
2026-09-29T00:53:14.943Z,victima-linux,80792,3,Audit: Command: /usr/bin/dash.,audit|audit_command,RS2,/usr/bin/dash,/,audit-wazuh-c,SYSCALL,/etc/update-motd.d/91-release-upgrade,,,,,
2026-09-29T00:53:14.945Z,victima-linux,80792,3,Audit: Command: /usr/bin/cut.,audit|audit_command,RS2,/usr/bin/cut,/,audit-wazuh-c,SYSCALL,/usr/bin/cut,,,,,
2026-09-29T00:53:14.948Z,victima-linux,80792,3,Audit: Command: /usr/bin/id.,audit|audit_command,RS2,/usr/bin/id,/,audit-wazuh-c,SYSCALL,/usr/bin/id,,,,,
2026-09-29T00:53:14.950Z,victima-linux,80792,3,Audit: Command: /usr/bin/dash.,audit|audit_command,RS2,/usr/bin/dash,/,audit-wazuh-c,SYSCALL,/usr/lib/ubuntu-release-upgrader/release-upgrade-motd,,,,,
2026-09-29T00:53:14.953Z,victima-linux,80792,3,Audit: Command: /usr/bin/date.,audit|audit_command,RS2,/usr/bin/date,/,audit-wazuh-c,SYSCALL,/usr/bin/date,,,,,
2026-09-29T00:53:14.955Z,victima-linux,80792,3,Audit: Command: /usr/bin/stat.,audit|audit_command,RS2,/usr/bin/stat,/,audit-wazuh-c,SYSCALL,/usr/bin/stat,,,,,
2026-09-29T00:53:14.958Z,victima-linux,80792,3,Audit: Command: /usr/bin/expr.,audit|audit_command,RS2,/usr/bin/expr,/,audit-wazuh-c,SYSCALL,/usr/bin/expr,,,,,
2026-09-29T00:53:14.960Z,victima-linux,80792,3,Audit: Command: /usr/bin/cat.,audit|audit_command,RS2,/usr/bin/cat,/,audit-wazuh-c,SYSCALL,/usr/bin/cat,,,,,
2026-09-29T00:53:14.962Z,victima-linux,80792,3,Audit: Command: /usr/bin/dash.,audit|audit_command,RS2,/usr/bin/dash,/,audit-wazuh-c,SYSCALL,/etc/update-motd.d/92-unattended-upgrades,,,,,
2026-09-29T00:53:14.964Z,victima-linux,80792,3,Audit: Command: /usr/bin/dash.,audit|audit_command,RS2,/usr/bin/dash,/,audit-wazuh-c,SYSCALL,/usr/share/unattended-upgrades/update-motd-unattended-upgrades,,,,,
2026-09-29T00:53:14.971Z,victima-linux,80792,3,Audit: Command: /usr/bin/dash.,audit|audit_command,RS2,/usr/bin/dash,/,audit-wazuh-c,SYSCALL,/etc/update-motd.d/95-hwe-eol,,,,,
2026-09-29T00:53:14.971Z,victima-linux,80792,3,Audit: Command: /usr/bin/find.,audit|audit_command,RS2,/usr/bin/find,/,audit-wazuh-c,SYSCALL,/usr/bin/find,,,,,
2026-09-29T00:53:14.972Z,victima-linux,80792,3,Audit: Command: /usr/bin/dash.,audit|audit_command,RS2,/usr/bin/dash,/,audit-wazuh-c,SYSCALL,/etc/update-motd.d/97-overlayroot,,,,,
2026-09-29T00:53:14.974Z,victima-linux,80792,3,Audit: Command: /usr/bin/dash.,audit|audit_command,RS2,/usr/bin/dash,/,audit-wazuh-c,SYSCALL,/usr/bin/egrep,,,,,
2026-09-29T00:53:14.976Z,victima-linux,80792,3,Audit: Command: /usr/bin/sort.,audit|audit_command,RS2,/usr/bin/sort,/,audit-wazuh-c,SYSCALL,/usr/bin/sort,,,,,
2026-09-29T00:53:14.979Z,victima-linux,80792,3,Audit: Command: /usr/bin/dash.,audit|audit_command,RS2,/usr/bin/dash,/,audit-wazuh-c,SYSCALL,,,,,,
2026-09-29T00:53:14.981Z,victima-linux,80792,3,Audit: Command: /usr/bin/dash.,audit|audit_command,RS2,/usr/bin/dash,/,audit-wazuh-c,SYSCALL,,,,,,
2026-09-29T00:53:14.988Z,victima-linux,80792,3,Audit: Command: /usr/bin/dash.,audit|audit_command,RS2,/usr/bin/dash,/,audit-wazuh-c,SYSCALL,,,,,,
2026-09-29T00:53:14.988Z,victima-linux,80792,3,Audit: Command: /usr/bin/dash.,audit|audit_command,RS2,/usr/bin/dash,/,audit-wazuh-c,SYSCALL,/etc/update-motd.d/98-fsck-at-reboot,,,,,
2026-09-29T00:53:14.988Z,victima-linux,80792,3,Audit: Command: /usr/bin/grep.,audit|audit_command,RS2,/usr/bin/grep,/,audit-wazuh-c,SYSCALL,/usr/bin/grep,,,,,
2026-09-29T00:53:14.990Z,victima-linux,80792,3,Audit: Command: /usr/bin/dash.,audit|audit_command,RS2,/usr/bin/dash,/,audit-wazuh-c,SYSCALL,/usr/lib/update-notifier/update-motd-fsck-at-reboot,,,,,
2026-09-29T00:53:14.992Z,victima-linux,80792,3,Audit: Command: /usr/bin/id.,audit|audit_command,RS2,/usr/bin/id,/,audit-wazuh-c,SYSCALL,/usr/bin/id,,,,,
2026-09-29T00:53:14.995Z,victima-linux,80792,3,Audit: Command: /usr/bin/stat.,audit|audit_command,RS2,/usr/bin/stat,/,audit-wazuh-c,SYSCALL,/usr/bin/stat,,,,,
2026-09-29T00:53:14.997Z,victima-linux,80792,3,Audit: Command: /usr/bin/gawk.,audit|audit_command,RS2,/usr/bin/gawk,/,audit-wazuh-c,SYSCALL,/usr/bin/awk,,,,,
2026-09-29T00:53:15.000Z,victima-linux,80792,3,Audit: Command: /usr/bin/date.,audit|audit_command,RS2,/usr/bin/date,/,audit-wazuh-c,SYSCALL,/usr/bin/date,,,,,
2026-09-29T00:53:15.003Z,victima-linux,80792,3,Audit: Command: /usr/bin/date.,audit|audit_command,RS2,/usr/bin/date,/,audit-wazuh-c,SYSCALL,/usr/bin/date,,,,,
2026-09-29T00:53:15.005Z,victima-linux,80792,3,Audit: Command: /usr/bin/cat.,audit|audit_command,RS2,/usr/bin/cat,/,audit-wazuh-c,SYSCALL,/usr/bin/cat,,,,,
2026-09-29T00:53:15.007Z,victima-linux,80792,3,Audit: Command: /usr/bin/dash.,audit|audit_command,RS2,/usr/bin/dash,/,audit-wazuh-c,SYSCALL,/etc/update-motd.d/98-reboot-required,,,,,
2026-09-29T00:53:15.009Z,victima-linux,80792,3,Audit: Command: /usr/bin/dash.,audit|audit_command,RS2,/usr/bin/dash,/,audit-wazuh-c,SYSCALL,/usr/lib/update-notifier/update-motd-reboot-required,,,,,
2026-09-29T00:53:15.019Z,victima-linux,80791,3,Audit: Deleted: /run/.,audit|audit_watch_delete|audit_watch_write,RS2,/usr/sbin/sshd,/,audit-wazuh-w,SYSCALL,/run/,/run/,,,,
2026-09-29T00:53:15.019Z,victima-linux,80792,3,Audit: Command: /usr/bin/bash.,audit|audit_command,RS2,/usr/bin/bash,/home/angel,audit-wazuh-c,SYSCALL,/bin/bash,,,,,
2026-09-29T00:53:15.021Z,victima-linux,80792,3,Audit: Command: /usr/lib/openssh/sftp-server.,audit|audit_command,RS2,/usr/lib/openssh/sftp-server,/home/angel,audit-wazuh-c,SYSCALL,/usr/lib/openssh/sftp-server,,,,,
2026-09-29T00:53:15.024Z,victima-linux,80780,3,Audit: Watch - Write access.,audit|audit_watch_write,RS2,/usr/lib/openssh/sftp-server,,audit-wazuh-w,SYSCALL,,,,,,
2026-09-29T00:53:15.031Z,victima-linux,80791,3,Audit: Deleted: /run/systemd/sessions/101.ref.,audit|audit_watch_delete|audit_watch_write,RS2,/usr/lib/systemd/systemd-logind,/,audit-wazuh-w,SYSCALL,/run/systemd/sessions/101.ref,/run/systemd/sessions/,,,,
2026-09-29T00:53:15.033Z,victima-linux,80791,3,Audit: Deleted: /run/systemd/sessions/.,audit|audit_watch_delete|audit_watch_write,RS2,/usr/lib/systemd/systemd-logind,/,audit-wazuh-w,SYSCALL,/run/systemd/sessions/,/run/systemd/sessions/,,,,
2026-09-29T00:53:15.036Z,victima-linux,80791,3,Audit: Deleted: /run/systemd/users/.,audit|audit_watch_delete|audit_watch_write,RS2,/usr/lib/systemd/systemd-logind,/,audit-wazuh-w,SYSCALL,/run/systemd/users/,/run/systemd/users/,,,,
2026-09-29T00:53:15.043Z,victima-linux,80791,3,Audit: Deleted: /run/systemd/sessions/101.,audit|audit_watch_delete|audit_watch_write,RS2,/usr/lib/systemd/systemd-logind,/,audit-wazuh-w,SYSCALL,/run/systemd/sessions/101,/run/systemd/sessions/,,,,
2026-09-29T00:53:15.043Z,victima-linux,80791,3,Audit: Deleted: /run/systemd/users/.,audit|audit_watch_delete|audit_watch_write,RS2,/usr/lib/systemd/systemd-logind,/,audit-wazuh-w,SYSCALL,/run/systemd/users/,/run/systemd/users/,,,,
2026-09-29T00:53:15.044Z,victima-linux,80792,3,Audit: Command: /usr/sbin/sshd.,audit|audit_command,RS2,/usr/sbin/sshd,/,audit-wazuh-c,SYSCALL,/usr/sbin/sshd,,,,,
2026-09-29T00:53:15.050Z,victima-linux,80780,3,Audit: Watch - Write access.,audit|audit_watch_write,RS2,/usr/sbin/sshd,,audit-wazuh-w,SYSCALL,,,,,,
2026-09-29T00:53:15.055Z,victima-linux,80791,3,Audit: Deleted: /run/systemd/sessions/.,audit|audit_watch_delete|audit_watch_write,RS2,/usr/lib/systemd/systemd-logind,/,audit-wazuh-w,SYSCALL,/run/systemd/sessions/,/run/systemd/sessions/,,,,
2026-09-29T00:53:15.057Z,victima-linux,80791,3,Audit: Deleted: /run/systemd/users/.,audit|audit_watch_delete|audit_watch_write,RS2,/usr/lib/systemd/systemd-logind,/,audit-wazuh-w,SYSCALL,/run/systemd/users/,/run/systemd/users/,,,,
2026-09-29T00:53:15.060Z,victima-linux,80791,3,Audit: Deleted: /run/systemd/sessions/.,audit|audit_watch_delete|audit_watch_write,RS2,/usr/lib/systemd/systemd-logind,/,audit-wazuh-w,SYSCALL,/run/systemd/sessions/,/run/systemd/sessions/,,,,
2026-09-29T00:53:15.066Z,victima-linux,80791,3,Audit: Deleted: /run/systemd/sessions/.,audit|audit_watch_delete|audit_watch_write,RS2,/usr/lib/systemd/systemd-logind,/,audit-wazuh-w,SYSCALL,/run/systemd/sessions/,/run/systemd/sessions/,,,,
2026-09-29T00:53:15.066Z,victima-linux,80791,3,Audit: Deleted: /run/systemd/users/.,audit|audit_watch_delete|audit_watch_write,RS2,/usr/lib/systemd/systemd-logind,/,audit-wazuh-w,SYSCALL,/run/systemd/users/,/run/systemd/users/,,,,
2026-09-29T00:53:15.067Z,victima-linux,80792,3,Audit: Command: /usr/bin/dash.,audit|audit_command,RS2,/usr/bin/dash,/,audit-wazuh-c,SYSCALL,/bin/sh,,,,,
2026-09-29T00:53:15.069Z,victima-linux,80792,3,Audit: Command: /usr/bin/env.,audit|audit_command,RS2,/usr/bin/env,/,audit-wazuh-c,SYSCALL,/usr/bin/env,,,,,
2026-09-29T00:53:15.071Z,victima-linux,80792,3,Audit: Command: /usr/bin/env.,audit|audit_command,RS2,/usr/bin/env,/,audit-wazuh-c,SYSCALL,,,,,,
2026-09-29T00:53:15.073Z,victima-linux,80792,3,Audit: Command: /usr/bin/env.,audit|audit_command,RS2,/usr/bin/env,/,audit-wazuh-c,SYSCALL,,,,,,
2026-09-29T00:53:15.083Z,victima-linux,80792,3,Audit: Command: /usr/bin/dash.,audit|audit_command,RS2,/usr/bin/dash,/,audit-wazuh-c,SYSCALL,/etc/update-motd.d/00-header,,,,,
2026-09-29T00:53:15.083Z,victima-linux,80792,3,Audit: Command: /usr/bin/env.,audit|audit_command,RS2,/usr/bin/env,/,audit-wazuh-c,SYSCALL,,,,,,
2026-09-29T00:53:15.083Z,victima-linux,80792,3,Audit: Command: /usr/bin/run-parts.,audit|audit_command,RS2,/usr/bin/run-parts,/,audit-wazuh-c,SYSCALL,/usr/bin/run-parts,,,,,
2026-09-29T00:53:15.088Z,victima-linux,80792,3,Audit: Command: /usr/bin/uname.,audit|audit_command,RS2,/usr/bin/uname,/,audit-wazuh-c,SYSCALL,/usr/bin/uname,,,,,
2026-09-29T00:53:15.090Z,victima-linux,80792,3,Audit: Command: /usr/bin/uname.,audit|audit_command,RS2,/usr/bin/uname,/,audit-wazuh-c,SYSCALL,/usr/bin/uname,,,,,
2026-09-29T00:53:15.099Z,victima-linux,5502,3,PAM: Login session closed.,pam|syslog,RS1,,,,,,,,,,angel
2026-09-29T00:53:15.099Z,victima-linux,80792,3,Audit: Command: /usr/bin/dash.,audit|audit_command,RS2,/usr/bin/dash,/,audit-wazuh-c,SYSCALL,/etc/update-motd.d/10-help-text,,,,,
2026-09-29T00:53:15.099Z,victima-linux,80792,3,Audit: Command: /usr/bin/dash.,audit|audit_command,RS2,/usr/bin/dash,/,audit-wazuh-c,SYSCALL,/etc/update-motd.d/50-landscape-sysinfo,,,,,
2026-09-29T00:53:15.099Z,victima-linux,80792,3,Audit: Command: /usr/bin/uname.,audit|audit_command,RS2,/usr/bin/uname,/,audit-wazuh-c,SYSCALL,/usr/bin/uname,,,,,
2026-09-29T00:53:15.103Z,victima-linux,80792,3,Audit: Command: /usr/bin/find.,audit|audit_command,RS2,/usr/bin/find,/,audit-wazuh-c,SYSCALL,/usr/bin/find,,,,,
2026-09-29T00:53:15.105Z,victima-linux,80792,3,Audit: Command: /usr/bin/cat.,audit|audit_command,RS2,/usr/bin/cat,/,audit-wazuh-c,SYSCALL,/usr/bin/cat,,,,,
2026-09-29T00:53:15.110Z,victima-linux,80792,3,Audit: Command: /usr/bin/dash.,audit|audit_command,RS2,/usr/bin/dash,/,audit-wazuh-c,SYSCALL,/etc/update-motd.d/50-motd-news,,,,,
2026-09-29T00:53:15.113Z,victima-linux,80792,3,Audit: Command: /usr/bin/cat.,audit|audit_command,RS2,/usr/bin/cat,,audit-wazuh-c,SYSCALL,,,,,,
2026-09-29T00:53:15.118Z,victima-linux,80792,3,Audit: Command: /usr/bin/tr.,audit|audit_command,RS2,/usr/bin/tr,/,audit-wazuh-c,SYSCALL,/usr/bin/tr,,,,,
2026-09-29T00:53:15.120Z,victima-linux,80792,3,Audit: Command: /usr/bin/head.,audit|audit_command,RS2,/usr/bin/head,/,audit-wazuh-c,SYSCALL,/usr/bin/head,,,,,
2026-09-29T00:53:15.124Z,victima-linux,5715,3,sshd: authentication success.,syslog|sshd|authentication_success,RS1,,,,,,,,192.168.65.1,,angel
2026-09-29T00:53:15.127Z,victima-linux,80792,3,Audit: Command: /usr/bin/cut.,audit|audit_command,RS2,/usr/bin/cut,/,audit-wazuh-c,SYSCALL,/usr/bin/cut,,,,,
2026-09-29T00:53:15.129Z,victima-linux,80792,3,Audit: Command: /usr/bin/dash.,audit|audit_command,RS2,/usr/bin/dash,/,audit-wazuh-c,SYSCALL,/etc/update-motd.d/85-fwupd,,,,,
2026-09-29T00:53:15.132Z,victima-linux,5501,3,PAM: Login session opened.,pam|syslog|authentication_success,RS1,,,,,,,,,angel,angel
2026-09-29T00:53:15.134Z,victima-linux,80792,3,Audit: Command: /usr/bin/dash.,audit|audit_command,RS2,/usr/bin/dash,/,audit-wazuh-c,SYSCALL,/etc/update-motd.d/90-updates-available,,,,,
2026-09-29T00:53:15.136Z,victima-linux,80792,3,Audit: Command: /usr/bin/cat.,audit|audit_command,RS2,/usr/bin/cat,/,audit-wazuh-c,SYSCALL,/usr/bin/cat,,,,,
2026-09-29T00:53:15.141Z,victima-linux,80792,3,Audit: Command: /usr/bin/find.,audit|audit_command,RS2,/usr/bin/find,/,audit-wazuh-c,SYSCALL,/usr/bin/find,,,,,
2026-09-29T00:53:15.144Z,victima-linux,80792,3,Audit: Command: /usr/bin/grep.,audit|audit_command,RS2,/usr/bin/grep,/,audit-wazuh-c,SYSCALL,/usr/bin/grep,,,,,
2026-09-29T00:53:15.148Z,victima-linux,80792,3,Audit: Command: /usr/bin/dash.,audit|audit_command,RS2,/usr/bin/dash,/,audit-wazuh-c,SYSCALL,/etc/update-motd.d/91-contract-ua-esm-status,,,,,
2026-09-29T00:53:15.153Z,victima-linux,80792,3,Audit: Command: /usr/bin/dash.,audit|audit_command,RS2,/usr/bin/dash,/,audit-wazuh-c,SYSCALL,/etc/update-motd.d/91-release-upgrade,,,,,
2026-09-29T00:53:15.155Z,victima-linux,80792,3,Audit: Command: /usr/bin/cut.,audit|audit_command,RS2,/usr/bin/cut,/,audit-wazuh-c,SYSCALL,/usr/bin/cut,,,,,
2026-09-29T00:53:15.160Z,victima-linux,80792,3,Audit: Command: /usr/bin/id.,audit|audit_command,RS2,/usr/bin/id,/,audit-wazuh-c,SYSCALL,/usr/bin/id,,,,,
2026-09-29T00:53:15.163Z,victima-linux,80792,3,Audit: Command: /usr/bin/dash.,audit|audit_command,RS2,/usr/bin/dash,/,audit-wazuh-c,SYSCALL,/usr/lib/ubuntu-release-upgrader/release-upgrade-motd,,,,,
2026-09-29T00:53:15.165Z,victima-linux,5502,3,PAM: Login session closed.,pam|syslog,RS1,,,,,,,,,,angel
2026-09-29T00:53:15.168Z,victima-linux,80792,3,Audit: Command: /usr/bin/date.,audit|audit_command,RS2,/usr/bin/date,/,audit-wazuh-c,SYSCALL,/usr/bin/date,,,,,
2026-09-29T00:53:15.170Z,victima-linux,80792,3,Audit: Command: /usr/bin/stat.,audit|audit_command,RS2,/usr/bin/stat,/,audit-wazuh-c,SYSCALL,/usr/bin/stat,,,,,
2026-09-29T00:53:15.175Z,victima-linux,80792,3,Audit: Command: /usr/bin/expr.,audit|audit_command,RS2,/usr/bin/expr,/,audit-wazuh-c,SYSCALL,/usr/bin/expr,,,,,
2026-09-29T00:53:15.178Z,victima-linux,80792,3,Audit: Command: /usr/bin/cat.,audit|audit_command,RS2,/usr/bin/cat,/,audit-wazuh-c,SYSCALL,/usr/bin/cat,,,,,
2026-09-29T00:53:15.182Z,victima-linux,80792,3,Audit: Command: /usr/bin/dash.,audit|audit_command,RS2,/usr/bin/dash,/,audit-wazuh-c,SYSCALL,/etc/update-motd.d/92-unattended-upgrades,,,,,
2026-09-29T00:53:15.184Z,victima-linux,80792,3,Audit: Command: /usr/bin/dash.,audit|audit_command,RS2,/usr/bin/dash,/,audit-wazuh-c,SYSCALL,/usr/share/unattended-upgrades/update-motd-unattended-upgrades,,,,,
2026-09-29T00:53:15.193Z,victima-linux,80792,3,Audit: Command: /usr/bin/dash.,audit|audit_command,RS2,/usr/bin/dash,/,audit-wazuh-c,SYSCALL,/etc/update-motd.d/95-hwe-eol,,,,,
2026-09-29T00:53:15.193Z,victima-linux,80792,3,Audit: Command: /usr/bin/find.,audit|audit_command,RS2,/usr/bin/find,/,audit-wazuh-c,SYSCALL,/usr/bin/find,,,,,
2026-09-29T00:53:15.194Z,victima-linux,5715,3,sshd: authentication success.,syslog|sshd|authentication_success,RS1,,,,,,,,192.168.65.1,,angel
2026-09-29T00:53:15.196Z,victima-linux,80792,3,Audit: Command: /usr/bin/dash.,audit|audit_command,RS2,/usr/bin/dash,/,audit-wazuh-c,SYSCALL,/etc/update-motd.d/97-overlayroot,,,,,
2026-09-29T00:53:15.198Z,victima-linux,80792,3,Audit: Command: /usr/bin/dash.,audit|audit_command,RS2,/usr/bin/dash,,audit-wazuh-c,SYSCALL,,,,,,
2026-09-29T00:53:15.200Z,victima-linux,5501,3,PAM: Login session opened.,pam|syslog|authentication_success,RS1,,,,,,,,,angel,angel
2026-09-29T00:53:15.203Z,victima-linux,80792,3,Audit: Command: /usr/bin/sort.,audit|audit_command,RS2,/usr/bin/sort,/,audit-wazuh-c,SYSCALL,/usr/bin/sort,,,,,
2026-09-29T00:53:15.216Z,victima-linux,5502,3,PAM: Login session closed.,pam|syslog,RS1,,,,,,,,,,angel
2026-09-29T00:53:15.226Z,victima-linux,5715,3,sshd: authentication success.,syslog|sshd|authentication_success,RS1,,,,,,,,192.168.65.1,,angel
2026-09-29T00:53:15.228Z,victima-linux,5501,3,PAM: Login session opened.,pam|syslog|authentication_success,RS1,,,,,,,,,angel,angel
2026-09-29T00:53:15.240Z,victima-linux,5502,3,PAM: Login session closed.,pam|syslog,RS1,,,,,,,,,,angel
2026-09-29T00:53:15.249Z,victima-linux,5715,3,sshd: authentication success.,syslog|sshd|authentication_success,RS1,,,,,,,,192.168.65.1,,angel
2026-09-29T00:53:15.252Z,victima-linux,5501,3,PAM: Login session opened.,pam|syslog|authentication_success,RS1,,,,,,,,,angel,angel
2026-09-29T00:53:15.263Z,victima-linux,5502,3,PAM: Login session closed.,pam|syslog,RS1,,,,,,,,,,angel
2026-09-29T00:53:15.273Z,victima-linux,5715,3,sshd: authentication success.,syslog|sshd|authentication_success,RS1,,,,,,,,192.168.65.1,,angel
2026-09-29T00:53:15.275Z,victima-linux,5501,3,PAM: Login session opened.,pam|syslog|authentication_success,RS1,,,,,,,,,angel,angel
2026-09-29T00:53:15.286Z,victima-linux,80792,3,Audit: Command: /usr/bin/dash.,audit|audit_command,RS2,/usr/bin/dash,/,audit-wazuh-c,SYSCALL,,,,,,
2026-09-29T00:53:15.289Z,victima-linux,80792,3,Audit: Command: /usr/bin/dash.,audit|audit_command,RS2,/usr/bin/dash,/,audit-wazuh-c,SYSCALL,,,,,,
2026-09-29T00:53:15.298Z,victima-linux,5502,3,PAM: Login session closed.,pam|syslog,RS1,,,,,,,,,,angel
2026-09-29T00:53:15.298Z,victima-linux,80792,3,Audit: Command: /usr/bin/dash.,audit|audit_command,RS2,/usr/bin/dash,/,audit-wazuh-c,SYSCALL,,,,,,
2026-09-29T00:53:15.298Z,victima-linux,80792,3,Audit: Command: /usr/bin/grep.,audit|audit_command,RS2,/usr/bin/grep,/,audit-wazuh-c,SYSCALL,/usr/bin/grep,,,,,
2026-09-29T00:53:15.309Z,victima-linux,5715,3,sshd: authentication success.,syslog|sshd|authentication_success,RS1,,,,,,,,192.168.65.1,,angel
2026-09-29T00:53:15.311Z,victima-linux,5501,3,PAM: Login session opened.,pam|syslog|authentication_success,RS1,,,,,,,,,angel,angel
2026-09-29T00:53:15.321Z,victima-linux,5502,3,PAM: Login session closed.,pam|syslog,RS1,,,,,,,,,,angel
2026-09-29T00:53:15.331Z,victima-linux,5715,3,sshd: authentication success.,syslog|sshd|authentication_success,RS1,,,,,,,,192.168.65.1,,angel
2026-09-29T00:53:15.334Z,victima-linux,5501,3,PAM: Login session opened.,pam|syslog|authentication_success,RS1,,,,,,,,,angel,angel
2026-09-29T00:53:15.341Z,victima-linux,80792,3,Audit: Command: /usr/bin/dash.,audit|audit_command,RS2,/usr/bin/dash,/,audit-wazuh-c,SYSCALL,/etc/update-motd.d/98-fsck-at-reboot,,,,,
2026-09-29T00:53:15.343Z,victima-linux,80792,3,Audit: Command: /usr/bin/dash.,audit|audit_command,RS2,/usr/bin/dash,/,audit-wazuh-c,SYSCALL,/usr/lib/update-notifier/update-motd-fsck-at-reboot,,,,,
2026-09-29T00:53:15.345Z,victima-linux,80792,3,Audit: Command: /usr/bin/id.,audit|audit_command,RS2,/usr/bin/id,/,audit-wazuh-c,SYSCALL,/usr/bin/id,,,,,
2026-09-29T00:53:15.348Z,victima-linux,80792,3,Audit: Command: /usr/bin/stat.,audit|audit_command,RS2,/usr/bin/stat,/,audit-wazuh-c,SYSCALL,/usr/bin/stat,,,,,
2026-09-29T00:53:15.350Z,victima-linux,80792,3,Audit: Command: /usr/bin/gawk.,audit|audit_command,RS2,/usr/bin/gawk,/,audit-wazuh-c,SYSCALL,/usr/bin/awk,,,,,
2026-09-29T00:53:15.352Z,victima-linux,80792,3,Audit: Command: /usr/bin/date.,audit|audit_command,RS2,/usr/bin/date,/,audit-wazuh-c,SYSCALL,/usr/bin/date,,,,,
2026-09-29T00:53:15.355Z,victima-linux,80792,3,Audit: Command: /usr/bin/date.,audit|audit_command,RS2,/usr/bin/date,/,audit-wazuh-c,SYSCALL,/usr/bin/date,,,,,
2026-09-29T00:53:15.357Z,victima-linux,80792,3,Audit: Command: /usr/bin/cat.,audit|audit_command,RS2,/usr/bin/cat,/,audit-wazuh-c,SYSCALL,/usr/bin/cat,,,,,
2026-09-29T00:53:15.359Z,victima-linux,80792,3,Audit: Command: /usr/bin/dash.,audit|audit_command,RS2,/usr/bin/dash,/,audit-wazuh-c,SYSCALL,/etc/update-motd.d/98-reboot-required,,,,,
2026-09-29T00:53:15.361Z,victima-linux,80792,3,Audit: Command: /usr/bin/dash.,audit|audit_command,RS2,/usr/bin/dash,/,audit-wazuh-c,SYSCALL,/usr/lib/update-notifier/update-motd-reboot-required,,,,,
2026-09-29T00:53:15.371Z,victima-linux,80791,3,Audit: Deleted: /run/.,audit|audit_watch_delete|audit_watch_write,RS2,/usr/sbin/sshd,/,audit-wazuh-w,SYSCALL,/run/,/run/,,,,
2026-09-29T00:53:15.372Z,victima-linux,80792,3,Audit: Command: /usr/bin/bash.,audit|audit_command,RS2,/usr/bin/bash,/home/angel,audit-wazuh-c,SYSCALL,/bin/bash,,,,,
2026-09-29T00:53:15.374Z,victima-linux,80792,3,Audit: Command: /usr/lib/openssh/sftp-server.,audit|audit_command,RS2,/usr/lib/openssh/sftp-server,/home/angel,audit-wazuh-c,SYSCALL,/usr/lib/openssh/sftp-server,,,,,
2026-09-29T00:53:15.376Z,victima-linux,80780,3,Audit: Watch - Write access.,audit|audit_watch_write,RS2,/usr/lib/openssh/sftp-server,,audit-wazuh-w,SYSCALL,,,,,,
2026-09-29T00:53:15.383Z,victima-linux,80791,3,Audit: Deleted: /run/systemd/sessions/102.ref.,audit|audit_watch_delete|audit_watch_write,RS2,/usr/lib/systemd/systemd-logind,/,audit-wazuh-w,SYSCALL,/run/systemd/sessions/102.ref,/run/systemd/sessions/,,,,
2026-09-29T00:53:15.386Z,victima-linux,80791,3,Audit: Deleted: /run/systemd/sessions/.,audit|audit_watch_delete|audit_watch_write,RS2,/usr/lib/systemd/systemd-logind,/,audit-wazuh-w,SYSCALL,/run/systemd/sessions/,/run/systemd/sessions/,,,,
2026-09-29T00:53:15.388Z,victima-linux,80791,3,Audit: Deleted: /run/systemd/users/.,audit|audit_watch_delete|audit_watch_write,RS2,/usr/lib/systemd/systemd-logind,/,audit-wazuh-w,SYSCALL,/run/systemd/users/,/run/systemd/users/,,,,
2026-09-29T00:53:15.396Z,victima-linux,80791,3,Audit: Deleted: /run/systemd/sessions/102.,audit|audit_watch_delete|audit_watch_write,RS2,/usr/lib/systemd/systemd-logind,/,audit-wazuh-w,SYSCALL,/run/systemd/sessions/102,/run/systemd/sessions/,,,,
2026-09-29T00:53:15.396Z,victima-linux,80791,3,Audit: Deleted: /run/systemd/users/.,audit|audit_watch_delete|audit_watch_write,RS2,/usr/lib/systemd/systemd-logind,/,audit-wazuh-w,SYSCALL,/run/systemd/users/,/run/systemd/users/,,,,
2026-09-29T00:53:15.396Z,victima-linux,80792,3,Audit: Command: /usr/sbin/sshd.,audit|audit_command,RS2,/usr/sbin/sshd,/,audit-wazuh-c,SYSCALL,/usr/sbin/sshd,,,,,
2026-09-29T00:53:15.402Z,victima-linux,80780,3,Audit: Watch - Write access.,audit|audit_watch_write,RS2,/usr/sbin/sshd,,audit-wazuh-w,SYSCALL,,,,,,
2026-09-29T00:53:15.407Z,victima-linux,80791,3,Audit: Deleted: /run/systemd/sessions/.,audit|audit_watch_delete|audit_watch_write,RS2,/usr/lib/systemd/systemd-logind,/,audit-wazuh-w,SYSCALL,/run/systemd/sessions/,/run/systemd/sessions/,,,,
2026-09-29T00:53:15.410Z,victima-linux,80791,3,Audit: Deleted: /run/systemd/users/.,audit|audit_watch_delete|audit_watch_write,RS2,/usr/lib/systemd/systemd-logind,/,audit-wazuh-w,SYSCALL,/run/systemd/users/,/run/systemd/users/,,,,
2026-09-29T00:53:15.412Z,victima-linux,80791,3,Audit: Deleted: /run/systemd/sessions/.,audit|audit_watch_delete|audit_watch_write,RS2,/usr/lib/systemd/systemd-logind,/,audit-wazuh-w,SYSCALL,/run/systemd/sessions/,/run/systemd/sessions/,,,,
2026-09-29T00:53:15.422Z,victima-linux,80791,3,Audit: Deleted: /run/systemd/sessions/.,audit|audit_watch_delete|audit_watch_write,RS2,/usr/lib/systemd/systemd-logind,/,audit-wazuh-w,SYSCALL,/run/systemd/sessions/,/run/systemd/sessions/,,,,
2026-09-29T00:53:15.422Z,victima-linux,80791,3,Audit: Deleted: /run/systemd/users/.,audit|audit_watch_delete|audit_watch_write,RS2,/usr/lib/systemd/systemd-logind,/,audit-wazuh-w,SYSCALL,/run/systemd/users/,/run/systemd/users/,,,,
2026-09-29T00:53:15.424Z,victima-linux,80792,3,Audit: Command: /usr/bin/dash.,audit|audit_command,RS2,/usr/bin/dash,/,audit-wazuh-c,SYSCALL,/bin/sh,,,,,
2026-09-29T00:53:15.424Z,victima-linux,80792,3,Audit: Command: /usr/bin/env.,audit|audit_command,RS2,/usr/bin/env,/,audit-wazuh-c,SYSCALL,/usr/bin/env,,,,,
2026-09-29T00:53:15.425Z,victima-linux,80792,3,Audit: Command: /usr/bin/env.,audit|audit_command,RS2,/usr/bin/env,/,audit-wazuh-c,SYSCALL,,,,,,
2026-09-29T00:53:15.426Z,victima-linux,80792,3,Audit: Command: /usr/bin/env.,audit|audit_command,RS2,/usr/bin/env,/,audit-wazuh-c,SYSCALL,,,,,,
2026-09-29T00:53:15.433Z,victima-linux,80792,3,Audit: Command: /usr/bin/env.,audit|audit_command,RS2,/usr/bin/env,/,audit-wazuh-c,SYSCALL,,,,,,
2026-09-29T00:53:15.433Z,victima-linux,80792,3,Audit: Command: /usr/bin/run-parts.,audit|audit_command,RS2,/usr/bin/run-parts,/,audit-wazuh-c,SYSCALL,/usr/bin/run-parts,,,,,
2026-09-29T00:53:15.434Z,victima-linux,80792,3,Audit: Command: /usr/bin/dash.,audit|audit_command,RS2,/usr/bin/dash,/,audit-wazuh-c,SYSCALL,/etc/update-motd.d/00-header,,,,,
2026-09-29T00:53:15.436Z,victima-linux,80792,3,Audit: Command: /usr/bin/uname.,audit|audit_command,RS2,/usr/bin/uname,/,audit-wazuh-c,SYSCALL,/usr/bin/uname,,,,,
2026-09-29T00:53:15.438Z,victima-linux,80792,3,Audit: Command: /usr/bin/uname.,audit|audit_command,RS2,/usr/bin/uname,/,audit-wazuh-c,SYSCALL,/usr/bin/uname,,,,,
2026-09-29T00:53:15.445Z,victima-linux,80792,3,Audit: Command: /usr/bin/dash.,audit|audit_command,RS2,/usr/bin/dash,/,audit-wazuh-c,SYSCALL,/etc/update-motd.d/10-help-text,,,,,
2026-09-29T00:53:15.445Z,victima-linux,80792,3,Audit: Command: /usr/bin/dash.,audit|audit_command,RS2,/usr/bin/dash,/,audit-wazuh-c,SYSCALL,/etc/update-motd.d/50-landscape-sysinfo,,,,,
2026-09-29T00:53:15.445Z,victima-linux,80792,3,Audit: Command: /usr/bin/uname.,audit|audit_command,RS2,/usr/bin/uname,/,audit-wazuh-c,SYSCALL,/usr/bin/uname,,,,,
2026-09-29T00:53:15.447Z,victima-linux,80792,3,Audit: Command: /usr/bin/find.,audit|audit_command,RS2,/usr/bin/find,/,audit-wazuh-c,SYSCALL,/usr/bin/find,,,,,
2026-09-29T00:53:15.450Z,victima-linux,80792,3,Audit: Command: /usr/bin/cat.,audit|audit_command,RS2,/usr/bin/cat,/,audit-wazuh-c,SYSCALL,/usr/bin/cat,,,,,
2026-09-29T00:53:15.452Z,victima-linux,80792,3,Audit: Command: /usr/bin/dash.,audit|audit_command,RS2,/usr/bin/dash,/,audit-wazuh-c,SYSCALL,/etc/update-motd.d/50-motd-news,,,,,
2026-09-29T00:53:15.455Z,victima-linux,80792,3,Audit: Command: /usr/bin/cat.,audit|audit_command,RS2,/usr/bin/cat,/,audit-wazuh-c,SYSCALL,/usr/bin/cat,,,,,
2026-09-29T00:53:15.457Z,victima-linux,80792,3,Audit: Command: /usr/bin/head.,audit|audit_command,RS2,/usr/bin/head,/,audit-wazuh-c,SYSCALL,/usr/bin/head,,,,,
2026-09-29T00:53:15.459Z,victima-linux,80792,3,Audit: Command: /usr/bin/tr.,audit|audit_command,RS2,/usr/bin/tr,/,audit-wazuh-c,SYSCALL,/usr/bin/tr,,,,,
2026-09-29T00:53:15.462Z,victima-linux,80792,3,Audit: Command: /usr/bin/cut.,audit|audit_command,RS2,/usr/bin/cut,/,audit-wazuh-c,SYSCALL,/usr/bin/cut,,,,,
2026-09-29T00:53:15.464Z,victima-linux,80792,3,Audit: Command: /usr/bin/dash.,audit|audit_command,RS2,/usr/bin/dash,/,audit-wazuh-c,SYSCALL,/etc/update-motd.d/85-fwupd,,,,,
2026-09-29T00:53:15.466Z,victima-linux,80792,3,Audit: Command: /usr/bin/dash.,audit|audit_command,RS2,/usr/bin/dash,/,audit-wazuh-c,SYSCALL,/etc/update-motd.d/90-updates-available,,,,,
2026-09-29T00:53:15.469Z,victima-linux,80792,3,Audit: Command: /usr/bin/cat.,audit|audit_command,RS2,/usr/bin/cat,/,audit-wazuh-c,SYSCALL,/usr/bin/cat,,,,,
2026-09-29T00:53:15.471Z,victima-linux,80792,3,Audit: Command: /usr/bin/find.,audit|audit_command,RS2,/usr/bin/find,/,audit-wazuh-c,SYSCALL,/usr/bin/find,,,,,
2026-09-29T00:53:15.473Z,victima-linux,80792,3,Audit: Command: /usr/bin/grep.,audit|audit_command,RS2,/usr/bin/grep,/,audit-wazuh-c,SYSCALL,/usr/bin/grep,,,,,
2026-09-29T00:53:15.475Z,victima-linux,80792,3,Audit: Command: /usr/bin/dash.,audit|audit_command,RS2,/usr/bin/dash,/,audit-wazuh-c,SYSCALL,/etc/update-motd.d/91-contract-ua-esm-status,,,,,
2026-09-29T00:53:15.478Z,victima-linux,80792,3,Audit: Command: /usr/bin/dash.,audit|audit_command,RS2,/usr/bin/dash,/,audit-wazuh-c,SYSCALL,/etc/update-motd.d/91-release-upgrade,,,,,
2026-09-29T00:53:15.481Z,victima-linux,80792,3,Audit: Command: /usr/bin/cut.,audit|audit_command,RS2,/usr/bin/cut,/,audit-wazuh-c,SYSCALL,/usr/bin/cut,,,,,
2026-09-29T00:53:15.483Z,victima-linux,80792,3,Audit: Command: /usr/bin/id.,audit|audit_command,RS2,/usr/bin/id,/,audit-wazuh-c,SYSCALL,/usr/bin/id,,,,,
2026-09-29T00:53:15.485Z,victima-linux,80792,3,Audit: Command: /usr/bin/dash.,audit|audit_command,RS2,/usr/bin/dash,/,audit-wazuh-c,SYSCALL,/usr/lib/ubuntu-release-upgrader/release-upgrade-motd,,,,,
2026-09-29T00:53:15.487Z,victima-linux,80792,3,Audit: Command: /usr/bin/date.,audit|audit_command,RS2,/usr/bin/date,/,audit-wazuh-c,SYSCALL,/usr/bin/date,,,,,
2026-09-29T00:53:15.489Z,victima-linux,80792,3,Audit: Command: /usr/bin/stat.,audit|audit_command,RS2,/usr/bin/stat,/,audit-wazuh-c,SYSCALL,/usr/bin/stat,,,,,
2026-09-29T00:53:15.492Z,victima-linux,80792,3,Audit: Command: /usr/bin/expr.,audit|audit_command,RS2,/usr/bin/expr,/,audit-wazuh-c,SYSCALL,/usr/bin/expr,,,,,
2026-09-29T00:53:15.494Z,victima-linux,80792,3,Audit: Command: /usr/bin/cat.,audit|audit_command,RS2,/usr/bin/cat,/,audit-wazuh-c,SYSCALL,/usr/bin/cat,,,,,
2026-09-29T00:53:15.496Z,victima-linux,80792,3,Audit: Command: /usr/bin/dash.,audit|audit_command,RS2,/usr/bin/dash,/,audit-wazuh-c,SYSCALL,/etc/update-motd.d/92-unattended-upgrades,,,,,
2026-09-29T00:53:15.498Z,victima-linux,80792,3,Audit: Command: /usr/bin/dash.,audit|audit_command,RS2,/usr/bin/dash,/,audit-wazuh-c,SYSCALL,/usr/share/unattended-upgrades/update-motd-unattended-upgrades,,,,,
2026-09-29T00:53:15.505Z,victima-linux,80792,3,Audit: Command: /usr/bin/dash.,audit|audit_command,RS2,/usr/bin/dash,/,audit-wazuh-c,SYSCALL,/etc/update-motd.d/95-hwe-eol,,,,,
2026-09-29T00:53:15.505Z,victima-linux,80792,3,Audit: Command: /usr/bin/find.,audit|audit_command,RS2,/usr/bin/find,/,audit-wazuh-c,SYSCALL,/usr/bin/find,,,,,
2026-09-29T00:53:15.506Z,victima-linux,80792,3,Audit: Command: /usr/bin/dash.,audit|audit_command,RS2,/usr/bin/dash,/,audit-wazuh-c,SYSCALL,/etc/update-motd.d/97-overlayroot,,,,,
2026-09-29T00:53:15.508Z,victima-linux,80792,3,Audit: Command: /usr/bin/dash.,audit|audit_command,RS2,/usr/bin/dash,/,audit-wazuh-c,SYSCALL,/usr/bin/egrep,,,,,
2026-09-29T00:53:15.510Z,victima-linux,80792,3,Audit: Command: /usr/bin/sort.,audit|audit_command,RS2,/usr/bin/sort,/,audit-wazuh-c,SYSCALL,/usr/bin/sort,,,,,
2026-09-29T00:53:15.513Z,victima-linux,80792,3,Audit: Command: /usr/bin/dash.,audit|audit_command,RS2,/usr/bin/dash,/,audit-wazuh-c,SYSCALL,,,,,,
2026-09-29T00:53:15.515Z,victima-linux,80792,3,Audit: Command: /usr/bin/dash.,audit|audit_command,RS2,/usr/bin/dash,/,audit-wazuh-c,SYSCALL,,,,,,
2026-09-29T00:53:15.522Z,victima-linux,80792,3,Audit: Command: /usr/bin/dash.,audit|audit_command,RS2,/usr/bin/dash,/,audit-wazuh-c,SYSCALL,,,,,,
2026-09-29T00:53:15.522Z,victima-linux,80792,3,Audit: Command: /usr/bin/dash.,audit|audit_command,RS2,/usr/bin/dash,/,audit-wazuh-c,SYSCALL,/etc/update-motd.d/98-fsck-at-reboot,,,,,
2026-09-29T00:53:15.522Z,victima-linux,80792,3,Audit: Command: /usr/bin/grep.,audit|audit_command,RS2,/usr/bin/grep,/,audit-wazuh-c,SYSCALL,/usr/bin/grep,,,,,
2026-09-29T00:53:15.524Z,victima-linux,80792,3,Audit: Command: /usr/bin/dash.,audit|audit_command,RS2,/usr/bin/dash,/,audit-wazuh-c,SYSCALL,/usr/lib/update-notifier/update-motd-fsck-at-reboot,,,,,
2026-09-29T00:53:15.526Z,victima-linux,80792,3,Audit: Command: /usr/bin/id.,audit|audit_command,RS2,/usr/bin/id,/,audit-wazuh-c,SYSCALL,/usr/bin/id,,,,,
2026-09-29T00:53:15.528Z,victima-linux,80792,3,Audit: Command: /usr/bin/stat.,audit|audit_command,RS2,/usr/bin/stat,/,audit-wazuh-c,SYSCALL,/usr/bin/stat,,,,,
2026-09-29T00:53:15.531Z,victima-linux,80792,3,Audit: Command: /usr/bin/gawk.,audit|audit_command,RS2,/usr/bin/gawk,/,audit-wazuh-c,SYSCALL,/usr/bin/awk,,,,,
2026-09-29T00:53:15.533Z,victima-linux,80792,3,Audit: Command: /usr/bin/date.,audit|audit_command,RS2,/usr/bin/date,/,audit-wazuh-c,SYSCALL,/usr/bin/date,,,,,
2026-09-29T00:53:15.536Z,victima-linux,80792,3,Audit: Command: /usr/bin/date.,audit|audit_command,RS2,/usr/bin/date,/,audit-wazuh-c,SYSCALL,/usr/bin/date,,,,,
2026-09-29T00:53:15.538Z,victima-linux,80792,3,Audit: Command: /usr/bin/cat.,audit|audit_command,RS2,/usr/bin/cat,/,audit-wazuh-c,SYSCALL,/usr/bin/cat,,,,,
2026-09-29T00:53:15.541Z,victima-linux,80792,3,Audit: Command: /usr/bin/dash.,audit|audit_command,RS2,/usr/bin/dash,/,audit-wazuh-c,SYSCALL,/etc/update-motd.d/98-reboot-required,,,,,
2026-09-29T00:53:15.543Z,victima-linux,80792,3,Audit: Command: /usr/bin/dash.,audit|audit_command,RS2,/usr/bin/dash,/,audit-wazuh-c,SYSCALL,/usr/lib/update-notifier/update-motd-reboot-required,,,,,
2026-09-29T00:53:15.552Z,victima-linux,80791,3,Audit: Deleted: /run/.,audit|audit_watch_delete|audit_watch_write,RS2,/usr/sbin/sshd,/,audit-wazuh-w,SYSCALL,/run/,/run/,,,,
2026-09-29T00:53:15.552Z,victima-linux,80792,3,Audit: Command: /usr/bin/bash.,audit|audit_command,RS2,/usr/bin/bash,/home/angel,audit-wazuh-c,SYSCALL,/bin/bash,,,,,
2026-09-29T00:53:15.554Z,victima-linux,80792,3,Audit: Command: /usr/bin/sha256sum.,audit|audit_command,RS2,/usr/bin/sha256sum,/home/angel/lab-attack/ATA017,audit-wazuh-c,SYSCALL,/usr/bin/sha256sum,,,,,
2026-09-29T00:53:15.557Z,victima-linux,80792,3,Audit: Command: /usr/bin/ls.,audit|audit_command,RS2,/usr/bin/ls,/home/angel/lab-attack/ATA017,audit-wazuh-c,SYSCALL,/usr/bin/ls,,,,,
2026-09-29T00:53:15.564Z,victima-linux,80791,3,Audit: Deleted: /run/systemd/sessions/103.ref.,audit|audit_watch_delete|audit_watch_write,RS2,/usr/lib/systemd/systemd-logind,/,audit-wazuh-w,SYSCALL,/run/systemd/sessions/103.ref,/run/systemd/sessions/,,,,
2026-09-29T00:53:15.566Z,victima-linux,80791,3,Audit: Deleted: /run/systemd/sessions/.,audit|audit_watch_delete|audit_watch_write,RS2,/usr/lib/systemd/systemd-logind,/,audit-wazuh-w,SYSCALL,/run/systemd/sessions/,/run/systemd/sessions/,,,,
2026-09-29T00:53:15.568Z,victima-linux,80791,3,Audit: Deleted: /run/systemd/users/.,audit|audit_watch_delete|audit_watch_write,RS2,/usr/lib/systemd/systemd-logind,/,audit-wazuh-w,SYSCALL,/run/systemd/users/,/run/systemd/users/,,,,
2026-09-29T00:53:15.576Z,victima-linux,80791,3,Audit: Deleted: /run/systemd/sessions/103.,audit|audit_watch_delete|audit_watch_write,RS2,/usr/lib/systemd/systemd-logind,/,audit-wazuh-w,SYSCALL,/run/systemd/sessions/103,/run/systemd/sessions/,,,,
2026-09-29T00:53:15.576Z,victima-linux,80791,3,Audit: Deleted: /run/systemd/users/.,audit|audit_watch_delete|audit_watch_write,RS2,/usr/lib/systemd/systemd-logind,/,audit-wazuh-w,SYSCALL,/run/systemd/users/,/run/systemd/users/,,,,
2026-09-29T00:53:15.576Z,victima-linux,80792,3,Audit: Command: /usr/sbin/sshd.,audit|audit_command,RS2,/usr/sbin/sshd,/,audit-wazuh-c,SYSCALL,/usr/sbin/sshd,,,,,
2026-09-29T00:53:15.582Z,victima-linux,80780,3,Audit: Watch - Write access.,audit|audit_watch_write,RS2,/usr/sbin/sshd,,audit-wazuh-w,SYSCALL,,,,,,
2026-09-29T00:53:15.587Z,victima-linux,80780,3,Audit: Watch - Write access.,audit|audit_watch_write,RS2,/usr/lib/systemd/systemd-logind,,audit-wazuh-w,SYSCALL,,,,,,
2026-09-29T00:53:15.590Z,victima-linux,591,3,Log file rotated.,ossec,RS1,,,,,,,,,,
2026-09-29T00:53:16.427Z,wazuh-server,5402,3,Successful sudo to ROOT executed.,syslog|sudo,RS1,,,,,,,,,angel,root
2026-09-29T00:53:16.427Z,wazuh-server,5501,3,PAM: Login session opened.,pam|syslog|authentication_success,RS1,,,,,,,,,angel,angel
2026-09-29T00:53:16.427Z,wazuh-server,5501,3,PAM: Login session opened.,pam|syslog|authentication_success,RS1,,,,,,,,,angel,angel
2026-09-29T00:53:16.427Z,wazuh-server,5501,3,PAM: Login session opened.,pam|syslog|authentication_success,RS1,,,,,,,,,angel,root
2026-09-29T00:53:16.427Z,wazuh-server,5502,3,PAM: Login session closed.,pam|syslog,RS1,,,,,,,,,,root
2026-09-29T00:53:16.427Z,wazuh-server,5502,3,PAM: Login session closed.,pam|syslog,RS1,,,,,,,,,,angel
2026-09-29T00:53:16.427Z,wazuh-server,5715,3,sshd: authentication success.,syslog|sshd|authentication_success,RS1,,,,,,,,192.168.65.1,,angel
2026-09-29T00:53:16.617Z,victima-linux,80791,3,Audit: Deleted: /run/systemd/users/.,audit|audit_watch_delete|audit_watch_write,RS2,/usr/lib/systemd/systemd-logind,/,audit-wazuh-w,SYSCALL,/run/systemd/users/,/run/systemd/users/,,,,
2026-09-29T00:53:16.619Z,victima-linux,80791,3,Audit: Deleted: /run/systemd/sessions/.,audit|audit_watch_delete|audit_watch_write,RS2,/usr/lib/systemd/systemd-logind,/,audit-wazuh-w,SYSCALL,/run/systemd/sessions/,/run/systemd/sessions/,,,,
2026-09-29T00:53:16.623Z,victima-linux,80791,3,Audit: Deleted: /run/systemd/sessions/.,audit|audit_watch_delete|audit_watch_write,RS2,/usr/lib/systemd/systemd-logind,/,audit-wazuh-w,SYSCALL,/run/systemd/sessions/,/run/systemd/sessions/,,,,
2026-09-29T00:53:16.625Z,victima-linux,80791,3,Audit: Deleted: /run/systemd/users/.,audit|audit_watch_delete|audit_watch_write,RS2,/usr/lib/systemd/systemd-logind,/,audit-wazuh-w,SYSCALL,/run/systemd/users/,/run/systemd/users/,,,,
2026-09-29T00:53:16.628Z,victima-linux,80792,3,Audit: Command: /usr/bin/dash.,audit|audit_command,RS2,/usr/bin/dash,/,audit-wazuh-c,SYSCALL,/bin/sh,,,,,
2026-09-29T00:53:16.630Z,victima-linux,80792,3,Audit: Command: /usr/bin/env.,audit|audit_command,RS2,/usr/bin/env,/,audit-wazuh-c,SYSCALL,/usr/bin/env,,,,,
2026-09-29T00:53:16.632Z,victima-linux,80792,3,Audit: Command: /usr/bin/env.,audit|audit_command,RS2,/usr/bin/env,/,audit-wazuh-c,SYSCALL,,,,,,
2026-09-29T00:53:16.635Z,victima-linux,80792,3,Audit: Command: /usr/bin/env.,audit|audit_command,RS2,/usr/bin/env,/,audit-wazuh-c,SYSCALL,,,,,,
2026-09-29T00:53:16.637Z,victima-linux,80792,3,Audit: Command: /usr/bin/env.,audit|audit_command,RS2,/usr/bin/env,/,audit-wazuh-c,SYSCALL,,,,,,
2026-09-29T00:53:16.640Z,victima-linux,80792,3,Audit: Command: /usr/bin/run-parts.,audit|audit_command,RS2,/usr/bin/run-parts,/,audit-wazuh-c,SYSCALL,/usr/bin/run-parts,,,,,
2026-09-29T00:53:16.642Z,victima-linux,80792,3,Audit: Command: /usr/bin/dash.,audit|audit_command,RS2,/usr/bin/dash,/,audit-wazuh-c,SYSCALL,/etc/update-motd.d/00-header,,,,,
2026-09-29T00:53:16.645Z,victima-linux,80792,3,Audit: Command: /usr/bin/uname.,audit|audit_command,RS2,/usr/bin/uname,/,audit-wazuh-c,SYSCALL,/usr/bin/uname,,,,,
2026-09-29T00:53:16.647Z,victima-linux,80792,3,Audit: Command: /usr/bin/uname.,audit|audit_command,RS2,/usr/bin/uname,/,audit-wazuh-c,SYSCALL,/usr/bin/uname,,,,,
2026-09-29T00:53:16.650Z,victima-linux,80792,3,Audit: Command: /usr/bin/uname.,audit|audit_command,RS2,/usr/bin/uname,/,audit-wazuh-c,SYSCALL,/usr/bin/uname,,,,,
2026-09-29T00:53:16.652Z,victima-linux,80792,3,Audit: Command: /usr/bin/dash.,audit|audit_command,RS2,/usr/bin/dash,/,audit-wazuh-c,SYSCALL,/etc/update-motd.d/10-help-text,,,,,
2026-09-29T00:53:16.654Z,victima-linux,80792,3,Audit: Command: /usr/bin/dash.,audit|audit_command,RS2,/usr/bin/dash,/,audit-wazuh-c,SYSCALL,/etc/update-motd.d/50-landscape-sysinfo,,,,,
2026-09-29T00:53:16.656Z,victima-linux,80792,3,Audit: Command: /usr/bin/find.,audit|audit_command,RS2,/usr/bin/find,/,audit-wazuh-c,SYSCALL,/usr/bin/find,,,,,
2026-09-29T00:53:16.659Z,victima-linux,80792,3,Audit: Command: /usr/bin/cat.,audit|audit_command,RS2,/usr/bin/cat,/,audit-wazuh-c,SYSCALL,/usr/bin/cat,,,,,
2026-09-29T00:53:16.662Z,victima-linux,80792,3,Audit: Command: /usr/bin/dash.,audit|audit_command,RS2,/usr/bin/dash,/,audit-wazuh-c,SYSCALL,/etc/update-motd.d/50-motd-news,,,,,
2026-09-29T00:53:16.664Z,victima-linux,80792,3,Audit: Command: /usr/bin/cat.,audit|audit_command,RS2,/usr/bin/cat,/,audit-wazuh-c,SYSCALL,/usr/bin/cat,,,,,
2026-09-29T00:53:16.666Z,victima-linux,80792,3,Audit: Command: /usr/bin/head.,audit|audit_command,RS2,/usr/bin/head,,audit-wazuh-c,SYSCALL,,,,,,
2026-09-29T00:53:16.669Z,victima-linux,80792,3,Audit: Command: /usr/bin/tr.,audit|audit_command,RS2,/usr/bin/tr,/,audit-wazuh-c,SYSCALL,/usr/bin/tr,,,,,
2026-09-29T00:53:16.674Z,victima-linux,80792,3,Audit: Command: /usr/bin/cut.,audit|audit_command,RS2,/usr/bin/cut,/,audit-wazuh-c,SYSCALL,/usr/bin/cut,,,,,
2026-09-29T00:53:16.676Z,victima-linux,80792,3,Audit: Command: /usr/bin/dash.,audit|audit_command,RS2,/usr/bin/dash,/,audit-wazuh-c,SYSCALL,/etc/update-motd.d/85-fwupd,,,,,
2026-09-29T00:53:16.679Z,victima-linux,80792,3,Audit: Command: /usr/bin/dash.,audit|audit_command,RS2,/usr/bin/dash,/,audit-wazuh-c,SYSCALL,/etc/update-motd.d/90-updates-available,,,,,
2026-09-29T00:53:16.681Z,victima-linux,80792,3,Audit: Command: /usr/bin/cat.,audit|audit_command,RS2,/usr/bin/cat,/,audit-wazuh-c,SYSCALL,/usr/bin/cat,,,,,
2026-09-29T00:53:16.684Z,victima-linux,80792,3,Audit: Command: /usr/bin/find.,audit|audit_command,RS2,/usr/bin/find,/,audit-wazuh-c,SYSCALL,/usr/bin/find,,,,,
2026-09-29T00:53:16.686Z,victima-linux,80792,3,Audit: Command: /usr/bin/grep.,audit|audit_command,RS2,/usr/bin/grep,/,audit-wazuh-c,SYSCALL,/usr/bin/grep,,,,,
2026-09-29T00:53:16.689Z,victima-linux,80792,3,Audit: Command: /usr/bin/dash.,audit|audit_command,RS2,/usr/bin/dash,/,audit-wazuh-c,SYSCALL,/etc/update-motd.d/91-contract-ua-esm-status,,,,,
2026-09-29T00:53:16.691Z,victima-linux,80792,3,Audit: Command: /usr/bin/dash.,audit|audit_command,RS2,/usr/bin/dash,/,audit-wazuh-c,SYSCALL,/etc/update-motd.d/91-release-upgrade,,,,,
2026-09-29T00:53:16.694Z,victima-linux,80792,3,Audit: Command: /usr/bin/cut.,audit|audit_command,RS2,/usr/bin/cut,/,audit-wazuh-c,SYSCALL,/usr/bin/cut,,,,,
2026-09-29T00:53:16.696Z,victima-linux,80792,3,Audit: Command: /usr/bin/id.,audit|audit_command,RS2,/usr/bin/id,/,audit-wazuh-c,SYSCALL,/usr/bin/id,,,,,
2026-09-29T00:53:16.699Z,victima-linux,80792,3,Audit: Command: /usr/bin/dash.,audit|audit_command,RS2,/usr/bin/dash,/,audit-wazuh-c,SYSCALL,/usr/lib/ubuntu-release-upgrader/release-upgrade-motd,,,,,
2026-09-29T00:53:16.701Z,victima-linux,80792,3,Audit: Command: /usr/bin/date.,audit|audit_command,RS2,/usr/bin/date,/,audit-wazuh-c,SYSCALL,/usr/bin/date,,,,,
2026-09-29T00:53:16.704Z,victima-linux,80792,3,Audit: Command: /usr/bin/stat.,audit|audit_command,RS2,/usr/bin/stat,/,audit-wazuh-c,SYSCALL,/usr/bin/stat,,,,,
2026-09-29T00:53:16.706Z,victima-linux,80792,3,Audit: Command: /usr/bin/expr.,audit|audit_command,RS2,/usr/bin/expr,/,audit-wazuh-c,SYSCALL,/usr/bin/expr,,,,,
2026-09-29T00:53:16.709Z,victima-linux,80792,3,Audit: Command: /usr/bin/cat.,audit|audit_command,RS2,/usr/bin/cat,/,audit-wazuh-c,SYSCALL,/usr/bin/cat,,,,,
2026-09-29T00:53:16.711Z,victima-linux,80792,3,Audit: Command: /usr/bin/dash.,audit|audit_command,RS2,/usr/bin/dash,/,audit-wazuh-c,SYSCALL,/etc/update-motd.d/92-unattended-upgrades,,,,,
2026-09-29T00:53:16.714Z,victima-linux,80792,3,Audit: Command: /usr/bin/dash.,audit|audit_command,RS2,/usr/bin/dash,/,audit-wazuh-c,SYSCALL,/usr/share/unattended-upgrades/update-motd-unattended-upgrades,,,,,
2026-09-29T00:53:16.721Z,victima-linux,80792,3,Audit: Command: /usr/bin/dash.,audit|audit_command,RS2,/usr/bin/dash,/,audit-wazuh-c,SYSCALL,/etc/update-motd.d/95-hwe-eol,,,,,
2026-09-29T00:53:16.721Z,victima-linux,80792,3,Audit: Command: /usr/bin/dash.,audit|audit_command,RS2,/usr/bin/dash,/,audit-wazuh-c,SYSCALL,/etc/update-motd.d/97-overlayroot,,,,,
2026-09-29T00:53:16.721Z,victima-linux,80792,3,Audit: Command: /usr/bin/find.,audit|audit_command,RS2,/usr/bin/find,/,audit-wazuh-c,SYSCALL,/usr/bin/find,,,,,
2026-09-29T00:53:16.723Z,victima-linux,80792,3,Audit: Command: /usr/bin/dash.,audit|audit_command,RS2,/usr/bin/dash,/,audit-wazuh-c,SYSCALL,/usr/bin/egrep,,,,,
2026-09-29T00:53:16.725Z,victima-linux,80792,3,Audit: Command: /usr/bin/sort.,audit|audit_command,RS2,/usr/bin/sort,/,audit-wazuh-c,SYSCALL,/usr/bin/sort,,,,,
2026-09-29T00:53:16.728Z,victima-linux,80792,3,Audit: Command: /usr/bin/dash.,audit|audit_command,RS2,/usr/bin/dash,/,audit-wazuh-c,SYSCALL,,,,,,
2026-09-29T00:53:16.730Z,victima-linux,80792,3,Audit: Command: /usr/bin/dash.,audit|audit_command,RS2,/usr/bin/dash,/,audit-wazuh-c,SYSCALL,,,,,,
2026-09-29T00:53:16.738Z,victima-linux,80792,3,Audit: Command: /usr/bin/dash.,audit|audit_command,RS2,/usr/bin/dash,/,audit-wazuh-c,SYSCALL,,,,,,
2026-09-29T00:53:16.738Z,victima-linux,80792,3,Audit: Command: /usr/bin/dash.,audit|audit_command,RS2,/usr/bin/dash,/,audit-wazuh-c,SYSCALL,/etc/update-motd.d/98-fsck-at-reboot,,,,,
2026-09-29T00:53:16.738Z,victima-linux,80792,3,Audit: Command: /usr/bin/grep.,audit|audit_command,RS2,/usr/bin/grep,/,audit-wazuh-c,SYSCALL,/usr/bin/grep,,,,,
2026-09-29T00:53:16.740Z,victima-linux,80792,3,Audit: Command: /usr/bin/dash.,audit|audit_command,RS2,/usr/bin/dash,/,audit-wazuh-c,SYSCALL,/usr/lib/update-notifier/update-motd-fsck-at-reboot,,,,,
2026-09-29T00:53:16.742Z,victima-linux,80792,3,Audit: Command: /usr/bin/id.,audit|audit_command,RS2,/usr/bin/id,/,audit-wazuh-c,SYSCALL,/usr/bin/id,,,,,
2026-09-29T00:53:16.745Z,victima-linux,80792,3,Audit: Command: /usr/bin/stat.,audit|audit_command,RS2,/usr/bin/stat,/,audit-wazuh-c,SYSCALL,/usr/bin/stat,,,,,
2026-09-29T00:53:16.747Z,victima-linux,80792,3,Audit: Command: /usr/bin/gawk.,audit|audit_command,RS2,/usr/bin/gawk,/,audit-wazuh-c,SYSCALL,/usr/bin/awk,,,,,
2026-09-29T00:53:16.750Z,victima-linux,80792,3,Audit: Command: /usr/bin/date.,audit|audit_command,RS2,/usr/bin/date,/,audit-wazuh-c,SYSCALL,/usr/bin/date,,,,,
2026-09-29T00:53:16.752Z,victima-linux,80792,3,Audit: Command: /usr/bin/date.,audit|audit_command,RS2,/usr/bin/date,/,audit-wazuh-c,SYSCALL,/usr/bin/date,,,,,
2026-09-29T00:53:16.755Z,victima-linux,80792,3,Audit: Command: /usr/bin/cat.,audit|audit_command,RS2,/usr/bin/cat,/,audit-wazuh-c,SYSCALL,/usr/bin/cat,,,,,
2026-09-29T00:53:16.757Z,victima-linux,80792,3,Audit: Command: /usr/bin/dash.,audit|audit_command,RS2,/usr/bin/dash,/,audit-wazuh-c,SYSCALL,/etc/update-motd.d/98-reboot-required,,,,,
2026-09-29T00:53:16.760Z,victima-linux,80792,3,Audit: Command: /usr/bin/dash.,audit|audit_command,RS2,/usr/bin/dash,/,audit-wazuh-c,SYSCALL,/usr/lib/update-notifier/update-motd-reboot-required,,,,,
2026-09-29T00:53:16.770Z,victima-linux,80791,3,Audit: Deleted: /run/.,audit|audit_watch_delete|audit_watch_write,RS2,/usr/sbin/sshd,/,audit-wazuh-w,SYSCALL,/run/,/run/,,,,
2026-09-29T00:53:16.770Z,victima-linux,80792,3,Audit: Command: /usr/bin/bash.,audit|audit_command,RS2,/usr/bin/bash,/home/angel,audit-wazuh-c,SYSCALL,/bin/bash,,,,,
2026-09-29T00:53:16.772Z,victima-linux,80792,3,Audit: Command: /usr/bin/ps.,audit|audit_command,RS2,/usr/bin/ps,/home/angel,audit-wazuh-c,SYSCALL,/usr/bin/ps,,,,,
2026-09-29T00:53:16.779Z,victima-linux,80791,3,Audit: Deleted: /run/systemd/sessions/104.ref.,audit|audit_watch_delete|audit_watch_write,RS2,/usr/lib/systemd/systemd-logind,/,audit-wazuh-w,SYSCALL,/run/systemd/sessions/104.ref,/run/systemd/sessions/,,,,
2026-09-29T00:53:16.781Z,victima-linux,80791,3,Audit: Deleted: /run/systemd/sessions/.,audit|audit_watch_delete|audit_watch_write,RS2,/usr/lib/systemd/systemd-logind,/,audit-wazuh-w,SYSCALL,/run/systemd/sessions/,/run/systemd/sessions/,,,,
2026-09-29T00:53:16.784Z,victima-linux,80791,3,Audit: Deleted: /run/systemd/users/.,audit|audit_watch_delete|audit_watch_write,RS2,/usr/lib/systemd/systemd-logind,/,audit-wazuh-w,SYSCALL,/run/systemd/users/,/run/systemd/users/,,,,
2026-09-29T00:53:16.791Z,victima-linux,80791,3,Audit: Deleted: /run/systemd/sessions/104.,audit|audit_watch_delete|audit_watch_write,RS2,/usr/lib/systemd/systemd-logind,/,audit-wazuh-w,SYSCALL,/run/systemd/sessions/104,/run/systemd/sessions/,,,,
2026-09-29T00:53:16.792Z,victima-linux,80791,3,Audit: Deleted: /run/systemd/users/.,audit|audit_watch_delete|audit_watch_write,RS2,/usr/lib/systemd/systemd-logind,/,audit-wazuh-w,SYSCALL,/run/systemd/users/,/run/systemd/users/,,,,
2026-09-29T00:53:16.792Z,victima-linux,80792,3,Audit: Command: /usr/sbin/sshd.,audit|audit_command,RS2,/usr/sbin/sshd,/,audit-wazuh-c,SYSCALL,/usr/sbin/sshd,,,,,
2026-09-29T00:53:16.799Z,victima-linux,80780,3,Audit: Watch - Write access.,audit|audit_watch_write,RS2,/usr/sbin/sshd,,audit-wazuh-w,SYSCALL,,,,,,
2026-09-29T00:53:16.804Z,victima-linux,80791,3,Audit: Deleted: /run/systemd/sessions/.,audit|audit_watch_delete|audit_watch_write,RS2,/usr/lib/systemd/systemd-logind,/,audit-wazuh-w,SYSCALL,/run/systemd/sessions/,/run/systemd/sessions/,,,,
2026-09-29T00:53:16.806Z,victima-linux,80791,3,Audit: Deleted: /run/systemd/users/.,audit|audit_watch_delete|audit_watch_write,RS2,/usr/lib/systemd/systemd-logind,/,audit-wazuh-w,SYSCALL,/run/systemd/users/,/run/systemd/users/,,,,
2026-09-29T00:53:16.809Z,victima-linux,80791,3,Audit: Deleted: /run/systemd/sessions/.,audit|audit_watch_delete|audit_watch_write,RS2,/usr/lib/systemd/systemd-logind,/,audit-wazuh-w,SYSCALL,/run/systemd/sessions/,/run/systemd/sessions/,,,,
2026-09-29T00:53:16.816Z,victima-linux,80791,3,Audit: Deleted: /run/systemd/sessions/.,audit|audit_watch_delete|audit_watch_write,RS2,/usr/lib/systemd/systemd-logind,/,audit-wazuh-w,SYSCALL,/run/systemd/sessions/,/run/systemd/sessions/,,,,
2026-09-29T00:53:16.816Z,victima-linux,80791,3,Audit: Deleted: /run/systemd/users/.,audit|audit_watch_delete|audit_watch_write,RS2,/usr/lib/systemd/systemd-logind,/,audit-wazuh-w,SYSCALL,/run/systemd/users/,/run/systemd/users/,,,,
2026-09-29T00:53:16.816Z,victima-linux,80792,3,Audit: Command: /usr/bin/dash.,audit|audit_command,RS2,/usr/bin/dash,/,audit-wazuh-c,SYSCALL,/bin/sh,,,,,
2026-09-29T00:53:16.818Z,victima-linux,80792,3,Audit: Command: /usr/bin/env.,audit|audit_command,RS2,/usr/bin/env,/,audit-wazuh-c,SYSCALL,/usr/bin/env,,,,,
2026-09-29T00:53:16.821Z,victima-linux,80792,3,Audit: Command: /usr/bin/env.,audit|audit_command,RS2,/usr/bin/env,/,audit-wazuh-c,SYSCALL,,,,,,
2026-09-29T00:53:16.823Z,victima-linux,80792,3,Audit: Command: /usr/bin/env.,audit|audit_command,RS2,/usr/bin/env,/,audit-wazuh-c,SYSCALL,,,,,,
2026-09-29T00:53:16.830Z,victima-linux,80792,3,Audit: Command: /usr/bin/env.,audit|audit_command,RS2,/usr/bin/env,/,audit-wazuh-c,SYSCALL,,,,,,
2026-09-29T00:53:16.830Z,victima-linux,80792,3,Audit: Command: /usr/bin/run-parts.,audit|audit_command,RS2,/usr/bin/run-parts,/,audit-wazuh-c,SYSCALL,/usr/bin/run-parts,,,,,
2026-09-29T00:53:16.831Z,victima-linux,80792,3,Audit: Command: /usr/bin/dash.,audit|audit_command,RS2,/usr/bin/dash,/,audit-wazuh-c,SYSCALL,/etc/update-motd.d/00-header,,,,,
2026-09-29T00:53:16.833Z,victima-linux,80792,3,Audit: Command: /usr/bin/uname.,audit|audit_command,RS2,/usr/bin/uname,/,audit-wazuh-c,SYSCALL,/usr/bin/uname,,,,,
2026-09-29T00:53:16.835Z,victima-linux,80792,3,Audit: Command: /usr/bin/uname.,audit|audit_command,RS2,/usr/bin/uname,/,audit-wazuh-c,SYSCALL,/usr/bin/uname,,,,,
2026-09-29T00:53:16.843Z,victima-linux,80792,3,Audit: Command: /usr/bin/dash.,audit|audit_command,RS2,/usr/bin/dash,/,audit-wazuh-c,SYSCALL,/etc/update-motd.d/10-help-text,,,,,
2026-09-29T00:53:16.843Z,victima-linux,80792,3,Audit: Command: /usr/bin/dash.,audit|audit_command,RS2,/usr/bin/dash,/,audit-wazuh-c,SYSCALL,/etc/update-motd.d/50-landscape-sysinfo,,,,,
2026-09-29T00:53:16.843Z,victima-linux,80792,3,Audit: Command: /usr/bin/uname.,audit|audit_command,RS2,/usr/bin/uname,/,audit-wazuh-c,SYSCALL,/usr/bin/uname,,,,,
2026-09-29T00:53:16.845Z,victima-linux,80792,3,Audit: Command: /usr/bin/find.,audit|audit_command,RS2,/usr/bin/find,/,audit-wazuh-c,SYSCALL,/usr/bin/find,,,,,
2026-09-29T00:53:16.847Z,victima-linux,80792,3,Audit: Command: /usr/bin/cat.,audit|audit_command,RS2,/usr/bin/cat,/,audit-wazuh-c,SYSCALL,/usr/bin/cat,,,,,
2026-09-29T00:53:16.850Z,victima-linux,80792,3,Audit: Command: /usr/bin/dash.,audit|audit_command,RS2,/usr/bin/dash,/,audit-wazuh-c,SYSCALL,/etc/update-motd.d/50-motd-news,,,,,
2026-09-29T00:53:16.852Z,victima-linux,80792,3,Audit: Command: /usr/bin/cat.,audit|audit_command,RS2,/usr/bin/cat,/,audit-wazuh-c,SYSCALL,/usr/bin/cat,,,,,
2026-09-29T00:53:16.854Z,victima-linux,80792,3,Audit: Command: /usr/bin/head.,audit|audit_command,RS2,/usr/bin/head,/,audit-wazuh-c,SYSCALL,/usr/bin/head,,,,,
2026-09-29T00:53:16.857Z,victima-linux,80792,3,Audit: Command: /usr/bin/tr.,audit|audit_command,RS2,/usr/bin/tr,/,audit-wazuh-c,SYSCALL,/usr/bin/tr,,,,,
2026-09-29T00:53:16.859Z,victima-linux,80792,3,Audit: Command: /usr/bin/cut.,audit|audit_command,RS2,/usr/bin/cut,/,audit-wazuh-c,SYSCALL,/usr/bin/cut,,,,,
2026-09-29T00:53:16.862Z,victima-linux,80792,3,Audit: Command: /usr/bin/dash.,audit|audit_command,RS2,/usr/bin/dash,/,audit-wazuh-c,SYSCALL,/etc/update-motd.d/85-fwupd,,,,,
2026-09-29T00:53:16.864Z,victima-linux,80792,3,Audit: Command: /usr/bin/dash.,audit|audit_command,RS2,/usr/bin/dash,/,audit-wazuh-c,SYSCALL,/etc/update-motd.d/90-updates-available,,,,,
2026-09-29T00:53:16.867Z,victima-linux,80792,3,Audit: Command: /usr/bin/cat.,audit|audit_command,RS2,/usr/bin/cat,/,audit-wazuh-c,SYSCALL,/usr/bin/cat,,,,,
2026-09-29T00:53:16.869Z,victima-linux,80792,3,Audit: Command: /usr/bin/find.,audit|audit_command,RS2,/usr/bin/find,/,audit-wazuh-c,SYSCALL,/usr/bin/find,,,,,
2026-09-29T00:53:16.872Z,victima-linux,80792,3,Audit: Command: /usr/bin/grep.,audit|audit_command,RS2,/usr/bin/grep,/,audit-wazuh-c,SYSCALL,/usr/bin/grep,,,,,
2026-09-29T00:53:16.874Z,victima-linux,80792,3,Audit: Command: /usr/bin/dash.,audit|audit_command,RS2,/usr/bin/dash,/,audit-wazuh-c,SYSCALL,/etc/update-motd.d/91-contract-ua-esm-status,,,,,
2026-09-29T00:53:16.877Z,victima-linux,80792,3,Audit: Command: /usr/bin/dash.,audit|audit_command,RS2,/usr/bin/dash,/,audit-wazuh-c,SYSCALL,/etc/update-motd.d/91-release-upgrade,,,,,
2026-09-29T00:53:16.879Z,victima-linux,80792,3,Audit: Command: /usr/bin/cut.,audit|audit_command,RS2,/usr/bin/cut,/,audit-wazuh-c,SYSCALL,/usr/bin/cut,,,,,
2026-09-29T00:53:16.882Z,victima-linux,80792,3,Audit: Command: /usr/bin/id.,audit|audit_command,RS2,/usr/bin/id,/,audit-wazuh-c,SYSCALL,/usr/bin/id,,,,,
2026-09-29T00:53:16.884Z,victima-linux,80792,3,Audit: Command: /usr/bin/dash.,audit|audit_command,RS2,/usr/bin/dash,/,audit-wazuh-c,SYSCALL,/usr/lib/ubuntu-release-upgrader/release-upgrade-motd,,,,,
2026-09-29T00:53:16.887Z,victima-linux,80792,3,Audit: Command: /usr/bin/date.,audit|audit_command,RS2,/usr/bin/date,/,audit-wazuh-c,SYSCALL,/usr/bin/date,,,,,
2026-09-29T00:53:16.889Z,victima-linux,80792,3,Audit: Command: /usr/bin/stat.,audit|audit_command,RS2,/usr/bin/stat,/,audit-wazuh-c,SYSCALL,/usr/bin/stat,,,,,
2026-09-29T00:53:16.892Z,victima-linux,80792,3,Audit: Command: /usr/bin/expr.,audit|audit_command,RS2,/usr/bin/expr,/,audit-wazuh-c,SYSCALL,/usr/bin/expr,,,,,
2026-09-29T00:53:16.894Z,victima-linux,80792,3,Audit: Command: /usr/bin/cat.,audit|audit_command,RS2,/usr/bin/cat,/,audit-wazuh-c,SYSCALL,/usr/bin/cat,,,,,
2026-09-29T00:53:16.897Z,victima-linux,80792,3,Audit: Command: /usr/bin/dash.,audit|audit_command,RS2,/usr/bin/dash,/,audit-wazuh-c,SYSCALL,/etc/update-motd.d/92-unattended-upgrades,,,,,
2026-09-29T00:53:16.899Z,victima-linux,80792,3,Audit: Command: /usr/bin/dash.,audit|audit_command,RS2,/usr/bin/dash,/,audit-wazuh-c,SYSCALL,/usr/share/unattended-upgrades/update-motd-unattended-upgrades,,,,,
2026-09-29T00:53:16.907Z,victima-linux,80792,3,Audit: Command: /usr/bin/dash.,audit|audit_command,RS2,/usr/bin/dash,/,audit-wazuh-c,SYSCALL,/etc/update-motd.d/95-hwe-eol,,,,,
2026-09-29T00:53:16.907Z,victima-linux,80792,3,Audit: Command: /usr/bin/dash.,audit|audit_command,RS2,/usr/bin/dash,/,audit-wazuh-c,SYSCALL,/etc/update-motd.d/97-overlayroot,,,,,
2026-09-29T00:53:16.907Z,victima-linux,80792,3,Audit: Command: /usr/bin/find.,audit|audit_command,RS2,/usr/bin/find,/,audit-wazuh-c,SYSCALL,/usr/bin/find,,,,,
2026-09-29T00:53:16.909Z,victima-linux,80792,3,Audit: Command: /usr/bin/dash.,audit|audit_command,RS2,/usr/bin/dash,/,audit-wazuh-c,SYSCALL,/usr/bin/egrep,,,,,
2026-09-29T00:53:16.911Z,victima-linux,80792,3,Audit: Command: /usr/bin/sort.,audit|audit_command,RS2,/usr/bin/sort,/,audit-wazuh-c,SYSCALL,/usr/bin/sort,,,,,
2026-09-29T00:53:16.914Z,victima-linux,80792,3,Audit: Command: /usr/bin/dash.,audit|audit_command,RS2,/usr/bin/dash,/,audit-wazuh-c,SYSCALL,,,,,,
2026-09-29T00:53:16.916Z,victima-linux,80792,3,Audit: Command: /usr/bin/dash.,audit|audit_command,RS2,/usr/bin/dash,/,audit-wazuh-c,SYSCALL,,,,,,
2026-09-29T00:53:16.924Z,victima-linux,80792,3,Audit: Command: /usr/bin/dash.,audit|audit_command,RS2,/usr/bin/dash,/,audit-wazuh-c,SYSCALL,,,,,,
2026-09-29T00:53:16.924Z,victima-linux,80792,3,Audit: Command: /usr/bin/dash.,audit|audit_command,RS2,/usr/bin/dash,/,audit-wazuh-c,SYSCALL,/etc/update-motd.d/98-fsck-at-reboot,,,,,
2026-09-29T00:53:16.924Z,victima-linux,80792,3,Audit: Command: /usr/bin/grep.,audit|audit_command,RS2,/usr/bin/grep,/,audit-wazuh-c,SYSCALL,/usr/bin/grep,,,,,
2026-09-29T00:53:16.926Z,victima-linux,80792,3,Audit: Command: /usr/bin/dash.,audit|audit_command,RS2,/usr/bin/dash,/,audit-wazuh-c,SYSCALL,/usr/lib/update-notifier/update-motd-fsck-at-reboot,,,,,
2026-09-29T00:53:16.929Z,victima-linux,80792,3,Audit: Command: /usr/bin/id.,audit|audit_command,RS2,/usr/bin/id,/,audit-wazuh-c,SYSCALL,/usr/bin/id,,,,,
2026-09-29T00:53:16.931Z,victima-linux,80792,3,Audit: Command: /usr/bin/stat.,audit|audit_command,RS2,/usr/bin/stat,/,audit-wazuh-c,SYSCALL,/usr/bin/stat,,,,,
2026-09-29T00:53:16.934Z,victima-linux,80792,3,Audit: Command: /usr/bin/gawk.,audit|audit_command,RS2,/usr/bin/gawk,/,audit-wazuh-c,SYSCALL,/usr/bin/awk,,,,,
2026-09-29T00:53:16.936Z,victima-linux,80792,3,Audit: Command: /usr/bin/date.,audit|audit_command,RS2,/usr/bin/date,/,audit-wazuh-c,SYSCALL,/usr/bin/date,,,,,
2026-09-29T00:53:16.939Z,victima-linux,80792,3,Audit: Command: /usr/bin/date.,audit|audit_command,RS2,/usr/bin/date,/,audit-wazuh-c,SYSCALL,/usr/bin/date,,,,,
2026-09-29T00:53:16.941Z,victima-linux,80792,3,Audit: Command: /usr/bin/cat.,audit|audit_command,RS2,/usr/bin/cat,/,audit-wazuh-c,SYSCALL,/usr/bin/cat,,,,,
2026-09-29T00:53:16.944Z,victima-linux,80792,3,Audit: Command: /usr/bin/dash.,audit|audit_command,RS2,/usr/bin/dash,/,audit-wazuh-c,SYSCALL,/etc/update-motd.d/98-reboot-required,,,,,
2026-09-29T00:53:16.946Z,victima-linux,80792,3,Audit: Command: /usr/bin/dash.,audit|audit_command,RS2,/usr/bin/dash,/,audit-wazuh-c,SYSCALL,/usr/lib/update-notifier/update-motd-reboot-required,,,,,
2026-09-29T00:53:16.956Z,victima-linux,80791,3,Audit: Deleted: /run/.,audit|audit_watch_delete|audit_watch_write,RS2,/usr/sbin/sshd,/,audit-wazuh-w,SYSCALL,/run/,/run/,,,,
2026-09-29T00:53:16.956Z,victima-linux,80792,3,Audit: Command: /usr/bin/bash.,audit|audit_command,RS2,/usr/bin/bash,/home/angel,audit-wazuh-c,SYSCALL,/bin/bash,,,,,
2026-09-29T00:53:16.959Z,victima-linux,80792,3,Audit: Command: /usr/bin/date.,audit|audit_command,RS2,/usr/bin/date,/home/angel,audit-wazuh-c,SYSCALL,/usr/bin/date,,,,,
2026-09-29T00:53:16.966Z,victima-linux,80791,3,Audit: Deleted: /run/systemd/sessions/105.ref.,audit|audit_watch_delete|audit_watch_write,RS2,/usr/lib/systemd/systemd-logind,/,audit-wazuh-w,SYSCALL,/run/systemd/sessions/105.ref,/run/systemd/sessions/,,,,
2026-09-29T00:53:16.969Z,victima-linux,80791,3,Audit: Deleted: /run/systemd/sessions/.,audit|audit_watch_delete|audit_watch_write,RS2,/usr/lib/systemd/systemd-logind,/,audit-wazuh-w,SYSCALL,/run/systemd/sessions/,/run/systemd/sessions/,,,,
2026-09-29T00:53:16.971Z,victima-linux,80791,3,Audit: Deleted: /run/systemd/users/.,audit|audit_watch_delete|audit_watch_write,RS2,/usr/lib/systemd/systemd-logind,/,audit-wazuh-w,SYSCALL,/run/systemd/users/,/run/systemd/users/,,,,
2026-09-29T00:53:16.978Z,victima-linux,80791,3,Audit: Deleted: /run/systemd/sessions/105.,audit|audit_watch_delete|audit_watch_write,RS2,/usr/lib/systemd/systemd-logind,/,audit-wazuh-w,SYSCALL,/run/systemd/sessions/105,/run/systemd/sessions/,,,,
2026-09-29T00:53:16.979Z,victima-linux,80791,3,Audit: Deleted: /run/systemd/users/.,audit|audit_watch_delete|audit_watch_write,RS2,/usr/lib/systemd/systemd-logind,/,audit-wazuh-w,SYSCALL,/run/systemd/users/,/run/systemd/users/,,,,
2026-09-29T00:53:16.979Z,victima-linux,80792,3,Audit: Command: /usr/sbin/sshd.,audit|audit_command,RS2,/usr/sbin/sshd,/,audit-wazuh-c,SYSCALL,/usr/sbin/sshd,,,,,
2026-09-29T00:53:16.981Z,victima-linux,80791,3,Audit: Deleted: var/run/.,audit|audit_watch_delete|audit_watch_write,RS2,/var/ossec/bin/wazuh-agentd,/var/ossec,audit-wazuh-w,SYSCALL,var/run/,var/run/,,,,
2026-09-29T00:53:16.988Z,victima-linux,80780,3,Audit: Watch - Write access.,audit|audit_watch_write,RS2,/usr/sbin/sshd,,audit-wazuh-w,SYSCALL,,,,,,
2026-09-29T00:53:16.993Z,victima-linux,80791,3,Audit: Deleted: /run/systemd/sessions/.,audit|audit_watch_delete|audit_watch_write,RS2,/usr/lib/systemd/systemd-logind,/,audit-wazuh-w,SYSCALL,/run/systemd/sessions/,/run/systemd/sessions/,,,,
2026-09-29T00:53:16.996Z,victima-linux,80791,3,Audit: Deleted: /run/systemd/users/.,audit|audit_watch_delete|audit_watch_write,RS2,/usr/lib/systemd/systemd-logind,/,audit-wazuh-w,SYSCALL,/run/systemd/users/,/run/systemd/users/,,,,
2026-09-29T00:53:16.998Z,victima-linux,80791,3,Audit: Deleted: /run/systemd/sessions/.,audit|audit_watch_delete|audit_watch_write,RS2,/usr/lib/systemd/systemd-logind,/,audit-wazuh-w,SYSCALL,/run/systemd/sessions/,/run/systemd/sessions/,,,,
2026-09-29T00:53:17.006Z,victima-linux,80791,3,Audit: Deleted: /run/systemd/sessions/.,audit|audit_watch_delete|audit_watch_write,RS2,/usr/lib/systemd/systemd-logind,/,audit-wazuh-w,SYSCALL,/run/systemd/sessions/,/run/systemd/sessions/,,,,
2026-09-29T00:53:17.006Z,victima-linux,80791,3,Audit: Deleted: /run/systemd/users/.,audit|audit_watch_delete|audit_watch_write,RS2,/usr/lib/systemd/systemd-logind,/,audit-wazuh-w,SYSCALL,/run/systemd/users/,/run/systemd/users/,,,,
2026-09-29T00:53:17.006Z,victima-linux,80792,3,Audit: Command: /usr/bin/dash.,audit|audit_command,RS2,/usr/bin/dash,/,audit-wazuh-c,SYSCALL,/bin/sh,,,,,
2026-09-29T00:53:17.008Z,victima-linux,80792,3,Audit: Command: /usr/bin/env.,audit|audit_command,RS2,/usr/bin/env,/,audit-wazuh-c,SYSCALL,/usr/bin/env,,,,,
2026-09-29T00:53:17.011Z,victima-linux,80792,3,Audit: Command: /usr/bin/env.,audit|audit_command,RS2,/usr/bin/env,/,audit-wazuh-c,SYSCALL,,,,,,
2026-09-29T00:53:17.013Z,victima-linux,80792,3,Audit: Command: /usr/bin/env.,audit|audit_command,RS2,/usr/bin/env,/,audit-wazuh-c,SYSCALL,,,,,,
2026-09-29T00:53:17.021Z,victima-linux,80792,3,Audit: Command: /usr/bin/dash.,audit|audit_command,RS2,/usr/bin/dash,/,audit-wazuh-c,SYSCALL,/etc/update-motd.d/00-header,,,,,
2026-09-29T00:53:17.021Z,victima-linux,80792,3,Audit: Command: /usr/bin/env.,audit|audit_command,RS2,/usr/bin/env,/,audit-wazuh-c,SYSCALL,,,,,,
2026-09-29T00:53:17.021Z,victima-linux,80792,3,Audit: Command: /usr/bin/run-parts.,audit|audit_command,RS2,/usr/bin/run-parts,/,audit-wazuh-c,SYSCALL,/usr/bin/run-parts,,,,,
2026-09-29T00:53:17.023Z,victima-linux,80792,3,Audit: Command: /usr/bin/uname.,audit|audit_command,RS2,/usr/bin/uname,/,audit-wazuh-c,SYSCALL,/usr/bin/uname,,,,,
2026-09-29T00:53:17.026Z,victima-linux,80792,3,Audit: Command: /usr/bin/uname.,audit|audit_command,RS2,/usr/bin/uname,/,audit-wazuh-c,SYSCALL,/usr/bin/uname,,,,,
2026-09-29T00:53:17.033Z,victima-linux,80792,3,Audit: Command: /usr/bin/dash.,audit|audit_command,RS2,/usr/bin/dash,/,audit-wazuh-c,SYSCALL,/etc/update-motd.d/10-help-text,,,,,
2026-09-29T00:53:17.033Z,victima-linux,80792,3,Audit: Command: /usr/bin/dash.,audit|audit_command,RS2,/usr/bin/dash,/,audit-wazuh-c,SYSCALL,/etc/update-motd.d/50-landscape-sysinfo,,,,,
2026-09-29T00:53:17.033Z,victima-linux,80792,3,Audit: Command: /usr/bin/uname.,audit|audit_command,RS2,/usr/bin/uname,/,audit-wazuh-c,SYSCALL,/usr/bin/uname,,,,,
2026-09-29T00:53:17.036Z,victima-linux,80792,3,Audit: Command: /usr/bin/find.,audit|audit_command,RS2,/usr/bin/find,/,audit-wazuh-c,SYSCALL,/usr/bin/find,,,,,
2026-09-29T00:53:17.038Z,victima-linux,80792,3,Audit: Command: /usr/bin/cat.,audit|audit_command,RS2,/usr/bin/cat,/,audit-wazuh-c,SYSCALL,/usr/bin/cat,,,,,
2026-09-29T00:53:17.040Z,victima-linux,80792,3,Audit: Command: /usr/bin/dash.,audit|audit_command,RS2,/usr/bin/dash,/,audit-wazuh-c,SYSCALL,/etc/update-motd.d/50-motd-news,,,,,
2026-09-29T00:53:17.043Z,victima-linux,80792,3,Audit: Command: /usr/bin/cat.,audit|audit_command,RS2,/usr/bin/cat,,audit-wazuh-c,SYSCALL,,,,,,
2026-09-29T00:53:17.045Z,victima-linux,80792,3,Audit: Command: /usr/bin/cut.,audit|audit_command,RS2,/usr/bin/cut,/,audit-wazuh-c,SYSCALL,/usr/bin/cut,,,,,
2026-09-29T00:53:17.048Z,victima-linux,80792,3,Audit: Command: /usr/bin/head.,audit|audit_command,RS2,/usr/bin/head,/,audit-wazuh-c,SYSCALL,/usr/bin/head,,,,,
2026-09-29T00:53:17.055Z,victima-linux,80792,3,Audit: Command: /usr/bin/tr.,audit|audit_command,RS2,/usr/bin/tr,/,audit-wazuh-c,SYSCALL,/usr/bin/tr,,,,,
2026-09-29T00:53:17.056Z,victima-linux,80792,3,Audit: Command: /usr/bin/dash.,audit|audit_command,RS2,/usr/bin/dash,/,audit-wazuh-c,SYSCALL,/etc/update-motd.d/85-fwupd,,,,,
2026-09-29T00:53:17.058Z,victima-linux,80792,3,Audit: Command: /usr/bin/dash.,audit|audit_command,RS2,/usr/bin/dash,/,audit-wazuh-c,SYSCALL,/etc/update-motd.d/90-updates-available,,,,,
2026-09-29T00:53:17.061Z,victima-linux,80792,3,Audit: Command: /usr/bin/cat.,audit|audit_command,RS2,/usr/bin/cat,/,audit-wazuh-c,SYSCALL,/usr/bin/cat,,,,,
2026-09-29T00:53:17.063Z,victima-linux,80792,3,Audit: Command: /usr/bin/find.,audit|audit_command,RS2,/usr/bin/find,/,audit-wazuh-c,SYSCALL,/usr/bin/find,,,,,
2026-09-29T00:53:17.066Z,victima-linux,80792,3,Audit: Command: /usr/bin/grep.,audit|audit_command,RS2,/usr/bin/grep,,audit-wazuh-c,SYSCALL,,,,,,
2026-09-29T00:53:17.078Z,victima-linux,80792,3,Audit: Command: /usr/bin/dash.,audit|audit_command,RS2,/usr/bin/dash,/,audit-wazuh-c,SYSCALL,/etc/update-motd.d/91-contract-ua-esm-status,,,,,
2026-09-29T00:53:17.080Z,victima-linux,80792,3,Audit: Command: /usr/bin/dash.,audit|audit_command,RS2,/usr/bin/dash,/,audit-wazuh-c,SYSCALL,/etc/update-motd.d/91-release-upgrade,,,,,
2026-09-29T00:53:17.083Z,victima-linux,80792,3,Audit: Command: /usr/bin/cut.,audit|audit_command,RS2,/usr/bin/cut,/,audit-wazuh-c,SYSCALL,/usr/bin/cut,,,,,
2026-09-29T00:53:17.085Z,victima-linux,80792,3,Audit: Command: /usr/bin/id.,audit|audit_command,RS2,/usr/bin/id,/,audit-wazuh-c,SYSCALL,/usr/bin/id,,,,,
2026-09-29T00:53:17.087Z,victima-linux,80792,3,Audit: Command: /usr/bin/dash.,audit|audit_command,RS2,/usr/bin/dash,/,audit-wazuh-c,SYSCALL,/usr/lib/ubuntu-release-upgrader/release-upgrade-motd,,,,,
2026-09-29T00:53:17.089Z,victima-linux,80792,3,Audit: Command: /usr/bin/date.,audit|audit_command,RS2,/usr/bin/date,/,audit-wazuh-c,SYSCALL,/usr/bin/date,,,,,
2026-09-29T00:53:17.092Z,victima-linux,80792,3,Audit: Command: /usr/bin/stat.,audit|audit_command,RS2,/usr/bin/stat,/,audit-wazuh-c,SYSCALL,/usr/bin/stat,,,,,
2026-09-29T00:53:17.095Z,victima-linux,80792,3,Audit: Command: /usr/bin/expr.,audit|audit_command,RS2,/usr/bin/expr,/,audit-wazuh-c,SYSCALL,/usr/bin/expr,,,,,
2026-09-29T00:53:17.097Z,victima-linux,80792,3,Audit: Command: /usr/bin/cat.,audit|audit_command,RS2,/usr/bin/cat,/,audit-wazuh-c,SYSCALL,/usr/bin/cat,,,,,
2026-09-29T00:53:17.099Z,victima-linux,80792,3,Audit: Command: /usr/bin/dash.,audit|audit_command,RS2,/usr/bin/dash,/,audit-wazuh-c,SYSCALL,/etc/update-motd.d/92-unattended-upgrades,,,,,
2026-09-29T00:53:17.102Z,victima-linux,80792,3,Audit: Command: /usr/bin/dash.,audit|audit_command,RS2,/usr/bin/dash,/,audit-wazuh-c,SYSCALL,/usr/share/unattended-upgrades/update-motd-unattended-upgrades,,,,,
2026-09-29T00:53:17.109Z,victima-linux,80792,3,Audit: Command: /usr/bin/dash.,audit|audit_command,RS2,/usr/bin/dash,/,audit-wazuh-c,SYSCALL,/etc/update-motd.d/95-hwe-eol,,,,,
2026-09-29T00:53:17.109Z,victima-linux,80792,3,Audit: Command: /usr/bin/find.,audit|audit_command,RS2,/usr/bin/find,/,audit-wazuh-c,SYSCALL,/usr/bin/find,,,,,
2026-09-29T00:53:17.110Z,victima-linux,80792,3,Audit: Command: /usr/bin/dash.,audit|audit_command,RS2,/usr/bin/dash,/,audit-wazuh-c,SYSCALL,/etc/update-motd.d/97-overlayroot,,,,,
2026-09-29T00:53:17.112Z,victima-linux,80792,3,Audit: Command: /usr/bin/dash.,audit|audit_command,RS2,/usr/bin/dash,/,audit-wazuh-c,SYSCALL,/usr/bin/egrep,,,,,
2026-09-29T00:53:17.114Z,victima-linux,80792,3,Audit: Command: /usr/bin/sort.,audit|audit_command,RS2,/usr/bin/sort,/,audit-wazuh-c,SYSCALL,/usr/bin/sort,,,,,
2026-09-29T00:53:17.117Z,victima-linux,80792,3,Audit: Command: /usr/bin/dash.,audit|audit_command,RS2,/usr/bin/dash,/,audit-wazuh-c,SYSCALL,,,,,,
2026-09-29T00:53:17.119Z,victima-linux,80792,3,Audit: Command: /usr/bin/dash.,audit|audit_command,RS2,/usr/bin/dash,/,audit-wazuh-c,SYSCALL,,,,,,
2026-09-29T00:53:17.127Z,victima-linux,80792,3,Audit: Command: /usr/bin/dash.,audit|audit_command,RS2,/usr/bin/dash,/,audit-wazuh-c,SYSCALL,,,,,,
2026-09-29T00:53:17.127Z,victima-linux,80792,3,Audit: Command: /usr/bin/dash.,audit|audit_command,RS2,/usr/bin/dash,/,audit-wazuh-c,SYSCALL,/etc/update-motd.d/98-fsck-at-reboot,,,,,
2026-09-29T00:53:17.127Z,victima-linux,80792,3,Audit: Command: /usr/bin/grep.,audit|audit_command,RS2,/usr/bin/grep,/,audit-wazuh-c,SYSCALL,/usr/bin/grep,,,,,
2026-09-29T00:53:17.129Z,victima-linux,80792,3,Audit: Command: /usr/bin/dash.,audit|audit_command,RS2,/usr/bin/dash,/,audit-wazuh-c,SYSCALL,/usr/lib/update-notifier/update-motd-fsck-at-reboot,,,,,
2026-09-29T00:53:17.132Z,victima-linux,80792,3,Audit: Command: /usr/bin/id.,audit|audit_command,RS2,/usr/bin/id,/,audit-wazuh-c,SYSCALL,/usr/bin/id,,,,,
2026-09-29T00:53:17.134Z,victima-linux,80792,3,Audit: Command: /usr/bin/stat.,audit|audit_command,RS2,/usr/bin/stat,/,audit-wazuh-c,SYSCALL,/usr/bin/stat,,,,,
2026-09-29T00:53:17.137Z,victima-linux,80792,3,Audit: Command: /usr/bin/gawk.,audit|audit_command,RS2,/usr/bin/gawk,/,audit-wazuh-c,SYSCALL,/usr/bin/awk,,,,,
2026-09-29T00:53:17.139Z,victima-linux,80792,3,Audit: Command: /usr/bin/date.,audit|audit_command,RS2,/usr/bin/date,/,audit-wazuh-c,SYSCALL,/usr/bin/date,,,,,
2026-09-29T00:53:17.142Z,victima-linux,80792,3,Audit: Command: /usr/bin/date.,audit|audit_command,RS2,/usr/bin/date,/,audit-wazuh-c,SYSCALL,/usr/bin/date,,,,,
2026-09-29T00:53:17.144Z,victima-linux,80792,3,Audit: Command: /usr/bin/cat.,audit|audit_command,RS2,/usr/bin/cat,/,audit-wazuh-c,SYSCALL,/usr/bin/cat,,,,,
2026-09-29T00:53:17.147Z,victima-linux,80792,3,Audit: Command: /usr/bin/dash.,audit|audit_command,RS2,/usr/bin/dash,/,audit-wazuh-c,SYSCALL,/etc/update-motd.d/98-reboot-required,,,,,
2026-09-29T00:53:17.149Z,victima-linux,80792,3,Audit: Command: /usr/bin/dash.,audit|audit_command,RS2,/usr/bin/dash,/,audit-wazuh-c,SYSCALL,/usr/lib/update-notifier/update-motd-reboot-required,,,,,
2026-09-29T00:53:17.159Z,victima-linux,80791,3,Audit: Deleted: /run/.,audit|audit_watch_delete|audit_watch_write,RS2,/usr/sbin/sshd,/,audit-wazuh-w,SYSCALL,/run/,/run/,,,,
2026-09-29T00:53:17.159Z,victima-linux,80792,3,Audit: Command: /usr/bin/bash.,audit|audit_command,RS2,/usr/bin/bash,/home/angel,audit-wazuh-c,SYSCALL,/bin/bash,,,,,
2026-09-29T00:53:17.161Z,victima-linux,80792,3,Audit: Command: /usr/bin/bash.,audit|audit_command,RS2,/usr/bin/bash,/home/angel/lab-attack/ATA017,audit-wazuh-c,SYSCALL,/usr/bin/bash,,,,,
2026-09-29T00:53:17.164Z,victima-linux,80792,3,Audit: Command: /usr/bin/tee.,audit|audit_command,RS2,/usr/bin/tee,/home/angel/lab-attack/ATA017,audit-wazuh-c,SYSCALL,/usr/bin/tee,,,,,
2026-09-29T00:53:17.166Z,victima-linux,80792,3,Audit: Command: /usr/bin/date.,audit|audit_command,RS2,/usr/bin/date,/home/angel/lab-attack/ATA017,audit-wazuh-c,SYSCALL,/usr/bin/date,,,,,
2026-09-29T00:53:17.169Z,victima-linux,80790,3,Audit: Created: /home/angel/lab-legit/libro_cuentas_2026.csv.,audit|audit_watch_create|audit_watch_write,RS2,/usr/bin/bash,/home/angel/lab-attack/ATA017,audit-wazuh-w,SYSCALL,/home/angel/lab-legit/libro_cuentas_2026.csv,/home/angel/lab-legit/,,,,
2026-09-29T00:53:17.171Z,victima-linux,80792,3,Audit: Command: /usr/bin/cat.,audit|audit_command,RS2,/usr/bin/cat,/home/angel/lab-attack/ATA017,audit-wazuh-c,SYSCALL,/usr/bin/cat,,,,,
2026-09-29T00:53:17.179Z,victima-linux,80790,3,Audit: Created: /home/angel/lab-legit/cartera_simulada.txt.,audit|audit_watch_create|audit_watch_write,RS2,/usr/bin/bash,/home/angel/lab-attack/ATA017,audit-wazuh-w,SYSCALL,/home/angel/lab-legit/cartera_simulada.txt,/home/angel/lab-legit/,,,,
2026-09-29T00:53:17.179Z,victima-linux,80792,3,Audit: Command: /usr/bin/cat.,audit|audit_command,RS2,/usr/bin/cat,/home/angel/lab-attack/ATA017,audit-wazuh-c,SYSCALL,/usr/bin/cat,,,,,
2026-09-29T00:53:17.179Z,victima-linux,80792,3,Audit: Command: /usr/bin/sed.,audit|audit_command,RS2,/usr/bin/sed,/home/angel/lab-attack/ATA017,audit-wazuh-c,SYSCALL,/usr/bin/sed,,,,,
2026-09-29T00:53:17.181Z,victima-linux,80790,3,Audit: Created: /home/angel/lab-legit/sedkz9gKn.,audit|audit_watch_create|audit_watch_write,RS2,/usr/bin/sed,/home/angel/lab-attack/ATA017,audit-wazuh-w,SYSCALL,/home/angel/lab-legit/sedkz9gKn,/home/angel/lab-legit/,,,,
2026-09-29T00:53:17.184Z,victima-linux,80781,3,Audit: Watch - Write access: null.,audit|audit_watch_write,RS2,/usr/bin/sed,/home/angel/lab-attack/ATA017,audit-wazuh-w,SYSCALL,null,,,,,
2026-09-29T00:53:17.186Z,victima-linux,80781,3,Audit: Watch - Write access: null.,audit|audit_watch_write,RS2,/usr/bin/sed,/home/angel/lab-attack/ATA017,audit-wazuh-w,SYSCALL,null,,,,,
2026-09-29T00:53:17.191Z,victima-linux,80791,3,Audit: Deleted: /home/angel/lab-legit/.,audit|audit_watch_delete|audit_watch_write,RS2,/usr/bin/sed,/home/angel/lab-attack/ATA017,audit-wazuh-w,SYSCALL,/home/angel/lab-legit/,/home/angel/lab-legit/,,,,
2026-09-29T00:53:17.191Z,victima-linux,80792,3,Audit: Command: /usr/bin/sed.,audit|audit_command,RS2,/usr/bin/sed,/home/angel/lab-attack/ATA017,audit-wazuh-c,SYSCALL,/usr/bin/sed,,,,,
2026-09-29T00:53:17.194Z,victima-linux,80790,3,Audit: Created: /home/angel/lab-legit/sed2gOdbq.,audit|audit_watch_create|audit_watch_write,RS2,/usr/bin/sed,/home/angel/lab-attack/ATA017,audit-wazuh-w,SYSCALL,/home/angel/lab-legit/sed2gOdbq,/home/angel/lab-legit/,,,,
2026-09-29T00:53:17.196Z,victima-linux,80781,3,Audit: Watch - Write access: null.,audit|audit_watch_write,RS2,/usr/bin/sed,/home/angel/lab-attack/ATA017,audit-wazuh-w,SYSCALL,null,,,,,
2026-09-29T00:53:17.199Z,victima-linux,80781,3,Audit: Watch - Write access: null.,audit|audit_watch_write,RS2,/usr/bin/sed,/home/angel/lab-attack/ATA017,audit-wazuh-w,SYSCALL,null,,,,,
2026-09-29T00:53:17.201Z,victima-linux,80791,3,Audit: Deleted: /home/angel/lab-legit/.,audit|audit_watch_delete|audit_watch_write,RS2,/usr/bin/sed,/home/angel/lab-attack/ATA017,audit-wazuh-w,SYSCALL,/home/angel/lab-legit/,/home/angel/lab-legit/,,,,
2026-09-29T00:53:17.204Z,victima-linux,80792,3,Audit: Command: /usr/bin/mkdir.,audit|audit_command,RS2,/usr/bin/mkdir,/home/angel/lab-attack/ATA017,audit-wazuh-c,SYSCALL,/usr/bin/mkdir,,,,,
2026-09-29T00:53:17.206Z,victima-linux,80792,3,Audit: Command: /usr/bin/cp.,audit|audit_command,RS2,/usr/bin/cp,/home/angel/lab-attack/ATA017,audit-wazuh-c,SYSCALL,/usr/bin/cp,,,,,
2026-09-29T00:53:17.209Z,victima-linux,80792,3,Audit: Command: /usr/bin/cp.,audit|audit_command,RS2,/usr/bin/cp,/home/angel/lab-attack/ATA017,audit-wazuh-c,SYSCALL,/usr/bin/cp,,,,,
2026-09-29T00:53:17.216Z,victima-linux,80792,3,Audit: Command: /usr/bin/gawk.,audit|audit_command,RS2,/usr/bin/gawk,/home/angel/lab-attack/ATA017,audit-wazuh-c,SYSCALL,/usr/bin/awk,,,,,
2026-09-29T00:53:17.216Z,victima-linux,80792,3,Audit: Command: /usr/bin/sha256sum.,audit|audit_command,RS2,/usr/bin/sha256sum,/home/angel/lab-attack/ATA017,audit-wazuh-c,SYSCALL,/usr/bin/sha256sum,,,,,
2026-09-29T00:53:17.216Z,victima-linux,80792,3,Audit: Command: /usr/bin/sha256sum.,audit|audit_command,RS2,/usr/bin/sha256sum,/home/angel/lab-attack/ATA017,audit-wazuh-c,SYSCALL,/usr/bin/sha256sum,,,,,
2026-09-29T00:53:17.219Z,victima-linux,80792,3,Audit: Command: /usr/bin/gawk.,audit|audit_command,RS2,/usr/bin/gawk,/home/angel/lab-attack/ATA017,audit-wazuh-c,SYSCALL,/usr/bin/awk,,,,,
2026-09-29T00:53:17.223Z,victima-linux,80792,3,Audit: Command: /usr/bin/grep.,audit|audit_command,RS2,/usr/bin/grep,/home/angel/lab-attack/ATA017,audit-wazuh-c,SYSCALL,/usr/bin/grep,,,,,
2026-09-29T00:53:17.226Z,victima-linux,80792,3,Audit: Command: /usr/bin/ls.,audit|audit_command,RS2,/usr/bin/ls,/home/angel/lab-attack/ATA017,audit-wazuh-c,SYSCALL,/usr/bin/ls,,,,,
2026-09-29T00:53:17.228Z,victima-linux,80792,3,Audit: Command: /usr/bin/sleep.,audit|audit_command,RS2,/usr/bin/sleep,/home/angel/lab-attack/ATA017,audit-wazuh-c,SYSCALL,/usr/bin/sleep,,,,,
2026-09-29T00:53:17.231Z,victima-linux,80792,3,Audit: Command: /usr/bin/date.,audit|audit_command,RS2,/usr/bin/date,/home/angel/lab-attack/ATA017,audit-wazuh-c,SYSCALL,/usr/bin/date,,,,,
2026-09-29T00:53:17.238Z,victima-linux,80791,3,Audit: Deleted: /run/systemd/sessions/106.ref.,audit|audit_watch_delete|audit_watch_write,RS2,/usr/lib/systemd/systemd-logind,/,audit-wazuh-w,SYSCALL,/run/systemd/sessions/106.ref,/run/systemd/sessions/,,,,
2026-09-29T00:53:17.241Z,victima-linux,80791,3,Audit: Deleted: /run/systemd/sessions/.,audit|audit_watch_delete|audit_watch_write,RS2,/usr/lib/systemd/systemd-logind,/,audit-wazuh-w,SYSCALL,/run/systemd/sessions/,/run/systemd/sessions/,,,,
2026-09-29T00:53:17.243Z,victima-linux,80791,3,Audit: Deleted: /run/systemd/users/.,audit|audit_watch_delete|audit_watch_write,RS2,/usr/lib/systemd/systemd-logind,/,audit-wazuh-w,SYSCALL,/run/systemd/users/,/run/systemd/users/,,,,
2026-09-29T00:53:17.251Z,victima-linux,80791,3,Audit: Deleted: /run/systemd/sessions/106.,audit|audit_watch_delete|audit_watch_write,RS2,/usr/lib/systemd/systemd-logind,/,audit-wazuh-w,SYSCALL,/run/systemd/sessions/106,/run/systemd/sessions/,,,,
2026-09-29T00:53:17.251Z,victima-linux,80791,3,Audit: Deleted: /run/systemd/users/.,audit|audit_watch_delete|audit_watch_write,RS2,/usr/lib/systemd/systemd-logind,/,audit-wazuh-w,SYSCALL,/run/systemd/users/,/run/systemd/users/,,,,
2026-09-29T00:53:17.256Z,victima-linux,5502,3,PAM: Login session closed.,pam|syslog,RS1,,,,,,,,,,angel
2026-09-29T00:53:18.618Z,victima-linux,80792,3,Audit: Command: /usr/bin/dash.,audit|audit_command,RS2,/usr/bin/dash,/var/ossec,audit-wazuh-c,SYSCALL,/bin/sh,,,,,
2026-09-29T00:53:18.618Z,victima-linux,80792,3,Audit: Command: /usr/bin/ps.,audit|audit_command,RS2,/usr/bin/ps,/var/ossec,audit-wazuh-c,SYSCALL,/bin/ps,,,,,
2026-09-29T00:53:18.619Z,victima-linux,80792,3,Audit: Command: /usr/bin/dash.,audit|audit_command,RS2,/usr/bin/dash,/var/ossec,audit-wazuh-c,SYSCALL,/bin/sh,,,,,
2026-09-29T00:53:18.621Z,victima-linux,80792,3,Audit: Command: /usr/bin/ps.,audit|audit_command,RS2,/usr/bin/ps,/var/ossec,audit-wazuh-c,SYSCALL,/bin/ps,,,,,
2026-09-29T00:53:18.623Z,victima-linux,80792,3,Audit: Command: /usr/bin/dash.,audit|audit_command,RS2,/usr/bin/dash,/var/ossec,audit-wazuh-c,SYSCALL,/bin/sh,,,,,
2026-09-29T00:53:18.627Z,victima-linux,80792,3,Audit: Command: /usr/bin/ps.,audit|audit_command,RS2,/usr/bin/ps,/var/ossec,audit-wazuh-c,SYSCALL,/bin/ps,,,,,
2026-09-29T00:53:18.628Z,victima-linux,80792,3,Audit: Command: /usr/bin/dash.,audit|audit_command,RS2,/usr/bin/dash,/var/ossec,audit-wazuh-c,SYSCALL,/bin/sh,,,,,
2026-09-29T00:53:18.633Z,victima-linux,80792,3,Audit: Command: /usr/bin/dash.,audit|audit_command,RS2,/usr/bin/dash,/var/ossec,audit-wazuh-c,SYSCALL,/bin/sh,,,,,
2026-09-29T00:53:18.633Z,victima-linux,80792,3,Audit: Command: /usr/bin/ps.,audit|audit_command,RS2,/usr/bin/ps,/var/ossec,audit-wazuh-c,SYSCALL,/bin/ps,,,,,
2026-09-29T00:53:18.638Z,victima-linux,80792,3,Audit: Command: /usr/bin/ps.,audit|audit_command,RS2,/usr/bin/ps,/var/ossec,audit-wazuh-c,SYSCALL,/bin/ps,,,,,
2026-09-29T00:53:18.641Z,victima-linux,80792,3,Audit: Command: /usr/bin/dash.,audit|audit_command,RS2,/usr/bin/dash,/var/ossec,audit-wazuh-c,SYSCALL,/bin/sh,,,,,
2026-09-29T00:53:18.641Z,victima-linux,80792,3,Audit: Command: /usr/bin/ps.,audit|audit_command,RS2,/usr/bin/ps,/var/ossec,audit-wazuh-c,SYSCALL,/bin/ps,,,,,
2026-09-29T00:53:18.643Z,victima-linux,80792,3,Audit: Command: /usr/bin/dash.,audit|audit_command,RS2,/usr/bin/dash,/var/ossec,audit-wazuh-c,SYSCALL,/bin/sh,,,,,
2026-09-29T00:53:18.646Z,victima-linux,80792,3,Audit: Command: /usr/bin/ps.,audit|audit_command,RS2,/usr/bin/ps,/var/ossec,audit-wazuh-c,SYSCALL,/bin/ps,,,,,
2026-09-29T00:53:18.649Z,victima-linux,80792,3,Audit: Command: /usr/bin/dash.,audit|audit_command,RS2,/usr/bin/dash,/var/ossec,audit-wazuh-c,SYSCALL,/bin/sh,,,,,
2026-09-29T00:53:18.652Z,victima-linux,80792,3,Audit: Command: /usr/bin/ps.,audit|audit_command,RS2,/usr/bin/ps,/var/ossec,audit-wazuh-c,SYSCALL,/bin/ps,,,,,
2026-09-29T00:53:18.653Z,victima-linux,80792,3,Audit: Command: /usr/bin/dash.,audit|audit_command,RS2,/usr/bin/dash,/var/ossec,audit-wazuh-c,SYSCALL,/bin/sh,,,,,
2026-09-29T00:53:18.656Z,victima-linux,80792,3,Audit: Command: /usr/bin/ps.,audit|audit_command,RS2,/usr/bin/ps,/var/ossec,audit-wazuh-c,SYSCALL,/bin/ps,,,,,
2026-09-29T00:53:18.658Z,victima-linux,80792,3,Audit: Command: /usr/bin/dash.,audit|audit_command,RS2,/usr/bin/dash,/var/ossec,audit-wazuh-c,SYSCALL,/bin/sh,,,,,
2026-09-29T00:53:18.661Z,victima-linux,80792,3,Audit: Command: /usr/bin/ps.,audit|audit_command,RS2,/usr/bin/ps,/var/ossec,audit-wazuh-c,SYSCALL,/bin/ps,,,,,
2026-09-29T00:53:18.663Z,victima-linux,80792,3,Audit: Command: /usr/bin/dash.,audit|audit_command,RS2,/usr/bin/dash,/var/ossec,audit-wazuh-c,SYSCALL,/bin/sh,,,,,
2026-09-29T00:53:18.666Z,victima-linux,80792,3,Audit: Command: /usr/bin/ps.,audit|audit_command,RS2,/usr/bin/ps,/var/ossec,audit-wazuh-c,SYSCALL,/bin/ps,,,,,
2026-09-29T00:53:18.668Z,victima-linux,80792,3,Audit: Command: /usr/bin/dash.,audit|audit_command,RS2,/usr/bin/dash,/var/ossec,audit-wazuh-c,SYSCALL,/bin/sh,,,,,
2026-09-29T00:53:18.671Z,victima-linux,80792,3,Audit: Command: /usr/bin/ps.,audit|audit_command,RS2,/usr/bin/ps,/var/ossec,audit-wazuh-c,SYSCALL,/bin/ps,,,,,
2026-09-29T00:53:20.617Z,victima-linux,80792,3,Audit: Command: /usr/bin/dash.,audit|audit_command,RS2,/usr/bin/dash,/var/ossec,audit-wazuh-c,SYSCALL,/bin/sh,,,,,
2026-09-29T00:53:20.617Z,victima-linux,80792,3,Audit: Command: /usr/bin/ps.,audit|audit_command,RS2,/usr/bin/ps,/var/ossec,audit-wazuh-c,SYSCALL,/bin/ps,,,,,
2026-09-29T00:53:20.620Z,victima-linux,80792,3,Audit: Command: /usr/bin/dash.,audit|audit_command,RS2,/usr/bin/dash,/var/ossec,audit-wazuh-c,SYSCALL,/bin/sh,,,,,
2026-09-29T00:53:20.622Z,victima-linux,80792,3,Audit: Command: /usr/bin/ps.,audit|audit_command,RS2,/usr/bin/ps,/var/ossec,audit-wazuh-c,SYSCALL,/bin/ps,,,,,
2026-09-29T00:53:20.626Z,victima-linux,80792,3,Audit: Command: /usr/bin/dash.,audit|audit_command,RS2,/usr/bin/dash,/var/ossec,audit-wazuh-c,SYSCALL,/bin/sh,,,,,
2026-09-29T00:53:20.628Z,victima-linux,80792,3,Audit: Command: /usr/bin/ps.,audit|audit_command,RS2,/usr/bin/ps,/var/ossec,audit-wazuh-c,SYSCALL,/bin/ps,,,,,
2026-09-29T00:53:20.629Z,victima-linux,80780,3,Audit: Watch - Write access.,audit|audit_watch_write,RS2,/var/ossec/bin/wazuh-syscheckd,,audit-wazuh-w,SYSCALL,,,,,,
2026-09-29T00:53:20.634Z,victima-linux,80792,3,Audit: Command: /usr/bin/dash.,audit|audit_command,RS2,/usr/bin/dash,/var/ossec,audit-wazuh-c,SYSCALL,/bin/sh,,,,,
2026-09-29T00:53:20.635Z,victima-linux,80792,3,Audit: Command: /usr/bin/ps.,audit|audit_command,RS2,/usr/bin/ps,/var/ossec,audit-wazuh-c,SYSCALL,/bin/ps,,,,,
2026-09-29T00:53:20.637Z,victima-linux,80792,3,Audit: Command: /usr/bin/dash.,audit|audit_command,RS2,/usr/bin/dash,/var/ossec,audit-wazuh-c,SYSCALL,/bin/sh,,,,,
2026-09-29T00:53:20.640Z,victima-linux,80792,3,Audit: Command: /usr/bin/ps.,audit|audit_command,RS2,/usr/bin/ps,/var/ossec,audit-wazuh-c,SYSCALL,/bin/ps,,,,,
2026-09-29T00:53:20.642Z,victima-linux,80792,3,Audit: Command: /usr/bin/dash.,audit|audit_command,RS2,/usr/bin/dash,/var/ossec,audit-wazuh-c,SYSCALL,/bin/sh,,,,,
2026-09-29T00:53:20.645Z,victima-linux,80792,3,Audit: Command: /usr/bin/ps.,audit|audit_command,RS2,/usr/bin/ps,/var/ossec,audit-wazuh-c,SYSCALL,/bin/ps,,,,,
2026-09-29T00:53:20.647Z,victima-linux,80792,3,Audit: Command: /usr/bin/dash.,audit|audit_command,RS2,/usr/bin/dash,/var/ossec,audit-wazuh-c,SYSCALL,/bin/sh,,,,,
2026-09-29T00:53:20.649Z,victima-linux,80792,3,Audit: Command: /usr/bin/ps.,audit|audit_command,RS2,/usr/bin/ps,/var/ossec,audit-wazuh-c,SYSCALL,/bin/ps,,,,,
2026-09-29T00:53:20.652Z,victima-linux,80792,3,Audit: Command: /usr/bin/dash.,audit|audit_command,RS2,/usr/bin/dash,/var/ossec,audit-wazuh-c,SYSCALL,/bin/sh,,,,,
2026-09-29T00:53:20.654Z,victima-linux,80792,3,Audit: Command: /usr/bin/ps.,audit|audit_command,RS2,/usr/bin/ps,/var/ossec,audit-wazuh-c,SYSCALL,/bin/ps,,,,,
2026-09-29T00:53:20.656Z,victima-linux,80792,3,Audit: Command: /usr/bin/dash.,audit|audit_command,RS2,/usr/bin/dash,/var/ossec,audit-wazuh-c,SYSCALL,/bin/sh,,,,,
2026-09-29T00:53:20.659Z,victima-linux,80792,3,Audit: Command: /usr/bin/ps.,audit|audit_command,RS2,/usr/bin/ps,/var/ossec,audit-wazuh-c,SYSCALL,/bin/ps,,,,,
2026-09-29T00:53:20.661Z,victima-linux,80792,3,Audit: Command: /usr/bin/dash.,audit|audit_command,RS2,/usr/bin/dash,/var/ossec,audit-wazuh-c,SYSCALL,/bin/sh,,,,,
2026-09-29T00:53:20.664Z,victima-linux,80792,3,Audit: Command: /usr/bin/ps.,audit|audit_command,RS2,/usr/bin/ps,/var/ossec,audit-wazuh-c,SYSCALL,/bin/ps,,,,,
2026-09-29T00:53:20.665Z,victima-linux,80792,3,Audit: Command: /usr/bin/dash.,audit|audit_command,RS2,/usr/bin/dash,/var/ossec,audit-wazuh-c,SYSCALL,/bin/sh,,,,,
2026-09-29T00:53:20.668Z,victima-linux,80792,3,Audit: Command: /usr/bin/ps.,audit|audit_command,RS2,/usr/bin/ps,/var/ossec,audit-wazuh-c,SYSCALL,/bin/ps,,,,,
2026-09-29T00:53:20.671Z,victima-linux,80792,3,Audit: Command: /usr/bin/dash.,audit|audit_command,RS2,/usr/bin/dash,/var/ossec,audit-wazuh-c,SYSCALL,/bin/sh,,,,,
2026-09-29T00:53:20.673Z,victima-linux,80792,3,Audit: Command: /usr/bin/ps.,audit|audit_command,RS2,/usr/bin/ps,/var/ossec,audit-wazuh-c,SYSCALL,/bin/ps,,,,,
2026-09-29T00:53:20.675Z,victima-linux,80792,3,Audit: Command: /usr/bin/dash.,audit|audit_command,RS2,/usr/bin/dash,/var/ossec,audit-wazuh-c,SYSCALL,/bin/sh,,,,,
2026-09-29T00:53:20.678Z,victima-linux,80792,3,Audit: Command: /usr/bin/ps.,audit|audit_command,RS2,/usr/bin/ps,/var/ossec,audit-wazuh-c,SYSCALL,/bin/ps,,,,,
2026-09-29T00:53:20.680Z,victima-linux,80791,3,Audit: Deleted: var/run/.,audit|audit_watch_delete|audit_watch_write,RS2,/var/ossec/bin/wazuh-agentd,/var/ossec,audit-wazuh-w,SYSCALL,var/run/,var/run/,,,,
2026-09-29T00:53:20.683Z,victima-linux,80792,3,Audit: Command: /usr/bin/dash.,audit|audit_command,RS2,/usr/bin/dash,/var/ossec,audit-wazuh-c,SYSCALL,/bin/sh,,,,,
2026-09-29T00:53:20.685Z,victima-linux,80792,3,Audit: Command: /usr/bin/ps.,audit|audit_command,RS2,/usr/bin/ps,/var/ossec,audit-wazuh-c,SYSCALL,/bin/ps,,,,,
2026-09-29T00:53:20.687Z,victima-linux,80792,3,Audit: Command: /usr/bin/dash.,audit|audit_command,RS2,/usr/bin/dash,/var/ossec,audit-wazuh-c,SYSCALL,/bin/sh,,,,,
2026-09-29T00:53:20.690Z,victima-linux,80792,3,Audit: Command: /usr/bin/ps.,audit|audit_command,RS2,/usr/bin/ps,/var/ossec,audit-wazuh-c,SYSCALL,/bin/ps,,,,,
2026-09-29T00:53:20.692Z,victima-linux,80792,3,Audit: Command: /usr/bin/dash.,audit|audit_command,RS2,/usr/bin/dash,/var/ossec,audit-wazuh-c,SYSCALL,/bin/sh,,,,,
2026-09-29T00:53:20.694Z,victima-linux,80792,3,Audit: Command: /usr/bin/ps.,audit|audit_command,RS2,/usr/bin/ps,/var/ossec,audit-wazuh-c,SYSCALL,/bin/ps,,,,,
2026-09-29T00:53:20.697Z,victima-linux,80792,3,Audit: Command: /usr/bin/dash.,audit|audit_command,RS2,/usr/bin/dash,/var/ossec,audit-wazuh-c,SYSCALL,/bin/sh,,,,,
2026-09-29T00:53:20.699Z,victima-linux,80792,3,Audit: Command: /usr/bin/ps.,audit|audit_command,RS2,/usr/bin/ps,/var/ossec,audit-wazuh-c,SYSCALL,/bin/ps,,,,,
2026-09-29T00:53:20.702Z,victima-linux,80792,3,Audit: Command: /usr/bin/dash.,audit|audit_command,RS2,/usr/bin/dash,/var/ossec,audit-wazuh-c,SYSCALL,/bin/sh,,,,,
2026-09-29T00:53:20.704Z,victima-linux,80792,3,Audit: Command: /usr/bin/ps.,audit|audit_command,RS2,/usr/bin/ps,/var/ossec,audit-wazuh-c,SYSCALL,/bin/ps,,,,,
2026-09-29T00:53:20.706Z,victima-linux,80792,3,Audit: Command: /usr/bin/dash.,audit|audit_command,RS2,/usr/bin/dash,/var/ossec,audit-wazuh-c,SYSCALL,/bin/sh,,,,,
2026-09-29T00:53:20.708Z,victima-linux,80792,3,Audit: Command: /usr/bin/ps.,audit|audit_command,RS2,/usr/bin/ps,/var/ossec,audit-wazuh-c,SYSCALL,/bin/ps,,,,,
2026-09-29T00:53:20.710Z,victima-linux,80792,3,Audit: Command: /usr/bin/dash.,audit|audit_command,RS2,/usr/bin/dash,/var/ossec,audit-wazuh-c,SYSCALL,/bin/sh,,,,,
2026-09-29T00:53:20.714Z,victima-linux,80792,3,Audit: Command: /usr/bin/ps.,audit|audit_command,RS2,/usr/bin/ps,/var/ossec,audit-wazuh-c,SYSCALL,/bin/ps,,,,,
2026-09-29T00:53:20.717Z,victima-linux,80792,3,Audit: Command: /usr/bin/dash.,audit|audit_command,RS2,/usr/bin/dash,/var/ossec,audit-wazuh-c,SYSCALL,/bin/sh,,,,,
2026-09-29T00:53:20.719Z,victima-linux,80792,3,Audit: Command: /usr/bin/ps.,audit|audit_command,RS2,/usr/bin/ps,/var/ossec,audit-wazuh-c,SYSCALL,/bin/ps,,,,,
2026-09-29T00:53:20.721Z,victima-linux,80792,3,Audit: Command: /usr/bin/dash.,audit|audit_command,RS2,/usr/bin/dash,/var/ossec,audit-wazuh-c,SYSCALL,/bin/sh,,,,,
2026-09-29T00:53:20.723Z,victima-linux,80792,3,Audit: Command: /usr/bin/ps.,audit|audit_command,RS2,/usr/bin/ps,/var/ossec,audit-wazuh-c,SYSCALL,/bin/ps,,,,,
2026-09-29T00:53:20.726Z,victima-linux,80792,3,Audit: Command: /usr/bin/dash.,audit|audit_command,RS2,/usr/bin/dash,/var/ossec,audit-wazuh-c,SYSCALL,/bin/sh,,,,,
2026-09-29T00:53:20.728Z,victima-linux,80792,3,Audit: Command: /usr/bin/ps.,audit|audit_command,RS2,/usr/bin/ps,/var/ossec,audit-wazuh-c,SYSCALL,/bin/ps,,,,,
2026-09-29T00:53:20.731Z,victima-linux,80792,3,Audit: Command: /usr/bin/dash.,audit|audit_command,RS2,/usr/bin/dash,/var/ossec,audit-wazuh-c,SYSCALL,/bin/sh,,,,,
2026-09-29T00:53:20.733Z,victima-linux,80792,3,Audit: Command: /usr/bin/ps.,audit|audit_command,RS2,/usr/bin/ps,/var/ossec,audit-wazuh-c,SYSCALL,/bin/ps,,,,,
2026-09-29T00:53:20.735Z,victima-linux,80792,3,Audit: Command: /usr/bin/dash.,audit|audit_command,RS2,/usr/bin/dash,/var/ossec,audit-wazuh-c,SYSCALL,/bin/sh,,,,,
2026-09-29T00:53:20.738Z,victima-linux,80792,3,Audit: Command: /usr/bin/ps.,audit|audit_command,RS2,/usr/bin/ps,/var/ossec,audit-wazuh-c,SYSCALL,/bin/ps,,,,,
2026-09-29T00:53:20.740Z,victima-linux,80792,3,Audit: Command: /usr/bin/dash.,audit|audit_command,RS2,/usr/bin/dash,/var/ossec,audit-wazuh-c,SYSCALL,/bin/sh,,,,,
2026-09-29T00:53:20.743Z,victima-linux,80792,3,Audit: Command: /usr/bin/ps.,audit|audit_command,RS2,/usr/bin/ps,/var/ossec,audit-wazuh-c,SYSCALL,/bin/ps,,,,,
2026-09-29T00:53:20.745Z,victima-linux,80792,3,Audit: Command: /usr/bin/dash.,audit|audit_command,RS2,/usr/bin/dash,/var/ossec,audit-wazuh-c,SYSCALL,/bin/sh,,,,,
2026-09-29T00:53:20.747Z,victima-linux,80792,3,Audit: Command: /usr/bin/ps.,audit|audit_command,RS2,/usr/bin/ps,/var/ossec,audit-wazuh-c,SYSCALL,/bin/ps,,,,,
2026-09-29T00:53:20.749Z,victima-linux,80792,3,Audit: Command: /usr/bin/dash.,audit|audit_command,RS2,/usr/bin/dash,/var/ossec,audit-wazuh-c,SYSCALL,/bin/sh,,,,,
2026-09-29T00:53:20.752Z,victima-linux,80792,3,Audit: Command: /usr/bin/ps.,audit|audit_command,RS2,/usr/bin/ps,/var/ossec,audit-wazuh-c,SYSCALL,/bin/ps,,,,,
2026-09-29T00:53:20.754Z,victima-linux,80792,3,Audit: Command: /usr/bin/dash.,audit|audit_command,RS2,/usr/bin/dash,/var/ossec,audit-wazuh-c,SYSCALL,/bin/sh,,,,,
2026-09-29T00:53:20.756Z,victima-linux,80792,3,Audit: Command: /usr/bin/ps.,audit|audit_command,RS2,/usr/bin/ps,/var/ossec,audit-wazuh-c,SYSCALL,/bin/ps,,,,,
2026-09-29T00:53:20.758Z,victima-linux,80792,3,Audit: Command: /usr/bin/dash.,audit|audit_command,RS2,/usr/bin/dash,/var/ossec,audit-wazuh-c,SYSCALL,/bin/sh,,,,,
2026-09-29T00:53:20.760Z,victima-linux,80792,3,Audit: Command: /usr/bin/ps.,audit|audit_command,RS2,/usr/bin/ps,/var/ossec,audit-wazuh-c,SYSCALL,/bin/ps,,,,,
2026-09-29T00:53:22.619Z,victima-linux,80792,3,Audit: Command: /usr/bin/dash.,audit|audit_command,RS2,/usr/bin/dash,/var/ossec,audit-wazuh-c,SYSCALL,/bin/sh,,,,,
2026-09-29T00:53:22.619Z,victima-linux,80792,3,Audit: Command: /usr/bin/ps.,audit|audit_command,RS2,/usr/bin/ps,/var/ossec,audit-wazuh-c,SYSCALL,/bin/ps,,,,,
2026-09-29T00:53:22.621Z,victima-linux,80792,3,Audit: Command: /usr/bin/dash.,audit|audit_command,RS2,/usr/bin/dash,/var/ossec,audit-wazuh-c,SYSCALL,/bin/sh,,,,,
2026-09-29T00:53:22.623Z,victima-linux,80792,3,Audit: Command: /usr/bin/ps.,audit|audit_command,RS2,/usr/bin/ps,/var/ossec,audit-wazuh-c,SYSCALL,/bin/ps,,,,,
2026-09-29T00:53:22.625Z,victima-linux,80792,3,Audit: Command: /usr/bin/dash.,audit|audit_command,RS2,/usr/bin/dash,/var/ossec,audit-wazuh-c,SYSCALL,/bin/sh,,,,,
2026-09-29T00:53:22.628Z,victima-linux,80792,3,Audit: Command: /usr/bin/ps.,audit|audit_command,RS2,/usr/bin/ps,/var/ossec,audit-wazuh-c,SYSCALL,/bin/ps,,,,,
2026-09-29T00:53:22.630Z,victima-linux,80792,3,Audit: Command: /usr/bin/dash.,audit|audit_command,RS2,/usr/bin/dash,/var/ossec,audit-wazuh-c,SYSCALL,/bin/sh,,,,,
2026-09-29T00:53:22.633Z,victima-linux,80792,3,Audit: Command: /usr/bin/ps.,audit|audit_command,RS2,/usr/bin/ps,/var/ossec,audit-wazuh-c,SYSCALL,/bin/ps,,,,,
2026-09-29T00:53:22.635Z,victima-linux,80792,3,Audit: Command: /usr/bin/dash.,audit|audit_command,RS2,/usr/bin/dash,/var/ossec,audit-wazuh-c,SYSCALL,/bin/sh,,,,,
2026-09-29T00:53:22.638Z,victima-linux,80792,3,Audit: Command: /usr/bin/ps.,audit|audit_command,RS2,/usr/bin/ps,/var/ossec,audit-wazuh-c,SYSCALL,/bin/ps,,,,,
2026-09-29T00:53:22.640Z,victima-linux,80792,3,Audit: Command: /usr/bin/dash.,audit|audit_command,RS2,/usr/bin/dash,/var/ossec,audit-wazuh-c,SYSCALL,/bin/sh,,,,,
2026-09-29T00:53:22.643Z,victima-linux,80792,3,Audit: Command: /usr/bin/ps.,audit|audit_command,RS2,/usr/bin/ps,/var/ossec,audit-wazuh-c,SYSCALL,/bin/ps,,,,,
2026-09-29T00:53:22.645Z,victima-linux,80792,3,Audit: Command: /usr/bin/dash.,audit|audit_command,RS2,/usr/bin/dash,/var/ossec,audit-wazuh-c,SYSCALL,/bin/sh,,,,,
2026-09-29T00:53:22.648Z,victima-linux,80792,3,Audit: Command: /usr/bin/ps.,audit|audit_command,RS2,/usr/bin/ps,/var/ossec,audit-wazuh-c,SYSCALL,/bin/ps,,,,,
2026-09-29T00:53:22.650Z,victima-linux,80792,3,Audit: Command: /usr/bin/dash.,audit|audit_command,RS2,/usr/bin/dash,/var/ossec,audit-wazuh-c,SYSCALL,/bin/sh,,,,,
2026-09-29T00:53:22.652Z,victima-linux,80792,3,Audit: Command: /usr/bin/ps.,audit|audit_command,RS2,/usr/bin/ps,/var/ossec,audit-wazuh-c,SYSCALL,/bin/ps,,,,,
2026-09-29T00:53:22.655Z,victima-linux,80792,3,Audit: Command: /usr/bin/dash.,audit|audit_command,RS2,/usr/bin/dash,/var/ossec,audit-wazuh-c,SYSCALL,/bin/sh,,,,,
2026-09-29T00:53:22.657Z,victima-linux,80792,3,Audit: Command: /usr/bin/ps.,audit|audit_command,RS2,/usr/bin/ps,/var/ossec,audit-wazuh-c,SYSCALL,/bin/ps,,,,,
2026-09-29T00:53:22.659Z,victima-linux,80792,3,Audit: Command: /usr/bin/dash.,audit|audit_command,RS2,/usr/bin/dash,/var/ossec,audit-wazuh-c,SYSCALL,/bin/sh,,,,,
2026-09-29T00:53:22.661Z,victima-linux,80792,3,Audit: Command: /usr/bin/ps.,audit|audit_command,RS2,/usr/bin/ps,/var/ossec,audit-wazuh-c,SYSCALL,/bin/ps,,,,,
2026-09-29T00:53:22.664Z,victima-linux,80792,3,Audit: Command: /usr/bin/dash.,audit|audit_command,RS2,/usr/bin/dash,/var/ossec,audit-wazuh-c,SYSCALL,/bin/sh,,,,,
2026-09-29T00:53:22.666Z,victima-linux,80792,3,Audit: Command: /usr/bin/ps.,audit|audit_command,RS2,/usr/bin/ps,/var/ossec,audit-wazuh-c,SYSCALL,/bin/ps,,,,,
2026-09-29T00:53:22.668Z,victima-linux,80792,3,Audit: Command: /usr/bin/dash.,audit|audit_command,RS2,/usr/bin/dash,/var/ossec,audit-wazuh-c,SYSCALL,/bin/sh,,,,,
2026-09-29T00:53:22.671Z,victima-linux,80792,3,Audit: Command: /usr/bin/ps.,audit|audit_command,RS2,/usr/bin/ps,/var/ossec,audit-wazuh-c,SYSCALL,/bin/ps,,,,,
2026-09-29T00:53:22.673Z,victima-linux,80792,3,Audit: Command: /usr/bin/dash.,audit|audit_command,RS2,/usr/bin/dash,/var/ossec,audit-wazuh-c,SYSCALL,/bin/sh,,,,,
2026-09-29T00:53:22.675Z,victima-linux,80792,3,Audit: Command: /usr/bin/ps.,audit|audit_command,RS2,/usr/bin/ps,/var/ossec,audit-wazuh-c,SYSCALL,/bin/ps,,,,,
2026-09-29T00:53:22.677Z,victima-linux,80792,3,Audit: Command: /usr/bin/dash.,audit|audit_command,RS2,/usr/bin/dash,/var/ossec,audit-wazuh-c,SYSCALL,/bin/sh,,,,,
2026-09-29T00:53:22.680Z,victima-linux,80792,3,Audit: Command: /usr/bin/ps.,audit|audit_command,RS2,/usr/bin/ps,/var/ossec,audit-wazuh-c,SYSCALL,/bin/ps,,,,,
2026-09-29T00:53:22.682Z,victima-linux,80792,3,Audit: Command: /usr/bin/dash.,audit|audit_command,RS2,/usr/bin/dash,/var/ossec,audit-wazuh-c,SYSCALL,/bin/sh,,,,,
2026-09-29T00:53:22.684Z,victima-linux,80792,3,Audit: Command: /usr/bin/ps.,audit|audit_command,RS2,/usr/bin/ps,/var/ossec,audit-wazuh-c,SYSCALL,/bin/ps,,,,,
2026-09-29T00:53:22.686Z,victima-linux,80792,3,Audit: Command: /usr/bin/dash.,audit|audit_command,RS2,/usr/bin/dash,/var/ossec,audit-wazuh-c,SYSCALL,/bin/sh,,,,,
2026-09-29T00:53:22.689Z,victima-linux,80792,3,Audit: Command: /usr/bin/ps.,audit|audit_command,RS2,/usr/bin/ps,/var/ossec,audit-wazuh-c,SYSCALL,/bin/ps,,,,,
2026-09-29T00:53:22.691Z,victima-linux,80792,3,Audit: Command: /usr/bin/dash.,audit|audit_command,RS2,/usr/bin/dash,/var/ossec,audit-wazuh-c,SYSCALL,/bin/sh,,,,,
2026-09-29T00:53:22.694Z,victima-linux,80792,3,Audit: Command: /usr/bin/ps.,audit|audit_command,RS2,/usr/bin/ps,/var/ossec,audit-wazuh-c,SYSCALL,/bin/ps,,,,,
2026-09-29T00:53:22.696Z,victima-linux,80792,3,Audit: Command: /usr/bin/dash.,audit|audit_command,RS2,/usr/bin/dash,/var/ossec,audit-wazuh-c,SYSCALL,/bin/sh,,,,,
2026-09-29T00:53:22.698Z,victima-linux,80792,3,Audit: Command: /usr/bin/ps.,audit|audit_command,RS2,/usr/bin/ps,/var/ossec,audit-wazuh-c,SYSCALL,/bin/ps,,,,,
2026-09-29T00:53:22.700Z,victima-linux,80792,3,Audit: Command: /usr/bin/dash.,audit|audit_command,RS2,/usr/bin/dash,/var/ossec,audit-wazuh-c,SYSCALL,/bin/sh,,,,,
2026-09-29T00:53:22.703Z,victima-linux,80792,3,Audit: Command: /usr/bin/ps.,audit|audit_command,RS2,/usr/bin/ps,/var/ossec,audit-wazuh-c,SYSCALL,/bin/ps,,,,,
2026-09-29T00:53:22.705Z,victima-linux,80792,3,Audit: Command: /usr/bin/dash.,audit|audit_command,RS2,/usr/bin/dash,/var/ossec,audit-wazuh-c,SYSCALL,/bin/sh,,,,,
2026-09-29T00:53:22.709Z,victima-linux,80792,3,Audit: Command: /usr/bin/ps.,audit|audit_command,RS2,/usr/bin/ps,/var/ossec,audit-wazuh-c,SYSCALL,/bin/ps,,,,,
2026-09-29T00:53:22.711Z,victima-linux,80792,3,Audit: Command: /usr/bin/dash.,audit|audit_command,RS2,/usr/bin/dash,/var/ossec,audit-wazuh-c,SYSCALL,/bin/sh,,,,,
2026-09-29T00:53:22.714Z,victima-linux,80792,3,Audit: Command: /usr/bin/ps.,audit|audit_command,RS2,/usr/bin/ps,/var/ossec,audit-wazuh-c,SYSCALL,/bin/ps,,,,,
2026-09-29T00:53:22.716Z,victima-linux,80792,3,Audit: Command: /usr/bin/dash.,audit|audit_command,RS2,/usr/bin/dash,/var/ossec,audit-wazuh-c,SYSCALL,/bin/sh,,,,,
2026-09-29T00:53:22.718Z,victima-linux,80792,3,Audit: Command: /usr/bin/ps.,audit|audit_command,RS2,/usr/bin/ps,/var/ossec,audit-wazuh-c,SYSCALL,/bin/ps,,,,,
2026-09-29T00:53:22.721Z,victima-linux,80792,3,Audit: Command: /usr/bin/dash.,audit|audit_command,RS2,/usr/bin/dash,/var/ossec,audit-wazuh-c,SYSCALL,/bin/sh,,,,,
2026-09-29T00:53:22.723Z,victima-linux,80792,3,Audit: Command: /usr/bin/ps.,audit|audit_command,RS2,/usr/bin/ps,/var/ossec,audit-wazuh-c,SYSCALL,/bin/ps,,,,,
2026-09-29T00:53:22.725Z,victima-linux,80792,3,Audit: Command: /usr/bin/dash.,audit|audit_command,RS2,/usr/bin/dash,/var/ossec,audit-wazuh-c,SYSCALL,/bin/sh,,,,,
2026-09-29T00:53:22.728Z,victima-linux,80792,3,Audit: Command: /usr/bin/ps.,audit|audit_command,RS2,/usr/bin/ps,/var/ossec,audit-wazuh-c,SYSCALL,/bin/ps,,,,,
2026-09-29T00:53:22.730Z,victima-linux,80792,3,Audit: Command: /usr/bin/dash.,audit|audit_command,RS2,/usr/bin/dash,/var/ossec,audit-wazuh-c,SYSCALL,/bin/sh,,,,,
2026-09-29T00:53:22.733Z,victima-linux,80792,3,Audit: Command: /usr/bin/ps.,audit|audit_command,RS2,/usr/bin/ps,/var/ossec,audit-wazuh-c,SYSCALL,/bin/ps,,,,,
2026-09-29T00:53:22.735Z,victima-linux,80792,3,Audit: Command: /usr/bin/dash.,audit|audit_command,RS2,/usr/bin/dash,/var/ossec,audit-wazuh-c,SYSCALL,/bin/sh,,,,,
2026-09-29T00:53:22.737Z,victima-linux,80792,3,Audit: Command: /usr/bin/ps.,audit|audit_command,RS2,/usr/bin/ps,/var/ossec,audit-wazuh-c,SYSCALL,/bin/ps,,,,,
2026-09-29T00:53:22.740Z,victima-linux,80792,3,Audit: Command: /usr/bin/dash.,audit|audit_command,RS2,/usr/bin/dash,/var/ossec,audit-wazuh-c,SYSCALL,/bin/sh,,,,,
2026-09-29T00:53:22.742Z,victima-linux,80792,3,Audit: Command: /usr/bin/ps.,audit|audit_command,RS2,/usr/bin/ps,/var/ossec,audit-wazuh-c,SYSCALL,/bin/ps,,,,,
2026-09-29T00:53:22.744Z,victima-linux,80792,3,Audit: Command: /usr/bin/dash.,audit|audit_command,RS2,/usr/bin/dash,/var/ossec,audit-wazuh-c,SYSCALL,/bin/sh,,,,,
2026-09-29T00:53:22.747Z,victima-linux,80792,3,Audit: Command: /usr/bin/ps.,audit|audit_command,RS2,/usr/bin/ps,/var/ossec,audit-wazuh-c,SYSCALL,/bin/ps,,,,,
2026-09-29T00:53:22.749Z,victima-linux,80792,3,Audit: Command: /usr/bin/dash.,audit|audit_command,RS2,/usr/bin/dash,/var/ossec,audit-wazuh-c,SYSCALL,/bin/sh,,,,,
2026-09-29T00:53:22.751Z,victima-linux,80792,3,Audit: Command: /usr/bin/ps.,audit|audit_command,RS2,/usr/bin/ps,/var/ossec,audit-wazuh-c,SYSCALL,/bin/ps,,,,,
2026-09-29T00:53:22.754Z,victima-linux,80792,3,Audit: Command: /usr/bin/dash.,audit|audit_command,RS2,/usr/bin/dash,/var/ossec,audit-wazuh-c,SYSCALL,/bin/sh,,,,,
2026-09-29T00:53:22.756Z,victima-linux,80792,3,Audit: Command: /usr/bin/ps.,audit|audit_command,RS2,/usr/bin/ps,/var/ossec,audit-wazuh-c,SYSCALL,/bin/ps,,,,,
2026-09-29T00:53:24.621Z,victima-linux,80792,3,Audit: Command: /usr/bin/dash.,audit|audit_command,RS2,/usr/bin/dash,/var/ossec,audit-wazuh-c,SYSCALL,/bin/sh,,,,,
2026-09-29T00:53:24.622Z,victima-linux,80792,3,Audit: Command: /usr/bin/ps.,audit|audit_command,RS2,/usr/bin/ps,/var/ossec,audit-wazuh-c,SYSCALL,/bin/ps,,,,,
2026-09-29T00:53:24.629Z,victima-linux,80792,3,Audit: Command: /usr/bin/dash.,audit|audit_command,RS2,/usr/bin/dash,/var/ossec,audit-wazuh-c,SYSCALL,/bin/sh,,,,,
2026-09-29T00:53:24.629Z,victima-linux,80792,3,Audit: Command: /usr/bin/dash.,audit|audit_command,RS2,/usr/bin/dash,/var/ossec,audit-wazuh-c,SYSCALL,/bin/sh,,,,,
2026-09-29T00:53:24.629Z,victima-linux,80792,3,Audit: Command: /usr/bin/ps.,audit|audit_command,RS2,/usr/bin/ps,/var/ossec,audit-wazuh-c,SYSCALL,/bin/ps,,,,,
2026-09-29T00:53:24.637Z,victima-linux,80792,3,Audit: Command: /usr/bin/dash.,audit|audit_command,RS2,/usr/bin/dash,/var/ossec,audit-wazuh-c,SYSCALL,/bin/sh,,,,,
2026-09-29T00:53:24.637Z,victima-linux,80792,3,Audit: Command: /usr/bin/ps.,audit|audit_command,RS2,/usr/bin/ps,/var/ossec,audit-wazuh-c,SYSCALL,/bin/ps,,,,,
2026-09-29T00:53:24.638Z,victima-linux,80792,3,Audit: Command: /usr/bin/ps.,audit|audit_command,RS2,/usr/bin/ps,/var/ossec,audit-wazuh-c,SYSCALL,/bin/ps,,,,,
2026-09-29T00:53:24.645Z,victima-linux,80792,3,Audit: Command: /usr/bin/dash.,audit|audit_command,RS2,/usr/bin/dash,/var/ossec,audit-wazuh-c,SYSCALL,/bin/sh,,,,,
2026-09-29T00:53:24.645Z,victima-linux,80792,3,Audit: Command: /usr/bin/dash.,audit|audit_command,RS2,/usr/bin/dash,/var/ossec,audit-wazuh-c,SYSCALL,/bin/sh,,,,,
2026-09-29T00:53:24.645Z,victima-linux,80792,3,Audit: Command: /usr/bin/ps.,audit|audit_command,RS2,/usr/bin/ps,/var/ossec,audit-wazuh-c,SYSCALL,/bin/ps,,,,,
2026-09-29T00:53:24.652Z,victima-linux,80792,3,Audit: Command: /usr/bin/dash.,audit|audit_command,RS2,/usr/bin/dash,/var/ossec,audit-wazuh-c,SYSCALL,/bin/sh,,,,,
2026-09-29T00:53:24.652Z,victima-linux,80792,3,Audit: Command: /usr/bin/ps.,audit|audit_command,RS2,/usr/bin/ps,/var/ossec,audit-wazuh-c,SYSCALL,/bin/ps,,,,,
2026-09-29T00:53:24.652Z,victima-linux,80792,3,Audit: Command: /usr/bin/ps.,audit|audit_command,RS2,/usr/bin/ps,/var/ossec,audit-wazuh-c,SYSCALL,/bin/ps,,,,,
2026-09-29T00:53:24.658Z,victima-linux,80792,3,Audit: Command: /usr/bin/dash.,audit|audit_command,RS2,/usr/bin/dash,/var/ossec,audit-wazuh-c,SYSCALL,/bin/sh,,,,,
2026-09-29T00:53:24.658Z,victima-linux,80792,3,Audit: Command: /usr/bin/dash.,audit|audit_command,RS2,/usr/bin/dash,/var/ossec,audit-wazuh-c,SYSCALL,/bin/sh,,,,,
2026-09-29T00:53:24.658Z,victima-linux,80792,3,Audit: Command: /usr/bin/ps.,audit|audit_command,RS2,/usr/bin/ps,/var/ossec,audit-wazuh-c,SYSCALL,/bin/ps,,,,,
2026-09-29T00:53:24.665Z,victima-linux,80792,3,Audit: Command: /usr/bin/dash.,audit|audit_command,RS2,/usr/bin/dash,/var/ossec,audit-wazuh-c,SYSCALL,/bin/sh,,,,,
2026-09-29T00:53:24.665Z,victima-linux,80792,3,Audit: Command: /usr/bin/ps.,audit|audit_command,RS2,/usr/bin/ps,/var/ossec,audit-wazuh-c,SYSCALL,/bin/ps,,,,,
2026-09-29T00:53:24.665Z,victima-linux,80792,3,Audit: Command: /usr/bin/ps.,audit|audit_command,RS2,/usr/bin/ps,/var/ossec,audit-wazuh-c,SYSCALL,/bin/ps,,,,,
2026-09-29T00:53:24.672Z,victima-linux,80792,3,Audit: Command: /usr/bin/ps.,audit|audit_command,RS2,/usr/bin/ps,/var/ossec,audit-wazuh-c,SYSCALL,/bin/ps,,,,,
2026-09-29T00:53:24.673Z,victima-linux,80792,3,Audit: Command: /usr/bin/dash.,audit|audit_command,RS2,/usr/bin/dash,/var/ossec,audit-wazuh-c,SYSCALL,/bin/sh,,,,,
2026-09-29T00:53:24.673Z,victima-linux,80792,3,Audit: Command: /usr/bin/dash.,audit|audit_command,RS2,/usr/bin/dash,/var/ossec,audit-wazuh-c,SYSCALL,/bin/sh,,,,,
2026-09-29T00:53:24.680Z,victima-linux,80792,3,Audit: Command: /usr/bin/dash.,audit|audit_command,RS2,/usr/bin/dash,/var/ossec,audit-wazuh-c,SYSCALL,/bin/sh,,,,,
2026-09-29T00:53:24.680Z,victima-linux,80792,3,Audit: Command: /usr/bin/ps.,audit|audit_command,RS2,/usr/bin/ps,/var/ossec,audit-wazuh-c,SYSCALL,/bin/ps,,,,,
2026-09-29T00:53:24.680Z,victima-linux,80792,3,Audit: Command: /usr/bin/ps.,audit|audit_command,RS2,/usr/bin/ps,/var/ossec,audit-wazuh-c,SYSCALL,/bin/ps,,,,,
2026-09-29T00:53:24.686Z,victima-linux,80792,3,Audit: Command: /usr/bin/dash.,audit|audit_command,RS2,/usr/bin/dash,/var/ossec,audit-wazuh-c,SYSCALL,/bin/sh,,,,,
2026-09-29T00:53:24.686Z,victima-linux,80792,3,Audit: Command: /usr/bin/dash.,audit|audit_command,RS2,/usr/bin/dash,/var/ossec,audit-wazuh-c,SYSCALL,/bin/sh,,,,,
2026-09-29T00:53:24.686Z,victima-linux,80792,3,Audit: Command: /usr/bin/ps.,audit|audit_command,RS2,/usr/bin/ps,/var/ossec,audit-wazuh-c,SYSCALL,/bin/ps,,,,,
2026-09-29T00:53:24.693Z,victima-linux,80792,3,Audit: Command: /usr/bin/ps.,audit|audit_command,RS2,/usr/bin/ps,/var/ossec,audit-wazuh-c,SYSCALL,/bin/ps,,,,,
2026-09-29T00:53:24.693Z,victima-linux,80792,3,Audit: Command: /usr/bin/ps.,audit|audit_command,RS2,/usr/bin/ps,/var/ossec,audit-wazuh-c,SYSCALL,/bin/ps,,,,,
2026-09-29T00:53:24.694Z,victima-linux,80792,3,Audit: Command: /usr/bin/dash.,audit|audit_command,RS2,/usr/bin/dash,/var/ossec,audit-wazuh-c,SYSCALL,/bin/sh,,,,,
2026-09-29T00:53:24.700Z,victima-linux,80792,3,Audit: Command: /usr/bin/dash.,audit|audit_command,RS2,/usr/bin/dash,/var/ossec,audit-wazuh-c,SYSCALL,/bin/sh,,,,,
2026-09-29T00:53:24.700Z,victima-linux,80792,3,Audit: Command: /usr/bin/dash.,audit|audit_command,RS2,/usr/bin/dash,/var/ossec,audit-wazuh-c,SYSCALL,/bin/sh,,,,,
2026-09-29T00:53:24.700Z,victima-linux,80792,3,Audit: Command: /usr/bin/ps.,audit|audit_command,RS2,/usr/bin/ps,/var/ossec,audit-wazuh-c,SYSCALL,/bin/ps,,,,,
2026-09-29T00:53:24.707Z,victima-linux,80792,3,Audit: Command: /usr/bin/dash.,audit|audit_command,RS2,/usr/bin/dash,/var/ossec,audit-wazuh-c,SYSCALL,/bin/sh,,,,,
2026-09-29T00:53:24.707Z,victima-linux,80792,3,Audit: Command: /usr/bin/ps.,audit|audit_command,RS2,/usr/bin/ps,/var/ossec,audit-wazuh-c,SYSCALL,/bin/ps,,,,,
2026-09-29T00:53:24.707Z,victima-linux,80792,3,Audit: Command: /usr/bin/ps.,audit|audit_command,RS2,/usr/bin/ps,/var/ossec,audit-wazuh-c,SYSCALL,/bin/ps,,,,,
2026-09-29T00:53:24.714Z,victima-linux,80792,3,Audit: Command: /usr/bin/dash.,audit|audit_command,RS2,/usr/bin/dash,/var/ossec,audit-wazuh-c,SYSCALL,/bin/sh,,,,,
2026-09-29T00:53:24.714Z,victima-linux,80792,3,Audit: Command: /usr/bin/ps.,audit|audit_command,RS2,/usr/bin/ps,/var/ossec,audit-wazuh-c,SYSCALL,/bin/ps,,,,,
2026-09-29T00:53:24.715Z,victima-linux,80792,3,Audit: Command: /usr/bin/dash.,audit|audit_command,RS2,/usr/bin/dash,/var/ossec,audit-wazuh-c,SYSCALL,/bin/sh,,,,,
2026-09-29T00:53:24.721Z,victima-linux,80792,3,Audit: Command: /usr/bin/dash.,audit|audit_command,RS2,/usr/bin/dash,/var/ossec,audit-wazuh-c,SYSCALL,/bin/sh,,,,,
2026-09-29T00:53:24.721Z,victima-linux,80792,3,Audit: Command: /usr/bin/ps.,audit|audit_command,RS2,/usr/bin/ps,/var/ossec,audit-wazuh-c,SYSCALL,/bin/ps,,,,,
2026-09-29T00:53:24.721Z,victima-linux,80792,3,Audit: Command: /usr/bin/ps.,audit|audit_command,RS2,/usr/bin/ps,/var/ossec,audit-wazuh-c,SYSCALL,/bin/ps,,,,,
2026-09-29T00:53:24.728Z,victima-linux,80792,3,Audit: Command: /usr/bin/dash.,audit|audit_command,RS2,/usr/bin/dash,/var/ossec,audit-wazuh-c,SYSCALL,/bin/sh,,,,,
2026-09-29T00:53:24.728Z,victima-linux,80792,3,Audit: Command: /usr/bin/ps.,audit|audit_command,RS2,/usr/bin/ps,/var/ossec,audit-wazuh-c,SYSCALL,/bin/ps,,,,,
2026-09-29T00:53:24.729Z,victima-linux,80792,3,Audit: Command: /usr/bin/dash.,audit|audit_command,RS2,/usr/bin/dash,/var/ossec,audit-wazuh-c,SYSCALL,/bin/sh,,,,,
2026-09-29T00:53:24.735Z,victima-linux,80792,3,Audit: Command: /usr/bin/dash.,audit|audit_command,RS2,/usr/bin/dash,/var/ossec,audit-wazuh-c,SYSCALL,/bin/sh,,,,,
2026-09-29T00:53:24.736Z,victima-linux,80792,3,Audit: Command: /usr/bin/ps.,audit|audit_command,RS2,/usr/bin/ps,/var/ossec,audit-wazuh-c,SYSCALL,/bin/ps,,,,,
2026-09-29T00:53:24.736Z,victima-linux,80792,3,Audit: Command: /usr/bin/ps.,audit|audit_command,RS2,/usr/bin/ps,/var/ossec,audit-wazuh-c,SYSCALL,/bin/ps,,,,,
2026-09-29T00:53:24.743Z,victima-linux,80792,3,Audit: Command: /usr/bin/dash.,audit|audit_command,RS2,/usr/bin/dash,/var/ossec,audit-wazuh-c,SYSCALL,/bin/sh,,,,,
2026-09-29T00:53:24.743Z,victima-linux,80792,3,Audit: Command: /usr/bin/dash.,audit|audit_command,RS2,/usr/bin/dash,/var/ossec,audit-wazuh-c,SYSCALL,/bin/sh,,,,,
2026-09-29T00:53:24.743Z,victima-linux,80792,3,Audit: Command: /usr/bin/ps.,audit|audit_command,RS2,/usr/bin/ps,/var/ossec,audit-wazuh-c,SYSCALL,/bin/ps,,,,,
2026-09-29T00:53:24.750Z,victima-linux,80792,3,Audit: Command: /usr/bin/dash.,audit|audit_command,RS2,/usr/bin/dash,/var/ossec,audit-wazuh-c,SYSCALL,/bin/sh,,,,,
2026-09-29T00:53:24.750Z,victima-linux,80792,3,Audit: Command: /usr/bin/ps.,audit|audit_command,RS2,/usr/bin/ps,/var/ossec,audit-wazuh-c,SYSCALL,/bin/ps,,,,,
2026-09-29T00:53:24.750Z,victima-linux,80792,3,Audit: Command: /usr/bin/ps.,audit|audit_command,RS2,/usr/bin/ps,/var/ossec,audit-wazuh-c,SYSCALL,/bin/ps,,,,,
2026-09-29T00:53:24.757Z,victima-linux,80791,3,Audit: Deleted: var/run/.,audit|audit_watch_delete|audit_watch_write,RS2,/var/ossec/bin/wazuh-agentd,/var/ossec,audit-wazuh-w,SYSCALL,var/run/,var/run/,,,,
2026-09-29T00:53:24.757Z,victima-linux,80792,3,Audit: Command: /usr/bin/dash.,audit|audit_command,RS2,/usr/bin/dash,/var/ossec,audit-wazuh-c,SYSCALL,/bin/sh,,,,,
2026-09-29T00:53:24.757Z,victima-linux,80792,3,Audit: Command: /usr/bin/ps.,audit|audit_command,RS2,/usr/bin/ps,/var/ossec,audit-wazuh-c,SYSCALL,/bin/ps,,,,,
2026-09-29T00:53:24.800Z,victima-linux,80792,3,Audit: Command: /usr/bin/dash.,audit|audit_command,RS2,/usr/bin/dash,/var/ossec,audit-wazuh-c,SYSCALL,/bin/sh,,,,,
2026-09-29T00:53:24.800Z,victima-linux,80792,3,Audit: Command: /usr/bin/ps.,audit|audit_command,RS2,/usr/bin/ps,/var/ossec,audit-wazuh-c,SYSCALL,/bin/ps,,,,,
2026-09-29T00:53:26.622Z,victima-linux,80792,3,Audit: Command: /usr/bin/dash.,audit|audit_command,RS2,/usr/bin/dash,/var/ossec,audit-wazuh-c,SYSCALL,/bin/sh,,,,,
2026-09-29T00:53:26.622Z,victima-linux,80792,3,Audit: Command: /usr/bin/ps.,audit|audit_command,RS2,/usr/bin/ps,/var/ossec,audit-wazuh-c,SYSCALL,/bin/ps,,,,,
2026-09-29T00:53:26.624Z,victima-linux,80792,3,Audit: Command: /usr/bin/dash.,audit|audit_command,RS2,/usr/bin/dash,/var/ossec,audit-wazuh-c,SYSCALL,/bin/sh,,,,,
2026-09-29T00:53:26.627Z,victima-linux,80792,3,Audit: Command: /usr/bin/ps.,audit|audit_command,RS2,/usr/bin/ps,/var/ossec,audit-wazuh-c,SYSCALL,/bin/ps,,,,,
2026-09-29T00:53:26.630Z,victima-linux,80792,3,Audit: Command: /usr/bin/dash.,audit|audit_command,RS2,/usr/bin/dash,/var/ossec,audit-wazuh-c,SYSCALL,/bin/sh,,,,,
2026-09-29T00:53:26.633Z,victima-linux,80792,3,Audit: Command: /usr/bin/ps.,audit|audit_command,RS2,/usr/bin/ps,/var/ossec,audit-wazuh-c,SYSCALL,/bin/ps,,,,,
2026-09-29T00:53:26.636Z,victima-linux,80792,3,Audit: Command: /usr/bin/dash.,audit|audit_command,RS2,/usr/bin/dash,/var/ossec,audit-wazuh-c,SYSCALL,/bin/sh,,,,,
2026-09-29T00:53:26.637Z,victima-linux,80792,3,Audit: Command: /usr/bin/ps.,audit|audit_command,RS2,/usr/bin/ps,/var/ossec,audit-wazuh-c,SYSCALL,/bin/ps,,,,,
2026-09-29T00:53:26.639Z,victima-linux,80792,3,Audit: Command: /usr/bin/dash.,audit|audit_command,RS2,/usr/bin/dash,/var/ossec,audit-wazuh-c,SYSCALL,/bin/sh,,,,,
2026-09-29T00:53:26.642Z,victima-linux,80792,3,Audit: Command: /usr/bin/ps.,audit|audit_command,RS2,/usr/bin/ps,/var/ossec,audit-wazuh-c,SYSCALL,/bin/ps,,,,,
2026-09-29T00:53:26.645Z,victima-linux,80792,3,Audit: Command: /usr/bin/dash.,audit|audit_command,RS2,/usr/bin/dash,/var/ossec,audit-wazuh-c,SYSCALL,/bin/sh,,,,,
2026-09-29T00:53:26.649Z,victima-linux,80792,3,Audit: Command: /usr/bin/dash.,audit|audit_command,RS2,/usr/bin/dash,/var/ossec,audit-wazuh-c,SYSCALL,/bin/sh,,,,,
2026-09-29T00:53:26.649Z,victima-linux,80792,3,Audit: Command: /usr/bin/ps.,audit|audit_command,RS2,/usr/bin/ps,/var/ossec,audit-wazuh-c,SYSCALL,/bin/ps,,,,,
2026-09-29T00:53:26.652Z,victima-linux,80792,3,Audit: Command: /usr/bin/ps.,audit|audit_command,RS2,/usr/bin/ps,/var/ossec,audit-wazuh-c,SYSCALL,/bin/ps,,,,,
2026-09-29T00:53:26.655Z,victima-linux,80792,3,Audit: Command: /usr/bin/dash.,audit|audit_command,RS2,/usr/bin/dash,/var/ossec,audit-wazuh-c,SYSCALL,/bin/sh,,,,,
2026-09-29T00:53:26.657Z,victima-linux,80792,3,Audit: Command: /usr/bin/ps.,audit|audit_command,RS2,/usr/bin/ps,/var/ossec,audit-wazuh-c,SYSCALL,/bin/ps,,,,,
2026-09-29T00:53:26.659Z,victima-linux,80792,3,Audit: Command: /usr/bin/dash.,audit|audit_command,RS2,/usr/bin/dash,/var/ossec,audit-wazuh-c,SYSCALL,/bin/sh,,,,,
2026-09-29T00:53:26.661Z,victima-linux,80792,3,Audit: Command: /usr/bin/ps.,audit|audit_command,RS2,/usr/bin/ps,/var/ossec,audit-wazuh-c,SYSCALL,/bin/ps,,,,,
2026-09-29T00:53:26.664Z,victima-linux,80792,3,Audit: Command: /usr/bin/dash.,audit|audit_command,RS2,/usr/bin/dash,/var/ossec,audit-wazuh-c,SYSCALL,/bin/sh,,,,,
2026-09-29T00:53:26.667Z,victima-linux,80792,3,Audit: Command: /usr/bin/ps.,audit|audit_command,RS2,/usr/bin/ps,/var/ossec,audit-wazuh-c,SYSCALL,/bin/ps,,,,,
2026-09-29T00:53:26.670Z,victima-linux,80792,3,Audit: Command: /usr/bin/dash.,audit|audit_command,RS2,/usr/bin/dash,/var/ossec,audit-wazuh-c,SYSCALL,/bin/sh,,,,,
2026-09-29T00:53:26.672Z,victima-linux,80792,3,Audit: Command: /usr/bin/ps.,audit|audit_command,RS2,/usr/bin/ps,/var/ossec,audit-wazuh-c,SYSCALL,/bin/ps,,,,,
2026-09-29T00:53:26.675Z,victima-linux,80792,3,Audit: Command: /usr/bin/dash.,audit|audit_command,RS2,/usr/bin/dash,/var/ossec,audit-wazuh-c,SYSCALL,/bin/sh,,,,,
2026-09-29T00:53:26.677Z,victima-linux,80792,3,Audit: Command: /usr/bin/ps.,audit|audit_command,RS2,/usr/bin/ps,/var/ossec,audit-wazuh-c,SYSCALL,/bin/ps,,,,,
2026-09-29T00:53:26.680Z,victima-linux,80792,3,Audit: Command: /usr/bin/dash.,audit|audit_command,RS2,/usr/bin/dash,/var/ossec,audit-wazuh-c,SYSCALL,/bin/sh,,,,,
2026-09-29T00:53:26.681Z,victima-linux,80792,3,Audit: Command: /usr/bin/ps.,audit|audit_command,RS2,/usr/bin/ps,/var/ossec,audit-wazuh-c,SYSCALL,/bin/ps,,,,,
2026-09-29T00:53:26.684Z,victima-linux,80792,3,Audit: Command: /usr/bin/dash.,audit|audit_command,RS2,/usr/bin/dash,/var/ossec,audit-wazuh-c,SYSCALL,/bin/sh,,,,,
2026-09-29T00:53:26.686Z,victima-linux,80792,3,Audit: Command: /usr/bin/ps.,audit|audit_command,RS2,/usr/bin/ps,/var/ossec,audit-wazuh-c,SYSCALL,/bin/ps,,,,,
2026-09-29T00:53:26.689Z,victima-linux,80792,3,Audit: Command: /usr/bin/dash.,audit|audit_command,RS2,/usr/bin/dash,/var/ossec,audit-wazuh-c,SYSCALL,/bin/sh,,,,,
2026-09-29T00:53:26.691Z,victima-linux,80792,3,Audit: Command: /usr/bin/ps.,audit|audit_command,RS2,/usr/bin/ps,/var/ossec,audit-wazuh-c,SYSCALL,/bin/ps,,,,,
2026-09-29T00:53:26.693Z,victima-linux,80792,3,Audit: Command: /usr/bin/dash.,audit|audit_command,RS2,/usr/bin/dash,/var/ossec,audit-wazuh-c,SYSCALL,/bin/sh,,,,,
2026-09-29T00:53:26.695Z,victima-linux,80792,3,Audit: Command: /usr/bin/ps.,audit|audit_command,RS2,/usr/bin/ps,/var/ossec,audit-wazuh-c,SYSCALL,/bin/ps,,,,,
2026-09-29T00:53:26.698Z,victima-linux,80792,3,Audit: Command: /usr/bin/dash.,audit|audit_command,RS2,/usr/bin/dash,/var/ossec,audit-wazuh-c,SYSCALL,/bin/sh,,,,,
2026-09-29T00:53:26.700Z,victima-linux,80792,3,Audit: Command: /usr/bin/ps.,audit|audit_command,RS2,/usr/bin/ps,/var/ossec,audit-wazuh-c,SYSCALL,/bin/ps,,,,,
2026-09-29T00:53:26.702Z,victima-linux,80792,3,Audit: Command: /usr/bin/dash.,audit|audit_command,RS2,/usr/bin/dash,/var/ossec,audit-wazuh-c,SYSCALL,/bin/sh,,,,,
2026-09-29T00:53:26.704Z,victima-linux,80792,3,Audit: Command: /usr/bin/ps.,audit|audit_command,RS2,/usr/bin/ps,/var/ossec,audit-wazuh-c,SYSCALL,/bin/ps,,,,,
2026-09-29T00:53:26.706Z,victima-linux,80791,3,Audit: Deleted: /run/systemd/users/.,audit|audit_watch_delete|audit_watch_write,RS2,/usr/lib/systemd/systemd-logind,/,audit-wazuh-w,SYSCALL,/run/systemd/users/,/run/systemd/users/,,,,
2026-09-29T00:53:26.709Z,victima-linux,80791,3,Audit: Deleted: /run/user/1000/systemd/units/invocation:dbus.socket.,audit|audit_watch_delete|audit_watch_write,RS2,/usr/lib/systemd/systemd,/,audit-wazuh-w,SYSCALL,/run/user/1000/systemd/units/invocation:dbus.socket,/run/user/1000/systemd/units/,,,,
2026-09-29T00:53:26.711Z,victima-linux,80792,3,Audit: Command: /usr/lib/systemd/systemd-executor.,audit|audit_command,RS2,/usr/lib/systemd/systemd-executor,/,audit-wazuh-c,SYSCALL,/proc/self/fd/9,,,,,
2026-09-29T00:53:26.713Z,victima-linux,80792,3,Audit: Command: /usr/bin/systemctl.,audit|audit_command,RS2,/usr/bin/systemctl,/home/angel,audit-wazuh-c,SYSCALL,/usr/bin/systemctl,,,,,
2026-09-29T00:53:26.716Z,victima-linux,80792,3,Audit: Command: /usr/lib/systemd/systemd-executor.,audit|audit_command,RS2,/usr/lib/systemd/systemd-executor,/,audit-wazuh-c,SYSCALL,/proc/self/fd/9,,,,,
2026-09-29T00:53:26.718Z,victima-linux,80792,3,Audit: Command: /usr/bin/systemctl.,audit|audit_command,RS2,/usr/bin/systemctl,/home/angel,audit-wazuh-c,SYSCALL,/usr/bin/systemctl,,,,,
2026-09-29T00:53:26.726Z,victima-linux,80791,3,Audit: Deleted: /run/user/1000/systemd/units/invocation:gpg-agent-ssh.socket.,audit|audit_watch_delete|audit_watch_write,RS2,/usr/lib/systemd/systemd,/,audit-wazuh-w,SYSCALL,/run/user/1000/systemd/units/invocation:gpg-agent-ssh.socket,/run/user/1000/systemd/units/,,,,
2026-09-29T00:53:26.726Z,victima-linux,80791,3,Audit: Deleted: app-snap\x2duserd\x2dautostart@autostart.service.,audit|audit_watch_delete|audit_watch_write,RS2,/usr/lib/systemd/systemd,/,audit-wazuh-w,SYSCALL,app-snap\x2duserd\x2dautostart@autostart.service,/,,,,
2026-09-29T00:53:26.726Z,victima-linux,80791,3,Audit: Deleted: init.scope.,audit|audit_watch_delete|audit_watch_write,RS2,/usr/lib/systemd/systemd,/,audit-wazuh-w,SYSCALL,init.scope,/,,,,
2026-09-29T00:53:26.727Z,victima-linux,80791,3,Audit: Deleted: app-snap\x2duserd\x2dautostart@autostart.service.,audit|audit_watch_delete|audit_watch_write,RS2,/usr/lib/systemd/systemd,/,audit-wazuh-w,SYSCALL,app-snap\x2duserd\x2dautostart@autostart.service,/,,,,
2026-09-29T00:53:26.730Z,victima-linux,80791,3,Audit: Deleted: app-xdg\x2duser\x2ddirs@autostart.service.,audit|audit_watch_delete|audit_watch_write,RS2,/usr/lib/systemd/systemd,/,audit-wazuh-w,SYSCALL,app-xdg\x2duser\x2ddirs@autostart.service,/,,,,
2026-09-29T00:53:26.738Z,victima-linux,80791,3,Audit: Deleted: /run/user/1000/systemd/generator.late.,audit|audit_watch_delete|audit_watch_write,RS2,/usr/lib/systemd/systemd,/,audit-wazuh-w,SYSCALL,/run/user/1000/systemd/generator.late,/run/user/1000/systemd/,,,,
2026-09-29T00:53:26.738Z,victima-linux,80791,3,Audit: Deleted: app-xdg\x2duser\x2ddirs@autostart.service.,audit|audit_watch_delete|audit_watch_write,RS2,/usr/lib/systemd/systemd,/,audit-wazuh-w,SYSCALL,app-xdg\x2duser\x2ddirs@autostart.service,/,,,,
2026-09-29T00:53:26.738Z,victima-linux,80791,3,Audit: Deleted: xdg-desktop-autostart.target.wants.,audit|audit_watch_delete|audit_watch_write,RS2,/usr/lib/systemd/systemd,/,audit-wazuh-w,SYSCALL,xdg-desktop-autostart.target.wants,/,,,,
2026-09-29T00:53:26.742Z,victima-linux,80792,3,Audit: Command: /usr/bin/dash.,audit|audit_command,RS2,/usr/bin/dash,/var/ossec,audit-wazuh-c,SYSCALL,/bin/sh,,,,,
2026-09-29T00:53:26.745Z,victima-linux,80792,3,Audit: Command: /usr/bin/ps.,audit|audit_command,RS2,/usr/bin/ps,/var/ossec,audit-wazuh-c,SYSCALL,/bin/ps,,,,,
2026-09-29T00:53:26.747Z,victima-linux,80791,3,Audit: Deleted: /run/systemd/users/.,audit|audit_watch_delete|audit_watch_write,RS2,/usr/lib/systemd/systemd-logind,/,audit-wazuh-w,SYSCALL,/run/systemd/users/,/run/systemd/users/,,,,
2026-09-29T00:53:26.749Z,victima-linux,80792,3,Audit: Command: /usr/lib/systemd/systemd-executor.,audit|audit_command,RS2,/usr/lib/systemd/systemd-executor,/,audit-wazuh-c,SYSCALL,/proc/self/fd/9,,,,,
2026-09-29T00:53:26.751Z,victima-linux,80791,3,Audit: Deleted: /run/systemd/users/1000.,audit|audit_watch_delete|audit_watch_write,RS2,/usr/lib/systemd/systemd-logind,/,audit-wazuh-w,SYSCALL,/run/systemd/users/1000,/run/systemd/users/,,,,
2026-09-29T00:53:26.753Z,victima-linux,80792,3,Audit: Command: /usr/lib/systemd/systemd-user-runtime-dir.,audit|audit_command,RS2,/usr/lib/systemd/systemd-user-runtime-dir,/,audit-wazuh-c,SYSCALL,/usr/lib/systemd/systemd-user-runtime-dir,,,,,
2026-09-29T00:53:26.756Z,victima-linux,80791,3,Audit: Deleted: snapd-session-agent.socket.,audit|audit_watch_delete|audit_watch_write,RS2,/usr/lib/systemd/systemd-user-runtime-dir,/,audit-wazuh-w,SYSCALL,snapd-session-agent.socket,/,,,,
2026-09-29T00:53:26.758Z,victima-linux,80791,3,Audit: Deleted: pk-debconf-socket.,audit|audit_watch_delete|audit_watch_write,RS2,/usr/lib/systemd/systemd-user-runtime-dir,/,audit-wazuh-w,SYSCALL,pk-debconf-socket,/,,,,
2026-09-29T00:53:26.765Z,victima-linux,80791,3,Audit: Deleted: S.gpg-agent.,audit|audit_watch_delete|audit_watch_write,RS2,/usr/lib/systemd/systemd-user-runtime-dir,/,audit-wazuh-w,SYSCALL,S.gpg-agent,/,,,,
2026-09-29T00:53:26.765Z,victima-linux,80791,3,Audit: Deleted: S.gpg-agent.ssh.,audit|audit_watch_delete|audit_watch_write,RS2,/usr/lib/systemd/systemd-user-runtime-dir,/,audit-wazuh-w,SYSCALL,S.gpg-agent.ssh,/,,,,
2026-09-29T00:53:26.765Z,victima-linux,80791,3,Audit: Deleted: S.keyboxd.,audit|audit_watch_delete|audit_watch_write,RS2,/usr/lib/systemd/systemd-user-runtime-dir,/,audit-wazuh-w,SYSCALL,S.keyboxd,/,,,,
2026-09-29T00:53:26.767Z,victima-linux,80791,3,Audit: Deleted: S.gpg-agent.extra.,audit|audit_watch_delete|audit_watch_write,RS2,/usr/lib/systemd/systemd-user-runtime-dir,/,audit-wazuh-w,SYSCALL,S.gpg-agent.extra,/,,,,
2026-09-29T00:53:26.770Z,victima-linux,80791,3,Audit: Deleted: S.gpg-agent.browser.,audit|audit_watch_delete|audit_watch_write,RS2,/usr/lib/systemd/systemd-user-runtime-dir,/,audit-wazuh-w,SYSCALL,S.gpg-agent.browser,/,,,,
2026-09-29T00:53:26.776Z,victima-linux,80791,3,Audit: Deleted: S.dirmngr.,audit|audit_watch_delete|audit_watch_write,RS2,/usr/lib/systemd/systemd-user-runtime-dir,/,audit-wazuh-w,SYSCALL,S.dirmngr,/,,,,
2026-09-29T00:53:26.776Z,victima-linux,80791,3,Audit: Deleted: bus.,audit|audit_watch_delete|audit_watch_write,RS2,/usr/lib/systemd/systemd-user-runtime-dir,/,audit-wazuh-w,SYSCALL,bus,/,,,,
2026-09-29T00:53:26.776Z,victima-linux,80791,3,Audit: Deleted: gnupg.,audit|audit_watch_delete|audit_watch_write,RS2,/usr/lib/systemd/systemd-user-runtime-dir,/,audit-wazuh-w,SYSCALL,gnupg,/,,,,
2026-09-29T00:53:26.778Z,victima-linux,80791,3,Audit: Deleted: private.,audit|audit_watch_delete|audit_watch_write,RS2,/usr/lib/systemd/systemd-user-runtime-dir,/,audit-wazuh-w,SYSCALL,private,/,,,,
2026-09-29T00:53:26.780Z,victima-linux,80791,3,Audit: Deleted: notify.,audit|audit_watch_delete|audit_watch_write,RS2,/usr/lib/systemd/systemd-user-runtime-dir,/,audit-wazuh-w,SYSCALL,notify,/,,,,
2026-09-29T00:53:26.787Z,victima-linux,80791,3,Audit: Deleted: units.,audit|audit_watch_delete|audit_watch_write,RS2,/usr/lib/systemd/systemd-user-runtime-dir,/,audit-wazuh-w,SYSCALL,units,/,,,,
2026-09-29T00:53:26.788Z,victima-linux,80791,3,Audit: Deleted: .os-release-stage.,audit|audit_watch_delete|audit_watch_write,RS2,/usr/lib/systemd/systemd-user-runtime-dir,/,audit-wazuh-w,SYSCALL,.os-release-stage,/,,,,
2026-09-29T00:53:26.788Z,victima-linux,80791,3,Audit: Deleted: os-release.,audit|audit_watch_delete|audit_watch_write,RS2,/usr/lib/systemd/systemd-user-runtime-dir,/,audit-wazuh-w,SYSCALL,os-release,/,,,,
2026-09-29T00:53:26.790Z,victima-linux,80791,3,Audit: Deleted: propagate.,audit|audit_watch_delete|audit_watch_write,RS2,/usr/lib/systemd/systemd-user-runtime-dir,/,audit-wazuh-w,SYSCALL,propagate,/,,,,
2026-09-29T00:53:26.792Z,victima-linux,80791,3,Audit: Deleted: chr.,audit|audit_watch_delete|audit_watch_write,RS2,/usr/lib/systemd/systemd-user-runtime-dir,/,audit-wazuh-w,SYSCALL,chr,/,,,,
2026-09-29T00:53:26.799Z,victima-linux,80791,3,Audit: Deleted: dir.,audit|audit_watch_delete|audit_watch_write,RS2,/usr/lib/systemd/systemd-user-runtime-dir,/,audit-wazuh-w,SYSCALL,dir,/,,,,
2026-09-29T00:53:26.799Z,victima-linux,80791,3,Audit: Deleted: fifo.,audit|audit_watch_delete|audit_watch_write,RS2,/usr/lib/systemd/systemd-user-runtime-dir,/,audit-wazuh-w,SYSCALL,fifo,/,,,,
2026-09-29T00:53:26.799Z,victima-linux,80791,3,Audit: Deleted: sock.,audit|audit_watch_delete|audit_watch_write,RS2,/usr/lib/systemd/systemd-user-runtime-dir,/,audit-wazuh-w,SYSCALL,sock,/,,,,
2026-09-29T00:53:26.801Z,victima-linux,80791,3,Audit: Deleted: reg.,audit|audit_watch_delete|audit_watch_write,RS2,/usr/lib/systemd/systemd-user-runtime-dir,/,audit-wazuh-w,SYSCALL,reg,/,,,,
2026-09-29T00:53:26.803Z,victima-linux,80791,3,Audit: Deleted: inaccessible.,audit|audit_watch_delete|audit_watch_write,RS2,/usr/lib/systemd/systemd-user-runtime-dir,/,audit-wazuh-w,SYSCALL,inaccessible,/,,,,
2026-09-29T00:53:26.810Z,victima-linux,80791,3,Audit: Deleted: /run/user/1000.,audit|audit_watch_delete|audit_watch_write,RS2,/usr/lib/systemd/systemd-user-runtime-dir,/,audit-wazuh-w,SYSCALL,/run/user/1000,/run/user/,,,,
2026-09-29T00:53:26.810Z,victima-linux,80791,3,Audit: Deleted: systemd.,audit|audit_watch_delete|audit_watch_write,RS2,/usr/lib/systemd/systemd-user-runtime-dir,/,audit-wazuh-w,SYSCALL,systemd,/,,,,
2026-09-29T00:53:26.813Z,victima-linux,80792,3,Audit: Command: /usr/bin/dash.,audit|audit_command,RS2,/usr/bin/dash,/var/ossec,audit-wazuh-c,SYSCALL,/bin/sh,,,,,
2026-09-29T00:53:26.815Z,victima-linux,80792,3,Audit: Command: /usr/bin/ps.,audit|audit_command,RS2,/usr/bin/ps,/var/ossec,audit-wazuh-c,SYSCALL,/bin/ps,,,,,
2026-09-29T00:53:26.818Z,victima-linux,80792,3,Audit: Command: /usr/bin/dash.,audit|audit_command,RS2,/usr/bin/dash,/var/ossec,audit-wazuh-c,SYSCALL,/bin/sh,,,,,
2026-09-29T00:53:26.820Z,victima-linux,80792,3,Audit: Command: /usr/bin/ps.,audit|audit_command,RS2,/usr/bin/ps,/var/ossec,audit-wazuh-c,SYSCALL,/bin/ps,,,,,
2026-09-29T00:53:26.822Z,victima-linux,80792,3,Audit: Command: /usr/bin/dash.,audit|audit_command,RS2,/usr/bin/dash,/var/ossec,audit-wazuh-c,SYSCALL,/bin/sh,,,,,
2026-09-29T00:53:26.824Z,victima-linux,80792,3,Audit: Command: /usr/bin/ps.,audit|audit_command,RS2,/usr/bin/ps,/var/ossec,audit-wazuh-c,SYSCALL,/bin/ps,,,,,
2026-09-29T00:53:26.826Z,victima-linux,80792,3,Audit: Command: /usr/bin/dash.,audit|audit_command,RS2,/usr/bin/dash,/var/ossec,audit-wazuh-c,SYSCALL,/bin/sh,,,,,
2026-09-29T00:53:26.829Z,victima-linux,80792,3,Audit: Command: /usr/bin/ps.,audit|audit_command,RS2,/usr/bin/ps,/var/ossec,audit-wazuh-c,SYSCALL,/bin/ps,,,,,
2026-09-29T00:53:26.831Z,victima-linux,80792,3,Audit: Command: /usr/bin/dash.,audit|audit_command,RS2,/usr/bin/dash,/var/ossec,audit-wazuh-c,SYSCALL,/bin/sh,,,,,
2026-09-29T00:53:26.833Z,victima-linux,80792,3,Audit: Command: /usr/bin/ps.,audit|audit_command,RS2,/usr/bin/ps,/var/ossec,audit-wazuh-c,SYSCALL,/bin/ps,,,,,
2026-09-29T00:53:26.836Z,victima-linux,80792,3,Audit: Command: /usr/bin/dash.,audit|audit_command,RS2,/usr/bin/dash,/var/ossec,audit-wazuh-c,SYSCALL,/bin/sh,,,,,
2026-09-29T00:53:26.838Z,victima-linux,80792,3,Audit: Command: /usr/bin/ps.,audit|audit_command,RS2,/usr/bin/ps,/var/ossec,audit-wazuh-c,SYSCALL,/bin/ps,,,,,
2026-09-29T00:53:26.840Z,victima-linux,80792,3,Audit: Command: /usr/bin/dash.,audit|audit_command,RS2,/usr/bin/dash,/var/ossec,audit-wazuh-c,SYSCALL,/bin/sh,,,,,
2026-09-29T00:53:26.842Z,victima-linux,80792,3,Audit: Command: /usr/bin/ps.,audit|audit_command,RS2,/usr/bin/ps,/var/ossec,audit-wazuh-c,SYSCALL,/bin/ps,,,,,
2026-09-29T00:53:26.845Z,victima-linux,80792,3,Audit: Command: /usr/bin/dash.,audit|audit_command,RS2,/usr/bin/dash,/var/ossec,audit-wazuh-c,SYSCALL,/bin/sh,,,,,
2026-09-29T00:53:26.847Z,victima-linux,80792,3,Audit: Command: /usr/bin/ps.,audit|audit_command,RS2,/usr/bin/ps,/var/ossec,audit-wazuh-c,SYSCALL,/bin/ps,,,,,
2026-09-29T00:53:26.849Z,victima-linux,80792,3,Audit: Command: /usr/bin/dash.,audit|audit_command,RS2,/usr/bin/dash,/var/ossec,audit-wazuh-c,SYSCALL,/bin/sh,,,,,
2026-09-29T00:53:26.852Z,victima-linux,80792,3,Audit: Command: /usr/bin/ps.,audit|audit_command,RS2,/usr/bin/ps,/var/ossec,audit-wazuh-c,SYSCALL,/bin/ps,,,,,
2026-09-29T00:53:26.854Z,victima-linux,80792,3,Audit: Command: /usr/bin/dash.,audit|audit_command,RS2,/usr/bin/dash,/var/ossec,audit-wazuh-c,SYSCALL,/bin/sh,,,,,
2026-09-29T00:53:26.856Z,victima-linux,80792,3,Audit: Command: /usr/bin/ps.,audit|audit_command,RS2,/usr/bin/ps,/var/ossec,audit-wazuh-c,SYSCALL,/bin/ps,,,,,
2026-09-29T00:53:26.858Z,victima-linux,80792,3,Audit: Command: /usr/bin/dash.,audit|audit_command,RS2,/usr/bin/dash,/var/ossec,audit-wazuh-c,SYSCALL,/bin/sh,,,,,
2026-09-29T00:53:26.861Z,victima-linux,80792,3,Audit: Command: /usr/bin/ps.,audit|audit_command,RS2,/usr/bin/ps,/var/ossec,audit-wazuh-c,SYSCALL,/bin/ps,,,,,
2026-09-29T00:53:26.916Z,victima-linux,5502,3,PAM: Login session closed.,pam|syslog,RS1,,,,,,,,,,angel
2026-09-29T00:53:28.431Z,wazuh-server,5502,3,PAM: Login session closed.,pam|syslog,RS1,,,,,,,,,,angel
2026-09-29T00:53:28.622Z,victima-linux,80792,3,Audit: Command: /usr/bin/dash.,audit|audit_command,RS2,/usr/bin/dash,/var/ossec,audit-wazuh-c,SYSCALL,/bin/sh,,,,,
2026-09-29T00:53:28.623Z,victima-linux,80792,3,Audit: Command: /usr/bin/ps.,audit|audit_command,RS2,/usr/bin/ps,/var/ossec,audit-wazuh-c,SYSCALL,/bin/ps,,,,,
2026-09-29T00:53:28.624Z,victima-linux,80792,3,Audit: Command: /usr/bin/dash.,audit|audit_command,RS2,/usr/bin/dash,/var/ossec,audit-wazuh-c,SYSCALL,/bin/sh,,,,,
2026-09-29T00:53:28.627Z,victima-linux,80792,3,Audit: Command: /usr/bin/ps.,audit|audit_command,RS2,/usr/bin/ps,/var/ossec,audit-wazuh-c,SYSCALL,/bin/ps,,,,,
2026-09-29T00:53:28.629Z,victima-linux,80792,3,Audit: Command: /usr/bin/dash.,audit|audit_command,RS2,/usr/bin/dash,/var/ossec,audit-wazuh-c,SYSCALL,/bin/sh,,,,,
2026-09-29T00:53:28.631Z,victima-linux,80792,3,Audit: Command: /usr/bin/ps.,audit|audit_command,RS2,/usr/bin/ps,/var/ossec,audit-wazuh-c,SYSCALL,/bin/ps,,,,,
2026-09-29T00:53:28.636Z,victima-linux,80792,3,Audit: Command: /usr/bin/dash.,audit|audit_command,RS2,/usr/bin/dash,/var/ossec,audit-wazuh-c,SYSCALL,/bin/sh,,,,,
2026-09-29T00:53:28.637Z,victima-linux,80792,3,Audit: Command: /usr/bin/ps.,audit|audit_command,RS2,/usr/bin/ps,/var/ossec,audit-wazuh-c,SYSCALL,/bin/ps,,,,,
2026-09-29T00:53:28.639Z,victima-linux,80792,3,Audit: Command: /usr/bin/dash.,audit|audit_command,RS2,/usr/bin/dash,/var/ossec,audit-wazuh-c,SYSCALL,/bin/sh,,,,,
2026-09-29T00:53:28.641Z,victima-linux,80792,3,Audit: Command: /usr/bin/ps.,audit|audit_command,RS2,/usr/bin/ps,/var/ossec,audit-wazuh-c,SYSCALL,/bin/ps,,,,,
2026-09-29T00:53:28.644Z,victima-linux,80792,3,Audit: Command: /usr/bin/dash.,audit|audit_command,RS2,/usr/bin/dash,/var/ossec,audit-wazuh-c,SYSCALL,/bin/sh,,,,,
2026-09-29T00:53:28.647Z,victima-linux,80792,3,Audit: Command: /usr/bin/ps.,audit|audit_command,RS2,/usr/bin/ps,/var/ossec,audit-wazuh-c,SYSCALL,/bin/ps,,,,,
2026-09-29T00:53:28.649Z,victima-linux,80792,3,Audit: Command: /usr/bin/dash.,audit|audit_command,RS2,/usr/bin/dash,/var/ossec,audit-wazuh-c,SYSCALL,/bin/sh,,,,,
2026-09-29T00:53:28.651Z,victima-linux,80792,3,Audit: Command: /usr/bin/ps.,audit|audit_command,RS2,/usr/bin/ps,/var/ossec,audit-wazuh-c,SYSCALL,/bin/ps,,,,,
2026-09-29T00:53:28.655Z,victima-linux,80792,3,Audit: Command: /usr/bin/dash.,audit|audit_command,RS2,/usr/bin/dash,/var/ossec,audit-wazuh-c,SYSCALL,/bin/sh,,,,,
2026-09-29T00:53:28.657Z,victima-linux,80792,3,Audit: Command: /usr/bin/ps.,audit|audit_command,RS2,/usr/bin/ps,/var/ossec,audit-wazuh-c,SYSCALL,/bin/ps,,,,,
2026-09-29T00:53:28.659Z,victima-linux,80792,3,Audit: Command: /usr/bin/dash.,audit|audit_command,RS2,/usr/bin/dash,/var/ossec,audit-wazuh-c,SYSCALL,/bin/sh,,,,,
2026-09-29T00:53:28.661Z,victima-linux,80792,3,Audit: Command: /usr/bin/ps.,audit|audit_command,RS2,/usr/bin/ps,/var/ossec,audit-wazuh-c,SYSCALL,/bin/ps,,,,,
2026-09-29T00:53:28.665Z,victima-linux,80792,3,Audit: Command: /usr/bin/dash.,audit|audit_command,RS2,/usr/bin/dash,/var/ossec,audit-wazuh-c,SYSCALL,/bin/sh,,,,,
2026-09-29T00:53:28.666Z,victima-linux,80792,3,Audit: Command: /usr/bin/ps.,audit|audit_command,RS2,/usr/bin/ps,/var/ossec,audit-wazuh-c,SYSCALL,/bin/ps,,,,,
2026-09-29T00:53:28.669Z,victima-linux,80792,3,Audit: Command: /usr/bin/dash.,audit|audit_command,RS2,/usr/bin/dash,/var/ossec,audit-wazuh-c,SYSCALL,/bin/sh,,,,,
2026-09-29T00:53:28.671Z,victima-linux,80792,3,Audit: Command: /usr/bin/ps.,audit|audit_command,RS2,/usr/bin/ps,/var/ossec,audit-wazuh-c,SYSCALL,/bin/ps,,,,,
2026-09-29T00:53:28.673Z,victima-linux,80792,3,Audit: Command: /usr/bin/dash.,audit|audit_command,RS2,/usr/bin/dash,/var/ossec,audit-wazuh-c,SYSCALL,/bin/sh,,,,,
2026-09-29T00:53:28.676Z,victima-linux,80792,3,Audit: Command: /usr/bin/ps.,audit|audit_command,RS2,/usr/bin/ps,/var/ossec,audit-wazuh-c,SYSCALL,/bin/ps,,,,,
2026-09-29T00:53:28.678Z,victima-linux,80792,3,Audit: Command: /usr/bin/dash.,audit|audit_command,RS2,/usr/bin/dash,/var/ossec,audit-wazuh-c,SYSCALL,/bin/sh,,,,,
2026-09-29T00:53:28.680Z,victima-linux,80792,3,Audit: Command: /usr/bin/ps.,audit|audit_command,RS2,/usr/bin/ps,/var/ossec,audit-wazuh-c,SYSCALL,/bin/ps,,,,,
2026-09-29T00:53:28.683Z,victima-linux,80792,3,Audit: Command: /usr/bin/dash.,audit|audit_command,RS2,/usr/bin/dash,/var/ossec,audit-wazuh-c,SYSCALL,/bin/sh,,,,,
2026-09-29T00:53:28.685Z,victima-linux,80792,3,Audit: Command: /usr/bin/ps.,audit|audit_command,RS2,/usr/bin/ps,/var/ossec,audit-wazuh-c,SYSCALL,/bin/ps,,,,,
2026-09-29T00:53:28.688Z,victima-linux,80792,3,Audit: Command: /usr/bin/dash.,audit|audit_command,RS2,/usr/bin/dash,/var/ossec,audit-wazuh-c,SYSCALL,/bin/sh,,,,,
2026-09-29T00:53:28.690Z,victima-linux,80792,3,Audit: Command: /usr/bin/ps.,audit|audit_command,RS2,/usr/bin/ps,/var/ossec,audit-wazuh-c,SYSCALL,/bin/ps,,,,,
2026-09-29T00:53:28.692Z,victima-linux,80792,3,Audit: Command: /usr/bin/dash.,audit|audit_command,RS2,/usr/bin/dash,/var/ossec,audit-wazuh-c,SYSCALL,/bin/sh,,,,,
2026-09-29T00:53:28.695Z,victima-linux,80792,3,Audit: Command: /usr/bin/ps.,audit|audit_command,RS2,/usr/bin/ps,/var/ossec,audit-wazuh-c,SYSCALL,/bin/ps,,,,,
2026-09-29T00:53:28.698Z,victima-linux,80792,3,Audit: Command: /usr/bin/dash.,audit|audit_command,RS2,/usr/bin/dash,/var/ossec,audit-wazuh-c,SYSCALL,/bin/sh,,,,,
2026-09-29T00:53:28.700Z,victima-linux,80792,3,Audit: Command: /usr/bin/ps.,audit|audit_command,RS2,/usr/bin/ps,/var/ossec,audit-wazuh-c,SYSCALL,/bin/ps,,,,,
2026-09-29T00:53:28.703Z,victima-linux,80792,3,Audit: Command: /usr/bin/dash.,audit|audit_command,RS2,/usr/bin/dash,/var/ossec,audit-wazuh-c,SYSCALL,/bin/sh,,,,,
2026-09-29T00:53:28.705Z,victima-linux,80792,3,Audit: Command: /usr/bin/ps.,audit|audit_command,RS2,/usr/bin/ps,/var/ossec,audit-wazuh-c,SYSCALL,/bin/ps,,,,,
2026-09-29T00:53:28.707Z,victima-linux,80792,3,Audit: Command: /usr/bin/dash.,audit|audit_command,RS2,/usr/bin/dash,/var/ossec,audit-wazuh-c,SYSCALL,/bin/sh,,,,,
2026-09-29T00:53:28.710Z,victima-linux,80792,3,Audit: Command: /usr/bin/ps.,audit|audit_command,RS2,/usr/bin/ps,/var/ossec,audit-wazuh-c,SYSCALL,/bin/ps,,,,,
2026-09-29T00:53:28.713Z,victima-linux,80792,3,Audit: Command: /usr/bin/dash.,audit|audit_command,RS2,/usr/bin/dash,/var/ossec,audit-wazuh-c,SYSCALL,/bin/sh,,,,,
2026-09-29T00:53:28.715Z,victima-linux,80792,3,Audit: Command: /usr/bin/ps.,audit|audit_command,RS2,/usr/bin/ps,/var/ossec,audit-wazuh-c,SYSCALL,/bin/ps,,,,,
2026-09-29T00:53:28.717Z,victima-linux,80792,3,Audit: Command: /usr/bin/dash.,audit|audit_command,RS2,/usr/bin/dash,/var/ossec,audit-wazuh-c,SYSCALL,/bin/sh,,,,,
2026-09-29T00:53:28.719Z,victima-linux,80792,3,Audit: Command: /usr/bin/ps.,audit|audit_command,RS2,/usr/bin/ps,/var/ossec,audit-wazuh-c,SYSCALL,/bin/ps,,,,,
2026-09-29T00:53:28.722Z,victima-linux,80792,3,Audit: Command: /usr/bin/dash.,audit|audit_command,RS2,/usr/bin/dash,/var/ossec,audit-wazuh-c,SYSCALL,/bin/sh,,,,,
2026-09-29T00:53:28.724Z,victima-linux,80792,3,Audit: Command: /usr/bin/ps.,audit|audit_command,RS2,/usr/bin/ps,/var/ossec,audit-wazuh-c,SYSCALL,/bin/ps,,,,,
2026-09-29T00:53:28.726Z,victima-linux,80792,3,Audit: Command: /usr/bin/dash.,audit|audit_command,RS2,/usr/bin/dash,/var/ossec,audit-wazuh-c,SYSCALL,/bin/sh,,,,,
2026-09-29T00:53:28.729Z,victima-linux,80792,3,Audit: Command: /usr/bin/ps.,audit|audit_command,RS2,/usr/bin/ps,/var/ossec,audit-wazuh-c,SYSCALL,/bin/ps,,,,,
2026-09-29T00:53:28.731Z,victima-linux,80792,3,Audit: Command: /usr/bin/dash.,audit|audit_command,RS2,/usr/bin/dash,/var/ossec,audit-wazuh-c,SYSCALL,/bin/sh,,,,,
2026-09-29T00:53:28.734Z,victima-linux,80792,3,Audit: Command: /usr/bin/ps.,audit|audit_command,RS2,/usr/bin/ps,/var/ossec,audit-wazuh-c,SYSCALL,/bin/ps,,,,,
2026-09-29T00:53:28.737Z,victima-linux,80792,3,Audit: Command: /usr/bin/dash.,audit|audit_command,RS2,/usr/bin/dash,/var/ossec,audit-wazuh-c,SYSCALL,/bin/sh,,,,,
2026-09-29T00:53:28.739Z,victima-linux,80792,3,Audit: Command: /usr/bin/ps.,audit|audit_command,RS2,/usr/bin/ps,/var/ossec,audit-wazuh-c,SYSCALL,/bin/ps,,,,,
2026-09-29T00:53:28.741Z,victima-linux,80792,3,Audit: Command: /usr/bin/dash.,audit|audit_command,RS2,/usr/bin/dash,/var/ossec,audit-wazuh-c,SYSCALL,/bin/sh,,,,,
2026-09-29T00:53:28.744Z,victima-linux,80792,3,Audit: Command: /usr/bin/ps.,audit|audit_command,RS2,/usr/bin/ps,/var/ossec,audit-wazuh-c,SYSCALL,/bin/ps,,,,,
2026-09-29T00:53:28.746Z,victima-linux,80792,3,Audit: Command: /usr/bin/dash.,audit|audit_command,RS2,/usr/bin/dash,/var/ossec,audit-wazuh-c,SYSCALL,/bin/sh,,,,,
2026-09-29T00:53:28.748Z,victima-linux,80792,3,Audit: Command: /usr/bin/ps.,audit|audit_command,RS2,/usr/bin/ps,/var/ossec,audit-wazuh-c,SYSCALL,/bin/ps,,,,,
2026-09-29T00:53:28.751Z,victima-linux,80792,3,Audit: Command: /usr/bin/dash.,audit|audit_command,RS2,/usr/bin/dash,/var/ossec,audit-wazuh-c,SYSCALL,/bin/sh,,,,,
2026-09-29T00:53:28.753Z,victima-linux,80792,3,Audit: Command: /usr/bin/ps.,audit|audit_command,RS2,/usr/bin/ps,/var/ossec,audit-wazuh-c,SYSCALL,/bin/ps,,,,,
2026-09-29T00:53:28.755Z,victima-linux,80792,3,Audit: Command: /usr/bin/dash.,audit|audit_command,RS2,/usr/bin/dash,/var/ossec,audit-wazuh-c,SYSCALL,/bin/sh,,,,,
2026-09-29T00:53:28.757Z,victima-linux,80792,3,Audit: Command: /usr/bin/ps.,audit|audit_command,RS2,/usr/bin/ps,/var/ossec,audit-wazuh-c,SYSCALL,/bin/ps,,,,,
2026-09-29T00:53:28.759Z,victima-linux,80792,3,Audit: Command: /usr/bin/dash.,audit|audit_command,RS2,/usr/bin/dash,/var/ossec,audit-wazuh-c,SYSCALL,/bin/sh,,,,,
2026-09-29T00:53:28.762Z,victima-linux,80792,3,Audit: Command: /usr/bin/ps.,audit|audit_command,RS2,/usr/bin/ps,/var/ossec,audit-wazuh-c,SYSCALL,/bin/ps,,,,,
2026-09-29T00:53:30.624Z,victima-linux,80792,3,Audit: Command: /usr/bin/dash.,audit|audit_command,RS2,/usr/bin/dash,/var/ossec,audit-wazuh-c,SYSCALL,/bin/sh,,,,,
2026-09-29T00:53:30.624Z,victima-linux,80792,3,Audit: Command: /usr/bin/ps.,audit|audit_command,RS2,/usr/bin/ps,/var/ossec,audit-wazuh-c,SYSCALL,/bin/ps,,,,,
2026-09-29T00:53:30.626Z,victima-linux,80792,3,Audit: Command: /usr/bin/dash.,audit|audit_command,RS2,/usr/bin/dash,/var/ossec,audit-wazuh-c,SYSCALL,/bin/sh,,,,,
2026-09-29T00:53:30.628Z,victima-linux,80792,3,Audit: Command: /usr/bin/ps.,audit|audit_command,RS2,/usr/bin/ps,/var/ossec,audit-wazuh-c,SYSCALL,/bin/ps,,,,,
2026-09-29T00:53:30.630Z,victima-linux,80792,3,Audit: Command: /usr/bin/dash.,audit|audit_command,RS2,/usr/bin/dash,/var/ossec,audit-wazuh-c,SYSCALL,/bin/sh,,,,,
2026-09-29T00:53:30.632Z,victima-linux,80792,3,Audit: Command: /usr/bin/ps.,audit|audit_command,RS2,/usr/bin/ps,/var/ossec,audit-wazuh-c,SYSCALL,/bin/ps,,,,,
2026-09-29T00:53:30.635Z,victima-linux,80792,3,Audit: Command: /usr/bin/dash.,audit|audit_command,RS2,/usr/bin/dash,/var/ossec,audit-wazuh-c,SYSCALL,/bin/sh,,,,,
2026-09-29T00:53:30.637Z,victima-linux,80792,3,Audit: Command: /usr/bin/ps.,audit|audit_command,RS2,/usr/bin/ps,/var/ossec,audit-wazuh-c,SYSCALL,/bin/ps,,,,,
2026-09-29T00:53:30.641Z,victima-linux,80792,3,Audit: Command: /usr/bin/dash.,audit|audit_command,RS2,/usr/bin/dash,/var/ossec,audit-wazuh-c,SYSCALL,/bin/sh,,,,,
2026-09-29T00:53:30.642Z,victima-linux,80792,3,Audit: Command: /usr/bin/ps.,audit|audit_command,RS2,/usr/bin/ps,/var/ossec,audit-wazuh-c,SYSCALL,/bin/ps,,,,,
2026-09-29T00:53:30.645Z,victima-linux,80792,3,Audit: Command: /usr/bin/dash.,audit|audit_command,RS2,/usr/bin/dash,/var/ossec,audit-wazuh-c,SYSCALL,/bin/sh,,,,,
2026-09-29T00:53:30.647Z,victima-linux,80792,3,Audit: Command: /usr/bin/ps.,audit|audit_command,RS2,/usr/bin/ps,/var/ossec,audit-wazuh-c,SYSCALL,/bin/ps,,,,,
2026-09-29T00:53:30.651Z,victima-linux,80792,3,Audit: Command: /usr/bin/dash.,audit|audit_command,RS2,/usr/bin/dash,/var/ossec,audit-wazuh-c,SYSCALL,/bin/sh,,,,,
2026-09-29T00:53:30.652Z,victima-linux,80792,3,Audit: Command: /usr/bin/ps.,audit|audit_command,RS2,/usr/bin/ps,/var/ossec,audit-wazuh-c,SYSCALL,/bin/ps,,,,,
2026-09-29T00:53:30.655Z,victima-linux,80792,3,Audit: Command: /usr/bin/dash.,audit|audit_command,RS2,/usr/bin/dash,/var/ossec,audit-wazuh-c,SYSCALL,/bin/sh,,,,,
2026-09-29T00:53:30.657Z,victima-linux,80792,3,Audit: Command: /usr/bin/ps.,audit|audit_command,RS2,/usr/bin/ps,/var/ossec,audit-wazuh-c,SYSCALL,/bin/ps,,,,,
2026-09-29T00:53:30.660Z,victima-linux,80792,3,Audit: Command: /usr/bin/dash.,audit|audit_command,RS2,/usr/bin/dash,/var/ossec,audit-wazuh-c,SYSCALL,/bin/sh,,,,,
2026-09-29T00:53:30.662Z,victima-linux,80792,3,Audit: Command: /usr/bin/ps.,audit|audit_command,RS2,/usr/bin/ps,/var/ossec,audit-wazuh-c,SYSCALL,/bin/ps,,,,,
2026-09-29T00:53:30.664Z,victima-linux,80792,3,Audit: Command: /usr/bin/dash.,audit|audit_command,RS2,/usr/bin/dash,/var/ossec,audit-wazuh-c,SYSCALL,/bin/sh,,,,,
2026-09-29T00:53:30.666Z,victima-linux,80792,3,Audit: Command: /usr/bin/ps.,audit|audit_command,RS2,/usr/bin/ps,/var/ossec,audit-wazuh-c,SYSCALL,/bin/ps,,,,,
2026-09-29T00:53:30.669Z,victima-linux,80792,3,Audit: Command: /usr/bin/dash.,audit|audit_command,RS2,/usr/bin/dash,/var/ossec,audit-wazuh-c,SYSCALL,/bin/sh,,,,,
2026-09-29T00:53:30.671Z,victima-linux,80792,3,Audit: Command: /usr/bin/ps.,audit|audit_command,RS2,/usr/bin/ps,/var/ossec,audit-wazuh-c,SYSCALL,/bin/ps,,,,,
2026-09-29T00:53:30.674Z,victima-linux,80792,3,Audit: Command: /usr/bin/dash.,audit|audit_command,RS2,/usr/bin/dash,/var/ossec,audit-wazuh-c,SYSCALL,/bin/sh,,,,,
2026-09-29T00:53:30.676Z,victima-linux,80792,3,Audit: Command: /usr/bin/ps.,audit|audit_command,RS2,/usr/bin/ps,/var/ossec,audit-wazuh-c,SYSCALL,/bin/ps,,,,,
2026-09-29T00:53:30.679Z,victima-linux,80792,3,Audit: Command: /usr/bin/dash.,audit|audit_command,RS2,/usr/bin/dash,/var/ossec,audit-wazuh-c,SYSCALL,/bin/sh,,,,,
2026-09-29T00:53:30.681Z,victima-linux,80792,3,Audit: Command: /usr/bin/ps.,audit|audit_command,RS2,/usr/bin/ps,/var/ossec,audit-wazuh-c,SYSCALL,/bin/ps,,,,,
2026-09-29T00:53:30.683Z,victima-linux,80791,3,Audit: Deleted: var/run/.,audit|audit_watch_delete|audit_watch_write,RS2,/var/ossec/bin/wazuh-agentd,/var/ossec,audit-wazuh-w,SYSCALL,var/run/,var/run/,,,,
2026-09-29T00:53:30.690Z,victima-linux,80792,3,Audit: Command: /usr/bin/dash.,audit|audit_command,RS2,/usr/bin/dash,/var/ossec,audit-wazuh-c,SYSCALL,/bin/sh,,,,,
2026-09-29T00:53:30.690Z,victima-linux,80792,3,Audit: Command: /usr/bin/dash.,audit|audit_command,RS2,/usr/bin/dash,/var/ossec,audit-wazuh-c,SYSCALL,/bin/sh,,,,,
2026-09-29T00:53:30.690Z,victima-linux,80792,3,Audit: Command: /usr/bin/ps.,audit|audit_command,RS2,/usr/bin/ps,/var/ossec,audit-wazuh-c,SYSCALL,/bin/ps,,,,,
2026-09-29T00:53:30.693Z,victima-linux,80792,3,Audit: Command: /usr/bin/ps.,audit|audit_command,RS2,/usr/bin/ps,/var/ossec,audit-wazuh-c,SYSCALL,/bin/ps,,,,,
2026-09-29T00:53:30.695Z,victima-linux,80792,3,Audit: Command: /usr/bin/dash.,audit|audit_command,RS2,/usr/bin/dash,/var/ossec,audit-wazuh-c,SYSCALL,/bin/sh,,,,,
2026-09-29T00:53:30.697Z,victima-linux,80792,3,Audit: Command: /usr/bin/ps.,audit|audit_command,RS2,/usr/bin/ps,/var/ossec,audit-wazuh-c,SYSCALL,/bin/ps,,,,,
2026-09-29T00:53:30.700Z,victima-linux,80792,3,Audit: Command: /usr/bin/dash.,audit|audit_command,RS2,/usr/bin/dash,/var/ossec,audit-wazuh-c,SYSCALL,/bin/sh,,,,,
2026-09-29T00:53:30.702Z,victima-linux,80792,3,Audit: Command: /usr/bin/ps.,audit|audit_command,RS2,/usr/bin/ps,/var/ossec,audit-wazuh-c,SYSCALL,/bin/ps,,,,,
2026-09-29T00:53:30.704Z,victima-linux,80792,3,Audit: Command: /usr/bin/dash.,audit|audit_command,RS2,/usr/bin/dash,/var/ossec,audit-wazuh-c,SYSCALL,/bin/sh,,,,,
2026-09-29T00:53:30.706Z,victima-linux,80792,3,Audit: Command: /usr/bin/ps.,audit|audit_command,RS2,/usr/bin/ps,/var/ossec,audit-wazuh-c,SYSCALL,/bin/ps,,,,,
2026-09-29T00:53:30.709Z,victima-linux,80792,3,Audit: Command: /usr/bin/dash.,audit|audit_command,RS2,/usr/bin/dash,/var/ossec,audit-wazuh-c,SYSCALL,/bin/sh,,,,,
2026-09-29T00:53:30.711Z,victima-linux,80792,3,Audit: Command: /usr/bin/ps.,audit|audit_command,RS2,/usr/bin/ps,/var/ossec,audit-wazuh-c,SYSCALL,/bin/ps,,,,,
2026-09-29T00:53:30.714Z,victima-linux,80792,3,Audit: Command: /usr/bin/dash.,audit|audit_command,RS2,/usr/bin/dash,/var/ossec,audit-wazuh-c,SYSCALL,/bin/sh,,,,,
2026-09-29T00:53:30.716Z,victima-linux,80792,3,Audit: Command: /usr/bin/ps.,audit|audit_command,RS2,/usr/bin/ps,/var/ossec,audit-wazuh-c,SYSCALL,/bin/ps,,,,,
2026-09-29T00:53:30.718Z,victima-linux,80792,3,Audit: Command: /usr/bin/dash.,audit|audit_command,RS2,/usr/bin/dash,/var/ossec,audit-wazuh-c,SYSCALL,/bin/sh,,,,,
2026-09-29T00:53:30.721Z,victima-linux,80792,3,Audit: Command: /usr/bin/ps.,audit|audit_command,RS2,/usr/bin/ps,/var/ossec,audit-wazuh-c,SYSCALL,/bin/ps,,,,,
2026-09-29T00:53:30.723Z,victima-linux,80792,3,Audit: Command: /usr/bin/dash.,audit|audit_command,RS2,/usr/bin/dash,/var/ossec,audit-wazuh-c,SYSCALL,/bin/sh,,,,,
2026-09-29T00:53:30.726Z,victima-linux,80792,3,Audit: Command: /usr/bin/ps.,audit|audit_command,RS2,/usr/bin/ps,/var/ossec,audit-wazuh-c,SYSCALL,/bin/ps,,,,,
2026-09-29T00:53:30.728Z,victima-linux,80792,3,Audit: Command: /usr/bin/dash.,audit|audit_command,RS2,/usr/bin/dash,/var/ossec,audit-wazuh-c,SYSCALL,/bin/sh,,,,,
2026-09-29T00:53:30.731Z,victima-linux,80792,3,Audit: Command: /usr/bin/ps.,audit|audit_command,RS2,/usr/bin/ps,/var/ossec,audit-wazuh-c,SYSCALL,/bin/ps,,,,,
2026-09-29T00:53:30.733Z,victima-linux,80792,3,Audit: Command: /usr/bin/dash.,audit|audit_command,RS2,/usr/bin/dash,/var/ossec,audit-wazuh-c,SYSCALL,/bin/sh,,,,,
2026-09-29T00:53:30.736Z,victima-linux,80792,3,Audit: Command: /usr/bin/ps.,audit|audit_command,RS2,/usr/bin/ps,/var/ossec,audit-wazuh-c,SYSCALL,/bin/ps,,,,,
2026-09-29T00:53:30.738Z,victima-linux,80792,3,Audit: Command: /usr/bin/dash.,audit|audit_command,RS2,/usr/bin/dash,/var/ossec,audit-wazuh-c,SYSCALL,/bin/sh,,,,,
2026-09-29T00:53:30.741Z,victima-linux,80792,3,Audit: Command: /usr/bin/ps.,audit|audit_command,RS2,/usr/bin/ps,/var/ossec,audit-wazuh-c,SYSCALL,/bin/ps,,,,,
2026-09-29T00:53:30.743Z,victima-linux,80792,3,Audit: Command: /usr/bin/dash.,audit|audit_command,RS2,/usr/bin/dash,/var/ossec,audit-wazuh-c,SYSCALL,/bin/sh,,,,,
2026-09-29T00:53:30.745Z,victima-linux,80792,3,Audit: Command: /usr/bin/ps.,audit|audit_command,RS2,/usr/bin/ps,/var/ossec,audit-wazuh-c,SYSCALL,/bin/ps,,,,,
2026-09-29T00:53:30.748Z,victima-linux,80792,3,Audit: Command: /usr/bin/dash.,audit|audit_command,RS2,/usr/bin/dash,/var/ossec,audit-wazuh-c,SYSCALL,/bin/sh,,,,,
2026-09-29T00:53:30.750Z,victima-linux,80792,3,Audit: Command: /usr/bin/ps.,audit|audit_command,RS2,/usr/bin/ps,/var/ossec,audit-wazuh-c,SYSCALL,/bin/ps,,,,,
2026-09-29T00:53:30.753Z,victima-linux,80792,3,Audit: Command: /usr/bin/dash.,audit|audit_command,RS2,/usr/bin/dash,/var/ossec,audit-wazuh-c,SYSCALL,/bin/sh,,,,,
2026-09-29T00:53:30.755Z,victima-linux,80792,3,Audit: Command: /usr/bin/ps.,audit|audit_command,RS2,/usr/bin/ps,/var/ossec,audit-wazuh-c,SYSCALL,/bin/ps,,,,,
2026-09-29T00:53:30.757Z,victima-linux,80792,3,Audit: Command: /usr/bin/dash.,audit|audit_command,RS2,/usr/bin/dash,/var/ossec,audit-wazuh-c,SYSCALL,/bin/sh,,,,,
2026-09-29T00:53:30.759Z,victima-linux,80792,3,Audit: Command: /usr/bin/ps.,audit|audit_command,RS2,/usr/bin/ps,/var/ossec,audit-wazuh-c,SYSCALL,/bin/ps,,,,,
2026-09-29T00:53:32.623Z,victima-linux,80792,3,Audit: Command: /usr/bin/dash.,audit|audit_command,RS2,/usr/bin/dash,/var/ossec,audit-wazuh-c,SYSCALL,/bin/sh,,,,,
2026-09-29T00:53:32.624Z,victima-linux,80792,3,Audit: Command: /usr/bin/ps.,audit|audit_command,RS2,/usr/bin/ps,/var/ossec,audit-wazuh-c,SYSCALL,/bin/ps,,,,,
2026-09-29T00:53:32.626Z,victima-linux,80792,3,Audit: Command: /usr/bin/dash.,audit|audit_command,RS2,/usr/bin/dash,/var/ossec,audit-wazuh-c,SYSCALL,/bin/sh,,,,,
2026-09-29T00:53:32.628Z,victima-linux,80792,3,Audit: Command: /usr/bin/ps.,audit|audit_command,RS2,/usr/bin/ps,/var/ossec,audit-wazuh-c,SYSCALL,/bin/ps,,,,,
2026-09-29T00:53:32.630Z,victima-linux,80792,3,Audit: Command: /usr/bin/dash.,audit|audit_command,RS2,/usr/bin/dash,/var/ossec,audit-wazuh-c,SYSCALL,/bin/sh,,,,,
2026-09-29T00:53:32.632Z,victima-linux,80792,3,Audit: Command: /usr/bin/ps.,audit|audit_command,RS2,/usr/bin/ps,/var/ossec,audit-wazuh-c,SYSCALL,/bin/ps,,,,,
2026-09-29T00:53:32.635Z,victima-linux,80792,3,Audit: Command: /usr/bin/dash.,audit|audit_command,RS2,/usr/bin/dash,/var/ossec,audit-wazuh-c,SYSCALL,/bin/sh,,,,,
2026-09-29T00:53:32.637Z,victima-linux,80792,3,Audit: Command: /usr/bin/ps.,audit|audit_command,RS2,/usr/bin/ps,/var/ossec,audit-wazuh-c,SYSCALL,/bin/ps,,,,,
2026-09-29T00:53:32.640Z,victima-linux,80792,3,Audit: Command: /usr/bin/dash.,audit|audit_command,RS2,/usr/bin/dash,/var/ossec,audit-wazuh-c,SYSCALL,/bin/sh,,,,,
2026-09-29T00:53:32.642Z,victima-linux,80792,3,Audit: Command: /usr/bin/ps.,audit|audit_command,RS2,/usr/bin/ps,/var/ossec,audit-wazuh-c,SYSCALL,/bin/ps,,,,,
2026-09-29T00:53:32.645Z,victima-linux,80792,3,Audit: Command: /usr/bin/dash.,audit|audit_command,RS2,/usr/bin/dash,/var/ossec,audit-wazuh-c,SYSCALL,/bin/sh,,,,,
2026-09-29T00:53:32.647Z,victima-linux,80792,3,Audit: Command: /usr/bin/ps.,audit|audit_command,RS2,/usr/bin/ps,/var/ossec,audit-wazuh-c,SYSCALL,/bin/ps,,,,,
2026-09-29T00:53:32.649Z,victima-linux,80792,3,Audit: Command: /usr/bin/dash.,audit|audit_command,RS2,/usr/bin/dash,/var/ossec,audit-wazuh-c,SYSCALL,/bin/sh,,,,,
2026-09-29T00:53:32.651Z,victima-linux,80792,3,Audit: Command: /usr/bin/ps.,audit|audit_command,RS2,/usr/bin/ps,/var/ossec,audit-wazuh-c,SYSCALL,/bin/ps,,,,,
2026-09-29T00:53:32.653Z,victima-linux,80792,3,Audit: Command: /usr/bin/dash.,audit|audit_command,RS2,/usr/bin/dash,/var/ossec,audit-wazuh-c,SYSCALL,/bin/sh,,,,,
2026-09-29T00:53:32.655Z,victima-linux,80792,3,Audit: Command: /usr/bin/ps.,audit|audit_command,RS2,/usr/bin/ps,/var/ossec,audit-wazuh-c,SYSCALL,/bin/ps,,,,,
2026-09-29T00:53:32.658Z,victima-linux,80792,3,Audit: Command: /usr/bin/dash.,audit|audit_command,RS2,/usr/bin/dash,/var/ossec,audit-wazuh-c,SYSCALL,/bin/sh,,,,,
2026-09-29T00:53:32.660Z,victima-linux,80792,3,Audit: Command: /usr/bin/ps.,audit|audit_command,RS2,/usr/bin/ps,/var/ossec,audit-wazuh-c,SYSCALL,/bin/ps,,,,,
2026-09-29T00:53:32.662Z,victima-linux,80792,3,Audit: Command: /usr/bin/dash.,audit|audit_command,RS2,/usr/bin/dash,/var/ossec,audit-wazuh-c,SYSCALL,/bin/sh,,,,,
2026-09-29T00:53:32.664Z,victima-linux,80792,3,Audit: Command: /usr/bin/ps.,audit|audit_command,RS2,/usr/bin/ps,/var/ossec,audit-wazuh-c,SYSCALL,/bin/ps,,,,,
2026-09-29T00:53:32.667Z,victima-linux,80792,3,Audit: Command: /usr/bin/dash.,audit|audit_command,RS2,/usr/bin/dash,/var/ossec,audit-wazuh-c,SYSCALL,/bin/sh,,,,,
2026-09-29T00:53:32.670Z,victima-linux,80792,3,Audit: Command: /usr/bin/ps.,audit|audit_command,RS2,/usr/bin/ps,/var/ossec,audit-wazuh-c,SYSCALL,/bin/ps,,,,,
2026-09-29T00:53:32.672Z,victima-linux,80792,3,Audit: Command: /usr/bin/dash.,audit|audit_command,RS2,/usr/bin/dash,/var/ossec,audit-wazuh-c,SYSCALL,/bin/sh,,,,,
2026-09-29T00:53:32.675Z,victima-linux,80792,3,Audit: Command: /usr/bin/ps.,audit|audit_command,RS2,/usr/bin/ps,/var/ossec,audit-wazuh-c,SYSCALL,/bin/ps,,,,,
2026-09-29T00:53:32.678Z,victima-linux,80792,3,Audit: Command: /usr/bin/dash.,audit|audit_command,RS2,/usr/bin/dash,/var/ossec,audit-wazuh-c,SYSCALL,/bin/sh,,,,,
2026-09-29T00:53:32.680Z,victima-linux,80792,3,Audit: Command: /usr/bin/ps.,audit|audit_command,RS2,/usr/bin/ps,/var/ossec,audit-wazuh-c,SYSCALL,/bin/ps,,,,,
2026-09-29T00:53:32.683Z,victima-linux,80792,3,Audit: Command: /usr/bin/dash.,audit|audit_command,RS2,/usr/bin/dash,/var/ossec,audit-wazuh-c,SYSCALL,/bin/sh,,,,,
2026-09-29T00:53:32.686Z,victima-linux,80792,3,Audit: Command: /usr/bin/ps.,audit|audit_command,RS2,/usr/bin/ps,/var/ossec,audit-wazuh-c,SYSCALL,/bin/ps,,,,,
2026-09-29T00:53:32.688Z,victima-linux,80792,3,Audit: Command: /usr/bin/dash.,audit|audit_command,RS2,/usr/bin/dash,/var/ossec,audit-wazuh-c,SYSCALL,/bin/sh,,,,,
2026-09-29T00:53:32.691Z,victima-linux,80792,3,Audit: Command: /usr/bin/ps.,audit|audit_command,RS2,/usr/bin/ps,/var/ossec,audit-wazuh-c,SYSCALL,/bin/ps,,,,,
2026-09-29T00:53:32.693Z,victima-linux,80792,3,Audit: Command: /usr/bin/dash.,audit|audit_command,RS2,/usr/bin/dash,/var/ossec,audit-wazuh-c,SYSCALL,/bin/sh,,,,,
2026-09-29T00:53:32.696Z,victima-linux,80792,3,Audit: Command: /usr/bin/ps.,audit|audit_command,RS2,/usr/bin/ps,/var/ossec,audit-wazuh-c,SYSCALL,/bin/ps,,,,,
2026-09-29T00:53:32.698Z,victima-linux,80792,3,Audit: Command: /usr/bin/dash.,audit|audit_command,RS2,/usr/bin/dash,/var/ossec,audit-wazuh-c,SYSCALL,/bin/sh,,,,,
2026-09-29T00:53:32.701Z,victima-linux,80792,3,Audit: Command: /usr/bin/ps.,audit|audit_command,RS2,/usr/bin/ps,/var/ossec,audit-wazuh-c,SYSCALL,/bin/ps,,,,,
2026-09-29T00:53:32.703Z,victima-linux,80792,3,Audit: Command: /usr/bin/dash.,audit|audit_command,RS2,/usr/bin/dash,/var/ossec,audit-wazuh-c,SYSCALL,/bin/sh,,,,,
2026-09-29T00:53:32.705Z,victima-linux,80792,3,Audit: Command: /usr/bin/ps.,audit|audit_command,RS2,/usr/bin/ps,/var/ossec,audit-wazuh-c,SYSCALL,/bin/ps,,,,,
2026-09-29T00:53:32.708Z,victima-linux,80792,3,Audit: Command: /usr/bin/dash.,audit|audit_command,RS2,/usr/bin/dash,/var/ossec,audit-wazuh-c,SYSCALL,/bin/sh,,,,,
2026-09-29T00:53:32.710Z,victima-linux,80792,3,Audit: Command: /usr/bin/ps.,audit|audit_command,RS2,/usr/bin/ps,/var/ossec,audit-wazuh-c,SYSCALL,/bin/ps,,,,,
2026-09-29T00:53:32.713Z,victima-linux,80792,3,Audit: Command: /usr/bin/dash.,audit|audit_command,RS2,/usr/bin/dash,/var/ossec,audit-wazuh-c,SYSCALL,/bin/sh,,,,,
2026-09-29T00:53:32.715Z,victima-linux,80792,3,Audit: Command: /usr/bin/ps.,audit|audit_command,RS2,/usr/bin/ps,/var/ossec,audit-wazuh-c,SYSCALL,/bin/ps,,,,,
2026-09-29T00:53:32.717Z,victima-linux,80792,3,Audit: Command: /usr/bin/dash.,audit|audit_command,RS2,/usr/bin/dash,/var/ossec,audit-wazuh-c,SYSCALL,/bin/sh,,,,,
2026-09-29T00:53:32.720Z,victima-linux,80792,3,Audit: Command: /usr/bin/ps.,audit|audit_command,RS2,/usr/bin/ps,/var/ossec,audit-wazuh-c,SYSCALL,/bin/ps,,,,,
2026-09-29T00:53:32.722Z,victima-linux,80792,3,Audit: Command: /usr/bin/dash.,audit|audit_command,RS2,/usr/bin/dash,/var/ossec,audit-wazuh-c,SYSCALL,/bin/sh,,,,,
2026-09-29T00:53:32.724Z,victima-linux,80792,3,Audit: Command: /usr/bin/ps.,audit|audit_command,RS2,/usr/bin/ps,/var/ossec,audit-wazuh-c,SYSCALL,/bin/ps,,,,,
2026-09-29T00:53:32.727Z,victima-linux,80792,3,Audit: Command: /usr/bin/dash.,audit|audit_command,RS2,/usr/bin/dash,/var/ossec,audit-wazuh-c,SYSCALL,/bin/sh,,,,,
2026-09-29T00:53:32.729Z,victima-linux,80792,3,Audit: Command: /usr/bin/ps.,audit|audit_command,RS2,/usr/bin/ps,/var/ossec,audit-wazuh-c,SYSCALL,/bin/ps,,,,,
2026-09-29T00:53:32.732Z,victima-linux,80792,3,Audit: Command: /usr/bin/dash.,audit|audit_command,RS2,/usr/bin/dash,/var/ossec,audit-wazuh-c,SYSCALL,/bin/sh,,,,,
2026-09-29T00:53:32.734Z,victima-linux,80792,3,Audit: Command: /usr/bin/ps.,audit|audit_command,RS2,/usr/bin/ps,/var/ossec,audit-wazuh-c,SYSCALL,/bin/ps,,,,,
2026-09-29T00:53:32.736Z,victima-linux,80792,3,Audit: Command: /usr/bin/dash.,audit|audit_command,RS2,/usr/bin/dash,/var/ossec,audit-wazuh-c,SYSCALL,/bin/sh,,,,,
2026-09-29T00:53:32.739Z,victima-linux,80792,3,Audit: Command: /usr/bin/ps.,audit|audit_command,RS2,/usr/bin/ps,/var/ossec,audit-wazuh-c,SYSCALL,/bin/ps,,,,,
2026-09-29T00:53:32.741Z,victima-linux,80792,3,Audit: Command: /usr/bin/dash.,audit|audit_command,RS2,/usr/bin/dash,/var/ossec,audit-wazuh-c,SYSCALL,/bin/sh,,,,,
2026-09-29T00:53:32.744Z,victima-linux,80792,3,Audit: Command: /usr/bin/ps.,audit|audit_command,RS2,/usr/bin/ps,/var/ossec,audit-wazuh-c,SYSCALL,/bin/ps,,,,,
2026-09-29T00:53:32.746Z,victima-linux,80792,3,Audit: Command: /usr/bin/dash.,audit|audit_command,RS2,/usr/bin/dash,/var/ossec,audit-wazuh-c,SYSCALL,/bin/sh,,,,,
2026-09-29T00:53:32.748Z,victima-linux,80792,3,Audit: Command: /usr/bin/ps.,audit|audit_command,RS2,/usr/bin/ps,/var/ossec,audit-wazuh-c,SYSCALL,/bin/ps,,,,,
2026-09-29T00:53:32.750Z,victima-linux,80792,3,Audit: Command: /usr/bin/dash.,audit|audit_command,RS2,/usr/bin/dash,/var/ossec,audit-wazuh-c,SYSCALL,/bin/sh,,,,,
2026-09-29T00:53:32.753Z,victima-linux,80792,3,Audit: Command: /usr/bin/ps.,audit|audit_command,RS2,/usr/bin/ps,/var/ossec,audit-wazuh-c,SYSCALL,/bin/ps,,,,,
2026-09-29T00:53:34.625Z,victima-linux,80792,3,Audit: Command: /usr/bin/dash.,audit|audit_command,RS2,/usr/bin/dash,/var/ossec,audit-wazuh-c,SYSCALL,/bin/sh,,,,,
2026-09-29T00:53:34.625Z,victima-linux,80792,3,Audit: Command: /usr/bin/ps.,audit|audit_command,RS2,/usr/bin/ps,/var/ossec,audit-wazuh-c,SYSCALL,/bin/ps,,,,,
2026-09-29T00:53:34.627Z,victima-linux,80792,3,Audit: Command: /usr/bin/dash.,audit|audit_command,RS2,/usr/bin/dash,/var/ossec,audit-wazuh-c,SYSCALL,/bin/sh,,,,,
2026-09-29T00:53:34.630Z,victima-linux,80792,3,Audit: Command: /usr/bin/ps.,audit|audit_command,RS2,/usr/bin/ps,/var/ossec,audit-wazuh-c,SYSCALL,/bin/ps,,,,,
2026-09-29T00:53:34.632Z,victima-linux,80792,3,Audit: Command: /usr/bin/dash.,audit|audit_command,RS2,/usr/bin/dash,/var/ossec,audit-wazuh-c,SYSCALL,/bin/sh,,,,,
2026-09-29T00:53:34.635Z,victima-linux,80792,3,Audit: Command: /usr/bin/ps.,audit|audit_command,RS2,/usr/bin/ps,/var/ossec,audit-wazuh-c,SYSCALL,/bin/ps,,,,,
2026-09-29T00:53:34.639Z,victima-linux,80792,3,Audit: Command: /usr/bin/dash.,audit|audit_command,RS2,/usr/bin/dash,/var/ossec,audit-wazuh-c,SYSCALL,/bin/sh,,,,,
2026-09-29T00:53:34.640Z,victima-linux,80792,3,Audit: Command: /usr/bin/ps.,audit|audit_command,RS2,/usr/bin/ps,/var/ossec,audit-wazuh-c,SYSCALL,/bin/ps,,,,,
2026-09-29T00:53:34.644Z,victima-linux,80792,3,Audit: Command: /usr/bin/dash.,audit|audit_command,RS2,/usr/bin/dash,/var/ossec,audit-wazuh-c,SYSCALL,/bin/sh,,,,,
2026-09-29T00:53:34.645Z,victima-linux,80792,3,Audit: Command: /usr/bin/ps.,audit|audit_command,RS2,/usr/bin/ps,/var/ossec,audit-wazuh-c,SYSCALL,/bin/ps,,,,,
2026-09-29T00:53:34.646Z,victima-linux,80792,3,Audit: Command: /usr/bin/dash.,audit|audit_command,RS2,/usr/bin/dash,/var/ossec,audit-wazuh-c,SYSCALL,/bin/sh,,,,,
2026-09-29T00:53:34.649Z,victima-linux,80792,3,Audit: Command: /usr/bin/ps.,audit|audit_command,RS2,/usr/bin/ps,/var/ossec,audit-wazuh-c,SYSCALL,/bin/ps,,,,,
2026-09-29T00:53:34.651Z,victima-linux,80792,3,Audit: Command: /usr/bin/dash.,audit|audit_command,RS2,/usr/bin/dash,/var/ossec,audit-wazuh-c,SYSCALL,/bin/sh,,,,,
2026-09-29T00:53:34.654Z,victima-linux,80792,3,Audit: Command: /usr/bin/ps.,audit|audit_command,RS2,/usr/bin/ps,/var/ossec,audit-wazuh-c,SYSCALL,/bin/ps,,,,,
2026-09-29T00:53:34.656Z,victima-linux,80792,3,Audit: Command: /usr/bin/dash.,audit|audit_command,RS2,/usr/bin/dash,/var/ossec,audit-wazuh-c,SYSCALL,/bin/sh,,,,,
2026-09-29T00:53:34.658Z,victima-linux,80792,3,Audit: Command: /usr/bin/ps.,audit|audit_command,RS2,/usr/bin/ps,/var/ossec,audit-wazuh-c,SYSCALL,/bin/ps,,,,,
2026-09-29T00:53:34.661Z,victima-linux,80792,3,Audit: Command: /usr/bin/dash.,audit|audit_command,RS2,/usr/bin/dash,/var/ossec,audit-wazuh-c,SYSCALL,/bin/sh,,,,,
2026-09-29T00:53:34.663Z,victima-linux,80792,3,Audit: Command: /usr/bin/ps.,audit|audit_command,RS2,/usr/bin/ps,/var/ossec,audit-wazuh-c,SYSCALL,/bin/ps,,,,,
2026-09-29T00:53:34.666Z,victima-linux,80792,3,Audit: Command: /usr/bin/dash.,audit|audit_command,RS2,/usr/bin/dash,/var/ossec,audit-wazuh-c,SYSCALL,/bin/sh,,,,,
2026-09-29T00:53:34.669Z,victima-linux,80792,3,Audit: Command: /usr/bin/ps.,audit|audit_command,RS2,/usr/bin/ps,/var/ossec,audit-wazuh-c,SYSCALL,/bin/ps,,,,,
2026-09-29T00:53:34.671Z,victima-linux,80792,3,Audit: Command: /usr/bin/dash.,audit|audit_command,RS2,/usr/bin/dash,/var/ossec,audit-wazuh-c,SYSCALL,/bin/sh,,,,,
2026-09-29T00:53:34.673Z,victima-linux,80792,3,Audit: Command: /usr/bin/ps.,audit|audit_command,RS2,/usr/bin/ps,/var/ossec,audit-wazuh-c,SYSCALL,/bin/ps,,,,,
2026-09-29T00:53:34.676Z,victima-linux,80792,3,Audit: Command: /usr/bin/dash.,audit|audit_command,RS2,/usr/bin/dash,/var/ossec,audit-wazuh-c,SYSCALL,/bin/sh,,,,,
2026-09-29T00:53:34.678Z,victima-linux,80792,3,Audit: Command: /usr/bin/ps.,audit|audit_command,RS2,/usr/bin/ps,/var/ossec,audit-wazuh-c,SYSCALL,/bin/ps,,,,,
2026-09-29T00:53:34.681Z,victima-linux,80792,3,Audit: Command: /usr/bin/dash.,audit|audit_command,RS2,/usr/bin/dash,/var/ossec,audit-wazuh-c,SYSCALL,/bin/sh,,,,,
2026-09-29T00:53:34.683Z,victima-linux,80792,3,Audit: Command: /usr/bin/ps.,audit|audit_command,RS2,/usr/bin/ps,/var/ossec,audit-wazuh-c,SYSCALL,/bin/ps,,,,,
2026-09-29T00:53:34.686Z,victima-linux,80792,3,Audit: Command: /usr/bin/dash.,audit|audit_command,RS2,/usr/bin/dash,/var/ossec,audit-wazuh-c,SYSCALL,/bin/sh,,,,,
2026-09-29T00:53:34.688Z,victima-linux,80792,3,Audit: Command: /usr/bin/ps.,audit|audit_command,RS2,/usr/bin/ps,/var/ossec,audit-wazuh-c,SYSCALL,/bin/ps,,,,,
2026-09-29T00:53:34.691Z,victima-linux,80792,3,Audit: Command: /usr/bin/dash.,audit|audit_command,RS2,/usr/bin/dash,/var/ossec,audit-wazuh-c,SYSCALL,/bin/sh,,,,,
2026-09-29T00:53:34.693Z,victima-linux,80792,3,Audit: Command: /usr/bin/ps.,audit|audit_command,RS2,/usr/bin/ps,/var/ossec,audit-wazuh-c,SYSCALL,/bin/ps,,,,,
2026-09-29T00:53:34.696Z,victima-linux,80792,3,Audit: Command: /usr/bin/dash.,audit|audit_command,RS2,/usr/bin/dash,/var/ossec,audit-wazuh-c,SYSCALL,/bin/sh,,,,,
2026-09-29T00:53:34.698Z,victima-linux,80792,3,Audit: Command: /usr/bin/ps.,audit|audit_command,RS2,/usr/bin/ps,/var/ossec,audit-wazuh-c,SYSCALL,/bin/ps,,,,,
2026-09-29T00:53:34.701Z,victima-linux,80792,3,Audit: Command: /usr/bin/dash.,audit|audit_command,RS2,/usr/bin/dash,/var/ossec,audit-wazuh-c,SYSCALL,/bin/sh,,,,,
2026-09-29T00:53:34.703Z,victima-linux,80792,3,Audit: Command: /usr/bin/ps.,audit|audit_command,RS2,/usr/bin/ps,/var/ossec,audit-wazuh-c,SYSCALL,/bin/ps,,,,,
2026-09-29T00:53:34.705Z,victima-linux,80792,3,Audit: Command: /usr/bin/dash.,audit|audit_command,RS2,/usr/bin/dash,/var/ossec,audit-wazuh-c,SYSCALL,/bin/sh,,,,,
2026-09-29T00:53:34.707Z,victima-linux,80792,3,Audit: Command: /usr/bin/ps.,audit|audit_command,RS2,/usr/bin/ps,/var/ossec,audit-wazuh-c,SYSCALL,/bin/ps,,,,,
2026-09-29T00:53:34.712Z,victima-linux,80792,3,Audit: Command: /usr/bin/dash.,audit|audit_command,RS2,/usr/bin/dash,/var/ossec,audit-wazuh-c,SYSCALL,/bin/sh,,,,,
2026-09-29T00:53:34.713Z,victima-linux,80792,3,Audit: Command: /usr/bin/ps.,audit|audit_command,RS2,/usr/bin/ps,/var/ossec,audit-wazuh-c,SYSCALL,/bin/ps,,,,,
2026-09-29T00:53:34.715Z,victima-linux,80792,3,Audit: Command: /usr/bin/dash.,audit|audit_command,RS2,/usr/bin/dash,/var/ossec,audit-wazuh-c,SYSCALL,/bin/sh,,,,,
2026-09-29T00:53:34.717Z,victima-linux,80792,3,Audit: Command: /usr/bin/ps.,audit|audit_command,RS2,/usr/bin/ps,/var/ossec,audit-wazuh-c,SYSCALL,/bin/ps,,,,,
2026-09-29T00:53:34.720Z,victima-linux,80792,3,Audit: Command: /usr/bin/dash.,audit|audit_command,RS2,/usr/bin/dash,/var/ossec,audit-wazuh-c,SYSCALL,/bin/sh,,,,,
2026-09-29T00:53:34.722Z,victima-linux,80792,3,Audit: Command: /usr/bin/ps.,audit|audit_command,RS2,/usr/bin/ps,/var/ossec,audit-wazuh-c,SYSCALL,/bin/ps,,,,,
2026-09-29T00:53:34.724Z,victima-linux,80792,3,Audit: Command: /usr/bin/dash.,audit|audit_command,RS2,/usr/bin/dash,/var/ossec,audit-wazuh-c,SYSCALL,/bin/sh,,,,,
2026-09-29T00:53:34.727Z,victima-linux,80792,3,Audit: Command: /usr/bin/ps.,audit|audit_command,RS2,/usr/bin/ps,/var/ossec,audit-wazuh-c,SYSCALL,/bin/ps,,,,,
2026-09-29T00:53:34.729Z,victima-linux,80792,3,Audit: Command: /usr/bin/dash.,audit|audit_command,RS2,/usr/bin/dash,/var/ossec,audit-wazuh-c,SYSCALL,/bin/sh,,,,,
2026-09-29T00:53:34.732Z,victima-linux,80792,3,Audit: Command: /usr/bin/ps.,audit|audit_command,RS2,/usr/bin/ps,/var/ossec,audit-wazuh-c,SYSCALL,/bin/ps,,,,,
2026-09-29T00:53:34.734Z,victima-linux,80792,3,Audit: Command: /usr/bin/dash.,audit|audit_command,RS2,/usr/bin/dash,/var/ossec,audit-wazuh-c,SYSCALL,/bin/sh,,,,,
2026-09-29T00:53:34.737Z,victima-linux,80792,3,Audit: Command: /usr/bin/ps.,audit|audit_command,RS2,/usr/bin/ps,/var/ossec,audit-wazuh-c,SYSCALL,/bin/ps,,,,,
2026-09-29T00:53:34.739Z,victima-linux,80792,3,Audit: Command: /usr/bin/dash.,audit|audit_command,RS2,/usr/bin/dash,/var/ossec,audit-wazuh-c,SYSCALL,/bin/sh,,,,,
2026-09-29T00:53:34.742Z,victima-linux,80792,3,Audit: Command: /usr/bin/ps.,audit|audit_command,RS2,/usr/bin/ps,/var/ossec,audit-wazuh-c,SYSCALL,/bin/ps,,,,,
2026-09-29T00:53:34.745Z,victima-linux,80792,3,Audit: Command: /usr/bin/dash.,audit|audit_command,RS2,/usr/bin/dash,/var/ossec,audit-wazuh-c,SYSCALL,/bin/sh,,,,,
2026-09-29T00:53:34.747Z,victima-linux,80792,3,Audit: Command: /usr/bin/ps.,audit|audit_command,RS2,/usr/bin/ps,/var/ossec,audit-wazuh-c,SYSCALL,/bin/ps,,,,,
2026-09-29T00:53:34.749Z,victima-linux,80791,3,Audit: Deleted: var/run/.,audit|audit_watch_delete|audit_watch_write,RS2,/var/ossec/bin/wazuh-agentd,/var/ossec,audit-wazuh-w,SYSCALL,var/run/,var/run/,,,,
2026-09-29T00:53:34.790Z,victima-linux,80792,3,Audit: Command: /usr/bin/dash.,audit|audit_command,RS2,/usr/bin/dash,/var/ossec,audit-wazuh-c,SYSCALL,/bin/sh,,,,,
2026-09-29T00:53:34.790Z,victima-linux,80792,3,Audit: Command: /usr/bin/ps.,audit|audit_command,RS2,/usr/bin/ps,/var/ossec,audit-wazuh-c,SYSCALL,/bin/ps,,,,,
2026-09-29T00:53:36.626Z,victima-linux,80792,3,Audit: Command: /usr/bin/dash.,audit|audit_command,RS2,/usr/bin/dash,/var/ossec,audit-wazuh-c,SYSCALL,/bin/sh,,,,,
2026-09-29T00:53:36.626Z,victima-linux,80792,3,Audit: Command: /usr/bin/ps.,audit|audit_command,RS2,/usr/bin/ps,/var/ossec,audit-wazuh-c,SYSCALL,/bin/ps,,,,,
2026-09-29T00:53:36.628Z,victima-linux,80792,3,Audit: Command: /usr/bin/dash.,audit|audit_command,RS2,/usr/bin/dash,/var/ossec,audit-wazuh-c,SYSCALL,/bin/sh,,,,,
2026-09-29T00:53:36.630Z,victima-linux,80792,3,Audit: Command: /usr/bin/ps.,audit|audit_command,RS2,/usr/bin/ps,/var/ossec,audit-wazuh-c,SYSCALL,/bin/ps,,,,,
2026-09-29T00:53:36.633Z,victima-linux,80792,3,Audit: Command: /usr/bin/dash.,audit|audit_command,RS2,/usr/bin/dash,/var/ossec,audit-wazuh-c,SYSCALL,/bin/sh,,,,,
2026-09-29T00:53:36.635Z,victima-linux,80792,3,Audit: Command: /usr/bin/ps.,audit|audit_command,RS2,/usr/bin/ps,/var/ossec,audit-wazuh-c,SYSCALL,/bin/ps,,,,,
2026-09-29T00:53:36.638Z,victima-linux,80792,3,Audit: Command: /usr/bin/dash.,audit|audit_command,RS2,/usr/bin/dash,/var/ossec,audit-wazuh-c,SYSCALL,/bin/sh,,,,,
2026-09-29T00:53:36.640Z,victima-linux,80792,3,Audit: Command: /usr/bin/ps.,audit|audit_command,RS2,/usr/bin/ps,/var/ossec,audit-wazuh-c,SYSCALL,/bin/ps,,,,,
2026-09-29T00:53:36.643Z,victima-linux,80792,3,Audit: Command: /usr/bin/dash.,audit|audit_command,RS2,/usr/bin/dash,/var/ossec,audit-wazuh-c,SYSCALL,/bin/sh,,,,,
2026-09-29T00:53:36.645Z,victima-linux,80792,3,Audit: Command: /usr/bin/ps.,audit|audit_command,RS2,/usr/bin/ps,/var/ossec,audit-wazuh-c,SYSCALL,/bin/ps,,,,,
2026-09-29T00:53:36.648Z,victima-linux,80792,3,Audit: Command: /usr/bin/dash.,audit|audit_command,RS2,/usr/bin/dash,/var/ossec,audit-wazuh-c,SYSCALL,/bin/sh,,,,,
2026-09-29T00:53:36.650Z,victima-linux,80792,3,Audit: Command: /usr/bin/ps.,audit|audit_command,RS2,/usr/bin/ps,/var/ossec,audit-wazuh-c,SYSCALL,/bin/ps,,,,,
2026-09-29T00:53:36.652Z,victima-linux,80792,3,Audit: Command: /usr/bin/dash.,audit|audit_command,RS2,/usr/bin/dash,/var/ossec,audit-wazuh-c,SYSCALL,/bin/sh,,,,,
2026-09-29T00:53:36.654Z,victima-linux,80792,3,Audit: Command: /usr/bin/ps.,audit|audit_command,RS2,/usr/bin/ps,/var/ossec,audit-wazuh-c,SYSCALL,/bin/ps,,,,,
2026-09-29T00:53:36.657Z,victima-linux,80792,3,Audit: Command: /usr/bin/dash.,audit|audit_command,RS2,/usr/bin/dash,/var/ossec,audit-wazuh-c,SYSCALL,/bin/sh,,,,,
2026-09-29T00:53:36.659Z,victima-linux,80792,3,Audit: Command: /usr/bin/ps.,audit|audit_command,RS2,/usr/bin/ps,/var/ossec,audit-wazuh-c,SYSCALL,/bin/ps,,,,,
2026-09-29T00:53:36.662Z,victima-linux,80792,3,Audit: Command: /usr/bin/dash.,audit|audit_command,RS2,/usr/bin/dash,/var/ossec,audit-wazuh-c,SYSCALL,/bin/sh,,,,,
2026-09-29T00:53:36.664Z,victima-linux,80792,3,Audit: Command: /usr/bin/ps.,audit|audit_command,RS2,/usr/bin/ps,/var/ossec,audit-wazuh-c,SYSCALL,/bin/ps,,,,,
2026-09-29T00:53:36.666Z,victima-linux,80792,3,Audit: Command: /usr/bin/dash.,audit|audit_command,RS2,/usr/bin/dash,/var/ossec,audit-wazuh-c,SYSCALL,/bin/sh,,,,,
2026-09-29T00:53:36.669Z,victima-linux,80792,3,Audit: Command: /usr/bin/ps.,audit|audit_command,RS2,/usr/bin/ps,/var/ossec,audit-wazuh-c,SYSCALL,/bin/ps,,,,,
2026-09-29T00:53:36.671Z,victima-linux,80792,3,Audit: Command: /usr/bin/dash.,audit|audit_command,RS2,/usr/bin/dash,/var/ossec,audit-wazuh-c,SYSCALL,/bin/sh,,,,,
2026-09-29T00:53:36.673Z,victima-linux,80792,3,Audit: Command: /usr/bin/ps.,audit|audit_command,RS2,/usr/bin/ps,/var/ossec,audit-wazuh-c,SYSCALL,/bin/ps,,,,,
2026-09-29T00:53:36.676Z,victima-linux,80792,3,Audit: Command: /usr/bin/dash.,audit|audit_command,RS2,/usr/bin/dash,/var/ossec,audit-wazuh-c,SYSCALL,/bin/sh,,,,,
2026-09-29T00:53:36.678Z,victima-linux,80792,3,Audit: Command: /usr/bin/ps.,audit|audit_command,RS2,/usr/bin/ps,/var/ossec,audit-wazuh-c,SYSCALL,/bin/ps,,,,,
2026-09-29T00:53:36.681Z,victima-linux,80792,3,Audit: Command: /usr/bin/dash.,audit|audit_command,RS2,/usr/bin/dash,/var/ossec,audit-wazuh-c,SYSCALL,/bin/sh,,,,,
2026-09-29T00:53:36.683Z,victima-linux,80792,3,Audit: Command: /usr/bin/ps.,audit|audit_command,RS2,/usr/bin/ps,/var/ossec,audit-wazuh-c,SYSCALL,/bin/ps,,,,,
2026-09-29T00:53:36.686Z,victima-linux,80792,3,Audit: Command: /usr/bin/dash.,audit|audit_command,RS2,/usr/bin/dash,/var/ossec,audit-wazuh-c,SYSCALL,/bin/sh,,,,,
2026-09-29T00:53:36.689Z,victima-linux,80792,3,Audit: Command: /usr/bin/ps.,audit|audit_command,RS2,/usr/bin/ps,/var/ossec,audit-wazuh-c,SYSCALL,/bin/ps,,,,,
2026-09-29T00:53:36.691Z,victima-linux,80792,3,Audit: Command: /usr/bin/dash.,audit|audit_command,RS2,/usr/bin/dash,/var/ossec,audit-wazuh-c,SYSCALL,/bin/sh,,,,,
2026-09-29T00:53:36.693Z,victima-linux,80792,3,Audit: Command: /usr/bin/ps.,audit|audit_command,RS2,/usr/bin/ps,/var/ossec,audit-wazuh-c,SYSCALL,/bin/ps,,,,,
2026-09-29T00:53:36.695Z,victima-linux,80792,3,Audit: Command: /usr/bin/dash.,audit|audit_command,RS2,/usr/bin/dash,/var/ossec,audit-wazuh-c,SYSCALL,/bin/sh,,,,,
2026-09-29T00:53:36.697Z,victima-linux,80792,3,Audit: Command: /usr/bin/ps.,audit|audit_command,RS2,/usr/bin/ps,/var/ossec,audit-wazuh-c,SYSCALL,/bin/ps,,,,,
2026-09-29T00:53:36.700Z,victima-linux,80792,3,Audit: Command: /usr/bin/dash.,audit|audit_command,RS2,/usr/bin/dash,/var/ossec,audit-wazuh-c,SYSCALL,/bin/sh,,,,,
2026-09-29T00:53:36.702Z,victima-linux,80792,3,Audit: Command: /usr/bin/ps.,audit|audit_command,RS2,/usr/bin/ps,/var/ossec,audit-wazuh-c,SYSCALL,/bin/ps,,,,,
2026-09-29T00:53:36.704Z,victima-linux,80792,3,Audit: Command: /usr/bin/dash.,audit|audit_command,RS2,/usr/bin/dash,/var/ossec,audit-wazuh-c,SYSCALL,/bin/sh,,,,,
2026-09-29T00:53:36.706Z,victima-linux,80792,3,Audit: Command: /usr/bin/ps.,audit|audit_command,RS2,/usr/bin/ps,/var/ossec,audit-wazuh-c,SYSCALL,/bin/ps,,,,,
2026-09-29T00:53:38.627Z,victima-linux,80792,3,Audit: Command: /usr/bin/dash.,audit|audit_command,RS2,/usr/bin/dash,/var/ossec,audit-wazuh-c,SYSCALL,/bin/sh,,,,,
2026-09-29T00:53:38.627Z,victima-linux,80792,3,Audit: Command: /usr/bin/ps.,audit|audit_command,RS2,/usr/bin/ps,/var/ossec,audit-wazuh-c,SYSCALL,/bin/ps,,,,,
2026-09-29T00:53:38.628Z,victima-linux,80792,3,Audit: Command: /usr/bin/dash.,audit|audit_command,RS2,/usr/bin/dash,/var/ossec,audit-wazuh-c,SYSCALL,/bin/sh,,,,,
2026-09-29T00:53:38.631Z,victima-linux,80792,3,Audit: Command: /usr/bin/ps.,audit|audit_command,RS2,/usr/bin/ps,/var/ossec,audit-wazuh-c,SYSCALL,/bin/ps,,,,,
2026-09-29T00:53:40.626Z,victima-linux,80791,3,Audit: Deleted: var/run/.,audit|audit_watch_delete|audit_watch_write,RS2,/var/ossec/bin/wazuh-agentd,/var/ossec,audit-wazuh-w,SYSCALL,var/run/,var/run/,,,,
2026-09-29T00:53:44.628Z,victima-linux,80791,3,Audit: Deleted: var/run/.,audit|audit_watch_delete|audit_watch_write,RS2,/var/ossec/bin/wazuh-agentd,/var/ossec,audit-wazuh-w,SYSCALL,var/run/,var/run/,,,,
