# ATA009_iter2-raw_1.csv | detalle por alerta (una fila/alerta) | TFG HIDS - Fase 3 A2.1 (paso 0) | alertas=/var/ossec/logs/alerts/2026/Sep/ossec-alerts-28.json | ventana=2026-09-28T23:17:15Z..2026-09-28T23:17:56Z | leidas=56049 en_ventana=652 no_json=1 | columnas: timestamp_utc,agent_name,rule_id,rule_level,rule_description,rule_groups,rs_origen,audit_exe,audit_cwd,audit_key,audit_type,audit_file,audit_dir,syscheck_path,srcip,srcuser,dstuser
timestamp_utc,agent_name,rule_id,rule_level,rule_description,rule_groups,rs_origen,audit_exe,audit_cwd,audit_key,audit_type,audit_file,audit_dir,syscheck_path,srcip,srcuser,dstuser
2026-09-28T23:17:15.043Z,victima-linux,80791,3,Audit: Deleted: var/run/.,audit|audit_watch_delete|audit_watch_write,RS2,/var/ossec/bin/wazuh-agentd,/var/ossec,audit-wazuh-w,SYSCALL,var/run/,var/run/,,,,
2026-09-28T23:17:17.045Z,victima-linux,80792,3,Audit: Command: /usr/bin/date.,audit|audit_command,RS2,/usr/bin/date,/home/angel/lab-attack/ATA009,audit-wazuh-c,SYSCALL,/usr/bin/date,,,,,
2026-09-28T23:17:17.046Z,victima-linux,80792,3,Audit: Command: /usr/bin/bash.,audit|audit_command,RS2,/usr/bin/bash,,audit-wazuh-c,SYSCALL,,,,,,
2026-09-28T23:17:17.048Z,victima-linux,80792,3,Audit: Command: /usr/bin/tee.,audit|audit_command,RS2,/usr/bin/tee,/home/angel/lab-attack/ATA009,audit-wazuh-c,SYSCALL,/usr/bin/tee,,,,,
2026-09-28T23:17:17.053Z,victima-linux,80792,3,Audit: Command: /usr/bin/date.,audit|audit_command,RS2,/usr/bin/date,/home/angel/lab-attack/ATA009,audit-wazuh-c,SYSCALL,/usr/bin/date,,,,,
2026-09-28T23:17:17.056Z,victima-linux,80792,3,Audit: Command: /usr/bin/sha256sum.,audit|audit_command,RS2,/usr/bin/sha256sum,/home/angel/lab-attack/ATA009,audit-wazuh-c,SYSCALL,/usr/bin/sha256sum,,,,,
2026-09-28T23:17:17.058Z,victima-linux,80792,3,Audit: Command: /usr/bin/curl.,audit|audit_command,RS2,/usr/bin/curl,/home/angel/lab-attack/ATA009,audit-wazuh-c,SYSCALL,/usr/bin/curl,,,,,
2026-09-28T23:17:17.060Z,victima-linux,80792,3,Audit: Command: /usr/bin/sleep.,audit|audit_command,RS2,/usr/bin/sleep,/home/angel/lab-attack/ATA009,audit-wazuh-c,SYSCALL,/usr/bin/sleep,,,,,
2026-09-28T23:17:17.063Z,victima-linux,80792,3,Audit: Command: /usr/bin/date.,audit|audit_command,RS2,/usr/bin/date,/home/angel/lab-attack/ATA009,audit-wazuh-c,SYSCALL,/usr/bin/date,,,,,
2026-09-28T23:17:17.065Z,victima-linux,80792,3,Audit: Command: /usr/bin/sleep.,audit|audit_command,RS2,/usr/bin/sleep,/home/angel/lab-attack/ATA009,audit-wazuh-c,SYSCALL,/usr/bin/sleep,,,,,
2026-09-28T23:17:19.044Z,victima-linux,80791,3,Audit: Deleted: var/run/.,audit|audit_watch_delete|audit_watch_write,RS2,/var/ossec/bin/wazuh-agentd,/var/ossec,audit-wazuh-w,SYSCALL,var/run/,var/run/,,,,
2026-09-28T23:17:21.642Z,wazuh-server,5501,3,PAM: Login session opened.,pam|syslog|authentication_success,RS1,,,,,,,,,angel,angel
2026-09-28T23:17:21.642Z,wazuh-server,5715,3,sshd: authentication success.,syslog|sshd|authentication_success,RS1,,,,,,,,192.168.65.1,,angel
2026-09-28T23:17:21.643Z,wazuh-server,5402,3,Successful sudo to ROOT executed.,syslog|sudo,RS1,,,,,,,,,angel,root
2026-09-28T23:17:21.643Z,wazuh-server,5501,3,PAM: Login session opened.,pam|syslog|authentication_success,RS1,,,,,,,,,angel,angel
2026-09-28T23:17:21.643Z,wazuh-server,5501,3,PAM: Login session opened.,pam|syslog|authentication_success,RS1,,,,,,,,,angel,root
2026-09-28T23:17:21.643Z,wazuh-server,5502,3,PAM: Login session closed.,pam|syslog,RS1,,,,,,,,,,root
2026-09-28T23:17:21.643Z,wazuh-server,5502,3,PAM: Login session closed.,pam|syslog,RS1,,,,,,,,,,angel
2026-09-28T23:17:23.044Z,victima-linux,80780,3,Audit: Watch - Write access.,audit|audit_watch_write,RS2,/var/ossec/bin/wazuh-syscheckd,,audit-wazuh-w,SYSCALL,,,,,,
2026-09-28T23:17:23.044Z,victima-linux,80792,3,Audit: Command: /usr/bin/dash.,audit|audit_command,RS2,/usr/bin/dash,/var/ossec,audit-wazuh-c,SYSCALL,/bin/sh,,,,,
2026-09-28T23:17:23.046Z,victima-linux,80792,3,Audit: Command: /usr/bin/ps.,audit|audit_command,RS2,/usr/bin/ps,/var/ossec,audit-wazuh-c,SYSCALL,/bin/ps,,,,,
2026-09-28T23:17:23.048Z,victima-linux,80792,3,Audit: Command: /usr/bin/dash.,audit|audit_command,RS2,/usr/bin/dash,/var/ossec,audit-wazuh-c,SYSCALL,/bin/sh,,,,,
2026-09-28T23:17:23.051Z,victima-linux,80792,3,Audit: Command: /usr/bin/ps.,audit|audit_command,RS2,/usr/bin/ps,/var/ossec,audit-wazuh-c,SYSCALL,/bin/ps,,,,,
2026-09-28T23:17:23.053Z,victima-linux,80792,3,Audit: Command: /usr/bin/dash.,audit|audit_command,RS2,/usr/bin/dash,/var/ossec,audit-wazuh-c,SYSCALL,/bin/sh,,,,,
2026-09-28T23:17:23.055Z,victima-linux,80792,3,Audit: Command: /usr/bin/ps.,audit|audit_command,RS2,/usr/bin/ps,/var/ossec,audit-wazuh-c,SYSCALL,/bin/ps,,,,,
2026-09-28T23:17:23.058Z,victima-linux,80792,3,Audit: Command: /usr/bin/dash.,audit|audit_command,RS2,/usr/bin/dash,/var/ossec,audit-wazuh-c,SYSCALL,/bin/sh,,,,,
2026-09-28T23:17:23.060Z,victima-linux,80792,3,Audit: Command: /usr/bin/ps.,audit|audit_command,RS2,/usr/bin/ps,/var/ossec,audit-wazuh-c,SYSCALL,/bin/ps,,,,,
2026-09-28T23:17:23.062Z,victima-linux,80792,3,Audit: Command: /usr/bin/dash.,audit|audit_command,RS2,/usr/bin/dash,/var/ossec,audit-wazuh-c,SYSCALL,/bin/sh,,,,,
2026-09-28T23:17:23.065Z,victima-linux,80792,3,Audit: Command: /usr/bin/ps.,audit|audit_command,RS2,/usr/bin/ps,/var/ossec,audit-wazuh-c,SYSCALL,/bin/ps,,,,,
2026-09-28T23:17:23.067Z,victima-linux,80792,3,Audit: Command: /usr/bin/dash.,audit|audit_command,RS2,/usr/bin/dash,/var/ossec,audit-wazuh-c,SYSCALL,/bin/sh,,,,,
2026-09-28T23:17:23.070Z,victima-linux,80792,3,Audit: Command: /usr/bin/ps.,audit|audit_command,RS2,/usr/bin/ps,/var/ossec,audit-wazuh-c,SYSCALL,/bin/ps,,,,,
2026-09-28T23:17:23.072Z,victima-linux,80792,3,Audit: Command: /usr/bin/dash.,audit|audit_command,RS2,/usr/bin/dash,/var/ossec,audit-wazuh-c,SYSCALL,/bin/sh,,,,,
2026-09-28T23:17:23.075Z,victima-linux,80792,3,Audit: Command: /usr/bin/ps.,audit|audit_command,RS2,/usr/bin/ps,/var/ossec,audit-wazuh-c,SYSCALL,/bin/ps,,,,,
2026-09-28T23:17:23.077Z,victima-linux,80792,3,Audit: Command: /usr/bin/dash.,audit|audit_command,RS2,/usr/bin/dash,/var/ossec,audit-wazuh-c,SYSCALL,/bin/sh,,,,,
2026-09-28T23:17:23.080Z,victima-linux,80792,3,Audit: Command: /usr/bin/ps.,audit|audit_command,RS2,/usr/bin/ps,/var/ossec,audit-wazuh-c,SYSCALL,/bin/ps,,,,,
2026-09-28T23:17:23.082Z,victima-linux,80792,3,Audit: Command: /usr/bin/dash.,audit|audit_command,RS2,/usr/bin/dash,/var/ossec,audit-wazuh-c,SYSCALL,/bin/sh,,,,,
2026-09-28T23:17:23.084Z,victima-linux,80792,3,Audit: Command: /usr/bin/ps.,audit|audit_command,RS2,/usr/bin/ps,/var/ossec,audit-wazuh-c,SYSCALL,/bin/ps,,,,,
2026-09-28T23:17:23.100Z,victima-linux,80792,3,Audit: Command: /usr/bin/dash.,audit|audit_command,RS2,/usr/bin/dash,/var/ossec,audit-wazuh-c,SYSCALL,/bin/sh,,,,,
2026-09-28T23:17:23.100Z,victima-linux,80792,3,Audit: Command: /usr/bin/ps.,audit|audit_command,RS2,/usr/bin/ps,/var/ossec,audit-wazuh-c,SYSCALL,/bin/ps,,,,,
2026-09-28T23:17:25.044Z,victima-linux,80792,3,Audit: Command: /usr/bin/dash.,audit|audit_command,RS2,/usr/bin/dash,/var/ossec,audit-wazuh-c,SYSCALL,/bin/sh,,,,,
2026-09-28T23:17:25.044Z,victima-linux,80792,3,Audit: Command: /usr/bin/ps.,audit|audit_command,RS2,/usr/bin/ps,/var/ossec,audit-wazuh-c,SYSCALL,/bin/ps,,,,,
2026-09-28T23:17:25.047Z,victima-linux,80792,3,Audit: Command: /usr/bin/dash.,audit|audit_command,RS2,/usr/bin/dash,/var/ossec,audit-wazuh-c,SYSCALL,/bin/sh,,,,,
2026-09-28T23:17:25.049Z,victima-linux,80792,3,Audit: Command: /usr/bin/ps.,audit|audit_command,RS2,/usr/bin/ps,/var/ossec,audit-wazuh-c,SYSCALL,/bin/ps,,,,,
2026-09-28T23:17:25.051Z,victima-linux,80792,3,Audit: Command: /usr/bin/dash.,audit|audit_command,RS2,/usr/bin/dash,/var/ossec,audit-wazuh-c,SYSCALL,/bin/sh,,,,,
2026-09-28T23:17:25.053Z,victima-linux,80792,3,Audit: Command: /usr/bin/ps.,audit|audit_command,RS2,/usr/bin/ps,/var/ossec,audit-wazuh-c,SYSCALL,/bin/ps,,,,,
2026-09-28T23:17:25.055Z,victima-linux,80792,3,Audit: Command: /usr/bin/dash.,audit|audit_command,RS2,/usr/bin/dash,/var/ossec,audit-wazuh-c,SYSCALL,/bin/sh,,,,,
2026-09-28T23:17:25.057Z,victima-linux,80792,3,Audit: Command: /usr/bin/ps.,audit|audit_command,RS2,/usr/bin/ps,/var/ossec,audit-wazuh-c,SYSCALL,/bin/ps,,,,,
2026-09-28T23:17:25.060Z,victima-linux,80792,3,Audit: Command: /usr/bin/dash.,audit|audit_command,RS2,/usr/bin/dash,/var/ossec,audit-wazuh-c,SYSCALL,/bin/sh,,,,,
2026-09-28T23:17:25.062Z,victima-linux,80792,3,Audit: Command: /usr/bin/ps.,audit|audit_command,RS2,/usr/bin/ps,/var/ossec,audit-wazuh-c,SYSCALL,/bin/ps,,,,,
2026-09-28T23:17:25.065Z,victima-linux,80792,3,Audit: Command: /usr/bin/dash.,audit|audit_command,RS2,/usr/bin/dash,/var/ossec,audit-wazuh-c,SYSCALL,/bin/sh,,,,,
2026-09-28T23:17:25.067Z,victima-linux,80792,3,Audit: Command: /usr/bin/ps.,audit|audit_command,RS2,/usr/bin/ps,/var/ossec,audit-wazuh-c,SYSCALL,/bin/ps,,,,,
2026-09-28T23:17:25.069Z,victima-linux,80792,3,Audit: Command: /usr/bin/dash.,audit|audit_command,RS2,/usr/bin/dash,/var/ossec,audit-wazuh-c,SYSCALL,/bin/sh,,,,,
2026-09-28T23:17:25.071Z,victima-linux,80792,3,Audit: Command: /usr/bin/ps.,audit|audit_command,RS2,/usr/bin/ps,/var/ossec,audit-wazuh-c,SYSCALL,/bin/ps,,,,,
2026-09-28T23:17:25.074Z,victima-linux,80792,3,Audit: Command: /usr/bin/dash.,audit|audit_command,RS2,/usr/bin/dash,/var/ossec,audit-wazuh-c,SYSCALL,/bin/sh,,,,,
2026-09-28T23:17:25.076Z,victima-linux,80792,3,Audit: Command: /usr/bin/ps.,audit|audit_command,RS2,/usr/bin/ps,/var/ossec,audit-wazuh-c,SYSCALL,/bin/ps,,,,,
2026-09-28T23:17:25.078Z,victima-linux,80792,3,Audit: Command: /usr/bin/dash.,audit|audit_command,RS2,/usr/bin/dash,/var/ossec,audit-wazuh-c,SYSCALL,/bin/sh,,,,,
2026-09-28T23:17:25.081Z,victima-linux,80792,3,Audit: Command: /usr/bin/ps.,audit|audit_command,RS2,/usr/bin/ps,/var/ossec,audit-wazuh-c,SYSCALL,/bin/ps,,,,,
2026-09-28T23:17:25.084Z,victima-linux,80792,3,Audit: Command: /usr/bin/dash.,audit|audit_command,RS2,/usr/bin/dash,/var/ossec,audit-wazuh-c,SYSCALL,/bin/sh,,,,,
2026-09-28T23:17:25.086Z,victima-linux,80792,3,Audit: Command: /usr/bin/ps.,audit|audit_command,RS2,/usr/bin/ps,/var/ossec,audit-wazuh-c,SYSCALL,/bin/ps,,,,,
2026-09-28T23:17:25.088Z,victima-linux,80792,3,Audit: Command: /usr/bin/dash.,audit|audit_command,RS2,/usr/bin/dash,/var/ossec,audit-wazuh-c,SYSCALL,/bin/sh,,,,,
2026-09-28T23:17:25.091Z,victima-linux,80792,3,Audit: Command: /usr/bin/ps.,audit|audit_command,RS2,/usr/bin/ps,/var/ossec,audit-wazuh-c,SYSCALL,/bin/ps,,,,,
2026-09-28T23:17:25.093Z,victima-linux,80792,3,Audit: Command: /usr/bin/dash.,audit|audit_command,RS2,/usr/bin/dash,/var/ossec,audit-wazuh-c,SYSCALL,/bin/sh,,,,,
2026-09-28T23:17:25.096Z,victima-linux,80792,3,Audit: Command: /usr/bin/ps.,audit|audit_command,RS2,/usr/bin/ps,/var/ossec,audit-wazuh-c,SYSCALL,/bin/ps,,,,,
2026-09-28T23:17:25.098Z,victima-linux,80791,3,Audit: Deleted: var/run/.,audit|audit_watch_delete|audit_watch_write,RS2,/var/ossec/bin/wazuh-agentd,/var/ossec,audit-wazuh-w,SYSCALL,var/run/,var/run/,,,,
2026-09-28T23:17:25.104Z,victima-linux,80792,3,Audit: Command: /usr/bin/dash.,audit|audit_command,RS2,/usr/bin/dash,/var/ossec,audit-wazuh-c,SYSCALL,/bin/sh,,,,,
2026-09-28T23:17:25.104Z,victima-linux,80792,3,Audit: Command: /usr/bin/dash.,audit|audit_command,RS2,/usr/bin/dash,/var/ossec,audit-wazuh-c,SYSCALL,/bin/sh,,,,,
2026-09-28T23:17:25.104Z,victima-linux,80792,3,Audit: Command: /usr/bin/ps.,audit|audit_command,RS2,/usr/bin/ps,/var/ossec,audit-wazuh-c,SYSCALL,/bin/ps,,,,,
2026-09-28T23:17:25.106Z,victima-linux,80792,3,Audit: Command: /usr/bin/ps.,audit|audit_command,RS2,/usr/bin/ps,/var/ossec,audit-wazuh-c,SYSCALL,/bin/ps,,,,,
2026-09-28T23:17:25.109Z,victima-linux,80792,3,Audit: Command: /usr/bin/dash.,audit|audit_command,RS2,/usr/bin/dash,/var/ossec,audit-wazuh-c,SYSCALL,/bin/sh,,,,,
2026-09-28T23:17:25.111Z,victima-linux,80792,3,Audit: Command: /usr/bin/ps.,audit|audit_command,RS2,/usr/bin/ps,/var/ossec,audit-wazuh-c,SYSCALL,/bin/ps,,,,,
2026-09-28T23:17:25.113Z,victima-linux,80792,3,Audit: Command: /usr/bin/dash.,audit|audit_command,RS2,/usr/bin/dash,/var/ossec,audit-wazuh-c,SYSCALL,/bin/sh,,,,,
2026-09-28T23:17:25.115Z,victima-linux,80792,3,Audit: Command: /usr/bin/ps.,audit|audit_command,RS2,/usr/bin/ps,/var/ossec,audit-wazuh-c,SYSCALL,/bin/ps,,,,,
2026-09-28T23:17:25.117Z,victima-linux,80792,3,Audit: Command: /usr/bin/dash.,audit|audit_command,RS2,/usr/bin/dash,/var/ossec,audit-wazuh-c,SYSCALL,/bin/sh,,,,,
2026-09-28T23:17:25.120Z,victima-linux,80792,3,Audit: Command: /usr/bin/ps.,audit|audit_command,RS2,/usr/bin/ps,/var/ossec,audit-wazuh-c,SYSCALL,/bin/ps,,,,,
2026-09-28T23:17:25.122Z,victima-linux,80792,3,Audit: Command: /usr/bin/dash.,audit|audit_command,RS2,/usr/bin/dash,/var/ossec,audit-wazuh-c,SYSCALL,/bin/sh,,,,,
2026-09-28T23:17:25.124Z,victima-linux,80792,3,Audit: Command: /usr/bin/ps.,audit|audit_command,RS2,/usr/bin/ps,/var/ossec,audit-wazuh-c,SYSCALL,/bin/ps,,,,,
2026-09-28T23:17:25.127Z,victima-linux,80792,3,Audit: Command: /usr/bin/dash.,audit|audit_command,RS2,/usr/bin/dash,/var/ossec,audit-wazuh-c,SYSCALL,/bin/sh,,,,,
2026-09-28T23:17:25.129Z,victima-linux,80792,3,Audit: Command: /usr/bin/ps.,audit|audit_command,RS2,/usr/bin/ps,/var/ossec,audit-wazuh-c,SYSCALL,/bin/ps,,,,,
2026-09-28T23:17:25.131Z,victima-linux,80792,3,Audit: Command: /usr/bin/dash.,audit|audit_command,RS2,/usr/bin/dash,/var/ossec,audit-wazuh-c,SYSCALL,/bin/sh,,,,,
2026-09-28T23:17:25.133Z,victima-linux,80792,3,Audit: Command: /usr/bin/ps.,audit|audit_command,RS2,/usr/bin/ps,/var/ossec,audit-wazuh-c,SYSCALL,/bin/ps,,,,,
2026-09-28T23:17:25.135Z,victima-linux,80792,3,Audit: Command: /usr/bin/dash.,audit|audit_command,RS2,/usr/bin/dash,/var/ossec,audit-wazuh-c,SYSCALL,/bin/sh,,,,,
2026-09-28T23:17:25.138Z,victima-linux,80792,3,Audit: Command: /usr/bin/ps.,audit|audit_command,RS2,/usr/bin/ps,/var/ossec,audit-wazuh-c,SYSCALL,/bin/ps,,,,,
2026-09-28T23:17:25.140Z,victima-linux,80792,3,Audit: Command: /usr/bin/dash.,audit|audit_command,RS2,/usr/bin/dash,/var/ossec,audit-wazuh-c,SYSCALL,/bin/sh,,,,,
2026-09-28T23:17:25.142Z,victima-linux,80792,3,Audit: Command: /usr/bin/ps.,audit|audit_command,RS2,/usr/bin/ps,/var/ossec,audit-wazuh-c,SYSCALL,/bin/ps,,,,,
2026-09-28T23:17:25.144Z,victima-linux,80792,3,Audit: Command: /usr/bin/dash.,audit|audit_command,RS2,/usr/bin/dash,/var/ossec,audit-wazuh-c,SYSCALL,/bin/sh,,,,,
2026-09-28T23:17:25.148Z,victima-linux,80792,3,Audit: Command: /usr/bin/ps.,audit|audit_command,RS2,/usr/bin/ps,/var/ossec,audit-wazuh-c,SYSCALL,/bin/ps,,,,,
2026-09-28T23:17:25.150Z,victima-linux,80792,3,Audit: Command: /usr/bin/dash.,audit|audit_command,RS2,/usr/bin/dash,/var/ossec,audit-wazuh-c,SYSCALL,/bin/sh,,,,,
2026-09-28T23:17:25.153Z,victima-linux,80792,3,Audit: Command: /usr/bin/ps.,audit|audit_command,RS2,/usr/bin/ps,/var/ossec,audit-wazuh-c,SYSCALL,/bin/ps,,,,,
2026-09-28T23:17:25.155Z,victima-linux,80792,3,Audit: Command: /usr/bin/dash.,audit|audit_command,RS2,/usr/bin/dash,/var/ossec,audit-wazuh-c,SYSCALL,/bin/sh,,,,,
2026-09-28T23:17:25.158Z,victima-linux,80792,3,Audit: Command: /usr/bin/ps.,audit|audit_command,RS2,/usr/bin/ps,/var/ossec,audit-wazuh-c,SYSCALL,/bin/ps,,,,,
2026-09-28T23:17:25.160Z,victima-linux,80792,3,Audit: Command: /usr/bin/dash.,audit|audit_command,RS2,/usr/bin/dash,/var/ossec,audit-wazuh-c,SYSCALL,/bin/sh,,,,,
2026-09-28T23:17:25.162Z,victima-linux,80792,3,Audit: Command: /usr/bin/ps.,audit|audit_command,RS2,/usr/bin/ps,/var/ossec,audit-wazuh-c,SYSCALL,/bin/ps,,,,,
2026-09-28T23:17:25.164Z,victima-linux,80792,3,Audit: Command: /usr/bin/dash.,audit|audit_command,RS2,/usr/bin/dash,/var/ossec,audit-wazuh-c,SYSCALL,/bin/sh,,,,,
2026-09-28T23:17:25.166Z,victima-linux,80792,3,Audit: Command: /usr/bin/ps.,audit|audit_command,RS2,/usr/bin/ps,/var/ossec,audit-wazuh-c,SYSCALL,/bin/ps,,,,,
2026-09-28T23:17:25.169Z,victima-linux,80792,3,Audit: Command: /usr/bin/dash.,audit|audit_command,RS2,/usr/bin/dash,/var/ossec,audit-wazuh-c,SYSCALL,/bin/sh,,,,,
2026-09-28T23:17:25.171Z,victima-linux,80792,3,Audit: Command: /usr/bin/ps.,audit|audit_command,RS2,/usr/bin/ps,/var/ossec,audit-wazuh-c,SYSCALL,/bin/ps,,,,,
2026-09-28T23:17:25.174Z,victima-linux,80792,3,Audit: Command: /usr/bin/dash.,audit|audit_command,RS2,/usr/bin/dash,/var/ossec,audit-wazuh-c,SYSCALL,/bin/sh,,,,,
2026-09-28T23:17:25.176Z,victima-linux,80792,3,Audit: Command: /usr/bin/ps.,audit|audit_command,RS2,/usr/bin/ps,/var/ossec,audit-wazuh-c,SYSCALL,/bin/ps,,,,,
2026-09-28T23:17:27.045Z,victima-linux,80792,3,Audit: Command: /usr/bin/dash.,audit|audit_command,RS2,/usr/bin/dash,/var/ossec,audit-wazuh-c,SYSCALL,/bin/sh,,,,,
2026-09-28T23:17:27.045Z,victima-linux,80792,3,Audit: Command: /usr/bin/ps.,audit|audit_command,RS2,/usr/bin/ps,/var/ossec,audit-wazuh-c,SYSCALL,/bin/ps,,,,,
2026-09-28T23:17:27.047Z,victima-linux,80792,3,Audit: Command: /usr/bin/dash.,audit|audit_command,RS2,/usr/bin/dash,/var/ossec,audit-wazuh-c,SYSCALL,/bin/sh,,,,,
2026-09-28T23:17:27.050Z,victima-linux,80792,3,Audit: Command: /usr/bin/ps.,audit|audit_command,RS2,/usr/bin/ps,/var/ossec,audit-wazuh-c,SYSCALL,/bin/ps,,,,,
2026-09-28T23:17:27.052Z,victima-linux,80792,3,Audit: Command: /usr/bin/dash.,audit|audit_command,RS2,/usr/bin/dash,/var/ossec,audit-wazuh-c,SYSCALL,/bin/sh,,,,,
2026-09-28T23:17:27.054Z,victima-linux,80792,3,Audit: Command: /usr/bin/ps.,audit|audit_command,RS2,/usr/bin/ps,/var/ossec,audit-wazuh-c,SYSCALL,/bin/ps,,,,,
2026-09-28T23:17:27.056Z,victima-linux,80792,3,Audit: Command: /usr/bin/dash.,audit|audit_command,RS2,/usr/bin/dash,/var/ossec,audit-wazuh-c,SYSCALL,/bin/sh,,,,,
2026-09-28T23:17:27.059Z,victima-linux,80792,3,Audit: Command: /usr/bin/ps.,audit|audit_command,RS2,/usr/bin/ps,/var/ossec,audit-wazuh-c,SYSCALL,/bin/ps,,,,,
2026-09-28T23:17:27.061Z,victima-linux,80792,3,Audit: Command: /usr/bin/dash.,audit|audit_command,RS2,/usr/bin/dash,/var/ossec,audit-wazuh-c,SYSCALL,/bin/sh,,,,,
2026-09-28T23:17:27.063Z,victima-linux,80792,3,Audit: Command: /usr/bin/ps.,audit|audit_command,RS2,/usr/bin/ps,/var/ossec,audit-wazuh-c,SYSCALL,/bin/ps,,,,,
2026-09-28T23:17:27.065Z,victima-linux,80792,3,Audit: Command: /usr/bin/dash.,audit|audit_command,RS2,/usr/bin/dash,/var/ossec,audit-wazuh-c,SYSCALL,/bin/sh,,,,,
2026-09-28T23:17:27.067Z,victima-linux,80792,3,Audit: Command: /usr/bin/ps.,audit|audit_command,RS2,/usr/bin/ps,/var/ossec,audit-wazuh-c,SYSCALL,/bin/ps,,,,,
2026-09-28T23:17:27.070Z,victima-linux,80792,3,Audit: Command: /usr/bin/dash.,audit|audit_command,RS2,/usr/bin/dash,/var/ossec,audit-wazuh-c,SYSCALL,/bin/sh,,,,,
2026-09-28T23:17:27.072Z,victima-linux,80792,3,Audit: Command: /usr/bin/ps.,audit|audit_command,RS2,/usr/bin/ps,/var/ossec,audit-wazuh-c,SYSCALL,/bin/ps,,,,,
2026-09-28T23:17:27.074Z,victima-linux,80792,3,Audit: Command: /usr/bin/dash.,audit|audit_command,RS2,/usr/bin/dash,/var/ossec,audit-wazuh-c,SYSCALL,/bin/sh,,,,,
2026-09-28T23:17:27.077Z,victima-linux,80792,3,Audit: Command: /usr/bin/ps.,audit|audit_command,RS2,/usr/bin/ps,/var/ossec,audit-wazuh-c,SYSCALL,/bin/ps,,,,,
2026-09-28T23:17:27.079Z,victima-linux,80792,3,Audit: Command: /usr/bin/dash.,audit|audit_command,RS2,/usr/bin/dash,/var/ossec,audit-wazuh-c,SYSCALL,/bin/sh,,,,,
2026-09-28T23:17:27.082Z,victima-linux,80792,3,Audit: Command: /usr/bin/ps.,audit|audit_command,RS2,/usr/bin/ps,/var/ossec,audit-wazuh-c,SYSCALL,/bin/ps,,,,,
2026-09-28T23:17:27.084Z,victima-linux,80792,3,Audit: Command: /usr/bin/dash.,audit|audit_command,RS2,/usr/bin/dash,/var/ossec,audit-wazuh-c,SYSCALL,/bin/sh,,,,,
2026-09-28T23:17:27.086Z,victima-linux,80792,3,Audit: Command: /usr/bin/ps.,audit|audit_command,RS2,/usr/bin/ps,/var/ossec,audit-wazuh-c,SYSCALL,/bin/ps,,,,,
2026-09-28T23:17:27.089Z,victima-linux,80792,3,Audit: Command: /usr/bin/dash.,audit|audit_command,RS2,/usr/bin/dash,/var/ossec,audit-wazuh-c,SYSCALL,/bin/sh,,,,,
2026-09-28T23:17:27.091Z,victima-linux,80792,3,Audit: Command: /usr/bin/ps.,audit|audit_command,RS2,/usr/bin/ps,/var/ossec,audit-wazuh-c,SYSCALL,/bin/ps,,,,,
2026-09-28T23:17:27.094Z,victima-linux,80792,3,Audit: Command: /usr/bin/dash.,audit|audit_command,RS2,/usr/bin/dash,/var/ossec,audit-wazuh-c,SYSCALL,/bin/sh,,,,,
2026-09-28T23:17:27.096Z,victima-linux,80792,3,Audit: Command: /usr/bin/ps.,audit|audit_command,RS2,/usr/bin/ps,/var/ossec,audit-wazuh-c,SYSCALL,/bin/ps,,,,,
2026-09-28T23:17:27.098Z,victima-linux,80792,3,Audit: Command: /usr/bin/dash.,audit|audit_command,RS2,/usr/bin/dash,/var/ossec,audit-wazuh-c,SYSCALL,/bin/sh,,,,,
2026-09-28T23:17:27.101Z,victima-linux,80792,3,Audit: Command: /usr/bin/ps.,audit|audit_command,RS2,/usr/bin/ps,/var/ossec,audit-wazuh-c,SYSCALL,/bin/ps,,,,,
2026-09-28T23:17:27.103Z,victima-linux,80792,3,Audit: Command: /usr/bin/dash.,audit|audit_command,RS2,/usr/bin/dash,/var/ossec,audit-wazuh-c,SYSCALL,/bin/sh,,,,,
2026-09-28T23:17:27.105Z,victima-linux,80792,3,Audit: Command: /usr/bin/ps.,audit|audit_command,RS2,/usr/bin/ps,/var/ossec,audit-wazuh-c,SYSCALL,/bin/ps,,,,,
2026-09-28T23:17:27.107Z,victima-linux,80792,3,Audit: Command: /usr/bin/dash.,audit|audit_command,RS2,/usr/bin/dash,/var/ossec,audit-wazuh-c,SYSCALL,/bin/sh,,,,,
2026-09-28T23:17:27.109Z,victima-linux,80792,3,Audit: Command: /usr/bin/ps.,audit|audit_command,RS2,/usr/bin/ps,/var/ossec,audit-wazuh-c,SYSCALL,/bin/ps,,,,,
2026-09-28T23:17:27.111Z,victima-linux,80792,3,Audit: Command: /usr/bin/dash.,audit|audit_command,RS2,/usr/bin/dash,/var/ossec,audit-wazuh-c,SYSCALL,/bin/sh,,,,,
2026-09-28T23:17:27.114Z,victima-linux,80792,3,Audit: Command: /usr/bin/ps.,audit|audit_command,RS2,/usr/bin/ps,/var/ossec,audit-wazuh-c,SYSCALL,/bin/ps,,,,,
2026-09-28T23:17:27.116Z,victima-linux,80792,3,Audit: Command: /usr/bin/dash.,audit|audit_command,RS2,/usr/bin/dash,/var/ossec,audit-wazuh-c,SYSCALL,/bin/sh,,,,,
2026-09-28T23:17:27.118Z,victima-linux,80792,3,Audit: Command: /usr/bin/ps.,audit|audit_command,RS2,/usr/bin/ps,/var/ossec,audit-wazuh-c,SYSCALL,/bin/ps,,,,,
2026-09-28T23:17:27.121Z,victima-linux,80792,3,Audit: Command: /usr/bin/dash.,audit|audit_command,RS2,/usr/bin/dash,/var/ossec,audit-wazuh-c,SYSCALL,/bin/sh,,,,,
2026-09-28T23:17:27.123Z,victima-linux,80792,3,Audit: Command: /usr/bin/ps.,audit|audit_command,RS2,/usr/bin/ps,/var/ossec,audit-wazuh-c,SYSCALL,/bin/ps,,,,,
2026-09-28T23:17:27.125Z,victima-linux,80792,3,Audit: Command: /usr/bin/dash.,audit|audit_command,RS2,/usr/bin/dash,/var/ossec,audit-wazuh-c,SYSCALL,/bin/sh,,,,,
2026-09-28T23:17:27.127Z,victima-linux,80792,3,Audit: Command: /usr/bin/ps.,audit|audit_command,RS2,/usr/bin/ps,/var/ossec,audit-wazuh-c,SYSCALL,/bin/ps,,,,,
2026-09-28T23:17:27.130Z,victima-linux,80792,3,Audit: Command: /usr/bin/dash.,audit|audit_command,RS2,/usr/bin/dash,/var/ossec,audit-wazuh-c,SYSCALL,/bin/sh,,,,,
2026-09-28T23:17:27.132Z,victima-linux,80792,3,Audit: Command: /usr/bin/ps.,audit|audit_command,RS2,/usr/bin/ps,/var/ossec,audit-wazuh-c,SYSCALL,/bin/ps,,,,,
2026-09-28T23:17:27.134Z,victima-linux,80792,3,Audit: Command: /usr/bin/dash.,audit|audit_command,RS2,/usr/bin/dash,/var/ossec,audit-wazuh-c,SYSCALL,/bin/sh,,,,,
2026-09-28T23:17:27.137Z,victima-linux,80792,3,Audit: Command: /usr/bin/ps.,audit|audit_command,RS2,/usr/bin/ps,/var/ossec,audit-wazuh-c,SYSCALL,/bin/ps,,,,,
2026-09-28T23:17:27.139Z,victima-linux,80792,3,Audit: Command: /usr/bin/dash.,audit|audit_command,RS2,/usr/bin/dash,/var/ossec,audit-wazuh-c,SYSCALL,/bin/sh,,,,,
2026-09-28T23:17:27.141Z,victima-linux,80792,3,Audit: Command: /usr/bin/ps.,audit|audit_command,RS2,/usr/bin/ps,/var/ossec,audit-wazuh-c,SYSCALL,/bin/ps,,,,,
2026-09-28T23:17:27.143Z,victima-linux,80792,3,Audit: Command: /usr/bin/dash.,audit|audit_command,RS2,/usr/bin/dash,/var/ossec,audit-wazuh-c,SYSCALL,/bin/sh,,,,,
2026-09-28T23:17:27.145Z,victima-linux,80792,3,Audit: Command: /usr/bin/ps.,audit|audit_command,RS2,/usr/bin/ps,/var/ossec,audit-wazuh-c,SYSCALL,/bin/ps,,,,,
2026-09-28T23:17:27.147Z,victima-linux,80792,3,Audit: Command: /usr/bin/dash.,audit|audit_command,RS2,/usr/bin/dash,/var/ossec,audit-wazuh-c,SYSCALL,/bin/sh,,,,,
2026-09-28T23:17:27.150Z,victima-linux,80792,3,Audit: Command: /usr/bin/ps.,audit|audit_command,RS2,/usr/bin/ps,/var/ossec,audit-wazuh-c,SYSCALL,/bin/ps,,,,,
2026-09-28T23:17:27.152Z,victima-linux,80792,3,Audit: Command: /usr/bin/dash.,audit|audit_command,RS2,/usr/bin/dash,/var/ossec,audit-wazuh-c,SYSCALL,/bin/sh,,,,,
2026-09-28T23:17:27.154Z,victima-linux,80792,3,Audit: Command: /usr/bin/ps.,audit|audit_command,RS2,/usr/bin/ps,/var/ossec,audit-wazuh-c,SYSCALL,/bin/ps,,,,,
2026-09-28T23:17:27.157Z,victima-linux,80792,3,Audit: Command: /usr/bin/dash.,audit|audit_command,RS2,/usr/bin/dash,/var/ossec,audit-wazuh-c,SYSCALL,/bin/sh,,,,,
2026-09-28T23:17:27.159Z,victima-linux,80792,3,Audit: Command: /usr/bin/ps.,audit|audit_command,RS2,/usr/bin/ps,/var/ossec,audit-wazuh-c,SYSCALL,/bin/ps,,,,,
2026-09-28T23:17:27.162Z,victima-linux,80792,3,Audit: Command: /usr/bin/dash.,audit|audit_command,RS2,/usr/bin/dash,/var/ossec,audit-wazuh-c,SYSCALL,/bin/sh,,,,,
2026-09-28T23:17:27.164Z,victima-linux,80792,3,Audit: Command: /usr/bin/ps.,audit|audit_command,RS2,/usr/bin/ps,/var/ossec,audit-wazuh-c,SYSCALL,/bin/ps,,,,,
2026-09-28T23:17:27.167Z,victima-linux,80792,3,Audit: Command: /usr/bin/dash.,audit|audit_command,RS2,/usr/bin/dash,/var/ossec,audit-wazuh-c,SYSCALL,/bin/sh,,,,,
2026-09-28T23:17:27.169Z,victima-linux,80792,3,Audit: Command: /usr/bin/ps.,audit|audit_command,RS2,/usr/bin/ps,/var/ossec,audit-wazuh-c,SYSCALL,/bin/ps,,,,,
2026-09-28T23:17:27.171Z,victima-linux,80792,3,Audit: Command: /usr/bin/dash.,audit|audit_command,RS2,/usr/bin/dash,/var/ossec,audit-wazuh-c,SYSCALL,/bin/sh,,,,,
2026-09-28T23:17:27.173Z,victima-linux,80792,3,Audit: Command: /usr/bin/ps.,audit|audit_command,RS2,/usr/bin/ps,/var/ossec,audit-wazuh-c,SYSCALL,/bin/ps,,,,,
2026-09-28T23:17:29.045Z,victima-linux,80792,3,Audit: Command: /usr/bin/dash.,audit|audit_command,RS2,/usr/bin/dash,/var/ossec,audit-wazuh-c,SYSCALL,/bin/sh,,,,,
2026-09-28T23:17:29.045Z,victima-linux,80792,3,Audit: Command: /usr/bin/ps.,audit|audit_command,RS2,/usr/bin/ps,/var/ossec,audit-wazuh-c,SYSCALL,/bin/ps,,,,,
2026-09-28T23:17:29.047Z,victima-linux,80792,3,Audit: Command: /usr/bin/dash.,audit|audit_command,RS2,/usr/bin/dash,/var/ossec,audit-wazuh-c,SYSCALL,/bin/sh,,,,,
2026-09-28T23:17:29.050Z,victima-linux,80792,3,Audit: Command: /usr/bin/ps.,audit|audit_command,RS2,/usr/bin/ps,/var/ossec,audit-wazuh-c,SYSCALL,/bin/ps,,,,,
2026-09-28T23:17:29.052Z,victima-linux,80792,3,Audit: Command: /usr/bin/dash.,audit|audit_command,RS2,/usr/bin/dash,/var/ossec,audit-wazuh-c,SYSCALL,/bin/sh,,,,,
2026-09-28T23:17:29.054Z,victima-linux,80792,3,Audit: Command: /usr/bin/ps.,audit|audit_command,RS2,/usr/bin/ps,/var/ossec,audit-wazuh-c,SYSCALL,/bin/ps,,,,,
2026-09-28T23:17:29.056Z,victima-linux,80792,3,Audit: Command: /usr/bin/dash.,audit|audit_command,RS2,/usr/bin/dash,/var/ossec,audit-wazuh-c,SYSCALL,/bin/sh,,,,,
2026-09-28T23:17:29.059Z,victima-linux,80792,3,Audit: Command: /usr/bin/ps.,audit|audit_command,RS2,/usr/bin/ps,/var/ossec,audit-wazuh-c,SYSCALL,/bin/ps,,,,,
2026-09-28T23:17:29.062Z,victima-linux,80792,3,Audit: Command: /usr/bin/dash.,audit|audit_command,RS2,/usr/bin/dash,/var/ossec,audit-wazuh-c,SYSCALL,/bin/sh,,,,,
2026-09-28T23:17:29.064Z,victima-linux,80792,3,Audit: Command: /usr/bin/ps.,audit|audit_command,RS2,/usr/bin/ps,/var/ossec,audit-wazuh-c,SYSCALL,/bin/ps,,,,,
2026-09-28T23:17:29.066Z,victima-linux,80792,3,Audit: Command: /usr/bin/dash.,audit|audit_command,RS2,/usr/bin/dash,/var/ossec,audit-wazuh-c,SYSCALL,/bin/sh,,,,,
2026-09-28T23:17:29.068Z,victima-linux,80792,3,Audit: Command: /usr/bin/ps.,audit|audit_command,RS2,/usr/bin/ps,/var/ossec,audit-wazuh-c,SYSCALL,/bin/ps,,,,,
2026-09-28T23:17:29.071Z,victima-linux,80792,3,Audit: Command: /usr/bin/dash.,audit|audit_command,RS2,/usr/bin/dash,/var/ossec,audit-wazuh-c,SYSCALL,/bin/sh,,,,,
2026-09-28T23:17:29.073Z,victima-linux,80792,3,Audit: Command: /usr/bin/ps.,audit|audit_command,RS2,/usr/bin/ps,/var/ossec,audit-wazuh-c,SYSCALL,/bin/ps,,,,,
2026-09-28T23:17:29.076Z,victima-linux,80792,3,Audit: Command: /usr/bin/dash.,audit|audit_command,RS2,/usr/bin/dash,/var/ossec,audit-wazuh-c,SYSCALL,/bin/sh,,,,,
2026-09-28T23:17:29.078Z,victima-linux,80792,3,Audit: Command: /usr/bin/ps.,audit|audit_command,RS2,/usr/bin/ps,/var/ossec,audit-wazuh-c,SYSCALL,/bin/ps,,,,,
2026-09-28T23:17:29.081Z,victima-linux,80792,3,Audit: Command: /usr/bin/dash.,audit|audit_command,RS2,/usr/bin/dash,/var/ossec,audit-wazuh-c,SYSCALL,/bin/sh,,,,,
2026-09-28T23:17:29.083Z,victima-linux,80792,3,Audit: Command: /usr/bin/ps.,audit|audit_command,RS2,/usr/bin/ps,/var/ossec,audit-wazuh-c,SYSCALL,/bin/ps,,,,,
2026-09-28T23:17:29.085Z,victima-linux,80792,3,Audit: Command: /usr/bin/dash.,audit|audit_command,RS2,/usr/bin/dash,/var/ossec,audit-wazuh-c,SYSCALL,/bin/sh,,,,,
2026-09-28T23:17:29.087Z,victima-linux,80792,3,Audit: Command: /usr/bin/ps.,audit|audit_command,RS2,/usr/bin/ps,/var/ossec,audit-wazuh-c,SYSCALL,/bin/ps,,,,,
2026-09-28T23:17:29.090Z,victima-linux,80792,3,Audit: Command: /usr/bin/dash.,audit|audit_command,RS2,/usr/bin/dash,/var/ossec,audit-wazuh-c,SYSCALL,/bin/sh,,,,,
2026-09-28T23:17:29.092Z,victima-linux,80792,3,Audit: Command: /usr/bin/ps.,audit|audit_command,RS2,/usr/bin/ps,/var/ossec,audit-wazuh-c,SYSCALL,/bin/ps,,,,,
2026-09-28T23:17:29.094Z,victima-linux,80792,3,Audit: Command: /usr/bin/dash.,audit|audit_command,RS2,/usr/bin/dash,/var/ossec,audit-wazuh-c,SYSCALL,/bin/sh,,,,,
2026-09-28T23:17:29.097Z,victima-linux,80792,3,Audit: Command: /usr/bin/ps.,audit|audit_command,RS2,/usr/bin/ps,/var/ossec,audit-wazuh-c,SYSCALL,/bin/ps,,,,,
2026-09-28T23:17:29.099Z,victima-linux,80792,3,Audit: Command: /usr/bin/dash.,audit|audit_command,RS2,/usr/bin/dash,/var/ossec,audit-wazuh-c,SYSCALL,/bin/sh,,,,,
2026-09-28T23:17:29.102Z,victima-linux,80792,3,Audit: Command: /usr/bin/ps.,audit|audit_command,RS2,/usr/bin/ps,/var/ossec,audit-wazuh-c,SYSCALL,/bin/ps,,,,,
2026-09-28T23:17:29.104Z,victima-linux,80792,3,Audit: Command: /usr/bin/dash.,audit|audit_command,RS2,/usr/bin/dash,/var/ossec,audit-wazuh-c,SYSCALL,/bin/sh,,,,,
2026-09-28T23:17:29.106Z,victima-linux,80792,3,Audit: Command: /usr/bin/ps.,audit|audit_command,RS2,/usr/bin/ps,/var/ossec,audit-wazuh-c,SYSCALL,/bin/ps,,,,,
2026-09-28T23:17:29.109Z,victima-linux,80792,3,Audit: Command: /usr/bin/dash.,audit|audit_command,RS2,/usr/bin/dash,/var/ossec,audit-wazuh-c,SYSCALL,/bin/sh,,,,,
2026-09-28T23:17:29.111Z,victima-linux,80792,3,Audit: Command: /usr/bin/ps.,audit|audit_command,RS2,/usr/bin/ps,/var/ossec,audit-wazuh-c,SYSCALL,/bin/ps,,,,,
2026-09-28T23:17:29.113Z,victima-linux,80792,3,Audit: Command: /usr/bin/dash.,audit|audit_command,RS2,/usr/bin/dash,/var/ossec,audit-wazuh-c,SYSCALL,/bin/sh,,,,,
2026-09-28T23:17:29.115Z,victima-linux,80792,3,Audit: Command: /usr/bin/ps.,audit|audit_command,RS2,/usr/bin/ps,/var/ossec,audit-wazuh-c,SYSCALL,/bin/ps,,,,,
2026-09-28T23:17:29.118Z,victima-linux,80792,3,Audit: Command: /usr/bin/dash.,audit|audit_command,RS2,/usr/bin/dash,/var/ossec,audit-wazuh-c,SYSCALL,/bin/sh,,,,,
2026-09-28T23:17:29.120Z,victima-linux,80792,3,Audit: Command: /usr/bin/ps.,audit|audit_command,RS2,/usr/bin/ps,/var/ossec,audit-wazuh-c,SYSCALL,/bin/ps,,,,,
2026-09-28T23:17:29.122Z,victima-linux,80792,3,Audit: Command: /usr/bin/dash.,audit|audit_command,RS2,/usr/bin/dash,/var/ossec,audit-wazuh-c,SYSCALL,/bin/sh,,,,,
2026-09-28T23:17:29.125Z,victima-linux,80792,3,Audit: Command: /usr/bin/ps.,audit|audit_command,RS2,/usr/bin/ps,/var/ossec,audit-wazuh-c,SYSCALL,/bin/ps,,,,,
2026-09-28T23:17:29.127Z,victima-linux,80792,3,Audit: Command: /usr/bin/dash.,audit|audit_command,RS2,/usr/bin/dash,/var/ossec,audit-wazuh-c,SYSCALL,/bin/sh,,,,,
2026-09-28T23:17:29.130Z,victima-linux,80792,3,Audit: Command: /usr/bin/ps.,audit|audit_command,RS2,/usr/bin/ps,/var/ossec,audit-wazuh-c,SYSCALL,/bin/ps,,,,,
2026-09-28T23:17:29.132Z,victima-linux,80792,3,Audit: Command: /usr/bin/dash.,audit|audit_command,RS2,/usr/bin/dash,/var/ossec,audit-wazuh-c,SYSCALL,/bin/sh,,,,,
2026-09-28T23:17:29.135Z,victima-linux,80792,3,Audit: Command: /usr/bin/ps.,audit|audit_command,RS2,/usr/bin/ps,/var/ossec,audit-wazuh-c,SYSCALL,/bin/ps,,,,,
2026-09-28T23:17:29.137Z,victima-linux,80792,3,Audit: Command: /usr/bin/dash.,audit|audit_command,RS2,/usr/bin/dash,/var/ossec,audit-wazuh-c,SYSCALL,/bin/sh,,,,,
2026-09-28T23:17:29.140Z,victima-linux,80792,3,Audit: Command: /usr/bin/ps.,audit|audit_command,RS2,/usr/bin/ps,/var/ossec,audit-wazuh-c,SYSCALL,/bin/ps,,,,,
2026-09-28T23:17:29.142Z,victima-linux,80792,3,Audit: Command: /usr/bin/dash.,audit|audit_command,RS2,/usr/bin/dash,/var/ossec,audit-wazuh-c,SYSCALL,/bin/sh,,,,,
2026-09-28T23:17:29.144Z,victima-linux,80792,3,Audit: Command: /usr/bin/ps.,audit|audit_command,RS2,/usr/bin/ps,/var/ossec,audit-wazuh-c,SYSCALL,/bin/ps,,,,,
2026-09-28T23:17:29.146Z,victima-linux,80792,3,Audit: Command: /usr/bin/dash.,audit|audit_command,RS2,/usr/bin/dash,/var/ossec,audit-wazuh-c,SYSCALL,/bin/sh,,,,,
2026-09-28T23:17:29.148Z,victima-linux,80792,3,Audit: Command: /usr/bin/ps.,audit|audit_command,RS2,/usr/bin/ps,/var/ossec,audit-wazuh-c,SYSCALL,/bin/ps,,,,,
2026-09-28T23:17:29.151Z,victima-linux,80792,3,Audit: Command: /usr/bin/dash.,audit|audit_command,RS2,/usr/bin/dash,/var/ossec,audit-wazuh-c,SYSCALL,/bin/sh,,,,,
2026-09-28T23:17:29.153Z,victima-linux,80792,3,Audit: Command: /usr/bin/ps.,audit|audit_command,RS2,/usr/bin/ps,/var/ossec,audit-wazuh-c,SYSCALL,/bin/ps,,,,,
2026-09-28T23:17:29.155Z,victima-linux,80792,3,Audit: Command: /usr/bin/dash.,audit|audit_command,RS2,/usr/bin/dash,/var/ossec,audit-wazuh-c,SYSCALL,/bin/sh,,,,,
2026-09-28T23:17:29.158Z,victima-linux,80792,3,Audit: Command: /usr/bin/ps.,audit|audit_command,RS2,/usr/bin/ps,/var/ossec,audit-wazuh-c,SYSCALL,/bin/ps,,,,,
2026-09-28T23:17:29.160Z,victima-linux,80792,3,Audit: Command: /usr/bin/dash.,audit|audit_command,RS2,/usr/bin/dash,/var/ossec,audit-wazuh-c,SYSCALL,/bin/sh,,,,,
2026-09-28T23:17:29.162Z,victima-linux,80792,3,Audit: Command: /usr/bin/ps.,audit|audit_command,RS2,/usr/bin/ps,/var/ossec,audit-wazuh-c,SYSCALL,/bin/ps,,,,,
2026-09-28T23:17:29.164Z,victima-linux,80791,3,Audit: Deleted: var/run/.,audit|audit_watch_delete|audit_watch_write,RS2,/var/ossec/bin/wazuh-agentd,/var/ossec,audit-wazuh-w,SYSCALL,var/run/,var/run/,,,,
2026-09-28T23:17:29.171Z,victima-linux,80792,3,Audit: Command: /usr/bin/dash.,audit|audit_command,RS2,/usr/bin/dash,/var/ossec,audit-wazuh-c,SYSCALL,/bin/sh,,,,,
2026-09-28T23:17:29.171Z,victima-linux,80792,3,Audit: Command: /usr/bin/ps.,audit|audit_command,RS2,/usr/bin/ps,/var/ossec,audit-wazuh-c,SYSCALL,/bin/ps,,,,,
2026-09-28T23:17:29.172Z,victima-linux,80792,3,Audit: Command: /usr/bin/dash.,audit|audit_command,RS2,/usr/bin/dash,/var/ossec,audit-wazuh-c,SYSCALL,/bin/sh,,,,,
2026-09-28T23:17:29.174Z,victima-linux,80792,3,Audit: Command: /usr/bin/ps.,audit|audit_command,RS2,/usr/bin/ps,/var/ossec,audit-wazuh-c,SYSCALL,/bin/ps,,,,,
2026-09-28T23:17:29.179Z,victima-linux,80792,3,Audit: Command: /usr/bin/dash.,audit|audit_command,RS2,/usr/bin/dash,/var/ossec,audit-wazuh-c,SYSCALL,/bin/sh,,,,,
2026-09-28T23:17:29.181Z,victima-linux,80792,3,Audit: Command: /usr/bin/ps.,audit|audit_command,RS2,/usr/bin/ps,/var/ossec,audit-wazuh-c,SYSCALL,/bin/ps,,,,,
2026-09-28T23:17:31.046Z,victima-linux,80792,3,Audit: Command: /usr/bin/dash.,audit|audit_command,RS2,/usr/bin/dash,/var/ossec,audit-wazuh-c,SYSCALL,/bin/sh,,,,,
2026-09-28T23:17:31.047Z,victima-linux,80792,3,Audit: Command: /usr/bin/ps.,audit|audit_command,RS2,/usr/bin/ps,/var/ossec,audit-wazuh-c,SYSCALL,/bin/ps,,,,,
2026-09-28T23:17:31.049Z,victima-linux,80792,3,Audit: Command: /usr/bin/dash.,audit|audit_command,RS2,/usr/bin/dash,/var/ossec,audit-wazuh-c,SYSCALL,/bin/sh,,,,,
2026-09-28T23:17:31.051Z,victima-linux,80792,3,Audit: Command: /usr/bin/ps.,audit|audit_command,RS2,/usr/bin/ps,/var/ossec,audit-wazuh-c,SYSCALL,/bin/ps,,,,,
2026-09-28T23:17:31.053Z,victima-linux,80792,3,Audit: Command: /usr/bin/dash.,audit|audit_command,RS2,/usr/bin/dash,/var/ossec,audit-wazuh-c,SYSCALL,/bin/sh,,,,,
2026-09-28T23:17:31.056Z,victima-linux,80792,3,Audit: Command: /usr/bin/ps.,audit|audit_command,RS2,/usr/bin/ps,/var/ossec,audit-wazuh-c,SYSCALL,/bin/ps,,,,,
2026-09-28T23:17:31.058Z,victima-linux,80792,3,Audit: Command: /usr/bin/dash.,audit|audit_command,RS2,/usr/bin/dash,/var/ossec,audit-wazuh-c,SYSCALL,/bin/sh,,,,,
2026-09-28T23:17:31.060Z,victima-linux,80792,3,Audit: Command: /usr/bin/ps.,audit|audit_command,RS2,/usr/bin/ps,/var/ossec,audit-wazuh-c,SYSCALL,/bin/ps,,,,,
2026-09-28T23:17:31.062Z,victima-linux,80792,3,Audit: Command: /usr/bin/dash.,audit|audit_command,RS2,/usr/bin/dash,/var/ossec,audit-wazuh-c,SYSCALL,/bin/sh,,,,,
2026-09-28T23:17:31.065Z,victima-linux,80792,3,Audit: Command: /usr/bin/ps.,audit|audit_command,RS2,/usr/bin/ps,/var/ossec,audit-wazuh-c,SYSCALL,/bin/ps,,,,,
2026-09-28T23:17:31.067Z,victima-linux,80792,3,Audit: Command: /usr/bin/dash.,audit|audit_command,RS2,/usr/bin/dash,/var/ossec,audit-wazuh-c,SYSCALL,/bin/sh,,,,,
2026-09-28T23:17:31.069Z,victima-linux,80792,3,Audit: Command: /usr/bin/ps.,audit|audit_command,RS2,/usr/bin/ps,/var/ossec,audit-wazuh-c,SYSCALL,/bin/ps,,,,,
2026-09-28T23:17:31.071Z,victima-linux,80792,3,Audit: Command: /usr/bin/dash.,audit|audit_command,RS2,/usr/bin/dash,/var/ossec,audit-wazuh-c,SYSCALL,/bin/sh,,,,,
2026-09-28T23:17:31.074Z,victima-linux,80792,3,Audit: Command: /usr/bin/ps.,audit|audit_command,RS2,/usr/bin/ps,/var/ossec,audit-wazuh-c,SYSCALL,/bin/ps,,,,,
2026-09-28T23:17:31.076Z,victima-linux,80792,3,Audit: Command: /usr/bin/dash.,audit|audit_command,RS2,/usr/bin/dash,/var/ossec,audit-wazuh-c,SYSCALL,/bin/sh,,,,,
2026-09-28T23:17:31.079Z,victima-linux,80792,3,Audit: Command: /usr/bin/ps.,audit|audit_command,RS2,/usr/bin/ps,/var/ossec,audit-wazuh-c,SYSCALL,/bin/ps,,,,,
2026-09-28T23:17:31.081Z,victima-linux,80792,3,Audit: Command: /usr/bin/dash.,audit|audit_command,RS2,/usr/bin/dash,/var/ossec,audit-wazuh-c,SYSCALL,/bin/sh,,,,,
2026-09-28T23:17:31.083Z,victima-linux,80792,3,Audit: Command: /usr/bin/ps.,audit|audit_command,RS2,/usr/bin/ps,/var/ossec,audit-wazuh-c,SYSCALL,/bin/ps,,,,,
2026-09-28T23:17:31.085Z,victima-linux,80792,3,Audit: Command: /usr/bin/dash.,audit|audit_command,RS2,/usr/bin/dash,/var/ossec,audit-wazuh-c,SYSCALL,/bin/sh,,,,,
2026-09-28T23:17:31.088Z,victima-linux,80792,3,Audit: Command: /usr/bin/ps.,audit|audit_command,RS2,/usr/bin/ps,/var/ossec,audit-wazuh-c,SYSCALL,/bin/ps,,,,,
2026-09-28T23:17:31.090Z,victima-linux,80792,3,Audit: Command: /usr/bin/dash.,audit|audit_command,RS2,/usr/bin/dash,/var/ossec,audit-wazuh-c,SYSCALL,/bin/sh,,,,,
2026-09-28T23:17:31.093Z,victima-linux,80792,3,Audit: Command: /usr/bin/ps.,audit|audit_command,RS2,/usr/bin/ps,/var/ossec,audit-wazuh-c,SYSCALL,/bin/ps,,,,,
2026-09-28T23:17:31.095Z,victima-linux,80792,3,Audit: Command: /usr/bin/dash.,audit|audit_command,RS2,/usr/bin/dash,/var/ossec,audit-wazuh-c,SYSCALL,/bin/sh,,,,,
2026-09-28T23:17:31.097Z,victima-linux,80792,3,Audit: Command: /usr/bin/ps.,audit|audit_command,RS2,/usr/bin/ps,/var/ossec,audit-wazuh-c,SYSCALL,/bin/ps,,,,,
2026-09-28T23:17:31.100Z,victima-linux,80792,3,Audit: Command: /usr/bin/dash.,audit|audit_command,RS2,/usr/bin/dash,/var/ossec,audit-wazuh-c,SYSCALL,/bin/sh,,,,,
2026-09-28T23:17:31.102Z,victima-linux,80792,3,Audit: Command: /usr/bin/ps.,audit|audit_command,RS2,/usr/bin/ps,/var/ossec,audit-wazuh-c,SYSCALL,/bin/ps,,,,,
2026-09-28T23:17:31.105Z,victima-linux,80792,3,Audit: Command: /usr/bin/dash.,audit|audit_command,RS2,/usr/bin/dash,/var/ossec,audit-wazuh-c,SYSCALL,/bin/sh,,,,,
2026-09-28T23:17:31.107Z,victima-linux,80792,3,Audit: Command: /usr/bin/ps.,audit|audit_command,RS2,/usr/bin/ps,/var/ossec,audit-wazuh-c,SYSCALL,/bin/ps,,,,,
2026-09-28T23:17:31.109Z,victima-linux,80792,3,Audit: Command: /usr/bin/dash.,audit|audit_command,RS2,/usr/bin/dash,/var/ossec,audit-wazuh-c,SYSCALL,/bin/sh,,,,,
2026-09-28T23:17:31.112Z,victima-linux,80792,3,Audit: Command: /usr/bin/ps.,audit|audit_command,RS2,/usr/bin/ps,/var/ossec,audit-wazuh-c,SYSCALL,/bin/ps,,,,,
2026-09-28T23:17:31.114Z,victima-linux,80792,3,Audit: Command: /usr/bin/dash.,audit|audit_command,RS2,/usr/bin/dash,/var/ossec,audit-wazuh-c,SYSCALL,/bin/sh,,,,,
2026-09-28T23:17:31.117Z,victima-linux,80792,3,Audit: Command: /usr/bin/ps.,audit|audit_command,RS2,/usr/bin/ps,/var/ossec,audit-wazuh-c,SYSCALL,/bin/ps,,,,,
2026-09-28T23:17:31.119Z,victima-linux,80792,3,Audit: Command: /usr/bin/dash.,audit|audit_command,RS2,/usr/bin/dash,/var/ossec,audit-wazuh-c,SYSCALL,/bin/sh,,,,,
2026-09-28T23:17:31.121Z,victima-linux,80792,3,Audit: Command: /usr/bin/ps.,audit|audit_command,RS2,/usr/bin/ps,/var/ossec,audit-wazuh-c,SYSCALL,/bin/ps,,,,,
2026-09-28T23:17:31.123Z,victima-linux,80792,3,Audit: Command: /usr/bin/dash.,audit|audit_command,RS2,/usr/bin/dash,/var/ossec,audit-wazuh-c,SYSCALL,/bin/sh,,,,,
2026-09-28T23:17:31.126Z,victima-linux,80792,3,Audit: Command: /usr/bin/ps.,audit|audit_command,RS2,/usr/bin/ps,/var/ossec,audit-wazuh-c,SYSCALL,/bin/ps,,,,,
2026-09-28T23:17:31.128Z,victima-linux,80792,3,Audit: Command: /usr/bin/dash.,audit|audit_command,RS2,/usr/bin/dash,/var/ossec,audit-wazuh-c,SYSCALL,/bin/sh,,,,,
2026-09-28T23:17:31.130Z,victima-linux,80792,3,Audit: Command: /usr/bin/ps.,audit|audit_command,RS2,/usr/bin/ps,/var/ossec,audit-wazuh-c,SYSCALL,/bin/ps,,,,,
2026-09-28T23:17:31.132Z,victima-linux,80792,3,Audit: Command: /usr/bin/dash.,audit|audit_command,RS2,/usr/bin/dash,/var/ossec,audit-wazuh-c,SYSCALL,/bin/sh,,,,,
2026-09-28T23:17:31.135Z,victima-linux,80792,3,Audit: Command: /usr/bin/ps.,audit|audit_command,RS2,/usr/bin/ps,/var/ossec,audit-wazuh-c,SYSCALL,/bin/ps,,,,,
2026-09-28T23:17:31.137Z,victima-linux,80792,3,Audit: Command: /usr/bin/dash.,audit|audit_command,RS2,/usr/bin/dash,/var/ossec,audit-wazuh-c,SYSCALL,/bin/sh,,,,,
2026-09-28T23:17:31.140Z,victima-linux,80792,3,Audit: Command: /usr/bin/ps.,audit|audit_command,RS2,/usr/bin/ps,/var/ossec,audit-wazuh-c,SYSCALL,/bin/ps,,,,,
2026-09-28T23:17:31.142Z,victima-linux,80792,3,Audit: Command: /usr/bin/dash.,audit|audit_command,RS2,/usr/bin/dash,/var/ossec,audit-wazuh-c,SYSCALL,/bin/sh,,,,,
2026-09-28T23:17:31.144Z,victima-linux,80792,3,Audit: Command: /usr/bin/ps.,audit|audit_command,RS2,/usr/bin/ps,/var/ossec,audit-wazuh-c,SYSCALL,/bin/ps,,,,,
2026-09-28T23:17:31.146Z,victima-linux,80792,3,Audit: Command: /usr/bin/dash.,audit|audit_command,RS2,/usr/bin/dash,/var/ossec,audit-wazuh-c,SYSCALL,/bin/sh,,,,,
2026-09-28T23:17:31.148Z,victima-linux,80792,3,Audit: Command: /usr/bin/ps.,audit|audit_command,RS2,/usr/bin/ps,/var/ossec,audit-wazuh-c,SYSCALL,/bin/ps,,,,,
2026-09-28T23:17:31.151Z,victima-linux,80792,3,Audit: Command: /usr/bin/dash.,audit|audit_command,RS2,/usr/bin/dash,/var/ossec,audit-wazuh-c,SYSCALL,/bin/sh,,,,,
2026-09-28T23:17:31.153Z,victima-linux,80792,3,Audit: Command: /usr/bin/ps.,audit|audit_command,RS2,/usr/bin/ps,/var/ossec,audit-wazuh-c,SYSCALL,/bin/ps,,,,,
2026-09-28T23:17:31.155Z,victima-linux,80792,3,Audit: Command: /usr/bin/dash.,audit|audit_command,RS2,/usr/bin/dash,/var/ossec,audit-wazuh-c,SYSCALL,/bin/sh,,,,,
2026-09-28T23:17:31.158Z,victima-linux,80792,3,Audit: Command: /usr/bin/ps.,audit|audit_command,RS2,/usr/bin/ps,/var/ossec,audit-wazuh-c,SYSCALL,/bin/ps,,,,,
2026-09-28T23:17:31.160Z,victima-linux,80792,3,Audit: Command: /usr/bin/dash.,audit|audit_command,RS2,/usr/bin/dash,/var/ossec,audit-wazuh-c,SYSCALL,/bin/sh,,,,,
2026-09-28T23:17:31.163Z,victima-linux,80792,3,Audit: Command: /usr/bin/ps.,audit|audit_command,RS2,/usr/bin/ps,/var/ossec,audit-wazuh-c,SYSCALL,/bin/ps,,,,,
2026-09-28T23:17:31.165Z,victima-linux,80792,3,Audit: Command: /usr/bin/dash.,audit|audit_command,RS2,/usr/bin/dash,/var/ossec,audit-wazuh-c,SYSCALL,/bin/sh,,,,,
2026-09-28T23:17:31.167Z,victima-linux,80792,3,Audit: Command: /usr/bin/ps.,audit|audit_command,RS2,/usr/bin/ps,/var/ossec,audit-wazuh-c,SYSCALL,/bin/ps,,,,,
2026-09-28T23:17:31.170Z,victima-linux,80792,3,Audit: Command: /usr/bin/dash.,audit|audit_command,RS2,/usr/bin/dash,/var/ossec,audit-wazuh-c,SYSCALL,/bin/sh,,,,,
2026-09-28T23:17:31.172Z,victima-linux,80792,3,Audit: Command: /usr/bin/ps.,audit|audit_command,RS2,/usr/bin/ps,/var/ossec,audit-wazuh-c,SYSCALL,/bin/ps,,,,,
2026-09-28T23:17:31.174Z,victima-linux,80792,3,Audit: Command: /usr/bin/dash.,audit|audit_command,RS2,/usr/bin/dash,/var/ossec,audit-wazuh-c,SYSCALL,/bin/sh,,,,,
2026-09-28T23:17:31.176Z,victima-linux,80792,3,Audit: Command: /usr/bin/ps.,audit|audit_command,RS2,/usr/bin/ps,/var/ossec,audit-wazuh-c,SYSCALL,/bin/ps,,,,,
2026-09-28T23:17:33.046Z,victima-linux,80792,3,Audit: Command: /usr/bin/dash.,audit|audit_command,RS2,/usr/bin/dash,/var/ossec,audit-wazuh-c,SYSCALL,/bin/sh,,,,,
2026-09-28T23:17:33.046Z,victima-linux,80792,3,Audit: Command: /usr/bin/ps.,audit|audit_command,RS2,/usr/bin/ps,/var/ossec,audit-wazuh-c,SYSCALL,/bin/ps,,,,,
2026-09-28T23:17:33.048Z,victima-linux,80792,3,Audit: Command: /usr/bin/dash.,audit|audit_command,RS2,/usr/bin/dash,/var/ossec,audit-wazuh-c,SYSCALL,/bin/sh,,,,,
2026-09-28T23:17:33.051Z,victima-linux,80792,3,Audit: Command: /usr/bin/ps.,audit|audit_command,RS2,/usr/bin/ps,/var/ossec,audit-wazuh-c,SYSCALL,/bin/ps,,,,,
2026-09-28T23:17:33.053Z,victima-linux,80792,3,Audit: Command: /usr/bin/dash.,audit|audit_command,RS2,/usr/bin/dash,/var/ossec,audit-wazuh-c,SYSCALL,/bin/sh,,,,,
2026-09-28T23:17:33.056Z,victima-linux,80792,3,Audit: Command: /usr/bin/ps.,audit|audit_command,RS2,/usr/bin/ps,/var/ossec,audit-wazuh-c,SYSCALL,/bin/ps,,,,,
2026-09-28T23:17:33.058Z,victima-linux,80792,3,Audit: Command: /usr/bin/dash.,audit|audit_command,RS2,/usr/bin/dash,/var/ossec,audit-wazuh-c,SYSCALL,/bin/sh,,,,,
2026-09-28T23:17:33.060Z,victima-linux,80792,3,Audit: Command: /usr/bin/ps.,audit|audit_command,RS2,/usr/bin/ps,/var/ossec,audit-wazuh-c,SYSCALL,/bin/ps,,,,,
2026-09-28T23:17:33.062Z,victima-linux,80792,3,Audit: Command: /usr/bin/dash.,audit|audit_command,RS2,/usr/bin/dash,/var/ossec,audit-wazuh-c,SYSCALL,/bin/sh,,,,,
2026-09-28T23:17:33.064Z,victima-linux,80792,3,Audit: Command: /usr/bin/ps.,audit|audit_command,RS2,/usr/bin/ps,/var/ossec,audit-wazuh-c,SYSCALL,/bin/ps,,,,,
2026-09-28T23:17:33.067Z,victima-linux,80792,3,Audit: Command: /usr/bin/dash.,audit|audit_command,RS2,/usr/bin/dash,/var/ossec,audit-wazuh-c,SYSCALL,/bin/sh,,,,,
2026-09-28T23:17:33.069Z,victima-linux,80792,3,Audit: Command: /usr/bin/ps.,audit|audit_command,RS2,/usr/bin/ps,/var/ossec,audit-wazuh-c,SYSCALL,/bin/ps,,,,,
2026-09-28T23:17:33.072Z,victima-linux,80792,3,Audit: Command: /usr/bin/dash.,audit|audit_command,RS2,/usr/bin/dash,/var/ossec,audit-wazuh-c,SYSCALL,/bin/sh,,,,,
2026-09-28T23:17:33.074Z,victima-linux,80792,3,Audit: Command: /usr/bin/ps.,audit|audit_command,RS2,/usr/bin/ps,/var/ossec,audit-wazuh-c,SYSCALL,/bin/ps,,,,,
2026-09-28T23:17:33.076Z,victima-linux,80792,3,Audit: Command: /usr/bin/dash.,audit|audit_command,RS2,/usr/bin/dash,/var/ossec,audit-wazuh-c,SYSCALL,/bin/sh,,,,,
2026-09-28T23:17:33.078Z,victima-linux,80792,3,Audit: Command: /usr/bin/ps.,audit|audit_command,RS2,/usr/bin/ps,/var/ossec,audit-wazuh-c,SYSCALL,/bin/ps,,,,,
2026-09-28T23:17:33.081Z,victima-linux,80792,3,Audit: Command: /usr/bin/dash.,audit|audit_command,RS2,/usr/bin/dash,/var/ossec,audit-wazuh-c,SYSCALL,/bin/sh,,,,,
2026-09-28T23:17:33.083Z,victima-linux,80792,3,Audit: Command: /usr/bin/ps.,audit|audit_command,RS2,/usr/bin/ps,/var/ossec,audit-wazuh-c,SYSCALL,/bin/ps,,,,,
2026-09-28T23:17:33.085Z,victima-linux,80792,3,Audit: Command: /usr/bin/dash.,audit|audit_command,RS2,/usr/bin/dash,/var/ossec,audit-wazuh-c,SYSCALL,/bin/sh,,,,,
2026-09-28T23:17:33.087Z,victima-linux,80792,3,Audit: Command: /usr/bin/ps.,audit|audit_command,RS2,/usr/bin/ps,/var/ossec,audit-wazuh-c,SYSCALL,/bin/ps,,,,,
2026-09-28T23:17:33.089Z,victima-linux,80792,3,Audit: Command: /usr/bin/dash.,audit|audit_command,RS2,/usr/bin/dash,/var/ossec,audit-wazuh-c,SYSCALL,/bin/sh,,,,,
2026-09-28T23:17:33.092Z,victima-linux,80792,3,Audit: Command: /usr/bin/ps.,audit|audit_command,RS2,/usr/bin/ps,/var/ossec,audit-wazuh-c,SYSCALL,/bin/ps,,,,,
2026-09-28T23:17:33.094Z,victima-linux,80792,3,Audit: Command: /usr/bin/dash.,audit|audit_command,RS2,/usr/bin/dash,/var/ossec,audit-wazuh-c,SYSCALL,/bin/sh,,,,,
2026-09-28T23:17:33.096Z,victima-linux,80792,3,Audit: Command: /usr/bin/ps.,audit|audit_command,RS2,/usr/bin/ps,/var/ossec,audit-wazuh-c,SYSCALL,/bin/ps,,,,,
2026-09-28T23:17:33.099Z,victima-linux,80792,3,Audit: Command: /usr/bin/dash.,audit|audit_command,RS2,/usr/bin/dash,/var/ossec,audit-wazuh-c,SYSCALL,/bin/sh,,,,,
2026-09-28T23:17:33.101Z,victima-linux,80792,3,Audit: Command: /usr/bin/ps.,audit|audit_command,RS2,/usr/bin/ps,/var/ossec,audit-wazuh-c,SYSCALL,/bin/ps,,,,,
2026-09-28T23:17:33.103Z,victima-linux,80792,3,Audit: Command: /usr/bin/dash.,audit|audit_command,RS2,/usr/bin/dash,/var/ossec,audit-wazuh-c,SYSCALL,/bin/sh,,,,,
2026-09-28T23:17:33.106Z,victima-linux,80792,3,Audit: Command: /usr/bin/ps.,audit|audit_command,RS2,/usr/bin/ps,/var/ossec,audit-wazuh-c,SYSCALL,/bin/ps,,,,,
2026-09-28T23:17:33.108Z,victima-linux,80792,3,Audit: Command: /usr/bin/dash.,audit|audit_command,RS2,/usr/bin/dash,/var/ossec,audit-wazuh-c,SYSCALL,/bin/sh,,,,,
2026-09-28T23:17:33.110Z,victima-linux,80792,3,Audit: Command: /usr/bin/ps.,audit|audit_command,RS2,/usr/bin/ps,/var/ossec,audit-wazuh-c,SYSCALL,/bin/ps,,,,,
2026-09-28T23:17:33.112Z,victima-linux,80792,3,Audit: Command: /usr/bin/dash.,audit|audit_command,RS2,/usr/bin/dash,/var/ossec,audit-wazuh-c,SYSCALL,/bin/sh,,,,,
2026-09-28T23:17:33.114Z,victima-linux,80792,3,Audit: Command: /usr/bin/ps.,audit|audit_command,RS2,/usr/bin/ps,/var/ossec,audit-wazuh-c,SYSCALL,/bin/ps,,,,,
2026-09-28T23:17:33.117Z,victima-linux,80792,3,Audit: Command: /usr/bin/dash.,audit|audit_command,RS2,/usr/bin/dash,/var/ossec,audit-wazuh-c,SYSCALL,/bin/sh,,,,,
2026-09-28T23:17:33.119Z,victima-linux,80792,3,Audit: Command: /usr/bin/ps.,audit|audit_command,RS2,/usr/bin/ps,/var/ossec,audit-wazuh-c,SYSCALL,/bin/ps,,,,,
2026-09-28T23:17:33.121Z,victima-linux,80792,3,Audit: Command: /usr/bin/dash.,audit|audit_command,RS2,/usr/bin/dash,/var/ossec,audit-wazuh-c,SYSCALL,/bin/sh,,,,,
2026-09-28T23:17:33.123Z,victima-linux,80792,3,Audit: Command: /usr/bin/ps.,audit|audit_command,RS2,/usr/bin/ps,/var/ossec,audit-wazuh-c,SYSCALL,/bin/ps,,,,,
2026-09-28T23:17:33.125Z,victima-linux,80792,3,Audit: Command: /usr/bin/dash.,audit|audit_command,RS2,/usr/bin/dash,/var/ossec,audit-wazuh-c,SYSCALL,/bin/sh,,,,,
2026-09-28T23:17:33.128Z,victima-linux,80792,3,Audit: Command: /usr/bin/ps.,audit|audit_command,RS2,/usr/bin/ps,/var/ossec,audit-wazuh-c,SYSCALL,/bin/ps,,,,,
2026-09-28T23:17:33.130Z,victima-linux,80792,3,Audit: Command: /usr/bin/dash.,audit|audit_command,RS2,/usr/bin/dash,/var/ossec,audit-wazuh-c,SYSCALL,/bin/sh,,,,,
2026-09-28T23:17:33.133Z,victima-linux,80792,3,Audit: Command: /usr/bin/ps.,audit|audit_command,RS2,/usr/bin/ps,/var/ossec,audit-wazuh-c,SYSCALL,/bin/ps,,,,,
2026-09-28T23:17:33.135Z,victima-linux,80792,3,Audit: Command: /usr/bin/dash.,audit|audit_command,RS2,/usr/bin/dash,/var/ossec,audit-wazuh-c,SYSCALL,/bin/sh,,,,,
2026-09-28T23:17:33.138Z,victima-linux,80792,3,Audit: Command: /usr/bin/ps.,audit|audit_command,RS2,/usr/bin/ps,/var/ossec,audit-wazuh-c,SYSCALL,/bin/ps,,,,,
2026-09-28T23:17:33.140Z,victima-linux,80792,3,Audit: Command: /usr/bin/dash.,audit|audit_command,RS2,/usr/bin/dash,/var/ossec,audit-wazuh-c,SYSCALL,/bin/sh,,,,,
2026-09-28T23:17:33.143Z,victima-linux,80792,3,Audit: Command: /usr/bin/ps.,audit|audit_command,RS2,/usr/bin/ps,/var/ossec,audit-wazuh-c,SYSCALL,/bin/ps,,,,,
2026-09-28T23:17:33.145Z,victima-linux,80792,3,Audit: Command: /usr/bin/dash.,audit|audit_command,RS2,/usr/bin/dash,/var/ossec,audit-wazuh-c,SYSCALL,/bin/sh,,,,,
2026-09-28T23:17:33.148Z,victima-linux,80792,3,Audit: Command: /usr/bin/ps.,audit|audit_command,RS2,/usr/bin/ps,/var/ossec,audit-wazuh-c,SYSCALL,/bin/ps,,,,,
2026-09-28T23:17:33.150Z,victima-linux,80792,3,Audit: Command: /usr/bin/dash.,audit|audit_command,RS2,/usr/bin/dash,/var/ossec,audit-wazuh-c,SYSCALL,/bin/sh,,,,,
2026-09-28T23:17:33.153Z,victima-linux,80792,3,Audit: Command: /usr/bin/ps.,audit|audit_command,RS2,/usr/bin/ps,/var/ossec,audit-wazuh-c,SYSCALL,/bin/ps,,,,,
2026-09-28T23:17:33.155Z,victima-linux,80792,3,Audit: Command: /usr/bin/dash.,audit|audit_command,RS2,/usr/bin/dash,/var/ossec,audit-wazuh-c,SYSCALL,/bin/sh,,,,,
2026-09-28T23:17:33.158Z,victima-linux,80792,3,Audit: Command: /usr/bin/ps.,audit|audit_command,RS2,/usr/bin/ps,/var/ossec,audit-wazuh-c,SYSCALL,/bin/ps,,,,,
2026-09-28T23:17:33.160Z,victima-linux,80792,3,Audit: Command: /usr/bin/dash.,audit|audit_command,RS2,/usr/bin/dash,/var/ossec,audit-wazuh-c,SYSCALL,/bin/sh,,,,,
2026-09-28T23:17:33.162Z,victima-linux,80792,3,Audit: Command: /usr/bin/ps.,audit|audit_command,RS2,/usr/bin/ps,/var/ossec,audit-wazuh-c,SYSCALL,/bin/ps,,,,,
2026-09-28T23:17:33.165Z,victima-linux,80792,3,Audit: Command: /usr/bin/dash.,audit|audit_command,RS2,/usr/bin/dash,/var/ossec,audit-wazuh-c,SYSCALL,/bin/sh,,,,,
2026-09-28T23:17:33.167Z,victima-linux,80792,3,Audit: Command: /usr/bin/ps.,audit|audit_command,RS2,/usr/bin/ps,/var/ossec,audit-wazuh-c,SYSCALL,/bin/ps,,,,,
2026-09-28T23:17:33.169Z,victima-linux,80792,3,Audit: Command: /usr/bin/dash.,audit|audit_command,RS2,/usr/bin/dash,/var/ossec,audit-wazuh-c,SYSCALL,/bin/sh,,,,,
2026-09-28T23:17:33.171Z,victima-linux,80792,3,Audit: Command: /usr/bin/ps.,audit|audit_command,RS2,/usr/bin/ps,/var/ossec,audit-wazuh-c,SYSCALL,/bin/ps,,,,,
2026-09-28T23:17:33.176Z,victima-linux,80792,3,Audit: Command: /usr/bin/dash.,audit|audit_command,RS2,/usr/bin/dash,/var/ossec,audit-wazuh-c,SYSCALL,/bin/sh,,,,,
2026-09-28T23:17:33.178Z,victima-linux,80792,3,Audit: Command: /usr/bin/ps.,audit|audit_command,RS2,/usr/bin/ps,/var/ossec,audit-wazuh-c,SYSCALL,/bin/ps,,,,,
2026-09-28T23:17:35.047Z,victima-linux,80792,3,Audit: Command: /usr/bin/dash.,audit|audit_command,RS2,/usr/bin/dash,/var/ossec,audit-wazuh-c,SYSCALL,/bin/sh,,,,,
2026-09-28T23:17:35.051Z,victima-linux,80792,3,Audit: Command: /usr/bin/dash.,audit|audit_command,RS2,/usr/bin/dash,/var/ossec,audit-wazuh-c,SYSCALL,/bin/sh,,,,,
2026-09-28T23:17:35.051Z,victima-linux,80792,3,Audit: Command: /usr/bin/ps.,audit|audit_command,RS2,/usr/bin/ps,/var/ossec,audit-wazuh-c,SYSCALL,/bin/ps,,,,,
2026-09-28T23:17:35.051Z,victima-linux,80792,3,Audit: Command: /usr/bin/ps.,audit|audit_command,RS2,/usr/bin/ps,/var/ossec,audit-wazuh-c,SYSCALL,/bin/ps,,,,,
2026-09-28T23:17:35.058Z,victima-linux,80792,3,Audit: Command: /usr/bin/dash.,audit|audit_command,RS2,/usr/bin/dash,/var/ossec,audit-wazuh-c,SYSCALL,/bin/sh,,,,,
2026-09-28T23:17:35.058Z,victima-linux,80792,3,Audit: Command: /usr/bin/dash.,audit|audit_command,RS2,/usr/bin/dash,/var/ossec,audit-wazuh-c,SYSCALL,/bin/sh,,,,,
2026-09-28T23:17:35.058Z,victima-linux,80792,3,Audit: Command: /usr/bin/ps.,audit|audit_command,RS2,/usr/bin/ps,/var/ossec,audit-wazuh-c,SYSCALL,/bin/ps,,,,,
2026-09-28T23:17:35.065Z,victima-linux,80792,3,Audit: Command: /usr/bin/dash.,audit|audit_command,RS2,/usr/bin/dash,/var/ossec,audit-wazuh-c,SYSCALL,/bin/sh,,,,,
2026-09-28T23:17:35.065Z,victima-linux,80792,3,Audit: Command: /usr/bin/ps.,audit|audit_command,RS2,/usr/bin/ps,/var/ossec,audit-wazuh-c,SYSCALL,/bin/ps,,,,,
2026-09-28T23:17:35.065Z,victima-linux,80792,3,Audit: Command: /usr/bin/ps.,audit|audit_command,RS2,/usr/bin/ps,/var/ossec,audit-wazuh-c,SYSCALL,/bin/ps,,,,,
2026-09-28T23:17:35.072Z,victima-linux,80792,3,Audit: Command: /usr/bin/dash.,audit|audit_command,RS2,/usr/bin/dash,/var/ossec,audit-wazuh-c,SYSCALL,/bin/sh,,,,,
2026-09-28T23:17:35.072Z,victima-linux,80792,3,Audit: Command: /usr/bin/dash.,audit|audit_command,RS2,/usr/bin/dash,/var/ossec,audit-wazuh-c,SYSCALL,/bin/sh,,,,,
2026-09-28T23:17:35.072Z,victima-linux,80792,3,Audit: Command: /usr/bin/ps.,audit|audit_command,RS2,/usr/bin/ps,/var/ossec,audit-wazuh-c,SYSCALL,/bin/ps,,,,,
2026-09-28T23:17:35.079Z,victima-linux,80792,3,Audit: Command: /usr/bin/dash.,audit|audit_command,RS2,/usr/bin/dash,/var/ossec,audit-wazuh-c,SYSCALL,/bin/sh,,,,,
2026-09-28T23:17:35.079Z,victima-linux,80792,3,Audit: Command: /usr/bin/ps.,audit|audit_command,RS2,/usr/bin/ps,/var/ossec,audit-wazuh-c,SYSCALL,/bin/ps,,,,,
2026-09-28T23:17:35.079Z,victima-linux,80792,3,Audit: Command: /usr/bin/ps.,audit|audit_command,RS2,/usr/bin/ps,/var/ossec,audit-wazuh-c,SYSCALL,/bin/ps,,,,,
2026-09-28T23:17:35.086Z,victima-linux,80792,3,Audit: Command: /usr/bin/dash.,audit|audit_command,RS2,/usr/bin/dash,/var/ossec,audit-wazuh-c,SYSCALL,/bin/sh,,,,,
2026-09-28T23:17:35.086Z,victima-linux,80792,3,Audit: Command: /usr/bin/dash.,audit|audit_command,RS2,/usr/bin/dash,/var/ossec,audit-wazuh-c,SYSCALL,/bin/sh,,,,,
2026-09-28T23:17:35.086Z,victima-linux,80792,3,Audit: Command: /usr/bin/ps.,audit|audit_command,RS2,/usr/bin/ps,/var/ossec,audit-wazuh-c,SYSCALL,/bin/ps,,,,,
2026-09-28T23:17:35.093Z,victima-linux,80792,3,Audit: Command: /usr/bin/dash.,audit|audit_command,RS2,/usr/bin/dash,/var/ossec,audit-wazuh-c,SYSCALL,/bin/sh,,,,,
2026-09-28T23:17:35.093Z,victima-linux,80792,3,Audit: Command: /usr/bin/ps.,audit|audit_command,RS2,/usr/bin/ps,/var/ossec,audit-wazuh-c,SYSCALL,/bin/ps,,,,,
2026-09-28T23:17:35.093Z,victima-linux,80792,3,Audit: Command: /usr/bin/ps.,audit|audit_command,RS2,/usr/bin/ps,/var/ossec,audit-wazuh-c,SYSCALL,/bin/ps,,,,,
2026-09-28T23:17:35.100Z,victima-linux,80791,3,Audit: Deleted: var/run/.,audit|audit_watch_delete|audit_watch_write,RS2,/var/ossec/bin/wazuh-agentd,/var/ossec,audit-wazuh-w,SYSCALL,var/run/,var/run/,,,,
2026-09-28T23:17:35.100Z,victima-linux,80792,3,Audit: Command: /usr/bin/dash.,audit|audit_command,RS2,/usr/bin/dash,/var/ossec,audit-wazuh-c,SYSCALL,/bin/sh,,,,,
2026-09-28T23:17:35.100Z,victima-linux,80792,3,Audit: Command: /usr/bin/ps.,audit|audit_command,RS2,/usr/bin/ps,/var/ossec,audit-wazuh-c,SYSCALL,/bin/ps,,,,,
2026-09-28T23:17:35.107Z,victima-linux,80792,3,Audit: Command: /usr/bin/dash.,audit|audit_command,RS2,/usr/bin/dash,/var/ossec,audit-wazuh-c,SYSCALL,/bin/sh,,,,,
2026-09-28T23:17:35.107Z,victima-linux,80792,3,Audit: Command: /usr/bin/ps.,audit|audit_command,RS2,/usr/bin/ps,/var/ossec,audit-wazuh-c,SYSCALL,/bin/ps,,,,,
2026-09-28T23:17:35.108Z,victima-linux,80792,3,Audit: Command: /usr/bin/dash.,audit|audit_command,RS2,/usr/bin/dash,/var/ossec,audit-wazuh-c,SYSCALL,/bin/sh,,,,,
2026-09-28T23:17:35.115Z,victima-linux,80792,3,Audit: Command: /usr/bin/dash.,audit|audit_command,RS2,/usr/bin/dash,/var/ossec,audit-wazuh-c,SYSCALL,/bin/sh,,,,,
2026-09-28T23:17:35.115Z,victima-linux,80792,3,Audit: Command: /usr/bin/ps.,audit|audit_command,RS2,/usr/bin/ps,/var/ossec,audit-wazuh-c,SYSCALL,/bin/ps,,,,,
2026-09-28T23:17:35.115Z,victima-linux,80792,3,Audit: Command: /usr/bin/ps.,audit|audit_command,RS2,/usr/bin/ps,/var/ossec,audit-wazuh-c,SYSCALL,/bin/ps,,,,,
2026-09-28T23:17:35.121Z,victima-linux,80792,3,Audit: Command: /usr/bin/dash.,audit|audit_command,RS2,/usr/bin/dash,/var/ossec,audit-wazuh-c,SYSCALL,/bin/sh,,,,,
2026-09-28T23:17:35.121Z,victima-linux,80792,3,Audit: Command: /usr/bin/ps.,audit|audit_command,RS2,/usr/bin/ps,/var/ossec,audit-wazuh-c,SYSCALL,/bin/ps,,,,,
2026-09-28T23:17:35.122Z,victima-linux,80792,3,Audit: Command: /usr/bin/dash.,audit|audit_command,RS2,/usr/bin/dash,/var/ossec,audit-wazuh-c,SYSCALL,/bin/sh,,,,,
2026-09-28T23:17:35.128Z,victima-linux,80792,3,Audit: Command: /usr/bin/dash.,audit|audit_command,RS2,/usr/bin/dash,/var/ossec,audit-wazuh-c,SYSCALL,/bin/sh,,,,,
2026-09-28T23:17:35.128Z,victima-linux,80792,3,Audit: Command: /usr/bin/ps.,audit|audit_command,RS2,/usr/bin/ps,/var/ossec,audit-wazuh-c,SYSCALL,/bin/ps,,,,,
2026-09-28T23:17:35.129Z,victima-linux,80792,3,Audit: Command: /usr/bin/ps.,audit|audit_command,RS2,/usr/bin/ps,/var/ossec,audit-wazuh-c,SYSCALL,/bin/ps,,,,,
2026-09-28T23:17:35.135Z,victima-linux,80792,3,Audit: Command: /usr/bin/dash.,audit|audit_command,RS2,/usr/bin/dash,/var/ossec,audit-wazuh-c,SYSCALL,/bin/sh,,,,,
2026-09-28T23:17:35.136Z,victima-linux,80792,3,Audit: Command: /usr/bin/dash.,audit|audit_command,RS2,/usr/bin/dash,/var/ossec,audit-wazuh-c,SYSCALL,/bin/sh,,,,,
2026-09-28T23:17:35.136Z,victima-linux,80792,3,Audit: Command: /usr/bin/ps.,audit|audit_command,RS2,/usr/bin/ps,/var/ossec,audit-wazuh-c,SYSCALL,/bin/ps,,,,,
2026-09-28T23:17:35.143Z,victima-linux,80792,3,Audit: Command: /usr/bin/dash.,audit|audit_command,RS2,/usr/bin/dash,/var/ossec,audit-wazuh-c,SYSCALL,/bin/sh,,,,,
2026-09-28T23:17:35.143Z,victima-linux,80792,3,Audit: Command: /usr/bin/ps.,audit|audit_command,RS2,/usr/bin/ps,/var/ossec,audit-wazuh-c,SYSCALL,/bin/ps,,,,,
2026-09-28T23:17:35.143Z,victima-linux,80792,3,Audit: Command: /usr/bin/ps.,audit|audit_command,RS2,/usr/bin/ps,/var/ossec,audit-wazuh-c,SYSCALL,/bin/ps,,,,,
2026-09-28T23:17:35.150Z,victima-linux,80792,3,Audit: Command: /usr/bin/dash.,audit|audit_command,RS2,/usr/bin/dash,/var/ossec,audit-wazuh-c,SYSCALL,/bin/sh,,,,,
2026-09-28T23:17:35.150Z,victima-linux,80792,3,Audit: Command: /usr/bin/dash.,audit|audit_command,RS2,/usr/bin/dash,/var/ossec,audit-wazuh-c,SYSCALL,/bin/sh,,,,,
2026-09-28T23:17:35.150Z,victima-linux,80792,3,Audit: Command: /usr/bin/ps.,audit|audit_command,RS2,/usr/bin/ps,/var/ossec,audit-wazuh-c,SYSCALL,/bin/ps,,,,,
2026-09-28T23:17:35.157Z,victima-linux,80792,3,Audit: Command: /usr/bin/dash.,audit|audit_command,RS2,/usr/bin/dash,/var/ossec,audit-wazuh-c,SYSCALL,/bin/sh,,,,,
2026-09-28T23:17:35.157Z,victima-linux,80792,3,Audit: Command: /usr/bin/ps.,audit|audit_command,RS2,/usr/bin/ps,/var/ossec,audit-wazuh-c,SYSCALL,/bin/ps,,,,,
2026-09-28T23:17:35.157Z,victima-linux,80792,3,Audit: Command: /usr/bin/ps.,audit|audit_command,RS2,/usr/bin/ps,/var/ossec,audit-wazuh-c,SYSCALL,/bin/ps,,,,,
2026-09-28T23:17:35.164Z,victima-linux,80792,3,Audit: Command: /usr/bin/dash.,audit|audit_command,RS2,/usr/bin/dash,/var/ossec,audit-wazuh-c,SYSCALL,/bin/sh,,,,,
2026-09-28T23:17:35.164Z,victima-linux,80792,3,Audit: Command: /usr/bin/dash.,audit|audit_command,RS2,/usr/bin/dash,/var/ossec,audit-wazuh-c,SYSCALL,/bin/sh,,,,,
2026-09-28T23:17:35.164Z,victima-linux,80792,3,Audit: Command: /usr/bin/ps.,audit|audit_command,RS2,/usr/bin/ps,/var/ossec,audit-wazuh-c,SYSCALL,/bin/ps,,,,,
2026-09-28T23:17:35.171Z,victima-linux,80792,3,Audit: Command: /usr/bin/dash.,audit|audit_command,RS2,/usr/bin/dash,/var/ossec,audit-wazuh-c,SYSCALL,/bin/sh,,,,,
2026-09-28T23:17:35.171Z,victima-linux,80792,3,Audit: Command: /usr/bin/ps.,audit|audit_command,RS2,/usr/bin/ps,/var/ossec,audit-wazuh-c,SYSCALL,/bin/ps,,,,,
2026-09-28T23:17:35.171Z,victima-linux,80792,3,Audit: Command: /usr/bin/ps.,audit|audit_command,RS2,/usr/bin/ps,/var/ossec,audit-wazuh-c,SYSCALL,/bin/ps,,,,,
2026-09-28T23:17:35.178Z,victima-linux,80792,3,Audit: Command: /usr/bin/dash.,audit|audit_command,RS2,/usr/bin/dash,/var/ossec,audit-wazuh-c,SYSCALL,/bin/sh,,,,,
2026-09-28T23:17:35.178Z,victima-linux,80792,3,Audit: Command: /usr/bin/dash.,audit|audit_command,RS2,/usr/bin/dash,/var/ossec,audit-wazuh-c,SYSCALL,/bin/sh,,,,,
2026-09-28T23:17:35.178Z,victima-linux,80792,3,Audit: Command: /usr/bin/ps.,audit|audit_command,RS2,/usr/bin/ps,/var/ossec,audit-wazuh-c,SYSCALL,/bin/ps,,,,,
2026-09-28T23:17:35.220Z,victima-linux,80792,3,Audit: Command: /usr/bin/ps.,audit|audit_command,RS2,/usr/bin/ps,/var/ossec,audit-wazuh-c,SYSCALL,/bin/ps,,,,,
2026-09-28T23:17:37.047Z,victima-linux,80792,3,Audit: Command: /usr/bin/dash.,audit|audit_command,RS2,/usr/bin/dash,/var/ossec,audit-wazuh-c,SYSCALL,/bin/sh,,,,,
2026-09-28T23:17:37.048Z,victima-linux,80792,3,Audit: Command: /usr/bin/ps.,audit|audit_command,RS2,/usr/bin/ps,/var/ossec,audit-wazuh-c,SYSCALL,/bin/ps,,,,,
2026-09-28T23:17:37.050Z,victima-linux,80792,3,Audit: Command: /usr/bin/dash.,audit|audit_command,RS2,/usr/bin/dash,/var/ossec,audit-wazuh-c,SYSCALL,/bin/sh,,,,,
2026-09-28T23:17:37.052Z,victima-linux,80792,3,Audit: Command: /usr/bin/ps.,audit|audit_command,RS2,/usr/bin/ps,/var/ossec,audit-wazuh-c,SYSCALL,/bin/ps,,,,,
2026-09-28T23:17:37.055Z,victima-linux,80792,3,Audit: Command: /usr/bin/dash.,audit|audit_command,RS2,/usr/bin/dash,/var/ossec,audit-wazuh-c,SYSCALL,/bin/sh,,,,,
2026-09-28T23:17:37.057Z,victima-linux,80792,3,Audit: Command: /usr/bin/ps.,audit|audit_command,RS2,/usr/bin/ps,/var/ossec,audit-wazuh-c,SYSCALL,/bin/ps,,,,,
2026-09-28T23:17:37.060Z,victima-linux,80792,3,Audit: Command: /usr/bin/dash.,audit|audit_command,RS2,/usr/bin/dash,/var/ossec,audit-wazuh-c,SYSCALL,/bin/sh,,,,,
2026-09-28T23:17:37.062Z,victima-linux,80792,3,Audit: Command: /usr/bin/ps.,audit|audit_command,RS2,/usr/bin/ps,/var/ossec,audit-wazuh-c,SYSCALL,/bin/ps,,,,,
2026-09-28T23:17:37.065Z,victima-linux,80792,3,Audit: Command: /usr/bin/dash.,audit|audit_command,RS2,/usr/bin/dash,/var/ossec,audit-wazuh-c,SYSCALL,/bin/sh,,,,,
2026-09-28T23:17:37.067Z,victima-linux,80792,3,Audit: Command: /usr/bin/ps.,audit|audit_command,RS2,/usr/bin/ps,/var/ossec,audit-wazuh-c,SYSCALL,/bin/ps,,,,,
2026-09-28T23:17:37.069Z,victima-linux,80792,3,Audit: Command: /usr/bin/dash.,audit|audit_command,RS2,/usr/bin/dash,/var/ossec,audit-wazuh-c,SYSCALL,/bin/sh,,,,,
2026-09-28T23:17:37.072Z,victima-linux,80792,3,Audit: Command: /usr/bin/ps.,audit|audit_command,RS2,/usr/bin/ps,/var/ossec,audit-wazuh-c,SYSCALL,/bin/ps,,,,,
2026-09-28T23:17:37.074Z,victima-linux,80792,3,Audit: Command: /usr/bin/dash.,audit|audit_command,RS2,/usr/bin/dash,/var/ossec,audit-wazuh-c,SYSCALL,/bin/sh,,,,,
2026-09-28T23:17:37.076Z,victima-linux,80792,3,Audit: Command: /usr/bin/ps.,audit|audit_command,RS2,/usr/bin/ps,/var/ossec,audit-wazuh-c,SYSCALL,/bin/ps,,,,,
2026-09-28T23:17:37.078Z,victima-linux,80792,3,Audit: Command: /usr/bin/dash.,audit|audit_command,RS2,/usr/bin/dash,/var/ossec,audit-wazuh-c,SYSCALL,/bin/sh,,,,,
2026-09-28T23:17:37.081Z,victima-linux,80792,3,Audit: Command: /usr/bin/ps.,audit|audit_command,RS2,/usr/bin/ps,/var/ossec,audit-wazuh-c,SYSCALL,/bin/ps,,,,,
2026-09-28T23:17:37.083Z,victima-linux,80792,3,Audit: Command: /usr/bin/dash.,audit|audit_command,RS2,/usr/bin/dash,/var/ossec,audit-wazuh-c,SYSCALL,/bin/sh,,,,,
2026-09-28T23:17:37.085Z,victima-linux,80792,3,Audit: Command: /usr/bin/ps.,audit|audit_command,RS2,/usr/bin/ps,/var/ossec,audit-wazuh-c,SYSCALL,/bin/ps,,,,,
2026-09-28T23:17:37.088Z,victima-linux,80792,3,Audit: Command: /usr/bin/dash.,audit|audit_command,RS2,/usr/bin/dash,/var/ossec,audit-wazuh-c,SYSCALL,/bin/sh,,,,,
2026-09-28T23:17:37.090Z,victima-linux,80792,3,Audit: Command: /usr/bin/ps.,audit|audit_command,RS2,/usr/bin/ps,/var/ossec,audit-wazuh-c,SYSCALL,/bin/ps,,,,,
2026-09-28T23:17:37.092Z,victima-linux,80792,3,Audit: Command: /usr/bin/dash.,audit|audit_command,RS2,/usr/bin/dash,/var/ossec,audit-wazuh-c,SYSCALL,/bin/sh,,,,,
2026-09-28T23:17:37.095Z,victima-linux,80792,3,Audit: Command: /usr/bin/ps.,audit|audit_command,RS2,/usr/bin/ps,/var/ossec,audit-wazuh-c,SYSCALL,/bin/ps,,,,,
2026-09-28T23:17:37.097Z,victima-linux,80792,3,Audit: Command: /usr/bin/dash.,audit|audit_command,RS2,/usr/bin/dash,/var/ossec,audit-wazuh-c,SYSCALL,/bin/sh,,,,,
2026-09-28T23:17:37.099Z,victima-linux,80792,3,Audit: Command: /usr/bin/ps.,audit|audit_command,RS2,/usr/bin/ps,/var/ossec,audit-wazuh-c,SYSCALL,/bin/ps,,,,,
2026-09-28T23:17:37.102Z,victima-linux,80792,3,Audit: Command: /usr/bin/dash.,audit|audit_command,RS2,/usr/bin/dash,/var/ossec,audit-wazuh-c,SYSCALL,/bin/sh,,,,,
2026-09-28T23:17:37.104Z,victima-linux,80792,3,Audit: Command: /usr/bin/ps.,audit|audit_command,RS2,/usr/bin/ps,/var/ossec,audit-wazuh-c,SYSCALL,/bin/ps,,,,,
2026-09-28T23:17:37.106Z,victima-linux,80792,3,Audit: Command: /usr/bin/dash.,audit|audit_command,RS2,/usr/bin/dash,/var/ossec,audit-wazuh-c,SYSCALL,/bin/sh,,,,,
2026-09-28T23:17:37.109Z,victima-linux,80792,3,Audit: Command: /usr/bin/ps.,audit|audit_command,RS2,/usr/bin/ps,/var/ossec,audit-wazuh-c,SYSCALL,/bin/ps,,,,,
2026-09-28T23:17:37.111Z,victima-linux,80792,3,Audit: Command: /usr/bin/dash.,audit|audit_command,RS2,/usr/bin/dash,/var/ossec,audit-wazuh-c,SYSCALL,/bin/sh,,,,,
2026-09-28T23:17:37.113Z,victima-linux,80792,3,Audit: Command: /usr/bin/ps.,audit|audit_command,RS2,/usr/bin/ps,/var/ossec,audit-wazuh-c,SYSCALL,/bin/ps,,,,,
2026-09-28T23:17:37.115Z,victima-linux,80792,3,Audit: Command: /usr/bin/dash.,audit|audit_command,RS2,/usr/bin/dash,/var/ossec,audit-wazuh-c,SYSCALL,/bin/sh,,,,,
2026-09-28T23:17:37.117Z,victima-linux,80792,3,Audit: Command: /usr/bin/ps.,audit|audit_command,RS2,/usr/bin/ps,/var/ossec,audit-wazuh-c,SYSCALL,/bin/ps,,,,,
2026-09-28T23:17:37.120Z,victima-linux,80792,3,Audit: Command: /usr/bin/dash.,audit|audit_command,RS2,/usr/bin/dash,/var/ossec,audit-wazuh-c,SYSCALL,/bin/sh,,,,,
2026-09-28T23:17:37.122Z,victima-linux,80792,3,Audit: Command: /usr/bin/ps.,audit|audit_command,RS2,/usr/bin/ps,/var/ossec,audit-wazuh-c,SYSCALL,/bin/ps,,,,,
2026-09-28T23:17:37.125Z,victima-linux,80792,3,Audit: Command: /usr/bin/dash.,audit|audit_command,RS2,/usr/bin/dash,/var/ossec,audit-wazuh-c,SYSCALL,/bin/sh,,,,,
2026-09-28T23:17:37.127Z,victima-linux,80792,3,Audit: Command: /usr/bin/ps.,audit|audit_command,RS2,/usr/bin/ps,/var/ossec,audit-wazuh-c,SYSCALL,/bin/ps,,,,,
2026-09-28T23:17:37.130Z,victima-linux,80792,3,Audit: Command: /usr/bin/dash.,audit|audit_command,RS2,/usr/bin/dash,/var/ossec,audit-wazuh-c,SYSCALL,/bin/sh,,,,,
2026-09-28T23:17:37.132Z,victima-linux,80792,3,Audit: Command: /usr/bin/ps.,audit|audit_command,RS2,/usr/bin/ps,/var/ossec,audit-wazuh-c,SYSCALL,/bin/ps,,,,,
2026-09-28T23:17:37.134Z,victima-linux,80792,3,Audit: Command: /usr/bin/dash.,audit|audit_command,RS2,/usr/bin/dash,/var/ossec,audit-wazuh-c,SYSCALL,/bin/sh,,,,,
2026-09-28T23:17:37.136Z,victima-linux,80792,3,Audit: Command: /usr/bin/ps.,audit|audit_command,RS2,/usr/bin/ps,/var/ossec,audit-wazuh-c,SYSCALL,/bin/ps,,,,,
2026-09-28T23:17:37.139Z,victima-linux,80792,3,Audit: Command: /usr/bin/dash.,audit|audit_command,RS2,/usr/bin/dash,/var/ossec,audit-wazuh-c,SYSCALL,/bin/sh,,,,,
2026-09-28T23:17:37.141Z,victima-linux,80792,3,Audit: Command: /usr/bin/ps.,audit|audit_command,RS2,/usr/bin/ps,/var/ossec,audit-wazuh-c,SYSCALL,/bin/ps,,,,,
2026-09-28T23:17:37.143Z,victima-linux,80792,3,Audit: Command: /usr/bin/dash.,audit|audit_command,RS2,/usr/bin/dash,/var/ossec,audit-wazuh-c,SYSCALL,/bin/sh,,,,,
2026-09-28T23:17:37.146Z,victima-linux,80792,3,Audit: Command: /usr/bin/ps.,audit|audit_command,RS2,/usr/bin/ps,/var/ossec,audit-wazuh-c,SYSCALL,/bin/ps,,,,,
2026-09-28T23:17:37.148Z,victima-linux,80792,3,Audit: Command: /usr/bin/dash.,audit|audit_command,RS2,/usr/bin/dash,/var/ossec,audit-wazuh-c,SYSCALL,/bin/sh,,,,,
2026-09-28T23:17:37.150Z,victima-linux,80792,3,Audit: Command: /usr/bin/ps.,audit|audit_command,RS2,/usr/bin/ps,/var/ossec,audit-wazuh-c,SYSCALL,/bin/ps,,,,,
2026-09-28T23:17:37.152Z,victima-linux,80792,3,Audit: Command: /usr/bin/dash.,audit|audit_command,RS2,/usr/bin/dash,/var/ossec,audit-wazuh-c,SYSCALL,/bin/sh,,,,,
2026-09-28T23:17:37.155Z,victima-linux,80792,3,Audit: Command: /usr/bin/ps.,audit|audit_command,RS2,/usr/bin/ps,/var/ossec,audit-wazuh-c,SYSCALL,/bin/ps,,,,,
2026-09-28T23:17:37.157Z,victima-linux,80792,3,Audit: Command: /usr/bin/dash.,audit|audit_command,RS2,/usr/bin/dash,/var/ossec,audit-wazuh-c,SYSCALL,/bin/sh,,,,,
2026-09-28T23:17:37.160Z,victima-linux,80792,3,Audit: Command: /usr/bin/ps.,audit|audit_command,RS2,/usr/bin/ps,/var/ossec,audit-wazuh-c,SYSCALL,/bin/ps,,,,,
2026-09-28T23:17:37.163Z,victima-linux,80792,3,Audit: Command: /usr/bin/dash.,audit|audit_command,RS2,/usr/bin/dash,/var/ossec,audit-wazuh-c,SYSCALL,/bin/sh,,,,,
2026-09-28T23:17:37.165Z,victima-linux,80792,3,Audit: Command: /usr/bin/ps.,audit|audit_command,RS2,/usr/bin/ps,/var/ossec,audit-wazuh-c,SYSCALL,/bin/ps,,,,,
2026-09-28T23:17:37.167Z,victima-linux,80792,3,Audit: Command: /usr/bin/dash.,audit|audit_command,RS2,/usr/bin/dash,/var/ossec,audit-wazuh-c,SYSCALL,/bin/sh,,,,,
2026-09-28T23:17:37.169Z,victima-linux,80792,3,Audit: Command: /usr/bin/ps.,audit|audit_command,RS2,/usr/bin/ps,/var/ossec,audit-wazuh-c,SYSCALL,/bin/ps,,,,,
2026-09-28T23:17:37.171Z,victima-linux,80792,3,Audit: Command: /usr/bin/dash.,audit|audit_command,RS2,/usr/bin/dash,/var/ossec,audit-wazuh-c,SYSCALL,/bin/sh,,,,,
2026-09-28T23:17:37.173Z,victima-linux,80792,3,Audit: Command: /usr/bin/ps.,audit|audit_command,RS2,/usr/bin/ps,/var/ossec,audit-wazuh-c,SYSCALL,/bin/ps,,,,,
2026-09-28T23:17:37.176Z,victima-linux,80792,3,Audit: Command: /usr/bin/dash.,audit|audit_command,RS2,/usr/bin/dash,/var/ossec,audit-wazuh-c,SYSCALL,/bin/sh,,,,,
2026-09-28T23:17:37.178Z,victima-linux,80792,3,Audit: Command: /usr/bin/ps.,audit|audit_command,RS2,/usr/bin/ps,/var/ossec,audit-wazuh-c,SYSCALL,/bin/ps,,,,,
2026-09-28T23:17:39.049Z,victima-linux,80792,3,Audit: Command: /usr/bin/dash.,audit|audit_command,RS2,/usr/bin/dash,/var/ossec,audit-wazuh-c,SYSCALL,/bin/sh,,,,,
2026-09-28T23:17:39.049Z,victima-linux,80792,3,Audit: Command: /usr/bin/ps.,audit|audit_command,RS2,/usr/bin/ps,/var/ossec,audit-wazuh-c,SYSCALL,/bin/ps,,,,,
2026-09-28T23:17:39.051Z,victima-linux,80792,3,Audit: Command: /usr/bin/dash.,audit|audit_command,RS2,/usr/bin/dash,/var/ossec,audit-wazuh-c,SYSCALL,/bin/sh,,,,,
2026-09-28T23:17:39.054Z,victima-linux,80792,3,Audit: Command: /usr/bin/ps.,audit|audit_command,RS2,/usr/bin/ps,/var/ossec,audit-wazuh-c,SYSCALL,/bin/ps,,,,,
2026-09-28T23:17:39.056Z,victima-linux,80792,3,Audit: Command: /usr/bin/dash.,audit|audit_command,RS2,/usr/bin/dash,/var/ossec,audit-wazuh-c,SYSCALL,/bin/sh,,,,,
2026-09-28T23:17:39.058Z,victima-linux,80792,3,Audit: Command: /usr/bin/ps.,audit|audit_command,RS2,/usr/bin/ps,/var/ossec,audit-wazuh-c,SYSCALL,/bin/ps,,,,,
2026-09-28T23:17:39.061Z,victima-linux,80792,3,Audit: Command: /usr/bin/dash.,audit|audit_command,RS2,/usr/bin/dash,/var/ossec,audit-wazuh-c,SYSCALL,/bin/sh,,,,,
2026-09-28T23:17:39.063Z,victima-linux,80792,3,Audit: Command: /usr/bin/ps.,audit|audit_command,RS2,/usr/bin/ps,/var/ossec,audit-wazuh-c,SYSCALL,/bin/ps,,,,,
2026-09-28T23:17:39.066Z,victima-linux,80792,3,Audit: Command: /usr/bin/dash.,audit|audit_command,RS2,/usr/bin/dash,/var/ossec,audit-wazuh-c,SYSCALL,/bin/sh,,,,,
2026-09-28T23:17:39.068Z,victima-linux,80792,3,Audit: Command: /usr/bin/ps.,audit|audit_command,RS2,/usr/bin/ps,/var/ossec,audit-wazuh-c,SYSCALL,/bin/ps,,,,,
2026-09-28T23:17:39.071Z,victima-linux,80792,3,Audit: Command: /usr/bin/dash.,audit|audit_command,RS2,/usr/bin/dash,/var/ossec,audit-wazuh-c,SYSCALL,/bin/sh,,,,,
2026-09-28T23:17:39.073Z,victima-linux,80792,3,Audit: Command: /usr/bin/ps.,audit|audit_command,RS2,/usr/bin/ps,/var/ossec,audit-wazuh-c,SYSCALL,/bin/ps,,,,,
2026-09-28T23:17:39.075Z,victima-linux,80792,3,Audit: Command: /usr/bin/dash.,audit|audit_command,RS2,/usr/bin/dash,/var/ossec,audit-wazuh-c,SYSCALL,/bin/sh,,,,,
2026-09-28T23:17:39.078Z,victima-linux,80792,3,Audit: Command: /usr/bin/ps.,audit|audit_command,RS2,/usr/bin/ps,/var/ossec,audit-wazuh-c,SYSCALL,/bin/ps,,,,,
2026-09-28T23:17:39.080Z,victima-linux,80792,3,Audit: Command: /usr/bin/dash.,audit|audit_command,RS2,/usr/bin/dash,/var/ossec,audit-wazuh-c,SYSCALL,/bin/sh,,,,,
2026-09-28T23:17:39.083Z,victima-linux,80792,3,Audit: Command: /usr/bin/ps.,audit|audit_command,RS2,/usr/bin/ps,/var/ossec,audit-wazuh-c,SYSCALL,/bin/ps,,,,,
2026-09-28T23:17:39.085Z,victima-linux,80792,3,Audit: Command: /usr/bin/dash.,audit|audit_command,RS2,/usr/bin/dash,/var/ossec,audit-wazuh-c,SYSCALL,/bin/sh,,,,,
2026-09-28T23:17:39.087Z,victima-linux,80792,3,Audit: Command: /usr/bin/ps.,audit|audit_command,RS2,/usr/bin/ps,/var/ossec,audit-wazuh-c,SYSCALL,/bin/ps,,,,,
2026-09-28T23:17:39.090Z,victima-linux,80792,3,Audit: Command: /usr/bin/dash.,audit|audit_command,RS2,/usr/bin/dash,/var/ossec,audit-wazuh-c,SYSCALL,/bin/sh,,,,,
2026-09-28T23:17:39.092Z,victima-linux,80792,3,Audit: Command: /usr/bin/ps.,audit|audit_command,RS2,/usr/bin/ps,/var/ossec,audit-wazuh-c,SYSCALL,/bin/ps,,,,,
2026-09-28T23:17:39.095Z,victima-linux,80792,3,Audit: Command: /usr/bin/dash.,audit|audit_command,RS2,/usr/bin/dash,/var/ossec,audit-wazuh-c,SYSCALL,/bin/sh,,,,,
2026-09-28T23:17:39.097Z,victima-linux,80792,3,Audit: Command: /usr/bin/ps.,audit|audit_command,RS2,/usr/bin/ps,/var/ossec,audit-wazuh-c,SYSCALL,/bin/ps,,,,,
2026-09-28T23:17:39.099Z,victima-linux,80792,3,Audit: Command: /usr/bin/dash.,audit|audit_command,RS2,/usr/bin/dash,/var/ossec,audit-wazuh-c,SYSCALL,/bin/sh,,,,,
2026-09-28T23:17:39.101Z,victima-linux,80792,3,Audit: Command: /usr/bin/ps.,audit|audit_command,RS2,/usr/bin/ps,/var/ossec,audit-wazuh-c,SYSCALL,/bin/ps,,,,,
2026-09-28T23:17:39.103Z,victima-linux,80792,3,Audit: Command: /usr/bin/dash.,audit|audit_command,RS2,/usr/bin/dash,/var/ossec,audit-wazuh-c,SYSCALL,/bin/sh,,,,,
2026-09-28T23:17:39.106Z,victima-linux,80792,3,Audit: Command: /usr/bin/ps.,audit|audit_command,RS2,/usr/bin/ps,/var/ossec,audit-wazuh-c,SYSCALL,/bin/ps,,,,,
2026-09-28T23:17:39.109Z,victima-linux,80792,3,Audit: Command: /usr/bin/dash.,audit|audit_command,RS2,/usr/bin/dash,/var/ossec,audit-wazuh-c,SYSCALL,/bin/sh,,,,,
2026-09-28T23:17:39.110Z,victima-linux,80792,3,Audit: Command: /usr/bin/ps.,audit|audit_command,RS2,/usr/bin/ps,/var/ossec,audit-wazuh-c,SYSCALL,/bin/ps,,,,,
2026-09-28T23:17:39.112Z,victima-linux,80792,3,Audit: Command: /usr/bin/dash.,audit|audit_command,RS2,/usr/bin/dash,/var/ossec,audit-wazuh-c,SYSCALL,/bin/sh,,,,,
2026-09-28T23:17:39.115Z,victima-linux,80792,3,Audit: Command: /usr/bin/ps.,audit|audit_command,RS2,/usr/bin/ps,/var/ossec,audit-wazuh-c,SYSCALL,/bin/ps,,,,,
2026-09-28T23:17:39.117Z,victima-linux,80792,3,Audit: Command: /usr/bin/dash.,audit|audit_command,RS2,/usr/bin/dash,/var/ossec,audit-wazuh-c,SYSCALL,/bin/sh,,,,,
2026-09-28T23:17:39.119Z,victima-linux,80792,3,Audit: Command: /usr/bin/ps.,audit|audit_command,RS2,/usr/bin/ps,/var/ossec,audit-wazuh-c,SYSCALL,/bin/ps,,,,,
2026-09-28T23:17:39.122Z,victima-linux,80792,3,Audit: Command: /usr/bin/dash.,audit|audit_command,RS2,/usr/bin/dash,/var/ossec,audit-wazuh-c,SYSCALL,/bin/sh,,,,,
2026-09-28T23:17:39.124Z,victima-linux,80792,3,Audit: Command: /usr/bin/ps.,audit|audit_command,RS2,/usr/bin/ps,/var/ossec,audit-wazuh-c,SYSCALL,/bin/ps,,,,,
2026-09-28T23:17:39.126Z,victima-linux,80792,3,Audit: Command: /usr/bin/dash.,audit|audit_command,RS2,/usr/bin/dash,/var/ossec,audit-wazuh-c,SYSCALL,/bin/sh,,,,,
2026-09-28T23:17:39.128Z,victima-linux,80792,3,Audit: Command: /usr/bin/ps.,audit|audit_command,RS2,/usr/bin/ps,/var/ossec,audit-wazuh-c,SYSCALL,/bin/ps,,,,,
2026-09-28T23:17:39.130Z,victima-linux,80792,3,Audit: Command: /usr/bin/dash.,audit|audit_command,RS2,/usr/bin/dash,/var/ossec,audit-wazuh-c,SYSCALL,/bin/sh,,,,,
2026-09-28T23:17:39.133Z,victima-linux,80792,3,Audit: Command: /usr/bin/ps.,audit|audit_command,RS2,/usr/bin/ps,/var/ossec,audit-wazuh-c,SYSCALL,/bin/ps,,,,,
2026-09-28T23:17:39.135Z,victima-linux,80792,3,Audit: Command: /usr/bin/dash.,audit|audit_command,RS2,/usr/bin/dash,/var/ossec,audit-wazuh-c,SYSCALL,/bin/sh,,,,,
2026-09-28T23:17:39.137Z,victima-linux,80792,3,Audit: Command: /usr/bin/ps.,audit|audit_command,RS2,/usr/bin/ps,/var/ossec,audit-wazuh-c,SYSCALL,/bin/ps,,,,,
2026-09-28T23:17:39.140Z,victima-linux,80792,3,Audit: Command: /usr/bin/dash.,audit|audit_command,RS2,/usr/bin/dash,/var/ossec,audit-wazuh-c,SYSCALL,/bin/sh,,,,,
2026-09-28T23:17:39.142Z,victima-linux,80792,3,Audit: Command: /usr/bin/ps.,audit|audit_command,RS2,/usr/bin/ps,/var/ossec,audit-wazuh-c,SYSCALL,/bin/ps,,,,,
2026-09-28T23:17:39.145Z,victima-linux,80792,3,Audit: Command: /usr/bin/dash.,audit|audit_command,RS2,/usr/bin/dash,/var/ossec,audit-wazuh-c,SYSCALL,/bin/sh,,,,,
2026-09-28T23:17:39.147Z,victima-linux,80792,3,Audit: Command: /usr/bin/ps.,audit|audit_command,RS2,/usr/bin/ps,/var/ossec,audit-wazuh-c,SYSCALL,/bin/ps,,,,,
2026-09-28T23:17:39.149Z,victima-linux,80792,3,Audit: Command: /usr/bin/dash.,audit|audit_command,RS2,/usr/bin/dash,/var/ossec,audit-wazuh-c,SYSCALL,/bin/sh,,,,,
2026-09-28T23:17:39.152Z,victima-linux,80792,3,Audit: Command: /usr/bin/ps.,audit|audit_command,RS2,/usr/bin/ps,/var/ossec,audit-wazuh-c,SYSCALL,/bin/ps,,,,,
2026-09-28T23:17:39.154Z,victima-linux,80792,3,Audit: Command: /usr/bin/dash.,audit|audit_command,RS2,/usr/bin/dash,/var/ossec,audit-wazuh-c,SYSCALL,/bin/sh,,,,,
2026-09-28T23:17:39.156Z,victima-linux,80792,3,Audit: Command: /usr/bin/ps.,audit|audit_command,RS2,/usr/bin/ps,/var/ossec,audit-wazuh-c,SYSCALL,/bin/ps,,,,,
2026-09-28T23:17:39.158Z,victima-linux,80792,3,Audit: Command: /usr/bin/dash.,audit|audit_command,RS2,/usr/bin/dash,/var/ossec,audit-wazuh-c,SYSCALL,/bin/sh,,,,,
2026-09-28T23:17:39.161Z,victima-linux,80792,3,Audit: Command: /usr/bin/ps.,audit|audit_command,RS2,/usr/bin/ps,/var/ossec,audit-wazuh-c,SYSCALL,/bin/ps,,,,,
2026-09-28T23:17:39.163Z,victima-linux,80792,3,Audit: Command: /usr/bin/dash.,audit|audit_command,RS2,/usr/bin/dash,/var/ossec,audit-wazuh-c,SYSCALL,/bin/sh,,,,,
2026-09-28T23:17:39.166Z,victima-linux,80792,3,Audit: Command: /usr/bin/ps.,audit|audit_command,RS2,/usr/bin/ps,/var/ossec,audit-wazuh-c,SYSCALL,/bin/ps,,,,,
2026-09-28T23:17:39.168Z,victima-linux,80791,3,Audit: Deleted: var/run/.,audit|audit_watch_delete|audit_watch_write,RS2,/var/ossec/bin/wazuh-agentd,/var/ossec,audit-wazuh-w,SYSCALL,var/run/,var/run/,,,,
2026-09-28T23:17:39.175Z,victima-linux,80792,3,Audit: Command: /usr/bin/dash.,audit|audit_command,RS2,/usr/bin/dash,/var/ossec,audit-wazuh-c,SYSCALL,/bin/sh,,,,,
2026-09-28T23:17:39.175Z,victima-linux,80792,3,Audit: Command: /usr/bin/dash.,audit|audit_command,RS2,/usr/bin/dash,/var/ossec,audit-wazuh-c,SYSCALL,/bin/sh,,,,,
2026-09-28T23:17:39.175Z,victima-linux,80792,3,Audit: Command: /usr/bin/ps.,audit|audit_command,RS2,/usr/bin/ps,/var/ossec,audit-wazuh-c,SYSCALL,/bin/ps,,,,,
2026-09-28T23:17:39.178Z,victima-linux,80792,3,Audit: Command: /usr/bin/ps.,audit|audit_command,RS2,/usr/bin/ps,/var/ossec,audit-wazuh-c,SYSCALL,/bin/ps,,,,,
2026-09-28T23:17:41.049Z,victima-linux,80792,3,Audit: Command: /usr/bin/dash.,audit|audit_command,RS2,/usr/bin/dash,/var/ossec,audit-wazuh-c,SYSCALL,/bin/sh,,,,,
2026-09-28T23:17:41.049Z,victima-linux,80792,3,Audit: Command: /usr/bin/ps.,audit|audit_command,RS2,/usr/bin/ps,/var/ossec,audit-wazuh-c,SYSCALL,/bin/ps,,,,,
2026-09-28T23:17:41.052Z,victima-linux,80792,3,Audit: Command: /usr/bin/dash.,audit|audit_command,RS2,/usr/bin/dash,/var/ossec,audit-wazuh-c,SYSCALL,/bin/sh,,,,,
2026-09-28T23:17:41.054Z,victima-linux,80792,3,Audit: Command: /usr/bin/ps.,audit|audit_command,RS2,/usr/bin/ps,/var/ossec,audit-wazuh-c,SYSCALL,/bin/ps,,,,,
2026-09-28T23:17:41.056Z,victima-linux,80792,3,Audit: Command: /usr/bin/dash.,audit|audit_command,RS2,/usr/bin/dash,/var/ossec,audit-wazuh-c,SYSCALL,/bin/sh,,,,,
2026-09-28T23:17:41.059Z,victima-linux,80792,3,Audit: Command: /usr/bin/ps.,audit|audit_command,RS2,/usr/bin/ps,/var/ossec,audit-wazuh-c,SYSCALL,/bin/ps,,,,,
2026-09-28T23:17:41.061Z,victima-linux,80792,3,Audit: Command: /usr/bin/dash.,audit|audit_command,RS2,/usr/bin/dash,/var/ossec,audit-wazuh-c,SYSCALL,/bin/sh,,,,,
2026-09-28T23:17:41.063Z,victima-linux,80792,3,Audit: Command: /usr/bin/ps.,audit|audit_command,RS2,/usr/bin/ps,/var/ossec,audit-wazuh-c,SYSCALL,/bin/ps,,,,,
2026-09-28T23:17:41.065Z,victima-linux,80792,3,Audit: Command: /usr/bin/dash.,audit|audit_command,RS2,/usr/bin/dash,/var/ossec,audit-wazuh-c,SYSCALL,/bin/sh,,,,,
2026-09-28T23:17:41.068Z,victima-linux,80792,3,Audit: Command: /usr/bin/ps.,audit|audit_command,RS2,/usr/bin/ps,/var/ossec,audit-wazuh-c,SYSCALL,/bin/ps,,,,,
2026-09-28T23:17:41.070Z,victima-linux,80792,3,Audit: Command: /usr/bin/dash.,audit|audit_command,RS2,/usr/bin/dash,/var/ossec,audit-wazuh-c,SYSCALL,/bin/sh,,,,,
2026-09-28T23:17:41.073Z,victima-linux,80792,3,Audit: Command: /usr/bin/ps.,audit|audit_command,RS2,/usr/bin/ps,/var/ossec,audit-wazuh-c,SYSCALL,/bin/ps,,,,,
2026-09-28T23:17:41.075Z,victima-linux,80792,3,Audit: Command: /usr/bin/dash.,audit|audit_command,RS2,/usr/bin/dash,/var/ossec,audit-wazuh-c,SYSCALL,/bin/sh,,,,,
2026-09-28T23:17:41.078Z,victima-linux,80792,3,Audit: Command: /usr/bin/ps.,audit|audit_command,RS2,/usr/bin/ps,/var/ossec,audit-wazuh-c,SYSCALL,/bin/ps,,,,,
2026-09-28T23:17:41.080Z,victima-linux,80792,3,Audit: Command: /usr/bin/dash.,audit|audit_command,RS2,/usr/bin/dash,/var/ossec,audit-wazuh-c,SYSCALL,/bin/sh,,,,,
2026-09-28T23:17:41.082Z,victima-linux,80792,3,Audit: Command: /usr/bin/ps.,audit|audit_command,RS2,/usr/bin/ps,/var/ossec,audit-wazuh-c,SYSCALL,/bin/ps,,,,,
2026-09-28T23:17:41.085Z,victima-linux,80792,3,Audit: Command: /usr/bin/dash.,audit|audit_command,RS2,/usr/bin/dash,/var/ossec,audit-wazuh-c,SYSCALL,/bin/sh,,,,,
2026-09-28T23:17:41.087Z,victima-linux,80792,3,Audit: Command: /usr/bin/ps.,audit|audit_command,RS2,/usr/bin/ps,/var/ossec,audit-wazuh-c,SYSCALL,/bin/ps,,,,,
2026-09-28T23:17:41.090Z,victima-linux,80792,3,Audit: Command: /usr/bin/dash.,audit|audit_command,RS2,/usr/bin/dash,/var/ossec,audit-wazuh-c,SYSCALL,/bin/sh,,,,,
2026-09-28T23:17:41.092Z,victima-linux,80792,3,Audit: Command: /usr/bin/ps.,audit|audit_command,RS2,/usr/bin/ps,/var/ossec,audit-wazuh-c,SYSCALL,/bin/ps,,,,,
2026-09-28T23:17:41.094Z,victima-linux,80792,3,Audit: Command: /usr/bin/dash.,audit|audit_command,RS2,/usr/bin/dash,/var/ossec,audit-wazuh-c,SYSCALL,/bin/sh,,,,,
2026-09-28T23:17:41.096Z,victima-linux,80792,3,Audit: Command: /usr/bin/ps.,audit|audit_command,RS2,/usr/bin/ps,/var/ossec,audit-wazuh-c,SYSCALL,/bin/ps,,,,,
2026-09-28T23:17:41.098Z,victima-linux,80792,3,Audit: Command: /usr/bin/dash.,audit|audit_command,RS2,/usr/bin/dash,/var/ossec,audit-wazuh-c,SYSCALL,/bin/sh,,,,,
2026-09-28T23:17:41.101Z,victima-linux,80792,3,Audit: Command: /usr/bin/ps.,audit|audit_command,RS2,/usr/bin/ps,/var/ossec,audit-wazuh-c,SYSCALL,/bin/ps,,,,,
2026-09-28T23:17:41.103Z,victima-linux,80792,3,Audit: Command: /usr/bin/dash.,audit|audit_command,RS2,/usr/bin/dash,/var/ossec,audit-wazuh-c,SYSCALL,/bin/sh,,,,,
2026-09-28T23:17:41.105Z,victima-linux,80792,3,Audit: Command: /usr/bin/ps.,audit|audit_command,RS2,/usr/bin/ps,/var/ossec,audit-wazuh-c,SYSCALL,/bin/ps,,,,,
2026-09-28T23:17:41.107Z,victima-linux,80792,3,Audit: Command: /usr/bin/dash.,audit|audit_command,RS2,/usr/bin/dash,/var/ossec,audit-wazuh-c,SYSCALL,/bin/sh,,,,,
2026-09-28T23:17:41.109Z,victima-linux,80792,3,Audit: Command: /usr/bin/ps.,audit|audit_command,RS2,/usr/bin/ps,/var/ossec,audit-wazuh-c,SYSCALL,/bin/ps,,,,,
2026-09-28T23:17:41.111Z,victima-linux,80792,3,Audit: Command: /usr/bin/dash.,audit|audit_command,RS2,/usr/bin/dash,/var/ossec,audit-wazuh-c,SYSCALL,/bin/sh,,,,,
2026-09-28T23:17:41.114Z,victima-linux,80792,3,Audit: Command: /usr/bin/ps.,audit|audit_command,RS2,/usr/bin/ps,/var/ossec,audit-wazuh-c,SYSCALL,/bin/ps,,,,,
2026-09-28T23:17:41.116Z,victima-linux,80792,3,Audit: Command: /usr/bin/dash.,audit|audit_command,RS2,/usr/bin/dash,/var/ossec,audit-wazuh-c,SYSCALL,/bin/sh,,,,,
2026-09-28T23:17:41.118Z,victima-linux,80792,3,Audit: Command: /usr/bin/ps.,audit|audit_command,RS2,/usr/bin/ps,/var/ossec,audit-wazuh-c,SYSCALL,/bin/ps,,,,,
2026-09-28T23:17:41.120Z,victima-linux,80792,3,Audit: Command: /usr/bin/dash.,audit|audit_command,RS2,/usr/bin/dash,/var/ossec,audit-wazuh-c,SYSCALL,/bin/sh,,,,,
2026-09-28T23:17:41.123Z,victima-linux,80792,3,Audit: Command: /usr/bin/ps.,audit|audit_command,RS2,/usr/bin/ps,/var/ossec,audit-wazuh-c,SYSCALL,/bin/ps,,,,,
2026-09-28T23:17:41.125Z,victima-linux,80792,3,Audit: Command: /usr/bin/dash.,audit|audit_command,RS2,/usr/bin/dash,/var/ossec,audit-wazuh-c,SYSCALL,/bin/sh,,,,,
2026-09-28T23:17:41.127Z,victima-linux,80792,3,Audit: Command: /usr/bin/ps.,audit|audit_command,RS2,/usr/bin/ps,/var/ossec,audit-wazuh-c,SYSCALL,/bin/ps,,,,,
2026-09-28T23:17:41.129Z,victima-linux,80792,3,Audit: Command: /usr/bin/dash.,audit|audit_command,RS2,/usr/bin/dash,/var/ossec,audit-wazuh-c,SYSCALL,/bin/sh,,,,,
2026-09-28T23:17:41.132Z,victima-linux,80792,3,Audit: Command: /usr/bin/ps.,audit|audit_command,RS2,/usr/bin/ps,/var/ossec,audit-wazuh-c,SYSCALL,/bin/ps,,,,,
2026-09-28T23:17:41.135Z,victima-linux,80792,3,Audit: Command: /usr/bin/dash.,audit|audit_command,RS2,/usr/bin/dash,/var/ossec,audit-wazuh-c,SYSCALL,/bin/sh,,,,,
2026-09-28T23:17:41.136Z,victima-linux,80792,3,Audit: Command: /usr/bin/ps.,audit|audit_command,RS2,/usr/bin/ps,/var/ossec,audit-wazuh-c,SYSCALL,/bin/ps,,,,,
2026-09-28T23:17:41.139Z,victima-linux,80792,3,Audit: Command: /usr/bin/dash.,audit|audit_command,RS2,/usr/bin/dash,/var/ossec,audit-wazuh-c,SYSCALL,/bin/sh,,,,,
2026-09-28T23:17:41.141Z,victima-linux,80792,3,Audit: Command: /usr/bin/ps.,audit|audit_command,RS2,/usr/bin/ps,/var/ossec,audit-wazuh-c,SYSCALL,/bin/ps,,,,,
2026-09-28T23:17:41.144Z,victima-linux,80792,3,Audit: Command: /usr/bin/dash.,audit|audit_command,RS2,/usr/bin/dash,/var/ossec,audit-wazuh-c,SYSCALL,/bin/sh,,,,,
2026-09-28T23:17:41.146Z,victima-linux,80792,3,Audit: Command: /usr/bin/ps.,audit|audit_command,RS2,/usr/bin/ps,/var/ossec,audit-wazuh-c,SYSCALL,/bin/ps,,,,,
2026-09-28T23:17:41.149Z,victima-linux,80792,3,Audit: Command: /usr/bin/dash.,audit|audit_command,RS2,/usr/bin/dash,/var/ossec,audit-wazuh-c,SYSCALL,/bin/sh,,,,,
2026-09-28T23:17:41.151Z,victima-linux,80792,3,Audit: Command: /usr/bin/ps.,audit|audit_command,RS2,/usr/bin/ps,/var/ossec,audit-wazuh-c,SYSCALL,/bin/ps,,,,,
2026-09-28T23:17:41.153Z,victima-linux,80792,3,Audit: Command: /usr/bin/dash.,audit|audit_command,RS2,/usr/bin/dash,/var/ossec,audit-wazuh-c,SYSCALL,/bin/sh,,,,,
2026-09-28T23:17:41.155Z,victima-linux,80792,3,Audit: Command: /usr/bin/ps.,audit|audit_command,RS2,/usr/bin/ps,/var/ossec,audit-wazuh-c,SYSCALL,/bin/ps,,,,,
2026-09-28T23:17:41.158Z,victima-linux,80792,3,Audit: Command: /usr/bin/dash.,audit|audit_command,RS2,/usr/bin/dash,/var/ossec,audit-wazuh-c,SYSCALL,/bin/sh,,,,,
2026-09-28T23:17:41.161Z,victima-linux,80792,3,Audit: Command: /usr/bin/ps.,audit|audit_command,RS2,/usr/bin/ps,/var/ossec,audit-wazuh-c,SYSCALL,/bin/ps,,,,,
2026-09-28T23:17:41.163Z,victima-linux,80792,3,Audit: Command: /usr/bin/dash.,audit|audit_command,RS2,/usr/bin/dash,/var/ossec,audit-wazuh-c,SYSCALL,/bin/sh,,,,,
2026-09-28T23:17:41.165Z,victima-linux,80792,3,Audit: Command: /usr/bin/ps.,audit|audit_command,RS2,/usr/bin/ps,/var/ossec,audit-wazuh-c,SYSCALL,/bin/ps,,,,,
2026-09-28T23:17:41.167Z,victima-linux,80792,3,Audit: Command: /usr/bin/dash.,audit|audit_command,RS2,/usr/bin/dash,/var/ossec,audit-wazuh-c,SYSCALL,/bin/sh,,,,,
2026-09-28T23:17:41.170Z,victima-linux,80792,3,Audit: Command: /usr/bin/ps.,audit|audit_command,RS2,/usr/bin/ps,/var/ossec,audit-wazuh-c,SYSCALL,/bin/ps,,,,,
2026-09-28T23:17:43.050Z,victima-linux,80792,3,Audit: Command: /usr/bin/dash.,audit|audit_command,RS2,/usr/bin/dash,/var/ossec,audit-wazuh-c,SYSCALL,/bin/sh,,,,,
2026-09-28T23:17:43.050Z,victima-linux,80792,3,Audit: Command: /usr/bin/ps.,audit|audit_command,RS2,/usr/bin/ps,/var/ossec,audit-wazuh-c,SYSCALL,/bin/ps,,,,,
2026-09-28T23:17:43.053Z,victima-linux,80792,3,Audit: Command: /usr/bin/dash.,audit|audit_command,RS2,/usr/bin/dash,/var/ossec,audit-wazuh-c,SYSCALL,/bin/sh,,,,,
2026-09-28T23:17:43.055Z,victima-linux,80792,3,Audit: Command: /usr/bin/ps.,audit|audit_command,RS2,/usr/bin/ps,/var/ossec,audit-wazuh-c,SYSCALL,/bin/ps,,,,,
2026-09-28T23:17:43.057Z,victima-linux,80792,3,Audit: Command: /usr/bin/dash.,audit|audit_command,RS2,/usr/bin/dash,/var/ossec,audit-wazuh-c,SYSCALL,/bin/sh,,,,,
2026-09-28T23:17:43.060Z,victima-linux,80792,3,Audit: Command: /usr/bin/ps.,audit|audit_command,RS2,/usr/bin/ps,/var/ossec,audit-wazuh-c,SYSCALL,/bin/ps,,,,,
2026-09-28T23:17:43.062Z,victima-linux,80792,3,Audit: Command: /usr/bin/dash.,audit|audit_command,RS2,/usr/bin/dash,/var/ossec,audit-wazuh-c,SYSCALL,/bin/sh,,,,,
2026-09-28T23:17:43.064Z,victima-linux,80792,3,Audit: Command: /usr/bin/ps.,audit|audit_command,RS2,/usr/bin/ps,/var/ossec,audit-wazuh-c,SYSCALL,/bin/ps,,,,,
2026-09-28T23:17:43.067Z,victima-linux,80792,3,Audit: Command: /usr/bin/dash.,audit|audit_command,RS2,/usr/bin/dash,/var/ossec,audit-wazuh-c,SYSCALL,/bin/sh,,,,,
2026-09-28T23:17:43.069Z,victima-linux,80792,3,Audit: Command: /usr/bin/ps.,audit|audit_command,RS2,/usr/bin/ps,/var/ossec,audit-wazuh-c,SYSCALL,/bin/ps,,,,,
2026-09-28T23:17:43.072Z,victima-linux,80792,3,Audit: Command: /usr/bin/dash.,audit|audit_command,RS2,/usr/bin/dash,/var/ossec,audit-wazuh-c,SYSCALL,/bin/sh,,,,,
2026-09-28T23:17:43.074Z,victima-linux,80792,3,Audit: Command: /usr/bin/ps.,audit|audit_command,RS2,/usr/bin/ps,/var/ossec,audit-wazuh-c,SYSCALL,/bin/ps,,,,,
2026-09-28T23:17:43.076Z,victima-linux,80792,3,Audit: Command: /usr/bin/dash.,audit|audit_command,RS2,/usr/bin/dash,/var/ossec,audit-wazuh-c,SYSCALL,/bin/sh,,,,,
2026-09-28T23:17:43.079Z,victima-linux,80792,3,Audit: Command: /usr/bin/ps.,audit|audit_command,RS2,/usr/bin/ps,/var/ossec,audit-wazuh-c,SYSCALL,/bin/ps,,,,,
2026-09-28T23:17:43.081Z,victima-linux,80792,3,Audit: Command: /usr/bin/dash.,audit|audit_command,RS2,/usr/bin/dash,/var/ossec,audit-wazuh-c,SYSCALL,/bin/sh,,,,,
2026-09-28T23:17:43.084Z,victima-linux,80792,3,Audit: Command: /usr/bin/ps.,audit|audit_command,RS2,/usr/bin/ps,/var/ossec,audit-wazuh-c,SYSCALL,/bin/ps,,,,,
2026-09-28T23:17:43.086Z,victima-linux,80792,3,Audit: Command: /usr/bin/dash.,audit|audit_command,RS2,/usr/bin/dash,/var/ossec,audit-wazuh-c,SYSCALL,/bin/sh,,,,,
2026-09-28T23:17:43.089Z,victima-linux,80792,3,Audit: Command: /usr/bin/ps.,audit|audit_command,RS2,/usr/bin/ps,/var/ossec,audit-wazuh-c,SYSCALL,/bin/ps,,,,,
2026-09-28T23:17:43.091Z,victima-linux,80792,3,Audit: Command: /usr/bin/dash.,audit|audit_command,RS2,/usr/bin/dash,/var/ossec,audit-wazuh-c,SYSCALL,/bin/sh,,,,,
2026-09-28T23:17:43.093Z,victima-linux,80792,3,Audit: Command: /usr/bin/ps.,audit|audit_command,RS2,/usr/bin/ps,/var/ossec,audit-wazuh-c,SYSCALL,/bin/ps,,,,,
2026-09-28T23:17:43.096Z,victima-linux,80792,3,Audit: Command: /usr/bin/dash.,audit|audit_command,RS2,/usr/bin/dash,/var/ossec,audit-wazuh-c,SYSCALL,/bin/sh,,,,,
2026-09-28T23:17:43.098Z,victima-linux,80792,3,Audit: Command: /usr/bin/ps.,audit|audit_command,RS2,/usr/bin/ps,/var/ossec,audit-wazuh-c,SYSCALL,/bin/ps,,,,,
2026-09-28T23:17:43.100Z,victima-linux,80792,3,Audit: Command: /usr/bin/dash.,audit|audit_command,RS2,/usr/bin/dash,/var/ossec,audit-wazuh-c,SYSCALL,/bin/sh,,,,,
2026-09-28T23:17:43.103Z,victima-linux,80792,3,Audit: Command: /usr/bin/ps.,audit|audit_command,RS2,/usr/bin/ps,/var/ossec,audit-wazuh-c,SYSCALL,/bin/ps,,,,,
2026-09-28T23:17:43.105Z,victima-linux,80792,3,Audit: Command: /usr/bin/dash.,audit|audit_command,RS2,/usr/bin/dash,/var/ossec,audit-wazuh-c,SYSCALL,/bin/sh,,,,,
2026-09-28T23:17:43.108Z,victima-linux,80792,3,Audit: Command: /usr/bin/ps.,audit|audit_command,RS2,/usr/bin/ps,/var/ossec,audit-wazuh-c,SYSCALL,/bin/ps,,,,,
2026-09-28T23:17:43.110Z,victima-linux,80792,3,Audit: Command: /usr/bin/dash.,audit|audit_command,RS2,/usr/bin/dash,/var/ossec,audit-wazuh-c,SYSCALL,/bin/sh,,,,,
2026-09-28T23:17:43.112Z,victima-linux,80792,3,Audit: Command: /usr/bin/ps.,audit|audit_command,RS2,/usr/bin/ps,/var/ossec,audit-wazuh-c,SYSCALL,/bin/ps,,,,,
2026-09-28T23:17:43.114Z,victima-linux,80792,3,Audit: Command: /usr/bin/dash.,audit|audit_command,RS2,/usr/bin/dash,/var/ossec,audit-wazuh-c,SYSCALL,/bin/sh,,,,,
2026-09-28T23:17:43.117Z,victima-linux,80792,3,Audit: Command: /usr/bin/ps.,audit|audit_command,RS2,/usr/bin/ps,/var/ossec,audit-wazuh-c,SYSCALL,/bin/ps,,,,,
2026-09-28T23:17:43.119Z,victima-linux,80792,3,Audit: Command: /usr/bin/dash.,audit|audit_command,RS2,/usr/bin/dash,/var/ossec,audit-wazuh-c,SYSCALL,/bin/sh,,,,,
2026-09-28T23:17:43.121Z,victima-linux,80792,3,Audit: Command: /usr/bin/ps.,audit|audit_command,RS2,/usr/bin/ps,/var/ossec,audit-wazuh-c,SYSCALL,/bin/ps,,,,,
2026-09-28T23:17:43.124Z,victima-linux,80792,3,Audit: Command: /usr/bin/dash.,audit|audit_command,RS2,/usr/bin/dash,/var/ossec,audit-wazuh-c,SYSCALL,/bin/sh,,,,,
2026-09-28T23:17:43.126Z,victima-linux,80792,3,Audit: Command: /usr/bin/ps.,audit|audit_command,RS2,/usr/bin/ps,/var/ossec,audit-wazuh-c,SYSCALL,/bin/ps,,,,,
2026-09-28T23:17:43.129Z,victima-linux,80792,3,Audit: Command: /usr/bin/dash.,audit|audit_command,RS2,/usr/bin/dash,/var/ossec,audit-wazuh-c,SYSCALL,/bin/sh,,,,,
2026-09-28T23:17:43.130Z,victima-linux,80792,3,Audit: Command: /usr/bin/ps.,audit|audit_command,RS2,/usr/bin/ps,/var/ossec,audit-wazuh-c,SYSCALL,/bin/ps,,,,,
2026-09-28T23:17:43.133Z,victima-linux,80792,3,Audit: Command: /usr/bin/dash.,audit|audit_command,RS2,/usr/bin/dash,/var/ossec,audit-wazuh-c,SYSCALL,/bin/sh,,,,,
2026-09-28T23:17:43.135Z,victima-linux,80792,3,Audit: Command: /usr/bin/ps.,audit|audit_command,RS2,/usr/bin/ps,/var/ossec,audit-wazuh-c,SYSCALL,/bin/ps,,,,,
2026-09-28T23:17:43.137Z,victima-linux,80792,3,Audit: Command: /usr/bin/dash.,audit|audit_command,RS2,/usr/bin/dash,/var/ossec,audit-wazuh-c,SYSCALL,/bin/sh,,,,,
2026-09-28T23:17:43.139Z,victima-linux,80792,3,Audit: Command: /usr/bin/ps.,audit|audit_command,RS2,/usr/bin/ps,/var/ossec,audit-wazuh-c,SYSCALL,/bin/ps,,,,,
2026-09-28T23:17:43.142Z,victima-linux,80792,3,Audit: Command: /usr/bin/dash.,audit|audit_command,RS2,/usr/bin/dash,/var/ossec,audit-wazuh-c,SYSCALL,/bin/sh,,,,,
2026-09-28T23:17:43.144Z,victima-linux,80792,3,Audit: Command: /usr/bin/ps.,audit|audit_command,RS2,/usr/bin/ps,/var/ossec,audit-wazuh-c,SYSCALL,/bin/ps,,,,,
2026-09-28T23:17:43.147Z,victima-linux,80792,3,Audit: Command: /usr/bin/dash.,audit|audit_command,RS2,/usr/bin/dash,/var/ossec,audit-wazuh-c,SYSCALL,/bin/sh,,,,,
2026-09-28T23:17:43.149Z,victima-linux,80792,3,Audit: Command: /usr/bin/ps.,audit|audit_command,RS2,/usr/bin/ps,/var/ossec,audit-wazuh-c,SYSCALL,/bin/ps,,,,,
2026-09-28T23:17:43.152Z,victima-linux,80792,3,Audit: Command: /usr/bin/dash.,audit|audit_command,RS2,/usr/bin/dash,/var/ossec,audit-wazuh-c,SYSCALL,/bin/sh,,,,,
2026-09-28T23:17:43.154Z,victima-linux,80792,3,Audit: Command: /usr/bin/ps.,audit|audit_command,RS2,/usr/bin/ps,/var/ossec,audit-wazuh-c,SYSCALL,/bin/ps,,,,,
2026-09-28T23:17:43.156Z,victima-linux,80792,3,Audit: Command: /usr/bin/dash.,audit|audit_command,RS2,/usr/bin/dash,/var/ossec,audit-wazuh-c,SYSCALL,/bin/sh,,,,,
2026-09-28T23:17:43.159Z,victima-linux,80792,3,Audit: Command: /usr/bin/ps.,audit|audit_command,RS2,/usr/bin/ps,/var/ossec,audit-wazuh-c,SYSCALL,/bin/ps,,,,,
2026-09-28T23:17:43.161Z,victima-linux,80792,3,Audit: Command: /usr/bin/dash.,audit|audit_command,RS2,/usr/bin/dash,/var/ossec,audit-wazuh-c,SYSCALL,/bin/sh,,,,,
2026-09-28T23:17:43.163Z,victima-linux,80792,3,Audit: Command: /usr/bin/ps.,audit|audit_command,RS2,/usr/bin/ps,/var/ossec,audit-wazuh-c,SYSCALL,/bin/ps,,,,,
2026-09-28T23:17:43.166Z,victima-linux,80792,3,Audit: Command: /usr/bin/dash.,audit|audit_command,RS2,/usr/bin/dash,/var/ossec,audit-wazuh-c,SYSCALL,/bin/sh,,,,,
2026-09-28T23:17:43.168Z,victima-linux,80792,3,Audit: Command: /usr/bin/ps.,audit|audit_command,RS2,/usr/bin/ps,/var/ossec,audit-wazuh-c,SYSCALL,/bin/ps,,,,,
2026-09-28T23:17:43.171Z,victima-linux,80792,3,Audit: Command: /usr/bin/dash.,audit|audit_command,RS2,/usr/bin/dash,/var/ossec,audit-wazuh-c,SYSCALL,/bin/sh,,,,,
2026-09-28T23:17:43.173Z,victima-linux,80792,3,Audit: Command: /usr/bin/ps.,audit|audit_command,RS2,/usr/bin/ps,/var/ossec,audit-wazuh-c,SYSCALL,/bin/ps,,,,,
2026-09-28T23:17:45.052Z,victima-linux,80792,3,Audit: Command: /usr/bin/dash.,audit|audit_command,RS2,/usr/bin/dash,/var/ossec,audit-wazuh-c,SYSCALL,/bin/sh,,,,,
2026-09-28T23:17:45.052Z,victima-linux,80792,3,Audit: Command: /usr/bin/ps.,audit|audit_command,RS2,/usr/bin/ps,/var/ossec,audit-wazuh-c,SYSCALL,/bin/ps,,,,,
2026-09-28T23:17:45.054Z,victima-linux,80792,3,Audit: Command: /usr/bin/dash.,audit|audit_command,RS2,/usr/bin/dash,/var/ossec,audit-wazuh-c,SYSCALL,/bin/sh,,,,,
2026-09-28T23:17:45.057Z,victima-linux,80792,3,Audit: Command: /usr/bin/ps.,audit|audit_command,RS2,/usr/bin/ps,/var/ossec,audit-wazuh-c,SYSCALL,/bin/ps,,,,,
2026-09-28T23:17:45.059Z,victima-linux,80792,3,Audit: Command: /usr/bin/dash.,audit|audit_command,RS2,/usr/bin/dash,/var/ossec,audit-wazuh-c,SYSCALL,/bin/sh,,,,,
2026-09-28T23:17:45.062Z,victima-linux,80792,3,Audit: Command: /usr/bin/ps.,audit|audit_command,RS2,/usr/bin/ps,/var/ossec,audit-wazuh-c,SYSCALL,/bin/ps,,,,,
2026-09-28T23:17:45.064Z,victima-linux,80792,3,Audit: Command: /usr/bin/dash.,audit|audit_command,RS2,/usr/bin/dash,/var/ossec,audit-wazuh-c,SYSCALL,/bin/sh,,,,,
2026-09-28T23:17:45.066Z,victima-linux,80792,3,Audit: Command: /usr/bin/ps.,audit|audit_command,RS2,/usr/bin/ps,/var/ossec,audit-wazuh-c,SYSCALL,/bin/ps,,,,,
2026-09-28T23:17:45.069Z,victima-linux,80792,3,Audit: Command: /usr/bin/dash.,audit|audit_command,RS2,/usr/bin/dash,/var/ossec,audit-wazuh-c,SYSCALL,/bin/sh,,,,,
2026-09-28T23:17:45.071Z,victima-linux,80792,3,Audit: Command: /usr/bin/ps.,audit|audit_command,RS2,/usr/bin/ps,/var/ossec,audit-wazuh-c,SYSCALL,/bin/ps,,,,,
2026-09-28T23:17:45.074Z,victima-linux,80792,3,Audit: Command: /usr/bin/dash.,audit|audit_command,RS2,/usr/bin/dash,/var/ossec,audit-wazuh-c,SYSCALL,/bin/sh,,,,,
2026-09-28T23:17:45.076Z,victima-linux,80792,3,Audit: Command: /usr/bin/ps.,audit|audit_command,RS2,/usr/bin/ps,/var/ossec,audit-wazuh-c,SYSCALL,/bin/ps,,,,,
2026-09-28T23:17:45.079Z,victima-linux,80792,3,Audit: Command: /usr/bin/dash.,audit|audit_command,RS2,/usr/bin/dash,/var/ossec,audit-wazuh-c,SYSCALL,/bin/sh,,,,,
2026-09-28T23:17:45.081Z,victima-linux,80792,3,Audit: Command: /usr/bin/ps.,audit|audit_command,RS2,/usr/bin/ps,/var/ossec,audit-wazuh-c,SYSCALL,/bin/ps,,,,,
2026-09-28T23:17:45.084Z,victima-linux,80792,3,Audit: Command: /usr/bin/dash.,audit|audit_command,RS2,/usr/bin/dash,/var/ossec,audit-wazuh-c,SYSCALL,/bin/sh,,,,,
2026-09-28T23:17:45.086Z,victima-linux,80792,3,Audit: Command: /usr/bin/ps.,audit|audit_command,RS2,/usr/bin/ps,/var/ossec,audit-wazuh-c,SYSCALL,/bin/ps,,,,,
2026-09-28T23:17:45.089Z,victima-linux,80792,3,Audit: Command: /usr/bin/dash.,audit|audit_command,RS2,/usr/bin/dash,/var/ossec,audit-wazuh-c,SYSCALL,/bin/sh,,,,,
2026-09-28T23:17:45.091Z,victima-linux,80792,3,Audit: Command: /usr/bin/ps.,audit|audit_command,RS2,/usr/bin/ps,/var/ossec,audit-wazuh-c,SYSCALL,/bin/ps,,,,,
2026-09-28T23:17:45.093Z,victima-linux,80792,3,Audit: Command: /usr/bin/dash.,audit|audit_command,RS2,/usr/bin/dash,/var/ossec,audit-wazuh-c,SYSCALL,/bin/sh,,,,,
2026-09-28T23:17:45.096Z,victima-linux,80792,3,Audit: Command: /usr/bin/ps.,audit|audit_command,RS2,/usr/bin/ps,/var/ossec,audit-wazuh-c,SYSCALL,/bin/ps,,,,,
2026-09-28T23:17:45.098Z,victima-linux,80791,3,Audit: Deleted: var/run/.,audit|audit_watch_delete|audit_watch_write,RS2,/var/ossec/bin/wazuh-agentd,/var/ossec,audit-wazuh-w,SYSCALL,var/run/,var/run/,,,,
2026-09-28T23:17:45.106Z,victima-linux,80792,3,Audit: Command: /usr/bin/dash.,audit|audit_command,RS2,/usr/bin/dash,/var/ossec,audit-wazuh-c,SYSCALL,/bin/sh,,,,,
2026-09-28T23:17:45.106Z,victima-linux,80792,3,Audit: Command: /usr/bin/dash.,audit|audit_command,RS2,/usr/bin/dash,/var/ossec,audit-wazuh-c,SYSCALL,/bin/sh,,,,,
2026-09-28T23:17:45.106Z,victima-linux,80792,3,Audit: Command: /usr/bin/ps.,audit|audit_command,RS2,/usr/bin/ps,/var/ossec,audit-wazuh-c,SYSCALL,/bin/ps,,,,,
2026-09-28T23:17:45.108Z,victima-linux,80792,3,Audit: Command: /usr/bin/ps.,audit|audit_command,RS2,/usr/bin/ps,/var/ossec,audit-wazuh-c,SYSCALL,/bin/ps,,,,,
2026-09-28T23:17:45.110Z,victima-linux,80792,3,Audit: Command: /usr/bin/dash.,audit|audit_command,RS2,/usr/bin/dash,/var/ossec,audit-wazuh-c,SYSCALL,/bin/sh,,,,,
2026-09-28T23:17:45.113Z,victima-linux,80792,3,Audit: Command: /usr/bin/ps.,audit|audit_command,RS2,/usr/bin/ps,/var/ossec,audit-wazuh-c,SYSCALL,/bin/ps,,,,,
2026-09-28T23:17:45.115Z,victima-linux,80792,3,Audit: Command: /usr/bin/dash.,audit|audit_command,RS2,/usr/bin/dash,/var/ossec,audit-wazuh-c,SYSCALL,/bin/sh,,,,,
2026-09-28T23:17:45.118Z,victima-linux,80792,3,Audit: Command: /usr/bin/ps.,audit|audit_command,RS2,/usr/bin/ps,/var/ossec,audit-wazuh-c,SYSCALL,/bin/ps,,,,,
2026-09-28T23:17:45.120Z,victima-linux,80792,3,Audit: Command: /usr/bin/dash.,audit|audit_command,RS2,/usr/bin/dash,/var/ossec,audit-wazuh-c,SYSCALL,/bin/sh,,,,,
2026-09-28T23:17:45.123Z,victima-linux,80792,3,Audit: Command: /usr/bin/ps.,audit|audit_command,RS2,/usr/bin/ps,/var/ossec,audit-wazuh-c,SYSCALL,/bin/ps,,,,,
2026-09-28T23:17:45.125Z,victima-linux,80792,3,Audit: Command: /usr/bin/dash.,audit|audit_command,RS2,/usr/bin/dash,/var/ossec,audit-wazuh-c,SYSCALL,/bin/sh,,,,,
2026-09-28T23:17:45.128Z,victima-linux,80792,3,Audit: Command: /usr/bin/ps.,audit|audit_command,RS2,/usr/bin/ps,/var/ossec,audit-wazuh-c,SYSCALL,/bin/ps,,,,,
2026-09-28T23:17:45.130Z,victima-linux,80792,3,Audit: Command: /usr/bin/dash.,audit|audit_command,RS2,/usr/bin/dash,/var/ossec,audit-wazuh-c,SYSCALL,/bin/sh,,,,,
2026-09-28T23:17:45.133Z,victima-linux,80792,3,Audit: Command: /usr/bin/ps.,audit|audit_command,RS2,/usr/bin/ps,/var/ossec,audit-wazuh-c,SYSCALL,/bin/ps,,,,,
2026-09-28T23:17:45.135Z,victima-linux,80792,3,Audit: Command: /usr/bin/dash.,audit|audit_command,RS2,/usr/bin/dash,/var/ossec,audit-wazuh-c,SYSCALL,/bin/sh,,,,,
2026-09-28T23:17:45.138Z,victima-linux,80792,3,Audit: Command: /usr/bin/ps.,audit|audit_command,RS2,/usr/bin/ps,/var/ossec,audit-wazuh-c,SYSCALL,/bin/ps,,,,,
2026-09-28T23:17:49.053Z,victima-linux,80791,3,Audit: Deleted: var/run/.,audit|audit_watch_delete|audit_watch_write,RS2,/var/ossec/bin/wazuh-agentd,/var/ossec,audit-wazuh-w,SYSCALL,var/run/,var/run/,,,,
2026-09-28T23:17:55.054Z,victima-linux,80791,3,Audit: Deleted: var/run/.,audit|audit_watch_delete|audit_watch_write,RS2,/var/ossec/bin/wazuh-agentd,/var/ossec,audit-wazuh-w,SYSCALL,var/run/,var/run/,,,,
