timestamp_utc,agent_name,rule_id,rule_level,rule_description,rule_groups,rs_origen,audit_exe,audit_cwd,audit_key,audit_type,audit_file,audit_dir,syscheck_path,srcip,srcuser,dstuser
2026-09-28T23:25:33.322Z,victima-linux,80792,3,Audit: Command: /usr/bin/bash.,audit|audit_command,RS2,/usr/bin/bash,/home/angel/lab-attack/ATA010,audit-wazuh-c,SYSCALL,/usr/bin/bash,,,,,
2026-09-28T23:25:33.322Z,victima-linux,80792,3,Audit: Command: /usr/bin/date.,audit|audit_command,RS2,/usr/bin/date,/home/angel/lab-attack/ATA010,audit-wazuh-c,SYSCALL,/usr/bin/date,,,,,
2026-09-28T23:25:33.324Z,victima-linux,80792,3,Audit: Command: /usr/bin/tee.,audit|audit_command,RS2,/usr/bin/tee,/home/angel/lab-attack/ATA010,audit-wazuh-c,SYSCALL,/usr/bin/tee,,,,,
2026-09-28T23:25:33.327Z,victima-linux,80792,3,Audit: Command: /usr/bin/date.,audit|audit_command,RS2,/usr/bin/date,/home/angel/lab-attack/ATA010,audit-wazuh-c,SYSCALL,/usr/bin/date,,,,,
2026-09-28T23:25:33.329Z,victima-linux,80792,3,Audit: Command: /usr/bin/sha256sum.,audit|audit_command,RS2,/usr/bin/sha256sum,/home/angel/lab-attack/ATA010,audit-wazuh-c,SYSCALL,/usr/bin/sha256sum,,,,,
2026-09-28T23:25:33.331Z,victima-linux,80792,3,Audit: Command: /usr/bin/curl.,audit|audit_command,RS2,/usr/bin/curl,/home/angel/lab-attack/ATA010,audit-wazuh-c,SYSCALL,/usr/bin/curl,,,,,
2026-09-28T23:25:33.333Z,victima-linux,80792,3,Audit: Command: /usr/bin/sleep.,audit|audit_command,RS2,/usr/bin/sleep,/home/angel/lab-attack/ATA010,audit-wazuh-c,SYSCALL,/usr/bin/sleep,,,,,
2026-09-28T23:25:35.329Z,victima-linux,80792,3,Audit: Command: /usr/bin/date.,audit|audit_command,RS2,/usr/bin/date,/home/angel/lab-attack/ATA010,audit-wazuh-c,SYSCALL,/usr/bin/date,,,,,
2026-09-28T23:25:35.329Z,victima-linux,80792,3,Audit: Command: /usr/bin/sleep.,audit|audit_command,RS2,/usr/bin/sleep,/home/angel/lab-attack/ATA010,audit-wazuh-c,SYSCALL,/usr/bin/sleep,,,,,
2026-09-28T23:25:35.331Z,victima-linux,80791,3,Audit: Deleted: var/run/.,audit|audit_watch_delete|audit_watch_write,RS2,/var/ossec/bin/wazuh-agentd,/var/ossec,audit-wazuh-w,SYSCALL,var/run/,var/run/,,,,
2026-09-28T23:25:39.342Z,victima-linux,80792,3,Audit: Command: /usr/bin/dash.,audit|audit_command,RS2,/usr/bin/dash,/var/ossec,audit-wazuh-c,SYSCALL,/bin/sh,,,,,
2026-09-28T23:25:39.342Z,victima-linux,80792,3,Audit: Command: /usr/bin/ps.,audit|audit_command,RS2,/usr/bin/ps,/var/ossec,audit-wazuh-c,SYSCALL,/bin/ps,,,,,
2026-09-28T23:25:39.345Z,victima-linux,80792,3,Audit: Command: /usr/bin/dash.,audit|audit_command,RS2,/usr/bin/dash,/var/ossec,audit-wazuh-c,SYSCALL,/bin/sh,,,,,
2026-09-28T23:25:39.347Z,victima-linux,80792,3,Audit: Command: /usr/bin/ps.,audit|audit_command,RS2,/usr/bin/ps,/var/ossec,audit-wazuh-c,SYSCALL,/bin/ps,,,,,
2026-09-28T23:25:39.349Z,victima-linux,80792,3,Audit: Command: /usr/bin/dash.,audit|audit_command,RS2,/usr/bin/dash,/var/ossec,audit-wazuh-c,SYSCALL,/bin/sh,,,,,
2026-09-28T23:25:39.351Z,victima-linux,80792,3,Audit: Command: /usr/bin/ps.,audit|audit_command,RS2,/usr/bin/ps,/var/ossec,audit-wazuh-c,SYSCALL,/bin/ps,,,,,
2026-09-28T23:25:39.353Z,victima-linux,80792,3,Audit: Command: /usr/bin/dash.,audit|audit_command,RS2,/usr/bin/dash,/var/ossec,audit-wazuh-c,SYSCALL,/bin/sh,,,,,
2026-09-28T23:25:39.355Z,victima-linux,80792,3,Audit: Command: /usr/bin/ps.,audit|audit_command,RS2,/usr/bin/ps,/var/ossec,audit-wazuh-c,SYSCALL,/bin/ps,,,,,
2026-09-28T23:25:39.357Z,victima-linux,80792,3,Audit: Command: /usr/bin/dash.,audit|audit_command,RS2,/usr/bin/dash,/var/ossec,audit-wazuh-c,SYSCALL,/bin/sh,,,,,
2026-09-28T23:25:39.359Z,victima-linux,80792,3,Audit: Command: /usr/bin/ps.,audit|audit_command,RS2,/usr/bin/ps,/var/ossec,audit-wazuh-c,SYSCALL,/bin/ps,,,,,
2026-09-28T23:25:39.362Z,victima-linux,80792,3,Audit: Command: /usr/bin/dash.,audit|audit_command,RS2,/usr/bin/dash,/var/ossec,audit-wazuh-c,SYSCALL,/bin/sh,,,,,
2026-09-28T23:25:39.364Z,victima-linux,80792,3,Audit: Command: /usr/bin/ps.,audit|audit_command,RS2,/usr/bin/ps,/var/ossec,audit-wazuh-c,SYSCALL,/bin/ps,,,,,
2026-09-28T23:25:39.366Z,victima-linux,80780,3,Audit: Watch - Write access.,audit|audit_watch_write,RS2,/var/ossec/bin/wazuh-syscheckd,,audit-wazuh-w,SYSCALL,,,,,,
2026-09-28T23:25:39.369Z,victima-linux,80792,3,Audit: Command: /usr/bin/dash.,audit|audit_command,RS2,/usr/bin/dash,/var/ossec,audit-wazuh-c,SYSCALL,/bin/sh,,,,,
2026-09-28T23:25:39.371Z,victima-linux,80792,3,Audit: Command: /usr/bin/ps.,audit|audit_command,RS2,/usr/bin/ps,/var/ossec,audit-wazuh-c,SYSCALL,/bin/ps,,,,,
2026-09-28T23:25:39.373Z,victima-linux,80792,3,Audit: Command: /usr/bin/dash.,audit|audit_command,RS2,/usr/bin/dash,/var/ossec,audit-wazuh-c,SYSCALL,/bin/sh,,,,,
2026-09-28T23:25:39.375Z,victima-linux,80792,3,Audit: Command: /usr/bin/ps.,audit|audit_command,RS2,/usr/bin/ps,/var/ossec,audit-wazuh-c,SYSCALL,/bin/ps,,,,,
2026-09-28T23:25:39.378Z,victima-linux,80792,3,Audit: Command: /usr/bin/dash.,audit|audit_command,RS2,/usr/bin/dash,/var/ossec,audit-wazuh-c,SYSCALL,/bin/sh,,,,,
2026-09-28T23:25:39.380Z,victima-linux,80792,3,Audit: Command: /usr/bin/ps.,audit|audit_command,RS2,/usr/bin/ps,/var/ossec,audit-wazuh-c,SYSCALL,/bin/ps,,,,,
2026-09-28T23:25:39.382Z,victima-linux,80792,3,Audit: Command: /usr/bin/dash.,audit|audit_command,RS2,/usr/bin/dash,/var/ossec,audit-wazuh-c,SYSCALL,/bin/sh,,,,,
2026-09-28T23:25:39.385Z,victima-linux,80792,3,Audit: Command: /usr/bin/ps.,audit|audit_command,RS2,/usr/bin/ps,/var/ossec,audit-wazuh-c,SYSCALL,/bin/ps,,,,,
2026-09-28T23:25:39.387Z,victima-linux,80792,3,Audit: Command: /usr/bin/dash.,audit|audit_command,RS2,/usr/bin/dash,/var/ossec,audit-wazuh-c,SYSCALL,/bin/sh,,,,,
2026-09-28T23:25:39.390Z,victima-linux,80792,3,Audit: Command: /usr/bin/ps.,audit|audit_command,RS2,/usr/bin/ps,/var/ossec,audit-wazuh-c,SYSCALL,/bin/ps,,,,,
2026-09-28T23:25:39.392Z,victima-linux,80792,3,Audit: Command: /usr/bin/dash.,audit|audit_command,RS2,/usr/bin/dash,/var/ossec,audit-wazuh-c,SYSCALL,/bin/sh,,,,,
2026-09-28T23:25:39.394Z,victima-linux,80792,3,Audit: Command: /usr/bin/ps.,audit|audit_command,RS2,/usr/bin/ps,/var/ossec,audit-wazuh-c,SYSCALL,/bin/ps,,,,,
2026-09-28T23:25:41.349Z,victima-linux,80792,3,Audit: Command: /usr/bin/dash.,audit|audit_command,RS2,/usr/bin/dash,/var/ossec,audit-wazuh-c,SYSCALL,/bin/sh,,,,,
2026-09-28T23:25:41.349Z,victima-linux,80792,3,Audit: Command: /usr/bin/ps.,audit|audit_command,RS2,/usr/bin/ps,/var/ossec,audit-wazuh-c,SYSCALL,/bin/ps,,,,,
2026-09-28T23:25:41.352Z,victima-linux,80792,3,Audit: Command: /usr/bin/dash.,audit|audit_command,RS2,/usr/bin/dash,/var/ossec,audit-wazuh-c,SYSCALL,/bin/sh,,,,,
2026-09-28T23:25:41.354Z,victima-linux,80792,3,Audit: Command: /usr/bin/ps.,audit|audit_command,RS2,/usr/bin/ps,/var/ossec,audit-wazuh-c,SYSCALL,/bin/ps,,,,,
2026-09-28T23:25:41.357Z,victima-linux,80792,3,Audit: Command: /usr/bin/dash.,audit|audit_command,RS2,/usr/bin/dash,/var/ossec,audit-wazuh-c,SYSCALL,/bin/sh,,,,,
2026-09-28T23:25:41.359Z,victima-linux,80792,3,Audit: Command: /usr/bin/ps.,audit|audit_command,RS2,/usr/bin/ps,/var/ossec,audit-wazuh-c,SYSCALL,/bin/ps,,,,,
2026-09-28T23:25:41.362Z,victima-linux,80792,3,Audit: Command: /usr/bin/dash.,audit|audit_command,RS2,/usr/bin/dash,/var/ossec,audit-wazuh-c,SYSCALL,/bin/sh,,,,,
2026-09-28T23:25:41.364Z,victima-linux,80792,3,Audit: Command: /usr/bin/ps.,audit|audit_command,RS2,/usr/bin/ps,/var/ossec,audit-wazuh-c,SYSCALL,/bin/ps,,,,,
2026-09-28T23:25:41.367Z,victima-linux,80792,3,Audit: Command: /usr/bin/dash.,audit|audit_command,RS2,/usr/bin/dash,/var/ossec,audit-wazuh-c,SYSCALL,/bin/sh,,,,,
2026-09-28T23:25:41.369Z,victima-linux,80792,3,Audit: Command: /usr/bin/ps.,audit|audit_command,RS2,/usr/bin/ps,/var/ossec,audit-wazuh-c,SYSCALL,/bin/ps,,,,,
2026-09-28T23:25:41.371Z,victima-linux,80792,3,Audit: Command: /usr/bin/dash.,audit|audit_command,RS2,/usr/bin/dash,/var/ossec,audit-wazuh-c,SYSCALL,/bin/sh,,,,,
2026-09-28T23:25:41.373Z,victima-linux,80792,3,Audit: Command: /usr/bin/ps.,audit|audit_command,RS2,/usr/bin/ps,/var/ossec,audit-wazuh-c,SYSCALL,/bin/ps,,,,,
2026-09-28T23:25:41.376Z,victima-linux,80792,3,Audit: Command: /usr/bin/dash.,audit|audit_command,RS2,/usr/bin/dash,/var/ossec,audit-wazuh-c,SYSCALL,/bin/sh,,,,,
2026-09-28T23:25:41.378Z,victima-linux,80792,3,Audit: Command: /usr/bin/ps.,audit|audit_command,RS2,/usr/bin/ps,/var/ossec,audit-wazuh-c,SYSCALL,/bin/ps,,,,,
2026-09-28T23:25:41.380Z,victima-linux,80792,3,Audit: Command: /usr/bin/dash.,audit|audit_command,RS2,/usr/bin/dash,/var/ossec,audit-wazuh-c,SYSCALL,/bin/sh,,,,,
2026-09-28T23:25:41.382Z,victima-linux,80792,3,Audit: Command: /usr/bin/ps.,audit|audit_command,RS2,/usr/bin/ps,/var/ossec,audit-wazuh-c,SYSCALL,/bin/ps,,,,,
2026-09-28T23:25:41.385Z,victima-linux,80792,3,Audit: Command: /usr/bin/dash.,audit|audit_command,RS2,/usr/bin/dash,/var/ossec,audit-wazuh-c,SYSCALL,/bin/sh,,,,,
2026-09-28T23:25:41.387Z,victima-linux,80792,3,Audit: Command: /usr/bin/ps.,audit|audit_command,RS2,/usr/bin/ps,/var/ossec,audit-wazuh-c,SYSCALL,/bin/ps,,,,,
2026-09-28T23:25:41.389Z,victima-linux,80792,3,Audit: Command: /usr/bin/dash.,audit|audit_command,RS2,/usr/bin/dash,/var/ossec,audit-wazuh-c,SYSCALL,/bin/sh,,,,,
2026-09-28T23:25:41.392Z,victima-linux,80792,3,Audit: Command: /usr/bin/ps.,audit|audit_command,RS2,/usr/bin/ps,/var/ossec,audit-wazuh-c,SYSCALL,/bin/ps,,,,,
2026-09-28T23:25:41.394Z,victima-linux,80792,3,Audit: Command: /usr/bin/dash.,audit|audit_command,RS2,/usr/bin/dash,/var/ossec,audit-wazuh-c,SYSCALL,/bin/sh,,,,,
2026-09-28T23:25:41.396Z,victima-linux,80792,3,Audit: Command: /usr/bin/ps.,audit|audit_command,RS2,/usr/bin/ps,/var/ossec,audit-wazuh-c,SYSCALL,/bin/ps,,,,,
2026-09-28T23:25:41.399Z,victima-linux,80792,3,Audit: Command: /usr/bin/dash.,audit|audit_command,RS2,/usr/bin/dash,/var/ossec,audit-wazuh-c,SYSCALL,/bin/sh,,,,,
2026-09-28T23:25:41.401Z,victima-linux,80792,3,Audit: Command: /usr/bin/ps.,audit|audit_command,RS2,/usr/bin/ps,/var/ossec,audit-wazuh-c,SYSCALL,/bin/ps,,,,,
2026-09-28T23:25:41.403Z,victima-linux,80791,3,Audit: Deleted: var/run/.,audit|audit_watch_delete|audit_watch_write,RS2,/var/ossec/bin/wazuh-agentd,/var/ossec,audit-wazuh-w,SYSCALL,var/run/,var/run/,,,,
2026-09-28T23:25:41.406Z,victima-linux,80792,3,Audit: Command: /usr/bin/dash.,audit|audit_command,RS2,/usr/bin/dash,/var/ossec,audit-wazuh-c,SYSCALL,/bin/sh,,,,,
2026-09-28T23:25:41.408Z,victima-linux,80792,3,Audit: Command: /usr/bin/ps.,audit|audit_command,RS2,/usr/bin/ps,/var/ossec,audit-wazuh-c,SYSCALL,/bin/ps,,,,,
2026-09-28T23:25:41.410Z,victima-linux,80792,3,Audit: Command: /usr/bin/dash.,audit|audit_command,RS2,/usr/bin/dash,/var/ossec,audit-wazuh-c,SYSCALL,/bin/sh,,,,,
2026-09-28T23:25:41.412Z,victima-linux,80792,3,Audit: Command: /usr/bin/ps.,audit|audit_command,RS2,/usr/bin/ps,/var/ossec,audit-wazuh-c,SYSCALL,/bin/ps,,,,,
2026-09-28T23:25:41.414Z,victima-linux,80792,3,Audit: Command: /usr/bin/dash.,audit|audit_command,RS2,/usr/bin/dash,/var/ossec,audit-wazuh-c,SYSCALL,/bin/sh,,,,,
2026-09-28T23:25:41.416Z,victima-linux,80792,3,Audit: Command: /usr/bin/ps.,audit|audit_command,RS2,/usr/bin/ps,/var/ossec,audit-wazuh-c,SYSCALL,/bin/ps,,,,,
2026-09-28T23:25:41.419Z,victima-linux,80792,3,Audit: Command: /usr/bin/dash.,audit|audit_command,RS2,/usr/bin/dash,/var/ossec,audit-wazuh-c,SYSCALL,/bin/sh,,,,,
2026-09-28T23:25:41.423Z,victima-linux,80792,3,Audit: Command: /usr/bin/ps.,audit|audit_command,RS2,/usr/bin/ps,/var/ossec,audit-wazuh-c,SYSCALL,/bin/ps,,,,,
2026-09-28T23:25:41.425Z,victima-linux,80792,3,Audit: Command: /usr/bin/dash.,audit|audit_command,RS2,/usr/bin/dash,/var/ossec,audit-wazuh-c,SYSCALL,/bin/sh,,,,,
2026-09-28T23:25:41.428Z,victima-linux,80792,3,Audit: Command: /usr/bin/ps.,audit|audit_command,RS2,/usr/bin/ps,/var/ossec,audit-wazuh-c,SYSCALL,/bin/ps,,,,,
2026-09-28T23:25:41.430Z,victima-linux,80792,3,Audit: Command: /usr/bin/dash.,audit|audit_command,RS2,/usr/bin/dash,/var/ossec,audit-wazuh-c,SYSCALL,/bin/sh,,,,,
2026-09-28T23:25:41.433Z,victima-linux,80792,3,Audit: Command: /usr/bin/ps.,audit|audit_command,RS2,/usr/bin/ps,/var/ossec,audit-wazuh-c,SYSCALL,/bin/ps,,,,,
2026-09-28T23:25:41.435Z,victima-linux,80792,3,Audit: Command: /usr/bin/dash.,audit|audit_command,RS2,/usr/bin/dash,/var/ossec,audit-wazuh-c,SYSCALL,/bin/sh,,,,,
2026-09-28T23:25:41.437Z,victima-linux,80792,3,Audit: Command: /usr/bin/ps.,audit|audit_command,RS2,/usr/bin/ps,/var/ossec,audit-wazuh-c,SYSCALL,/bin/ps,,,,,
2026-09-28T23:25:41.439Z,victima-linux,80792,3,Audit: Command: /usr/bin/dash.,audit|audit_command,RS2,/usr/bin/dash,/var/ossec,audit-wazuh-c,SYSCALL,/bin/sh,,,,,
2026-09-28T23:25:41.442Z,victima-linux,80792,3,Audit: Command: /usr/bin/ps.,audit|audit_command,RS2,/usr/bin/ps,/var/ossec,audit-wazuh-c,SYSCALL,/bin/ps,,,,,
2026-09-28T23:25:41.444Z,victima-linux,80792,3,Audit: Command: /usr/bin/dash.,audit|audit_command,RS2,/usr/bin/dash,/var/ossec,audit-wazuh-c,SYSCALL,/bin/sh,,,,,
2026-09-28T23:25:41.447Z,victima-linux,80792,3,Audit: Command: /usr/bin/ps.,audit|audit_command,RS2,/usr/bin/ps,/var/ossec,audit-wazuh-c,SYSCALL,/bin/ps,,,,,
2026-09-28T23:25:41.449Z,victima-linux,80792,3,Audit: Command: /usr/bin/dash.,audit|audit_command,RS2,/usr/bin/dash,/var/ossec,audit-wazuh-c,SYSCALL,/bin/sh,,,,,
2026-09-28T23:25:41.451Z,victima-linux,80792,3,Audit: Command: /usr/bin/ps.,audit|audit_command,RS2,/usr/bin/ps,/var/ossec,audit-wazuh-c,SYSCALL,/bin/ps,,,,,
2026-09-28T23:25:41.454Z,victima-linux,80792,3,Audit: Command: /usr/bin/dash.,audit|audit_command,RS2,/usr/bin/dash,/var/ossec,audit-wazuh-c,SYSCALL,/bin/sh,,,,,
2026-09-28T23:25:41.456Z,victima-linux,80792,3,Audit: Command: /usr/bin/ps.,audit|audit_command,RS2,/usr/bin/ps,/var/ossec,audit-wazuh-c,SYSCALL,/bin/ps,,,,,
2026-09-28T23:25:41.459Z,victima-linux,80792,3,Audit: Command: /usr/bin/dash.,audit|audit_command,RS2,/usr/bin/dash,/var/ossec,audit-wazuh-c,SYSCALL,/bin/sh,,,,,
2026-09-28T23:25:41.461Z,victima-linux,80792,3,Audit: Command: /usr/bin/ps.,audit|audit_command,RS2,/usr/bin/ps,/var/ossec,audit-wazuh-c,SYSCALL,/bin/ps,,,,,
2026-09-28T23:25:41.463Z,victima-linux,80792,3,Audit: Command: /usr/bin/dash.,audit|audit_command,RS2,/usr/bin/dash,/var/ossec,audit-wazuh-c,SYSCALL,/bin/sh,,,,,
2026-09-28T23:25:41.466Z,victima-linux,80792,3,Audit: Command: /usr/bin/ps.,audit|audit_command,RS2,/usr/bin/ps,/var/ossec,audit-wazuh-c,SYSCALL,/bin/ps,,,,,
2026-09-28T23:25:41.468Z,victima-linux,80792,3,Audit: Command: /usr/bin/dash.,audit|audit_command,RS2,/usr/bin/dash,/var/ossec,audit-wazuh-c,SYSCALL,/bin/sh,,,,,
2026-09-28T23:25:41.470Z,victima-linux,80792,3,Audit: Command: /usr/bin/ps.,audit|audit_command,RS2,/usr/bin/ps,/var/ossec,audit-wazuh-c,SYSCALL,/bin/ps,,,,,
2026-09-28T23:25:41.472Z,victima-linux,80792,3,Audit: Command: /usr/bin/dash.,audit|audit_command,RS2,/usr/bin/dash,/var/ossec,audit-wazuh-c,SYSCALL,/bin/sh,,,,,
2026-09-28T23:25:41.475Z,victima-linux,80792,3,Audit: Command: /usr/bin/ps.,audit|audit_command,RS2,/usr/bin/ps,/var/ossec,audit-wazuh-c,SYSCALL,/bin/ps,,,,,
2026-09-28T23:25:41.477Z,victima-linux,80792,3,Audit: Command: /usr/bin/dash.,audit|audit_command,RS2,/usr/bin/dash,/var/ossec,audit-wazuh-c,SYSCALL,/bin/sh,,,,,
2026-09-28T23:25:41.479Z,victima-linux,80792,3,Audit: Command: /usr/bin/ps.,audit|audit_command,RS2,/usr/bin/ps,/var/ossec,audit-wazuh-c,SYSCALL,/bin/ps,,,,,
2026-09-28T23:25:41.482Z,victima-linux,80792,3,Audit: Command: /usr/bin/dash.,audit|audit_command,RS2,/usr/bin/dash,/var/ossec,audit-wazuh-c,SYSCALL,/bin/sh,,,,,
2026-09-28T23:25:41.486Z,victima-linux,80792,3,Audit: Command: /usr/bin/ps.,audit|audit_command,RS2,/usr/bin/ps,/var/ossec,audit-wazuh-c,SYSCALL,/bin/ps,,,,,
2026-09-28T23:25:43.355Z,victima-linux,80792,3,Audit: Command: /usr/bin/dash.,audit|audit_command,RS2,/usr/bin/dash,/var/ossec,audit-wazuh-c,SYSCALL,/bin/sh,,,,,
2026-09-28T23:25:43.355Z,victima-linux,80792,3,Audit: Command: /usr/bin/ps.,audit|audit_command,RS2,/usr/bin/ps,/var/ossec,audit-wazuh-c,SYSCALL,/bin/ps,,,,,
2026-09-28T23:25:43.358Z,victima-linux,80792,3,Audit: Command: /usr/bin/dash.,audit|audit_command,RS2,/usr/bin/dash,/var/ossec,audit-wazuh-c,SYSCALL,/bin/sh,,,,,
2026-09-28T23:25:43.360Z,victima-linux,80792,3,Audit: Command: /usr/bin/ps.,audit|audit_command,RS2,/usr/bin/ps,/var/ossec,audit-wazuh-c,SYSCALL,/bin/ps,,,,,
2026-09-28T23:25:43.363Z,victima-linux,80792,3,Audit: Command: /usr/bin/dash.,audit|audit_command,RS2,/usr/bin/dash,/var/ossec,audit-wazuh-c,SYSCALL,/bin/sh,,,,,
2026-09-28T23:25:43.366Z,victima-linux,80792,3,Audit: Command: /usr/bin/ps.,audit|audit_command,RS2,/usr/bin/ps,/var/ossec,audit-wazuh-c,SYSCALL,/bin/ps,,,,,
2026-09-28T23:25:43.368Z,victima-linux,80792,3,Audit: Command: /usr/bin/dash.,audit|audit_command,RS2,/usr/bin/dash,/var/ossec,audit-wazuh-c,SYSCALL,/bin/sh,,,,,
2026-09-28T23:25:43.370Z,victima-linux,80792,3,Audit: Command: /usr/bin/ps.,audit|audit_command,RS2,/usr/bin/ps,/var/ossec,audit-wazuh-c,SYSCALL,/bin/ps,,,,,
2026-09-28T23:25:43.373Z,victima-linux,80792,3,Audit: Command: /usr/bin/dash.,audit|audit_command,RS2,/usr/bin/dash,/var/ossec,audit-wazuh-c,SYSCALL,/bin/sh,,,,,
2026-09-28T23:25:43.375Z,victima-linux,80792,3,Audit: Command: /usr/bin/ps.,audit|audit_command,RS2,/usr/bin/ps,/var/ossec,audit-wazuh-c,SYSCALL,/bin/ps,,,,,
2026-09-28T23:25:43.378Z,victima-linux,80792,3,Audit: Command: /usr/bin/dash.,audit|audit_command,RS2,/usr/bin/dash,/var/ossec,audit-wazuh-c,SYSCALL,/bin/sh,,,,,
2026-09-28T23:25:43.380Z,victima-linux,80792,3,Audit: Command: /usr/bin/ps.,audit|audit_command,RS2,/usr/bin/ps,/var/ossec,audit-wazuh-c,SYSCALL,/bin/ps,,,,,
2026-09-28T23:25:43.382Z,victima-linux,80792,3,Audit: Command: /usr/bin/dash.,audit|audit_command,RS2,/usr/bin/dash,/var/ossec,audit-wazuh-c,SYSCALL,/bin/sh,,,,,
2026-09-28T23:25:43.384Z,victima-linux,80792,3,Audit: Command: /usr/bin/ps.,audit|audit_command,RS2,/usr/bin/ps,/var/ossec,audit-wazuh-c,SYSCALL,/bin/ps,,,,,
2026-09-28T23:25:43.386Z,victima-linux,80792,3,Audit: Command: /usr/bin/dash.,audit|audit_command,RS2,/usr/bin/dash,/var/ossec,audit-wazuh-c,SYSCALL,/bin/sh,,,,,
2026-09-28T23:25:43.389Z,victima-linux,80792,3,Audit: Command: /usr/bin/ps.,audit|audit_command,RS2,/usr/bin/ps,/var/ossec,audit-wazuh-c,SYSCALL,/bin/ps,,,,,
2026-09-28T23:25:43.391Z,victima-linux,80792,3,Audit: Command: /usr/bin/dash.,audit|audit_command,RS2,/usr/bin/dash,/var/ossec,audit-wazuh-c,SYSCALL,/bin/sh,,,,,
2026-09-28T23:25:43.393Z,victima-linux,80792,3,Audit: Command: /usr/bin/ps.,audit|audit_command,RS2,/usr/bin/ps,/var/ossec,audit-wazuh-c,SYSCALL,/bin/ps,,,,,
2026-09-28T23:25:43.396Z,victima-linux,80792,3,Audit: Command: /usr/bin/dash.,audit|audit_command,RS2,/usr/bin/dash,/var/ossec,audit-wazuh-c,SYSCALL,/bin/sh,,,,,
2026-09-28T23:25:43.399Z,victima-linux,80792,3,Audit: Command: /usr/bin/ps.,audit|audit_command,RS2,/usr/bin/ps,/var/ossec,audit-wazuh-c,SYSCALL,/bin/ps,,,,,
2026-09-28T23:25:43.401Z,victima-linux,80792,3,Audit: Command: /usr/bin/dash.,audit|audit_command,RS2,/usr/bin/dash,/var/ossec,audit-wazuh-c,SYSCALL,/bin/sh,,,,,
2026-09-28T23:25:43.403Z,victima-linux,80792,3,Audit: Command: /usr/bin/ps.,audit|audit_command,RS2,/usr/bin/ps,/var/ossec,audit-wazuh-c,SYSCALL,/bin/ps,,,,,
2026-09-28T23:25:43.405Z,victima-linux,80792,3,Audit: Command: /usr/bin/dash.,audit|audit_command,RS2,/usr/bin/dash,/var/ossec,audit-wazuh-c,SYSCALL,/bin/sh,,,,,
2026-09-28T23:25:43.408Z,victima-linux,80792,3,Audit: Command: /usr/bin/ps.,audit|audit_command,RS2,/usr/bin/ps,/var/ossec,audit-wazuh-c,SYSCALL,/bin/ps,,,,,
2026-09-28T23:25:43.410Z,victima-linux,80792,3,Audit: Command: /usr/bin/dash.,audit|audit_command,RS2,/usr/bin/dash,/var/ossec,audit-wazuh-c,SYSCALL,/bin/sh,,,,,
2026-09-28T23:25:43.413Z,victima-linux,80792,3,Audit: Command: /usr/bin/ps.,audit|audit_command,RS2,/usr/bin/ps,/var/ossec,audit-wazuh-c,SYSCALL,/bin/ps,,,,,
2026-09-28T23:25:43.415Z,victima-linux,80792,3,Audit: Command: /usr/bin/dash.,audit|audit_command,RS2,/usr/bin/dash,/var/ossec,audit-wazuh-c,SYSCALL,/bin/sh,,,,,
2026-09-28T23:25:43.418Z,victima-linux,80792,3,Audit: Command: /usr/bin/ps.,audit|audit_command,RS2,/usr/bin/ps,/var/ossec,audit-wazuh-c,SYSCALL,/bin/ps,,,,,
2026-09-28T23:25:43.420Z,victima-linux,80792,3,Audit: Command: /usr/bin/dash.,audit|audit_command,RS2,/usr/bin/dash,/var/ossec,audit-wazuh-c,SYSCALL,/bin/sh,,,,,
2026-09-28T23:25:43.422Z,victima-linux,80792,3,Audit: Command: /usr/bin/ps.,audit|audit_command,RS2,/usr/bin/ps,/var/ossec,audit-wazuh-c,SYSCALL,/bin/ps,,,,,
2026-09-28T23:25:43.424Z,victima-linux,80792,3,Audit: Command: /usr/bin/dash.,audit|audit_command,RS2,/usr/bin/dash,/var/ossec,audit-wazuh-c,SYSCALL,/bin/sh,,,,,
2026-09-28T23:25:43.426Z,victima-linux,80792,3,Audit: Command: /usr/bin/ps.,audit|audit_command,RS2,/usr/bin/ps,/var/ossec,audit-wazuh-c,SYSCALL,/bin/ps,,,,,
2026-09-28T23:25:43.428Z,victima-linux,80792,3,Audit: Command: /usr/bin/dash.,audit|audit_command,RS2,/usr/bin/dash,/var/ossec,audit-wazuh-c,SYSCALL,/bin/sh,,,,,
2026-09-28T23:25:43.431Z,victima-linux,80792,3,Audit: Command: /usr/bin/ps.,audit|audit_command,RS2,/usr/bin/ps,/var/ossec,audit-wazuh-c,SYSCALL,/bin/ps,,,,,
2026-09-28T23:25:43.433Z,victima-linux,80792,3,Audit: Command: /usr/bin/dash.,audit|audit_command,RS2,/usr/bin/dash,/var/ossec,audit-wazuh-c,SYSCALL,/bin/sh,,,,,
2026-09-28T23:25:43.437Z,victima-linux,80792,3,Audit: Command: /usr/bin/ps.,audit|audit_command,RS2,/usr/bin/ps,/var/ossec,audit-wazuh-c,SYSCALL,/bin/ps,,,,,
2026-09-28T23:25:43.438Z,victima-linux,80792,3,Audit: Command: /usr/bin/dash.,audit|audit_command,RS2,/usr/bin/dash,/var/ossec,audit-wazuh-c,SYSCALL,/bin/sh,,,,,
2026-09-28T23:25:43.441Z,victima-linux,80792,3,Audit: Command: /usr/bin/ps.,audit|audit_command,RS2,/usr/bin/ps,/var/ossec,audit-wazuh-c,SYSCALL,/bin/ps,,,,,
2026-09-28T23:25:43.443Z,victima-linux,80792,3,Audit: Command: /usr/bin/dash.,audit|audit_command,RS2,/usr/bin/dash,/var/ossec,audit-wazuh-c,SYSCALL,/bin/sh,,,,,
2026-09-28T23:25:43.445Z,victima-linux,80792,3,Audit: Command: /usr/bin/ps.,audit|audit_command,RS2,/usr/bin/ps,/var/ossec,audit-wazuh-c,SYSCALL,/bin/ps,,,,,
2026-09-28T23:25:43.448Z,victima-linux,80792,3,Audit: Command: /usr/bin/dash.,audit|audit_command,RS2,/usr/bin/dash,/var/ossec,audit-wazuh-c,SYSCALL,/bin/sh,,,,,
2026-09-28T23:25:43.450Z,victima-linux,80792,3,Audit: Command: /usr/bin/ps.,audit|audit_command,RS2,/usr/bin/ps,/var/ossec,audit-wazuh-c,SYSCALL,/bin/ps,,,,,
2026-09-28T23:25:43.452Z,victima-linux,80792,3,Audit: Command: /usr/bin/dash.,audit|audit_command,RS2,/usr/bin/dash,/var/ossec,audit-wazuh-c,SYSCALL,/bin/sh,,,,,
2026-09-28T23:25:43.455Z,victima-linux,80792,3,Audit: Command: /usr/bin/ps.,audit|audit_command,RS2,/usr/bin/ps,/var/ossec,audit-wazuh-c,SYSCALL,/bin/ps,,,,,
2026-09-28T23:25:43.457Z,victima-linux,80792,3,Audit: Command: /usr/bin/dash.,audit|audit_command,RS2,/usr/bin/dash,/var/ossec,audit-wazuh-c,SYSCALL,/bin/sh,,,,,
2026-09-28T23:25:43.460Z,victima-linux,80792,3,Audit: Command: /usr/bin/ps.,audit|audit_command,RS2,/usr/bin/ps,/var/ossec,audit-wazuh-c,SYSCALL,/bin/ps,,,,,
2026-09-28T23:25:43.462Z,victima-linux,80792,3,Audit: Command: /usr/bin/dash.,audit|audit_command,RS2,/usr/bin/dash,/var/ossec,audit-wazuh-c,SYSCALL,/bin/sh,,,,,
2026-09-28T23:25:43.464Z,victima-linux,80792,3,Audit: Command: /usr/bin/ps.,audit|audit_command,RS2,/usr/bin/ps,/var/ossec,audit-wazuh-c,SYSCALL,/bin/ps,,,,,
2026-09-28T23:25:43.466Z,victima-linux,80792,3,Audit: Command: /usr/bin/dash.,audit|audit_command,RS2,/usr/bin/dash,/var/ossec,audit-wazuh-c,SYSCALL,/bin/sh,,,,,
2026-09-28T23:25:43.469Z,victima-linux,80792,3,Audit: Command: /usr/bin/ps.,audit|audit_command,RS2,/usr/bin/ps,/var/ossec,audit-wazuh-c,SYSCALL,/bin/ps,,,,,
2026-09-28T23:25:43.471Z,victima-linux,80792,3,Audit: Command: /usr/bin/dash.,audit|audit_command,RS2,/usr/bin/dash,/var/ossec,audit-wazuh-c,SYSCALL,/bin/sh,,,,,
2026-09-28T23:25:43.473Z,victima-linux,80792,3,Audit: Command: /usr/bin/ps.,audit|audit_command,RS2,/usr/bin/ps,/var/ossec,audit-wazuh-c,SYSCALL,/bin/ps,,,,,
2026-09-28T23:25:43.476Z,victima-linux,80792,3,Audit: Command: /usr/bin/dash.,audit|audit_command,RS2,/usr/bin/dash,/var/ossec,audit-wazuh-c,SYSCALL,/bin/sh,,,,,
2026-09-28T23:25:43.478Z,victima-linux,80792,3,Audit: Command: /usr/bin/ps.,audit|audit_command,RS2,/usr/bin/ps,/var/ossec,audit-wazuh-c,SYSCALL,/bin/ps,,,,,
2026-09-28T23:25:43.480Z,victima-linux,80792,3,Audit: Command: /usr/bin/dash.,audit|audit_command,RS2,/usr/bin/dash,/var/ossec,audit-wazuh-c,SYSCALL,/bin/sh,,,,,
2026-09-28T23:25:43.482Z,victima-linux,80792,3,Audit: Command: /usr/bin/ps.,audit|audit_command,RS2,/usr/bin/ps,/var/ossec,audit-wazuh-c,SYSCALL,/bin/ps,,,,,
2026-09-28T23:25:43.484Z,victima-linux,80792,3,Audit: Command: /usr/bin/dash.,audit|audit_command,RS2,/usr/bin/dash,/var/ossec,audit-wazuh-c,SYSCALL,/bin/sh,,,,,
2026-09-28T23:25:43.487Z,victima-linux,80792,3,Audit: Command: /usr/bin/ps.,audit|audit_command,RS2,/usr/bin/ps,/var/ossec,audit-wazuh-c,SYSCALL,/bin/ps,,,,,
2026-09-28T23:25:45.363Z,victima-linux,80792,3,Audit: Command: /usr/bin/dash.,audit|audit_command,RS2,/usr/bin/dash,/var/ossec,audit-wazuh-c,SYSCALL,/bin/sh,,,,,
2026-09-28T23:25:45.363Z,victima-linux,80792,3,Audit: Command: /usr/bin/ps.,audit|audit_command,RS2,/usr/bin/ps,/var/ossec,audit-wazuh-c,SYSCALL,/bin/ps,,,,,
2026-09-28T23:25:45.365Z,victima-linux,80792,3,Audit: Command: /usr/bin/dash.,audit|audit_command,RS2,/usr/bin/dash,/var/ossec,audit-wazuh-c,SYSCALL,/bin/sh,,,,,
2026-09-28T23:25:45.368Z,victima-linux,80792,3,Audit: Command: /usr/bin/ps.,audit|audit_command,RS2,/usr/bin/ps,/var/ossec,audit-wazuh-c,SYSCALL,/bin/ps,,,,,
2026-09-28T23:25:45.370Z,victima-linux,80792,3,Audit: Command: /usr/bin/dash.,audit|audit_command,RS2,/usr/bin/dash,/var/ossec,audit-wazuh-c,SYSCALL,/bin/sh,,,,,
2026-09-28T23:25:45.372Z,victima-linux,80792,3,Audit: Command: /usr/bin/ps.,audit|audit_command,RS2,/usr/bin/ps,/var/ossec,audit-wazuh-c,SYSCALL,/bin/ps,,,,,
2026-09-28T23:25:45.374Z,victima-linux,80792,3,Audit: Command: /usr/bin/dash.,audit|audit_command,RS2,/usr/bin/dash,/var/ossec,audit-wazuh-c,SYSCALL,/bin/sh,,,,,
2026-09-28T23:25:45.377Z,victima-linux,80792,3,Audit: Command: /usr/bin/ps.,audit|audit_command,RS2,/usr/bin/ps,/var/ossec,audit-wazuh-c,SYSCALL,/bin/ps,,,,,
2026-09-28T23:25:45.379Z,victima-linux,80792,3,Audit: Command: /usr/bin/dash.,audit|audit_command,RS2,/usr/bin/dash,/var/ossec,audit-wazuh-c,SYSCALL,/bin/sh,,,,,
2026-09-28T23:25:45.382Z,victima-linux,80792,3,Audit: Command: /usr/bin/ps.,audit|audit_command,RS2,/usr/bin/ps,/var/ossec,audit-wazuh-c,SYSCALL,/bin/ps,,,,,
2026-09-28T23:25:45.385Z,victima-linux,80792,3,Audit: Command: /usr/bin/dash.,audit|audit_command,RS2,/usr/bin/dash,/var/ossec,audit-wazuh-c,SYSCALL,/bin/sh,,,,,
2026-09-28T23:25:45.387Z,victima-linux,80792,3,Audit: Command: /usr/bin/ps.,audit|audit_command,RS2,/usr/bin/ps,/var/ossec,audit-wazuh-c,SYSCALL,/bin/ps,,,,,
2026-09-28T23:25:45.389Z,victima-linux,80792,3,Audit: Command: /usr/bin/dash.,audit|audit_command,RS2,/usr/bin/dash,/var/ossec,audit-wazuh-c,SYSCALL,/bin/sh,,,,,
2026-09-28T23:25:45.392Z,victima-linux,80792,3,Audit: Command: /usr/bin/ps.,audit|audit_command,RS2,/usr/bin/ps,/var/ossec,audit-wazuh-c,SYSCALL,/bin/ps,,,,,
2026-09-28T23:25:45.394Z,victima-linux,80792,3,Audit: Command: /usr/bin/dash.,audit|audit_command,RS2,/usr/bin/dash,/var/ossec,audit-wazuh-c,SYSCALL,/bin/sh,,,,,
2026-09-28T23:25:45.397Z,victima-linux,80792,3,Audit: Command: /usr/bin/ps.,audit|audit_command,RS2,/usr/bin/ps,/var/ossec,audit-wazuh-c,SYSCALL,/bin/ps,,,,,
2026-09-28T23:25:45.399Z,victima-linux,80792,3,Audit: Command: /usr/bin/dash.,audit|audit_command,RS2,/usr/bin/dash,/var/ossec,audit-wazuh-c,SYSCALL,/bin/sh,,,,,
2026-09-28T23:25:45.401Z,victima-linux,80792,3,Audit: Command: /usr/bin/ps.,audit|audit_command,RS2,/usr/bin/ps,/var/ossec,audit-wazuh-c,SYSCALL,/bin/ps,,,,,
2026-09-28T23:25:45.403Z,victima-linux,80792,3,Audit: Command: /usr/bin/dash.,audit|audit_command,RS2,/usr/bin/dash,/var/ossec,audit-wazuh-c,SYSCALL,/bin/sh,,,,,
2026-09-28T23:25:45.405Z,victima-linux,80792,3,Audit: Command: /usr/bin/ps.,audit|audit_command,RS2,/usr/bin/ps,/var/ossec,audit-wazuh-c,SYSCALL,/bin/ps,,,,,
2026-09-28T23:25:45.407Z,victima-linux,80792,3,Audit: Command: /usr/bin/dash.,audit|audit_command,RS2,/usr/bin/dash,/var/ossec,audit-wazuh-c,SYSCALL,/bin/sh,,,,,
2026-09-28T23:25:45.410Z,victima-linux,80792,3,Audit: Command: /usr/bin/ps.,audit|audit_command,RS2,/usr/bin/ps,/var/ossec,audit-wazuh-c,SYSCALL,/bin/ps,,,,,
2026-09-28T23:25:45.412Z,victima-linux,80792,3,Audit: Command: /usr/bin/dash.,audit|audit_command,RS2,/usr/bin/dash,/var/ossec,audit-wazuh-c,SYSCALL,/bin/sh,,,,,
2026-09-28T23:25:45.415Z,victima-linux,80792,3,Audit: Command: /usr/bin/ps.,audit|audit_command,RS2,/usr/bin/ps,/var/ossec,audit-wazuh-c,SYSCALL,/bin/ps,,,,,
2026-09-28T23:25:45.417Z,victima-linux,80792,3,Audit: Command: /usr/bin/dash.,audit|audit_command,RS2,/usr/bin/dash,/var/ossec,audit-wazuh-c,SYSCALL,/bin/sh,,,,,
2026-09-28T23:25:45.419Z,victima-linux,80792,3,Audit: Command: /usr/bin/ps.,audit|audit_command,RS2,/usr/bin/ps,/var/ossec,audit-wazuh-c,SYSCALL,/bin/ps,,,,,
2026-09-28T23:25:45.421Z,victima-linux,80792,3,Audit: Command: /usr/bin/dash.,audit|audit_command,RS2,/usr/bin/dash,/var/ossec,audit-wazuh-c,SYSCALL,/bin/sh,,,,,
2026-09-28T23:25:45.424Z,victima-linux,80792,3,Audit: Command: /usr/bin/ps.,audit|audit_command,RS2,/usr/bin/ps,/var/ossec,audit-wazuh-c,SYSCALL,/bin/ps,,,,,
2026-09-28T23:25:45.426Z,victima-linux,80792,3,Audit: Command: /usr/bin/dash.,audit|audit_command,RS2,/usr/bin/dash,/var/ossec,audit-wazuh-c,SYSCALL,/bin/sh,,,,,
2026-09-28T23:25:45.428Z,victima-linux,80792,3,Audit: Command: /usr/bin/ps.,audit|audit_command,RS2,/usr/bin/ps,/var/ossec,audit-wazuh-c,SYSCALL,/bin/ps,,,,,
2026-09-28T23:25:45.431Z,victima-linux,80792,3,Audit: Command: /usr/bin/dash.,audit|audit_command,RS2,/usr/bin/dash,/var/ossec,audit-wazuh-c,SYSCALL,/bin/sh,,,,,
2026-09-28T23:25:45.433Z,victima-linux,80792,3,Audit: Command: /usr/bin/ps.,audit|audit_command,RS2,/usr/bin/ps,/var/ossec,audit-wazuh-c,SYSCALL,/bin/ps,,,,,
2026-09-28T23:25:45.435Z,victima-linux,80792,3,Audit: Command: /usr/bin/dash.,audit|audit_command,RS2,/usr/bin/dash,/var/ossec,audit-wazuh-c,SYSCALL,/bin/sh,,,,,
2026-09-28T23:25:45.437Z,victima-linux,80792,3,Audit: Command: /usr/bin/ps.,audit|audit_command,RS2,/usr/bin/ps,/var/ossec,audit-wazuh-c,SYSCALL,/bin/ps,,,,,
2026-09-28T23:25:45.439Z,victima-linux,80792,3,Audit: Command: /usr/bin/dash.,audit|audit_command,RS2,/usr/bin/dash,/var/ossec,audit-wazuh-c,SYSCALL,/bin/sh,,,,,
2026-09-28T23:25:45.442Z,victima-linux,80792,3,Audit: Command: /usr/bin/ps.,audit|audit_command,RS2,/usr/bin/ps,/var/ossec,audit-wazuh-c,SYSCALL,/bin/ps,,,,,
2026-09-28T23:25:45.444Z,victima-linux,80792,3,Audit: Command: /usr/bin/dash.,audit|audit_command,RS2,/usr/bin/dash,/var/ossec,audit-wazuh-c,SYSCALL,/bin/sh,,,,,
2026-09-28T23:25:45.447Z,victima-linux,80792,3,Audit: Command: /usr/bin/ps.,audit|audit_command,RS2,/usr/bin/ps,/var/ossec,audit-wazuh-c,SYSCALL,/bin/ps,,,,,
2026-09-28T23:25:45.451Z,victima-linux,80792,3,Audit: Command: /usr/bin/dash.,audit|audit_command,RS2,/usr/bin/dash,/var/ossec,audit-wazuh-c,SYSCALL,/bin/sh,,,,,
2026-09-28T23:25:45.453Z,victima-linux,80792,3,Audit: Command: /usr/bin/ps.,audit|audit_command,RS2,/usr/bin/ps,/var/ossec,audit-wazuh-c,SYSCALL,/bin/ps,,,,,
2026-09-28T23:25:45.455Z,victima-linux,80792,3,Audit: Command: /usr/bin/dash.,audit|audit_command,RS2,/usr/bin/dash,/var/ossec,audit-wazuh-c,SYSCALL,/bin/sh,,,,,
2026-09-28T23:25:45.458Z,victima-linux,80792,3,Audit: Command: /usr/bin/ps.,audit|audit_command,RS2,/usr/bin/ps,/var/ossec,audit-wazuh-c,SYSCALL,/bin/ps,,,,,
2026-09-28T23:25:45.460Z,victima-linux,80792,3,Audit: Command: /usr/bin/dash.,audit|audit_command,RS2,/usr/bin/dash,/var/ossec,audit-wazuh-c,SYSCALL,/bin/sh,,,,,
2026-09-28T23:25:45.462Z,victima-linux,80792,3,Audit: Command: /usr/bin/ps.,audit|audit_command,RS2,/usr/bin/ps,/var/ossec,audit-wazuh-c,SYSCALL,/bin/ps,,,,,
2026-09-28T23:25:45.465Z,victima-linux,80792,3,Audit: Command: /usr/bin/dash.,audit|audit_command,RS2,/usr/bin/dash,/var/ossec,audit-wazuh-c,SYSCALL,/bin/sh,,,,,
2026-09-28T23:25:45.467Z,victima-linux,80792,3,Audit: Command: /usr/bin/ps.,audit|audit_command,RS2,/usr/bin/ps,/var/ossec,audit-wazuh-c,SYSCALL,/bin/ps,,,,,
2026-09-28T23:25:45.469Z,victima-linux,80792,3,Audit: Command: /usr/bin/dash.,audit|audit_command,RS2,/usr/bin/dash,/var/ossec,audit-wazuh-c,SYSCALL,/bin/sh,,,,,
2026-09-28T23:25:45.471Z,victima-linux,80792,3,Audit: Command: /usr/bin/ps.,audit|audit_command,RS2,/usr/bin/ps,/var/ossec,audit-wazuh-c,SYSCALL,/bin/ps,,,,,
2026-09-28T23:25:45.473Z,victima-linux,80792,3,Audit: Command: /usr/bin/dash.,audit|audit_command,RS2,/usr/bin/dash,/var/ossec,audit-wazuh-c,SYSCALL,/bin/sh,,,,,
2026-09-28T23:25:45.476Z,victima-linux,80792,3,Audit: Command: /usr/bin/ps.,audit|audit_command,RS2,/usr/bin/ps,/var/ossec,audit-wazuh-c,SYSCALL,/bin/ps,,,,,
2026-09-28T23:25:45.478Z,victima-linux,80792,3,Audit: Command: /usr/bin/dash.,audit|audit_command,RS2,/usr/bin/dash,/var/ossec,audit-wazuh-c,SYSCALL,/bin/sh,,,,,
2026-09-28T23:25:45.480Z,victima-linux,80792,3,Audit: Command: /usr/bin/ps.,audit|audit_command,RS2,/usr/bin/ps,/var/ossec,audit-wazuh-c,SYSCALL,/bin/ps,,,,,
2026-09-28T23:25:45.483Z,victima-linux,80791,3,Audit: Deleted: var/run/.,audit|audit_watch_delete|audit_watch_write,RS2,/var/ossec/bin/wazuh-agentd,/var/ossec,audit-wazuh-w,SYSCALL,var/run/,var/run/,,,,
2026-09-28T23:25:45.485Z,victima-linux,80792,3,Audit: Command: /usr/bin/dash.,audit|audit_command,RS2,/usr/bin/dash,/var/ossec,audit-wazuh-c,SYSCALL,/bin/sh,,,,,
2026-09-28T23:25:45.488Z,victima-linux,80792,3,Audit: Command: /usr/bin/ps.,audit|audit_command,RS2,/usr/bin/ps,/var/ossec,audit-wazuh-c,SYSCALL,/bin/ps,,,,,
2026-09-28T23:25:45.490Z,victima-linux,80792,3,Audit: Command: /usr/bin/dash.,audit|audit_command,RS2,/usr/bin/dash,/var/ossec,audit-wazuh-c,SYSCALL,/bin/sh,,,,,
2026-09-28T23:25:45.492Z,victima-linux,80792,3,Audit: Command: /usr/bin/ps.,audit|audit_command,RS2,/usr/bin/ps,/var/ossec,audit-wazuh-c,SYSCALL,/bin/ps,,,,,
2026-09-28T23:25:45.494Z,victima-linux,80792,3,Audit: Command: /usr/bin/dash.,audit|audit_command,RS2,/usr/bin/dash,/var/ossec,audit-wazuh-c,SYSCALL,/bin/sh,,,,,
2026-09-28T23:25:45.497Z,victima-linux,80792,3,Audit: Command: /usr/bin/ps.,audit|audit_command,RS2,/usr/bin/ps,/var/ossec,audit-wazuh-c,SYSCALL,/bin/ps,,,,,
2026-09-28T23:25:47.369Z,victima-linux,80792,3,Audit: Command: /usr/bin/dash.,audit|audit_command,RS2,/usr/bin/dash,/var/ossec,audit-wazuh-c,SYSCALL,/bin/sh,,,,,
2026-09-28T23:25:47.369Z,victima-linux,80792,3,Audit: Command: /usr/bin/ps.,audit|audit_command,RS2,/usr/bin/ps,/var/ossec,audit-wazuh-c,SYSCALL,/bin/ps,,,,,
2026-09-28T23:25:47.372Z,victima-linux,80792,3,Audit: Command: /usr/bin/dash.,audit|audit_command,RS2,/usr/bin/dash,/var/ossec,audit-wazuh-c,SYSCALL,/bin/sh,,,,,
2026-09-28T23:25:47.374Z,victima-linux,80792,3,Audit: Command: /usr/bin/ps.,audit|audit_command,RS2,/usr/bin/ps,/var/ossec,audit-wazuh-c,SYSCALL,/bin/ps,,,,,
2026-09-28T23:25:47.376Z,victima-linux,80792,3,Audit: Command: /usr/bin/dash.,audit|audit_command,RS2,/usr/bin/dash,/var/ossec,audit-wazuh-c,SYSCALL,/bin/sh,,,,,
2026-09-28T23:25:47.378Z,victima-linux,80792,3,Audit: Command: /usr/bin/ps.,audit|audit_command,RS2,/usr/bin/ps,/var/ossec,audit-wazuh-c,SYSCALL,/bin/ps,,,,,
2026-09-28T23:25:47.381Z,victima-linux,80792,3,Audit: Command: /usr/bin/dash.,audit|audit_command,RS2,/usr/bin/dash,/var/ossec,audit-wazuh-c,SYSCALL,/bin/sh,,,,,
2026-09-28T23:25:47.383Z,victima-linux,80792,3,Audit: Command: /usr/bin/ps.,audit|audit_command,RS2,/usr/bin/ps,/var/ossec,audit-wazuh-c,SYSCALL,/bin/ps,,,,,
2026-09-28T23:25:47.386Z,victima-linux,80792,3,Audit: Command: /usr/bin/dash.,audit|audit_command,RS2,/usr/bin/dash,/var/ossec,audit-wazuh-c,SYSCALL,/bin/sh,,,,,
2026-09-28T23:25:47.388Z,victima-linux,80792,3,Audit: Command: /usr/bin/ps.,audit|audit_command,RS2,/usr/bin/ps,/var/ossec,audit-wazuh-c,SYSCALL,/bin/ps,,,,,
2026-09-28T23:25:47.391Z,victima-linux,80792,3,Audit: Command: /usr/bin/dash.,audit|audit_command,RS2,/usr/bin/dash,/var/ossec,audit-wazuh-c,SYSCALL,/bin/sh,,,,,
2026-09-28T23:25:47.393Z,victima-linux,80792,3,Audit: Command: /usr/bin/ps.,audit|audit_command,RS2,/usr/bin/ps,/var/ossec,audit-wazuh-c,SYSCALL,/bin/ps,,,,,
2026-09-28T23:25:47.396Z,victima-linux,80792,3,Audit: Command: /usr/bin/dash.,audit|audit_command,RS2,/usr/bin/dash,/var/ossec,audit-wazuh-c,SYSCALL,/bin/sh,,,,,
2026-09-28T23:25:47.398Z,victima-linux,80792,3,Audit: Command: /usr/bin/ps.,audit|audit_command,RS2,/usr/bin/ps,/var/ossec,audit-wazuh-c,SYSCALL,/bin/ps,,,,,
2026-09-28T23:25:47.400Z,victima-linux,80792,3,Audit: Command: /usr/bin/dash.,audit|audit_command,RS2,/usr/bin/dash,/var/ossec,audit-wazuh-c,SYSCALL,/bin/sh,,,,,
2026-09-28T23:25:47.402Z,victima-linux,80792,3,Audit: Command: /usr/bin/ps.,audit|audit_command,RS2,/usr/bin/ps,/var/ossec,audit-wazuh-c,SYSCALL,/bin/ps,,,,,
2026-09-28T23:25:47.404Z,victima-linux,80792,3,Audit: Command: /usr/bin/dash.,audit|audit_command,RS2,/usr/bin/dash,/var/ossec,audit-wazuh-c,SYSCALL,/bin/sh,,,,,
2026-09-28T23:25:47.407Z,victima-linux,80792,3,Audit: Command: /usr/bin/ps.,audit|audit_command,RS2,/usr/bin/ps,/var/ossec,audit-wazuh-c,SYSCALL,/bin/ps,,,,,
2026-09-28T23:25:47.409Z,victima-linux,80792,3,Audit: Command: /usr/bin/dash.,audit|audit_command,RS2,/usr/bin/dash,/var/ossec,audit-wazuh-c,SYSCALL,/bin/sh,,,,,
2026-09-28T23:25:47.411Z,victima-linux,80792,3,Audit: Command: /usr/bin/ps.,audit|audit_command,RS2,/usr/bin/ps,/var/ossec,audit-wazuh-c,SYSCALL,/bin/ps,,,,,
2026-09-28T23:25:47.414Z,victima-linux,80792,3,Audit: Command: /usr/bin/dash.,audit|audit_command,RS2,/usr/bin/dash,/var/ossec,audit-wazuh-c,SYSCALL,/bin/sh,,,,,
2026-09-28T23:25:47.416Z,victima-linux,80792,3,Audit: Command: /usr/bin/ps.,audit|audit_command,RS2,/usr/bin/ps,/var/ossec,audit-wazuh-c,SYSCALL,/bin/ps,,,,,
2026-09-28T23:25:47.418Z,victima-linux,80792,3,Audit: Command: /usr/bin/dash.,audit|audit_command,RS2,/usr/bin/dash,/var/ossec,audit-wazuh-c,SYSCALL,/bin/sh,,,,,
2026-09-28T23:25:47.421Z,victima-linux,80792,3,Audit: Command: /usr/bin/ps.,audit|audit_command,RS2,/usr/bin/ps,/var/ossec,audit-wazuh-c,SYSCALL,/bin/ps,,,,,
2026-09-28T23:25:47.423Z,victima-linux,80792,3,Audit: Command: /usr/bin/dash.,audit|audit_command,RS2,/usr/bin/dash,/var/ossec,audit-wazuh-c,SYSCALL,/bin/sh,,,,,
2026-09-28T23:25:47.426Z,victima-linux,80792,3,Audit: Command: /usr/bin/ps.,audit|audit_command,RS2,/usr/bin/ps,/var/ossec,audit-wazuh-c,SYSCALL,/bin/ps,,,,,
2026-09-28T23:25:47.428Z,victima-linux,80792,3,Audit: Command: /usr/bin/dash.,audit|audit_command,RS2,/usr/bin/dash,/var/ossec,audit-wazuh-c,SYSCALL,/bin/sh,,,,,
2026-09-28T23:25:47.430Z,victima-linux,80792,3,Audit: Command: /usr/bin/ps.,audit|audit_command,RS2,/usr/bin/ps,/var/ossec,audit-wazuh-c,SYSCALL,/bin/ps,,,,,
2026-09-28T23:25:47.433Z,victima-linux,80792,3,Audit: Command: /usr/bin/dash.,audit|audit_command,RS2,/usr/bin/dash,/var/ossec,audit-wazuh-c,SYSCALL,/bin/sh,,,,,
2026-09-28T23:25:47.435Z,victima-linux,80792,3,Audit: Command: /usr/bin/ps.,audit|audit_command,RS2,/usr/bin/ps,/var/ossec,audit-wazuh-c,SYSCALL,/bin/ps,,,,,
2026-09-28T23:25:47.438Z,victima-linux,80792,3,Audit: Command: /usr/bin/dash.,audit|audit_command,RS2,/usr/bin/dash,/var/ossec,audit-wazuh-c,SYSCALL,/bin/sh,,,,,
2026-09-28T23:25:47.440Z,victima-linux,80792,3,Audit: Command: /usr/bin/ps.,audit|audit_command,RS2,/usr/bin/ps,/var/ossec,audit-wazuh-c,SYSCALL,/bin/ps,,,,,
2026-09-28T23:25:47.442Z,victima-linux,80792,3,Audit: Command: /usr/bin/dash.,audit|audit_command,RS2,/usr/bin/dash,/var/ossec,audit-wazuh-c,SYSCALL,/bin/sh,,,,,
2026-09-28T23:25:47.444Z,victima-linux,80792,3,Audit: Command: /usr/bin/ps.,audit|audit_command,RS2,/usr/bin/ps,/var/ossec,audit-wazuh-c,SYSCALL,/bin/ps,,,,,
2026-09-28T23:25:47.447Z,victima-linux,80792,3,Audit: Command: /usr/bin/dash.,audit|audit_command,RS2,/usr/bin/dash,/var/ossec,audit-wazuh-c,SYSCALL,/bin/sh,,,,,
2026-09-28T23:25:47.449Z,victima-linux,80792,3,Audit: Command: /usr/bin/ps.,audit|audit_command,RS2,/usr/bin/ps,/var/ossec,audit-wazuh-c,SYSCALL,/bin/ps,,,,,
2026-09-28T23:25:47.452Z,victima-linux,80792,3,Audit: Command: /usr/bin/dash.,audit|audit_command,RS2,/usr/bin/dash,/var/ossec,audit-wazuh-c,SYSCALL,/bin/sh,,,,,
2026-09-28T23:25:47.454Z,victima-linux,80792,3,Audit: Command: /usr/bin/ps.,audit|audit_command,RS2,/usr/bin/ps,/var/ossec,audit-wazuh-c,SYSCALL,/bin/ps,,,,,
2026-09-28T23:25:47.457Z,victima-linux,80792,3,Audit: Command: /usr/bin/dash.,audit|audit_command,RS2,/usr/bin/dash,/var/ossec,audit-wazuh-c,SYSCALL,/bin/sh,,,,,
2026-09-28T23:25:47.459Z,victima-linux,80792,3,Audit: Command: /usr/bin/ps.,audit|audit_command,RS2,/usr/bin/ps,/var/ossec,audit-wazuh-c,SYSCALL,/bin/ps,,,,,
2026-09-28T23:25:47.461Z,victima-linux,80792,3,Audit: Command: /usr/bin/dash.,audit|audit_command,RS2,/usr/bin/dash,/var/ossec,audit-wazuh-c,SYSCALL,/bin/sh,,,,,
2026-09-28T23:25:47.464Z,victima-linux,80792,3,Audit: Command: /usr/bin/ps.,audit|audit_command,RS2,/usr/bin/ps,/var/ossec,audit-wazuh-c,SYSCALL,/bin/ps,,,,,
2026-09-28T23:25:47.466Z,victima-linux,80792,3,Audit: Command: /usr/bin/dash.,audit|audit_command,RS2,/usr/bin/dash,/var/ossec,audit-wazuh-c,SYSCALL,/bin/sh,,,,,
2026-09-28T23:25:47.468Z,victima-linux,80792,3,Audit: Command: /usr/bin/ps.,audit|audit_command,RS2,/usr/bin/ps,/var/ossec,audit-wazuh-c,SYSCALL,/bin/ps,,,,,
2026-09-28T23:25:47.470Z,victima-linux,80792,3,Audit: Command: /usr/bin/dash.,audit|audit_command,RS2,/usr/bin/dash,/var/ossec,audit-wazuh-c,SYSCALL,/bin/sh,,,,,
2026-09-28T23:25:47.473Z,victima-linux,80792,3,Audit: Command: /usr/bin/ps.,audit|audit_command,RS2,/usr/bin/ps,/var/ossec,audit-wazuh-c,SYSCALL,/bin/ps,,,,,
2026-09-28T23:25:47.475Z,victima-linux,80792,3,Audit: Command: /usr/bin/dash.,audit|audit_command,RS2,/usr/bin/dash,/var/ossec,audit-wazuh-c,SYSCALL,/bin/sh,,,,,
2026-09-28T23:25:47.478Z,victima-linux,80792,3,Audit: Command: /usr/bin/ps.,audit|audit_command,RS2,/usr/bin/ps,/var/ossec,audit-wazuh-c,SYSCALL,/bin/ps,,,,,
2026-09-28T23:25:47.480Z,victima-linux,80792,3,Audit: Command: /usr/bin/dash.,audit|audit_command,RS2,/usr/bin/dash,/var/ossec,audit-wazuh-c,SYSCALL,/bin/sh,,,,,
2026-09-28T23:25:47.482Z,victima-linux,80792,3,Audit: Command: /usr/bin/ps.,audit|audit_command,RS2,/usr/bin/ps,/var/ossec,audit-wazuh-c,SYSCALL,/bin/ps,,,,,
2026-09-28T23:25:47.485Z,victima-linux,80792,3,Audit: Command: /usr/bin/dash.,audit|audit_command,RS2,/usr/bin/dash,/var/ossec,audit-wazuh-c,SYSCALL,/bin/sh,,,,,
2026-09-28T23:25:47.487Z,victima-linux,80792,3,Audit: Command: /usr/bin/ps.,audit|audit_command,RS2,/usr/bin/ps,/var/ossec,audit-wazuh-c,SYSCALL,/bin/ps,,,,,
2026-09-28T23:25:47.489Z,victima-linux,80792,3,Audit: Command: /usr/bin/dash.,audit|audit_command,RS2,/usr/bin/dash,/var/ossec,audit-wazuh-c,SYSCALL,/bin/sh,,,,,
2026-09-28T23:25:47.492Z,victima-linux,80792,3,Audit: Command: /usr/bin/ps.,audit|audit_command,RS2,/usr/bin/ps,/var/ossec,audit-wazuh-c,SYSCALL,/bin/ps,,,,,
2026-09-28T23:25:47.494Z,victima-linux,80792,3,Audit: Command: /usr/bin/dash.,audit|audit_command,RS2,/usr/bin/dash,/var/ossec,audit-wazuh-c,SYSCALL,/bin/sh,,,,,
2026-09-28T23:25:47.497Z,victima-linux,80792,3,Audit: Command: /usr/bin/ps.,audit|audit_command,RS2,/usr/bin/ps,/var/ossec,audit-wazuh-c,SYSCALL,/bin/ps,,,,,
2026-09-28T23:25:47.499Z,victima-linux,80792,3,Audit: Command: /usr/bin/dash.,audit|audit_command,RS2,/usr/bin/dash,/var/ossec,audit-wazuh-c,SYSCALL,/bin/sh,,,,,
2026-09-28T23:25:47.501Z,victima-linux,80792,3,Audit: Command: /usr/bin/ps.,audit|audit_command,RS2,/usr/bin/ps,/var/ossec,audit-wazuh-c,SYSCALL,/bin/ps,,,,,
2026-09-28T23:25:49.373Z,victima-linux,80792,3,Audit: Command: /usr/bin/dash.,audit|audit_command,RS2,/usr/bin/dash,/var/ossec,audit-wazuh-c,SYSCALL,/bin/sh,,,,,
2026-09-28T23:25:49.374Z,victima-linux,80792,3,Audit: Command: /usr/bin/ps.,audit|audit_command,RS2,/usr/bin/ps,/var/ossec,audit-wazuh-c,SYSCALL,/bin/ps,,,,,
2026-09-28T23:25:49.376Z,victima-linux,80792,3,Audit: Command: /usr/bin/dash.,audit|audit_command,RS2,/usr/bin/dash,/var/ossec,audit-wazuh-c,SYSCALL,/bin/sh,,,,,
2026-09-28T23:25:49.378Z,victima-linux,80792,3,Audit: Command: /usr/bin/ps.,audit|audit_command,RS2,/usr/bin/ps,/var/ossec,audit-wazuh-c,SYSCALL,/bin/ps,,,,,
2026-09-28T23:25:49.381Z,victima-linux,80792,3,Audit: Command: /usr/bin/dash.,audit|audit_command,RS2,/usr/bin/dash,/var/ossec,audit-wazuh-c,SYSCALL,/bin/sh,,,,,
2026-09-28T23:25:49.383Z,victima-linux,80792,3,Audit: Command: /usr/bin/ps.,audit|audit_command,RS2,/usr/bin/ps,/var/ossec,audit-wazuh-c,SYSCALL,/bin/ps,,,,,
2026-09-28T23:25:49.385Z,victima-linux,80792,3,Audit: Command: /usr/bin/dash.,audit|audit_command,RS2,/usr/bin/dash,/var/ossec,audit-wazuh-c,SYSCALL,/bin/sh,,,,,
2026-09-28T23:25:49.388Z,victima-linux,80792,3,Audit: Command: /usr/bin/ps.,audit|audit_command,RS2,/usr/bin/ps,/var/ossec,audit-wazuh-c,SYSCALL,/bin/ps,,,,,
2026-09-28T23:25:49.390Z,victima-linux,80792,3,Audit: Command: /usr/bin/dash.,audit|audit_command,RS2,/usr/bin/dash,/var/ossec,audit-wazuh-c,SYSCALL,/bin/sh,,,,,
2026-09-28T23:25:49.392Z,victima-linux,80792,3,Audit: Command: /usr/bin/ps.,audit|audit_command,RS2,/usr/bin/ps,/var/ossec,audit-wazuh-c,SYSCALL,/bin/ps,,,,,
2026-09-28T23:25:49.395Z,victima-linux,80792,3,Audit: Command: /usr/bin/dash.,audit|audit_command,RS2,/usr/bin/dash,/var/ossec,audit-wazuh-c,SYSCALL,/bin/sh,,,,,
2026-09-28T23:25:49.397Z,victima-linux,80792,3,Audit: Command: /usr/bin/ps.,audit|audit_command,RS2,/usr/bin/ps,/var/ossec,audit-wazuh-c,SYSCALL,/bin/ps,,,,,
2026-09-28T23:25:49.399Z,victima-linux,80792,3,Audit: Command: /usr/bin/dash.,audit|audit_command,RS2,/usr/bin/dash,/var/ossec,audit-wazuh-c,SYSCALL,/bin/sh,,,,,
2026-09-28T23:25:49.402Z,victima-linux,80792,3,Audit: Command: /usr/bin/ps.,audit|audit_command,RS2,/usr/bin/ps,/var/ossec,audit-wazuh-c,SYSCALL,/bin/ps,,,,,
2026-09-28T23:25:49.404Z,victima-linux,80792,3,Audit: Command: /usr/bin/dash.,audit|audit_command,RS2,/usr/bin/dash,/var/ossec,audit-wazuh-c,SYSCALL,/bin/sh,,,,,
2026-09-28T23:25:49.406Z,victima-linux,80792,3,Audit: Command: /usr/bin/ps.,audit|audit_command,RS2,/usr/bin/ps,/var/ossec,audit-wazuh-c,SYSCALL,/bin/ps,,,,,
2026-09-28T23:25:49.409Z,victima-linux,80792,3,Audit: Command: /usr/bin/dash.,audit|audit_command,RS2,/usr/bin/dash,/var/ossec,audit-wazuh-c,SYSCALL,/bin/sh,,,,,
2026-09-28T23:25:49.411Z,victima-linux,80792,3,Audit: Command: /usr/bin/ps.,audit|audit_command,RS2,/usr/bin/ps,/var/ossec,audit-wazuh-c,SYSCALL,/bin/ps,,,,,
2026-09-28T23:25:49.413Z,victima-linux,80792,3,Audit: Command: /usr/bin/dash.,audit|audit_command,RS2,/usr/bin/dash,/var/ossec,audit-wazuh-c,SYSCALL,/bin/sh,,,,,
2026-09-28T23:25:49.416Z,victima-linux,80792,3,Audit: Command: /usr/bin/ps.,audit|audit_command,RS2,/usr/bin/ps,/var/ossec,audit-wazuh-c,SYSCALL,/bin/ps,,,,,
2026-09-28T23:25:49.418Z,victima-linux,80792,3,Audit: Command: /usr/bin/dash.,audit|audit_command,RS2,/usr/bin/dash,/var/ossec,audit-wazuh-c,SYSCALL,/bin/sh,,,,,
2026-09-28T23:25:49.420Z,victima-linux,80792,3,Audit: Command: /usr/bin/ps.,audit|audit_command,RS2,/usr/bin/ps,/var/ossec,audit-wazuh-c,SYSCALL,/bin/ps,,,,,
2026-09-28T23:25:49.423Z,victima-linux,80792,3,Audit: Command: /usr/bin/dash.,audit|audit_command,RS2,/usr/bin/dash,/var/ossec,audit-wazuh-c,SYSCALL,/bin/sh,,,,,
2026-09-28T23:25:49.425Z,victima-linux,80792,3,Audit: Command: /usr/bin/ps.,audit|audit_command,RS2,/usr/bin/ps,/var/ossec,audit-wazuh-c,SYSCALL,/bin/ps,,,,,
2026-09-28T23:25:49.427Z,victima-linux,80792,3,Audit: Command: /usr/bin/dash.,audit|audit_command,RS2,/usr/bin/dash,/var/ossec,audit-wazuh-c,SYSCALL,/bin/sh,,,,,
2026-09-28T23:25:49.430Z,victima-linux,80792,3,Audit: Command: /usr/bin/ps.,audit|audit_command,RS2,/usr/bin/ps,/var/ossec,audit-wazuh-c,SYSCALL,/bin/ps,,,,,
2026-09-28T23:25:49.432Z,victima-linux,80792,3,Audit: Command: /usr/bin/dash.,audit|audit_command,RS2,/usr/bin/dash,/var/ossec,audit-wazuh-c,SYSCALL,/bin/sh,,,,,
2026-09-28T23:25:49.434Z,victima-linux,80792,3,Audit: Command: /usr/bin/ps.,audit|audit_command,RS2,/usr/bin/ps,/var/ossec,audit-wazuh-c,SYSCALL,/bin/ps,,,,,
2026-09-28T23:25:49.437Z,victima-linux,80792,3,Audit: Command: /usr/bin/dash.,audit|audit_command,RS2,/usr/bin/dash,/var/ossec,audit-wazuh-c,SYSCALL,/bin/sh,,,,,
2026-09-28T23:25:49.439Z,victima-linux,80792,3,Audit: Command: /usr/bin/ps.,audit|audit_command,RS2,/usr/bin/ps,/var/ossec,audit-wazuh-c,SYSCALL,/bin/ps,,,,,
2026-09-28T23:25:49.441Z,victima-linux,80792,3,Audit: Command: /usr/bin/dash.,audit|audit_command,RS2,/usr/bin/dash,/var/ossec,audit-wazuh-c,SYSCALL,/bin/sh,,,,,
2026-09-28T23:25:49.443Z,victima-linux,80792,3,Audit: Command: /usr/bin/ps.,audit|audit_command,RS2,/usr/bin/ps,/var/ossec,audit-wazuh-c,SYSCALL,/bin/ps,,,,,
2026-09-28T23:25:49.446Z,victima-linux,80792,3,Audit: Command: /usr/bin/dash.,audit|audit_command,RS2,/usr/bin/dash,/var/ossec,audit-wazuh-c,SYSCALL,/bin/sh,,,,,
2026-09-28T23:25:49.448Z,victima-linux,80792,3,Audit: Command: /usr/bin/ps.,audit|audit_command,RS2,/usr/bin/ps,/var/ossec,audit-wazuh-c,SYSCALL,/bin/ps,,,,,
2026-09-28T23:25:49.450Z,victima-linux,80792,3,Audit: Command: /usr/bin/dash.,audit|audit_command,RS2,/usr/bin/dash,/var/ossec,audit-wazuh-c,SYSCALL,/bin/sh,,,,,
2026-09-28T23:25:49.453Z,victima-linux,80792,3,Audit: Command: /usr/bin/ps.,audit|audit_command,RS2,/usr/bin/ps,/var/ossec,audit-wazuh-c,SYSCALL,/bin/ps,,,,,
2026-09-28T23:25:49.455Z,victima-linux,80792,3,Audit: Command: /usr/bin/dash.,audit|audit_command,RS2,/usr/bin/dash,/var/ossec,audit-wazuh-c,SYSCALL,/bin/sh,,,,,
2026-09-28T23:25:49.457Z,victima-linux,80792,3,Audit: Command: /usr/bin/ps.,audit|audit_command,RS2,/usr/bin/ps,/var/ossec,audit-wazuh-c,SYSCALL,/bin/ps,,,,,
2026-09-28T23:25:49.460Z,victima-linux,80792,3,Audit: Command: /usr/bin/dash.,audit|audit_command,RS2,/usr/bin/dash,/var/ossec,audit-wazuh-c,SYSCALL,/bin/sh,,,,,
2026-09-28T23:25:49.462Z,victima-linux,80792,3,Audit: Command: /usr/bin/ps.,audit|audit_command,RS2,/usr/bin/ps,/var/ossec,audit-wazuh-c,SYSCALL,/bin/ps,,,,,
2026-09-28T23:25:49.465Z,victima-linux,80792,3,Audit: Command: /usr/bin/dash.,audit|audit_command,RS2,/usr/bin/dash,/var/ossec,audit-wazuh-c,SYSCALL,/bin/sh,,,,,
2026-09-28T23:25:49.467Z,victima-linux,80792,3,Audit: Command: /usr/bin/ps.,audit|audit_command,RS2,/usr/bin/ps,/var/ossec,audit-wazuh-c,SYSCALL,/bin/ps,,,,,
2026-09-28T23:25:49.469Z,victima-linux,80792,3,Audit: Command: /usr/bin/dash.,audit|audit_command,RS2,/usr/bin/dash,/var/ossec,audit-wazuh-c,SYSCALL,/bin/sh,,,,,
2026-09-28T23:25:49.472Z,victima-linux,80792,3,Audit: Command: /usr/bin/ps.,audit|audit_command,RS2,/usr/bin/ps,/var/ossec,audit-wazuh-c,SYSCALL,/bin/ps,,,,,
2026-09-28T23:25:49.474Z,victima-linux,80792,3,Audit: Command: /usr/bin/dash.,audit|audit_command,RS2,/usr/bin/dash,/var/ossec,audit-wazuh-c,SYSCALL,/bin/sh,,,,,
2026-09-28T23:25:49.476Z,victima-linux,80792,3,Audit: Command: /usr/bin/ps.,audit|audit_command,RS2,/usr/bin/ps,/var/ossec,audit-wazuh-c,SYSCALL,/bin/ps,,,,,
2026-09-28T23:25:49.478Z,victima-linux,80792,3,Audit: Command: /usr/bin/dash.,audit|audit_command,RS2,/usr/bin/dash,/var/ossec,audit-wazuh-c,SYSCALL,/bin/sh,,,,,
2026-09-28T23:25:49.480Z,victima-linux,80792,3,Audit: Command: /usr/bin/ps.,audit|audit_command,RS2,/usr/bin/ps,/var/ossec,audit-wazuh-c,SYSCALL,/bin/ps,,,,,
2026-09-28T23:25:49.483Z,victima-linux,80792,3,Audit: Command: /usr/bin/dash.,audit|audit_command,RS2,/usr/bin/dash,/var/ossec,audit-wazuh-c,SYSCALL,/bin/sh,,,,,
2026-09-28T23:25:49.485Z,victima-linux,80792,3,Audit: Command: /usr/bin/ps.,audit|audit_command,RS2,/usr/bin/ps,/var/ossec,audit-wazuh-c,SYSCALL,/bin/ps,,,,,
2026-09-28T23:25:49.488Z,victima-linux,80792,3,Audit: Command: /usr/bin/dash.,audit|audit_command,RS2,/usr/bin/dash,/var/ossec,audit-wazuh-c,SYSCALL,/bin/sh,,,,,
2026-09-28T23:25:49.490Z,victima-linux,80792,3,Audit: Command: /usr/bin/ps.,audit|audit_command,RS2,/usr/bin/ps,/var/ossec,audit-wazuh-c,SYSCALL,/bin/ps,,,,,
2026-09-28T23:25:49.493Z,victima-linux,80792,3,Audit: Command: /usr/bin/dash.,audit|audit_command,RS2,/usr/bin/dash,/var/ossec,audit-wazuh-c,SYSCALL,/bin/sh,,,,,
2026-09-28T23:25:49.495Z,victima-linux,80792,3,Audit: Command: /usr/bin/ps.,audit|audit_command,RS2,/usr/bin/ps,/var/ossec,audit-wazuh-c,SYSCALL,/bin/ps,,,,,
2026-09-28T23:25:49.497Z,victima-linux,80792,3,Audit: Command: /usr/bin/dash.,audit|audit_command,RS2,/usr/bin/dash,/var/ossec,audit-wazuh-c,SYSCALL,/bin/sh,,,,,
2026-09-28T23:25:49.500Z,victima-linux,80792,3,Audit: Command: /usr/bin/ps.,audit|audit_command,RS2,/usr/bin/ps,/var/ossec,audit-wazuh-c,SYSCALL,/bin/ps,,,,,
2026-09-28T23:25:49.502Z,victima-linux,80792,3,Audit: Command: /usr/bin/dash.,audit|audit_command,RS2,/usr/bin/dash,/var/ossec,audit-wazuh-c,SYSCALL,/bin/sh,,,,,
2026-09-28T23:25:49.505Z,victima-linux,80792,3,Audit: Command: /usr/bin/ps.,audit|audit_command,RS2,/usr/bin/ps,/var/ossec,audit-wazuh-c,SYSCALL,/bin/ps,,,,,
2026-09-28T23:25:51.378Z,victima-linux,80792,3,Audit: Command: /usr/bin/dash.,audit|audit_command,RS2,/usr/bin/dash,/var/ossec,audit-wazuh-c,SYSCALL,/bin/sh,,,,,
2026-09-28T23:25:51.382Z,victima-linux,80792,3,Audit: Command: /usr/bin/dash.,audit|audit_command,RS2,/usr/bin/dash,/var/ossec,audit-wazuh-c,SYSCALL,/bin/sh,,,,,
2026-09-28T23:25:51.382Z,victima-linux,80792,3,Audit: Command: /usr/bin/ps.,audit|audit_command,RS2,/usr/bin/ps,/var/ossec,audit-wazuh-c,SYSCALL,/bin/ps,,,,,
2026-09-28T23:25:51.383Z,victima-linux,80792,3,Audit: Command: /usr/bin/ps.,audit|audit_command,RS2,/usr/bin/ps,/var/ossec,audit-wazuh-c,SYSCALL,/bin/ps,,,,,
2026-09-28T23:25:51.389Z,victima-linux,80792,3,Audit: Command: /usr/bin/dash.,audit|audit_command,RS2,/usr/bin/dash,/var/ossec,audit-wazuh-c,SYSCALL,/bin/sh,,,,,
2026-09-28T23:25:51.389Z,victima-linux,80792,3,Audit: Command: /usr/bin/dash.,audit|audit_command,RS2,/usr/bin/dash,/var/ossec,audit-wazuh-c,SYSCALL,/bin/sh,,,,,
2026-09-28T23:25:51.389Z,victima-linux,80792,3,Audit: Command: /usr/bin/ps.,audit|audit_command,RS2,/usr/bin/ps,/var/ossec,audit-wazuh-c,SYSCALL,/bin/ps,,,,,
2026-09-28T23:25:51.396Z,victima-linux,80792,3,Audit: Command: /usr/bin/ps.,audit|audit_command,RS2,/usr/bin/ps,/var/ossec,audit-wazuh-c,SYSCALL,/bin/ps,,,,,
2026-09-28T23:25:51.397Z,victima-linux,80792,3,Audit: Command: /usr/bin/dash.,audit|audit_command,RS2,/usr/bin/dash,/var/ossec,audit-wazuh-c,SYSCALL,/bin/sh,,,,,
2026-09-28T23:25:51.397Z,victima-linux,80792,3,Audit: Command: /usr/bin/ps.,audit|audit_command,RS2,/usr/bin/ps,/var/ossec,audit-wazuh-c,SYSCALL,/bin/ps,,,,,
2026-09-28T23:25:51.404Z,victima-linux,80792,3,Audit: Command: /usr/bin/dash.,audit|audit_command,RS2,/usr/bin/dash,/var/ossec,audit-wazuh-c,SYSCALL,/bin/sh,,,,,
2026-09-28T23:25:51.404Z,victima-linux,80792,3,Audit: Command: /usr/bin/dash.,audit|audit_command,RS2,/usr/bin/dash,/var/ossec,audit-wazuh-c,SYSCALL,/bin/sh,,,,,
2026-09-28T23:25:51.404Z,victima-linux,80792,3,Audit: Command: /usr/bin/ps.,audit|audit_command,RS2,/usr/bin/ps,/var/ossec,audit-wazuh-c,SYSCALL,/bin/ps,,,,,
2026-09-28T23:25:51.412Z,victima-linux,80792,3,Audit: Command: /usr/bin/dash.,audit|audit_command,RS2,/usr/bin/dash,/var/ossec,audit-wazuh-c,SYSCALL,/bin/sh,,,,,
2026-09-28T23:25:51.412Z,victima-linux,80792,3,Audit: Command: /usr/bin/ps.,audit|audit_command,RS2,/usr/bin/ps,/var/ossec,audit-wazuh-c,SYSCALL,/bin/ps,,,,,
2026-09-28T23:25:51.413Z,victima-linux,80792,3,Audit: Command: /usr/bin/ps.,audit|audit_command,RS2,/usr/bin/ps,/var/ossec,audit-wazuh-c,SYSCALL,/bin/ps,,,,,
2026-09-28T23:25:51.420Z,victima-linux,80792,3,Audit: Command: /usr/bin/dash.,audit|audit_command,RS2,/usr/bin/dash,/var/ossec,audit-wazuh-c,SYSCALL,/bin/sh,,,,,
2026-09-28T23:25:51.420Z,victima-linux,80792,3,Audit: Command: /usr/bin/dash.,audit|audit_command,RS2,/usr/bin/dash,/var/ossec,audit-wazuh-c,SYSCALL,/bin/sh,,,,,
2026-09-28T23:25:51.420Z,victima-linux,80792,3,Audit: Command: /usr/bin/ps.,audit|audit_command,RS2,/usr/bin/ps,/var/ossec,audit-wazuh-c,SYSCALL,/bin/ps,,,,,
2026-09-28T23:25:51.427Z,victima-linux,80792,3,Audit: Command: /usr/bin/dash.,audit|audit_command,RS2,/usr/bin/dash,/var/ossec,audit-wazuh-c,SYSCALL,/bin/sh,,,,,
2026-09-28T23:25:51.427Z,victima-linux,80792,3,Audit: Command: /usr/bin/ps.,audit|audit_command,RS2,/usr/bin/ps,/var/ossec,audit-wazuh-c,SYSCALL,/bin/ps,,,,,
2026-09-28T23:25:51.427Z,victima-linux,80792,3,Audit: Command: /usr/bin/ps.,audit|audit_command,RS2,/usr/bin/ps,/var/ossec,audit-wazuh-c,SYSCALL,/bin/ps,,,,,
2026-09-28T23:25:51.433Z,victima-linux,80791,3,Audit: Deleted: var/run/.,audit|audit_watch_delete|audit_watch_write,RS2,/var/ossec/bin/wazuh-agentd,/var/ossec,audit-wazuh-w,SYSCALL,var/run/,var/run/,,,,
2026-09-28T23:25:51.433Z,victima-linux,80792,3,Audit: Command: /usr/bin/dash.,audit|audit_command,RS2,/usr/bin/dash,/var/ossec,audit-wazuh-c,SYSCALL,/bin/sh,,,,,
2026-09-28T23:25:51.434Z,victima-linux,80792,3,Audit: Command: /usr/bin/ps.,audit|audit_command,RS2,/usr/bin/ps,/var/ossec,audit-wazuh-c,SYSCALL,/bin/ps,,,,,
2026-09-28T23:25:51.441Z,victima-linux,80792,3,Audit: Command: /usr/bin/dash.,audit|audit_command,RS2,/usr/bin/dash,/var/ossec,audit-wazuh-c,SYSCALL,/bin/sh,,,,,
2026-09-28T23:25:51.441Z,victima-linux,80792,3,Audit: Command: /usr/bin/dash.,audit|audit_command,RS2,/usr/bin/dash,/var/ossec,audit-wazuh-c,SYSCALL,/bin/sh,,,,,
2026-09-28T23:25:51.441Z,victima-linux,80792,3,Audit: Command: /usr/bin/ps.,audit|audit_command,RS2,/usr/bin/ps,/var/ossec,audit-wazuh-c,SYSCALL,/bin/ps,,,,,
2026-09-28T23:25:51.447Z,victima-linux,80792,3,Audit: Command: /usr/bin/ps.,audit|audit_command,RS2,/usr/bin/ps,/var/ossec,audit-wazuh-c,SYSCALL,/bin/ps,,,,,
2026-09-28T23:25:51.448Z,victima-linux,80792,3,Audit: Command: /usr/bin/dash.,audit|audit_command,RS2,/usr/bin/dash,/var/ossec,audit-wazuh-c,SYSCALL,/bin/sh,,,,,
2026-09-28T23:25:51.448Z,victima-linux,80792,3,Audit: Command: /usr/bin/ps.,audit|audit_command,RS2,/usr/bin/ps,/var/ossec,audit-wazuh-c,SYSCALL,/bin/ps,,,,,
2026-09-28T23:25:51.454Z,victima-linux,80792,3,Audit: Command: /usr/bin/dash.,audit|audit_command,RS2,/usr/bin/dash,/var/ossec,audit-wazuh-c,SYSCALL,/bin/sh,,,,,
2026-09-28T23:25:51.454Z,victima-linux,80792,3,Audit: Command: /usr/bin/dash.,audit|audit_command,RS2,/usr/bin/dash,/var/ossec,audit-wazuh-c,SYSCALL,/bin/sh,,,,,
2026-09-28T23:25:51.454Z,victima-linux,80792,3,Audit: Command: /usr/bin/ps.,audit|audit_command,RS2,/usr/bin/ps,/var/ossec,audit-wazuh-c,SYSCALL,/bin/ps,,,,,
2026-09-28T23:25:51.461Z,victima-linux,80792,3,Audit: Command: /usr/bin/dash.,audit|audit_command,RS2,/usr/bin/dash,/var/ossec,audit-wazuh-c,SYSCALL,/bin/sh,,,,,
2026-09-28T23:25:51.461Z,victima-linux,80792,3,Audit: Command: /usr/bin/ps.,audit|audit_command,RS2,/usr/bin/ps,/var/ossec,audit-wazuh-c,SYSCALL,/bin/ps,,,,,
2026-09-28T23:25:51.461Z,victima-linux,80792,3,Audit: Command: /usr/bin/ps.,audit|audit_command,RS2,/usr/bin/ps,/var/ossec,audit-wazuh-c,SYSCALL,/bin/ps,,,,,
2026-09-28T23:25:51.468Z,victima-linux,80792,3,Audit: Command: /usr/bin/dash.,audit|audit_command,RS2,/usr/bin/dash,/var/ossec,audit-wazuh-c,SYSCALL,/bin/sh,,,,,
2026-09-28T23:25:51.468Z,victima-linux,80792,3,Audit: Command: /usr/bin/dash.,audit|audit_command,RS2,/usr/bin/dash,/var/ossec,audit-wazuh-c,SYSCALL,/bin/sh,,,,,
2026-09-28T23:25:51.468Z,victima-linux,80792,3,Audit: Command: /usr/bin/ps.,audit|audit_command,RS2,/usr/bin/ps,/var/ossec,audit-wazuh-c,SYSCALL,/bin/ps,,,,,
2026-09-28T23:25:51.475Z,victima-linux,80792,3,Audit: Command: /usr/bin/dash.,audit|audit_command,RS2,/usr/bin/dash,/var/ossec,audit-wazuh-c,SYSCALL,/bin/sh,,,,,
2026-09-28T23:25:51.475Z,victima-linux,80792,3,Audit: Command: /usr/bin/ps.,audit|audit_command,RS2,/usr/bin/ps,/var/ossec,audit-wazuh-c,SYSCALL,/bin/ps,,,,,
2026-09-28T23:25:51.476Z,victima-linux,80792,3,Audit: Command: /usr/bin/ps.,audit|audit_command,RS2,/usr/bin/ps,/var/ossec,audit-wazuh-c,SYSCALL,/bin/ps,,,,,
2026-09-28T23:25:51.482Z,victima-linux,80792,3,Audit: Command: /usr/bin/dash.,audit|audit_command,RS2,/usr/bin/dash,/var/ossec,audit-wazuh-c,SYSCALL,/bin/sh,,,,,
2026-09-28T23:25:51.483Z,victima-linux,80792,3,Audit: Command: /usr/bin/dash.,audit|audit_command,RS2,/usr/bin/dash,/var/ossec,audit-wazuh-c,SYSCALL,/bin/sh,,,,,
2026-09-28T23:25:51.483Z,victima-linux,80792,3,Audit: Command: /usr/bin/ps.,audit|audit_command,RS2,/usr/bin/ps,/var/ossec,audit-wazuh-c,SYSCALL,/bin/ps,,,,,
2026-09-28T23:25:51.490Z,victima-linux,80792,3,Audit: Command: /usr/bin/dash.,audit|audit_command,RS2,/usr/bin/dash,/var/ossec,audit-wazuh-c,SYSCALL,/bin/sh,,,,,
2026-09-28T23:25:51.490Z,victima-linux,80792,3,Audit: Command: /usr/bin/ps.,audit|audit_command,RS2,/usr/bin/ps,/var/ossec,audit-wazuh-c,SYSCALL,/bin/ps,,,,,
2026-09-28T23:25:51.490Z,victima-linux,80792,3,Audit: Command: /usr/bin/ps.,audit|audit_command,RS2,/usr/bin/ps,/var/ossec,audit-wazuh-c,SYSCALL,/bin/ps,,,,,
2026-09-28T23:25:51.496Z,victima-linux,80792,3,Audit: Command: /usr/bin/dash.,audit|audit_command,RS2,/usr/bin/dash,/var/ossec,audit-wazuh-c,SYSCALL,/bin/sh,,,,,
2026-09-28T23:25:51.496Z,victima-linux,80792,3,Audit: Command: /usr/bin/dash.,audit|audit_command,RS2,/usr/bin/dash,/var/ossec,audit-wazuh-c,SYSCALL,/bin/sh,,,,,
2026-09-28T23:25:51.496Z,victima-linux,80792,3,Audit: Command: /usr/bin/ps.,audit|audit_command,RS2,/usr/bin/ps,/var/ossec,audit-wazuh-c,SYSCALL,/bin/ps,,,,,
2026-09-28T23:25:51.503Z,victima-linux,80792,3,Audit: Command: /usr/bin/dash.,audit|audit_command,RS2,/usr/bin/dash,/var/ossec,audit-wazuh-c,SYSCALL,/bin/sh,,,,,
2026-09-28T23:25:51.503Z,victima-linux,80792,3,Audit: Command: /usr/bin/ps.,audit|audit_command,RS2,/usr/bin/ps,/var/ossec,audit-wazuh-c,SYSCALL,/bin/ps,,,,,
2026-09-28T23:25:51.503Z,victima-linux,80792,3,Audit: Command: /usr/bin/ps.,audit|audit_command,RS2,/usr/bin/ps,/var/ossec,audit-wazuh-c,SYSCALL,/bin/ps,,,,,
2026-09-28T23:25:51.509Z,victima-linux,80792,3,Audit: Command: /usr/bin/ps.,audit|audit_command,RS2,/usr/bin/ps,/var/ossec,audit-wazuh-c,SYSCALL,/bin/ps,,,,,
2026-09-28T23:25:51.510Z,victima-linux,80792,3,Audit: Command: /usr/bin/dash.,audit|audit_command,RS2,/usr/bin/dash,/var/ossec,audit-wazuh-c,SYSCALL,/bin/sh,,,,,
2026-09-28T23:25:51.510Z,victima-linux,80792,3,Audit: Command: /usr/bin/dash.,audit|audit_command,RS2,/usr/bin/dash,/var/ossec,audit-wazuh-c,SYSCALL,/bin/sh,,,,,
2026-09-28T23:25:51.551Z,victima-linux,80792,3,Audit: Command: /usr/bin/ps.,audit|audit_command,RS2,/usr/bin/ps,/var/ossec,audit-wazuh-c,SYSCALL,/bin/ps,,,,,
2026-09-28T23:25:53.382Z,victima-linux,80792,3,Audit: Command: /usr/bin/dash.,audit|audit_command,RS2,/usr/bin/dash,/var/ossec,audit-wazuh-c,SYSCALL,/bin/sh,,,,,
2026-09-28T23:25:53.382Z,victima-linux,80792,3,Audit: Command: /usr/bin/ps.,audit|audit_command,RS2,/usr/bin/ps,/var/ossec,audit-wazuh-c,SYSCALL,/bin/ps,,,,,
2026-09-28T23:25:53.385Z,victima-linux,80792,3,Audit: Command: /usr/bin/dash.,audit|audit_command,RS2,/usr/bin/dash,/var/ossec,audit-wazuh-c,SYSCALL,/bin/sh,,,,,
2026-09-28T23:25:53.387Z,victima-linux,80792,3,Audit: Command: /usr/bin/ps.,audit|audit_command,RS2,/usr/bin/ps,/var/ossec,audit-wazuh-c,SYSCALL,/bin/ps,,,,,
2026-09-28T23:25:53.389Z,victima-linux,80792,3,Audit: Command: /usr/bin/dash.,audit|audit_command,RS2,/usr/bin/dash,/var/ossec,audit-wazuh-c,SYSCALL,/bin/sh,,,,,
2026-09-28T23:25:53.392Z,victima-linux,80792,3,Audit: Command: /usr/bin/ps.,audit|audit_command,RS2,/usr/bin/ps,/var/ossec,audit-wazuh-c,SYSCALL,/bin/ps,,,,,
2026-09-28T23:25:53.395Z,victima-linux,80792,3,Audit: Command: /usr/bin/dash.,audit|audit_command,RS2,/usr/bin/dash,/var/ossec,audit-wazuh-c,SYSCALL,/bin/sh,,,,,
2026-09-28T23:25:53.397Z,victima-linux,80792,3,Audit: Command: /usr/bin/ps.,audit|audit_command,RS2,/usr/bin/ps,/var/ossec,audit-wazuh-c,SYSCALL,/bin/ps,,,,,
2026-09-28T23:25:53.399Z,victima-linux,80792,3,Audit: Command: /usr/bin/dash.,audit|audit_command,RS2,/usr/bin/dash,/var/ossec,audit-wazuh-c,SYSCALL,/bin/sh,,,,,
2026-09-28T23:25:53.402Z,victima-linux,80792,3,Audit: Command: /usr/bin/ps.,audit|audit_command,RS2,/usr/bin/ps,/var/ossec,audit-wazuh-c,SYSCALL,/bin/ps,,,,,
2026-09-28T23:25:53.406Z,victima-linux,80792,3,Audit: Command: /usr/bin/dash.,audit|audit_command,RS2,/usr/bin/dash,/var/ossec,audit-wazuh-c,SYSCALL,/bin/sh,,,,,
2026-09-28T23:25:53.408Z,victima-linux,80792,3,Audit: Command: /usr/bin/ps.,audit|audit_command,RS2,/usr/bin/ps,/var/ossec,audit-wazuh-c,SYSCALL,/bin/ps,,,,,
2026-09-28T23:25:53.410Z,victima-linux,80792,3,Audit: Command: /usr/bin/dash.,audit|audit_command,RS2,/usr/bin/dash,/var/ossec,audit-wazuh-c,SYSCALL,/bin/sh,,,,,
2026-09-28T23:25:53.413Z,victima-linux,80792,3,Audit: Command: /usr/bin/ps.,audit|audit_command,RS2,/usr/bin/ps,/var/ossec,audit-wazuh-c,SYSCALL,/bin/ps,,,,,
2026-09-28T23:25:53.415Z,victima-linux,80792,3,Audit: Command: /usr/bin/dash.,audit|audit_command,RS2,/usr/bin/dash,/var/ossec,audit-wazuh-c,SYSCALL,/bin/sh,,,,,
2026-09-28T23:25:53.417Z,victima-linux,80792,3,Audit: Command: /usr/bin/ps.,audit|audit_command,RS2,/usr/bin/ps,/var/ossec,audit-wazuh-c,SYSCALL,/bin/ps,,,,,
2026-09-28T23:25:53.420Z,victima-linux,80792,3,Audit: Command: /usr/bin/dash.,audit|audit_command,RS2,/usr/bin/dash,/var/ossec,audit-wazuh-c,SYSCALL,/bin/sh,,,,,
2026-09-28T23:25:53.422Z,victima-linux,80792,3,Audit: Command: /usr/bin/ps.,audit|audit_command,RS2,/usr/bin/ps,/var/ossec,audit-wazuh-c,SYSCALL,/bin/ps,,,,,
2026-09-28T23:25:53.425Z,victima-linux,80792,3,Audit: Command: /usr/bin/dash.,audit|audit_command,RS2,/usr/bin/dash,/var/ossec,audit-wazuh-c,SYSCALL,/bin/sh,,,,,
2026-09-28T23:25:53.427Z,victima-linux,80792,3,Audit: Command: /usr/bin/ps.,audit|audit_command,RS2,/usr/bin/ps,/var/ossec,audit-wazuh-c,SYSCALL,/bin/ps,,,,,
2026-09-28T23:25:53.429Z,victima-linux,80792,3,Audit: Command: /usr/bin/dash.,audit|audit_command,RS2,/usr/bin/dash,/var/ossec,audit-wazuh-c,SYSCALL,/bin/sh,,,,,
2026-09-28T23:25:53.431Z,victima-linux,80792,3,Audit: Command: /usr/bin/ps.,audit|audit_command,RS2,/usr/bin/ps,/var/ossec,audit-wazuh-c,SYSCALL,/bin/ps,,,,,
2026-09-28T23:25:53.434Z,victima-linux,80792,3,Audit: Command: /usr/bin/dash.,audit|audit_command,RS2,/usr/bin/dash,/var/ossec,audit-wazuh-c,SYSCALL,/bin/sh,,,,,
2026-09-28T23:25:53.436Z,victima-linux,80792,3,Audit: Command: /usr/bin/ps.,audit|audit_command,RS2,/usr/bin/ps,/var/ossec,audit-wazuh-c,SYSCALL,/bin/ps,,,,,
2026-09-28T23:25:53.438Z,victima-linux,80792,3,Audit: Command: /usr/bin/dash.,audit|audit_command,RS2,/usr/bin/dash,/var/ossec,audit-wazuh-c,SYSCALL,/bin/sh,,,,,
2026-09-28T23:25:53.441Z,victima-linux,80792,3,Audit: Command: /usr/bin/ps.,audit|audit_command,RS2,/usr/bin/ps,/var/ossec,audit-wazuh-c,SYSCALL,/bin/ps,,,,,
2026-09-28T23:25:53.443Z,victima-linux,80792,3,Audit: Command: /usr/bin/dash.,audit|audit_command,RS2,/usr/bin/dash,/var/ossec,audit-wazuh-c,SYSCALL,/bin/sh,,,,,
2026-09-28T23:25:53.445Z,victima-linux,80792,3,Audit: Command: /usr/bin/ps.,audit|audit_command,RS2,/usr/bin/ps,/var/ossec,audit-wazuh-c,SYSCALL,/bin/ps,,,,,
2026-09-28T23:25:53.447Z,victima-linux,80792,3,Audit: Command: /usr/bin/dash.,audit|audit_command,RS2,/usr/bin/dash,/var/ossec,audit-wazuh-c,SYSCALL,/bin/sh,,,,,
2026-09-28T23:25:53.450Z,victima-linux,80792,3,Audit: Command: /usr/bin/ps.,audit|audit_command,RS2,/usr/bin/ps,/var/ossec,audit-wazuh-c,SYSCALL,/bin/ps,,,,,
2026-09-28T23:25:53.452Z,victima-linux,80792,3,Audit: Command: /usr/bin/dash.,audit|audit_command,RS2,/usr/bin/dash,/var/ossec,audit-wazuh-c,SYSCALL,/bin/sh,,,,,
2026-09-28T23:25:53.456Z,victima-linux,80792,3,Audit: Command: /usr/bin/ps.,audit|audit_command,RS2,/usr/bin/ps,/var/ossec,audit-wazuh-c,SYSCALL,/bin/ps,,,,,
2026-09-28T23:25:53.457Z,victima-linux,80792,3,Audit: Command: /usr/bin/dash.,audit|audit_command,RS2,/usr/bin/dash,/var/ossec,audit-wazuh-c,SYSCALL,/bin/sh,,,,,
2026-09-28T23:25:53.460Z,victima-linux,80792,3,Audit: Command: /usr/bin/ps.,audit|audit_command,RS2,/usr/bin/ps,/var/ossec,audit-wazuh-c,SYSCALL,/bin/ps,,,,,
2026-09-28T23:25:53.462Z,victima-linux,80792,3,Audit: Command: /usr/bin/dash.,audit|audit_command,RS2,/usr/bin/dash,/var/ossec,audit-wazuh-c,SYSCALL,/bin/sh,,,,,
2026-09-28T23:25:53.465Z,victima-linux,80792,3,Audit: Command: /usr/bin/ps.,audit|audit_command,RS2,/usr/bin/ps,/var/ossec,audit-wazuh-c,SYSCALL,/bin/ps,,,,,
2026-09-28T23:25:53.467Z,victima-linux,80792,3,Audit: Command: /usr/bin/dash.,audit|audit_command,RS2,/usr/bin/dash,/var/ossec,audit-wazuh-c,SYSCALL,/bin/sh,,,,,
2026-09-28T23:25:53.470Z,victima-linux,80792,3,Audit: Command: /usr/bin/ps.,audit|audit_command,RS2,/usr/bin/ps,/var/ossec,audit-wazuh-c,SYSCALL,/bin/ps,,,,,
2026-09-28T23:25:53.472Z,victima-linux,80792,3,Audit: Command: /usr/bin/dash.,audit|audit_command,RS2,/usr/bin/dash,/var/ossec,audit-wazuh-c,SYSCALL,/bin/sh,,,,,
2026-09-28T23:25:53.475Z,victima-linux,80792,3,Audit: Command: /usr/bin/ps.,audit|audit_command,RS2,/usr/bin/ps,/var/ossec,audit-wazuh-c,SYSCALL,/bin/ps,,,,,
2026-09-28T23:25:53.477Z,victima-linux,80792,3,Audit: Command: /usr/bin/dash.,audit|audit_command,RS2,/usr/bin/dash,/var/ossec,audit-wazuh-c,SYSCALL,/bin/sh,,,,,
2026-09-28T23:25:53.479Z,victima-linux,80792,3,Audit: Command: /usr/bin/ps.,audit|audit_command,RS2,/usr/bin/ps,/var/ossec,audit-wazuh-c,SYSCALL,/bin/ps,,,,,
2026-09-28T23:25:53.482Z,victima-linux,80792,3,Audit: Command: /usr/bin/dash.,audit|audit_command,RS2,/usr/bin/dash,/var/ossec,audit-wazuh-c,SYSCALL,/bin/sh,,,,,
2026-09-28T23:25:53.484Z,victima-linux,80792,3,Audit: Command: /usr/bin/ps.,audit|audit_command,RS2,/usr/bin/ps,/var/ossec,audit-wazuh-c,SYSCALL,/bin/ps,,,,,
2026-09-28T23:25:53.487Z,victima-linux,80792,3,Audit: Command: /usr/bin/dash.,audit|audit_command,RS2,/usr/bin/dash,/var/ossec,audit-wazuh-c,SYSCALL,/bin/sh,,,,,
2026-09-28T23:25:53.489Z,victima-linux,80792,3,Audit: Command: /usr/bin/ps.,audit|audit_command,RS2,/usr/bin/ps,/var/ossec,audit-wazuh-c,SYSCALL,/bin/ps,,,,,
2026-09-28T23:25:53.491Z,victima-linux,80792,3,Audit: Command: /usr/bin/dash.,audit|audit_command,RS2,/usr/bin/dash,/var/ossec,audit-wazuh-c,SYSCALL,/bin/sh,,,,,
2026-09-28T23:25:53.494Z,victima-linux,80792,3,Audit: Command: /usr/bin/ps.,audit|audit_command,RS2,/usr/bin/ps,/var/ossec,audit-wazuh-c,SYSCALL,/bin/ps,,,,,
2026-09-28T23:25:53.496Z,victima-linux,80792,3,Audit: Command: /usr/bin/dash.,audit|audit_command,RS2,/usr/bin/dash,/var/ossec,audit-wazuh-c,SYSCALL,/bin/sh,,,,,
2026-09-28T23:25:53.498Z,victima-linux,80792,3,Audit: Command: /usr/bin/ps.,audit|audit_command,RS2,/usr/bin/ps,/var/ossec,audit-wazuh-c,SYSCALL,/bin/ps,,,,,
2026-09-28T23:25:53.501Z,victima-linux,80792,3,Audit: Command: /usr/bin/dash.,audit|audit_command,RS2,/usr/bin/dash,/var/ossec,audit-wazuh-c,SYSCALL,/bin/sh,,,,,
2026-09-28T23:25:53.503Z,victima-linux,80792,3,Audit: Command: /usr/bin/ps.,audit|audit_command,RS2,/usr/bin/ps,/var/ossec,audit-wazuh-c,SYSCALL,/bin/ps,,,,,
2026-09-28T23:25:53.505Z,victima-linux,80792,3,Audit: Command: /usr/bin/dash.,audit|audit_command,RS2,/usr/bin/dash,/var/ossec,audit-wazuh-c,SYSCALL,/bin/sh,,,,,
2026-09-28T23:25:53.507Z,victima-linux,80792,3,Audit: Command: /usr/bin/ps.,audit|audit_command,RS2,/usr/bin/ps,/var/ossec,audit-wazuh-c,SYSCALL,/bin/ps,,,,,
2026-09-28T23:25:53.509Z,victima-linux,80792,3,Audit: Command: /usr/bin/dash.,audit|audit_command,RS2,/usr/bin/dash,/var/ossec,audit-wazuh-c,SYSCALL,/bin/sh,,,,,
2026-09-28T23:25:53.512Z,victima-linux,80792,3,Audit: Command: /usr/bin/ps.,audit|audit_command,RS2,/usr/bin/ps,/var/ossec,audit-wazuh-c,SYSCALL,/bin/ps,,,,,
2026-09-28T23:25:53.514Z,victima-linux,80792,3,Audit: Command: /usr/bin/dash.,audit|audit_command,RS2,/usr/bin/dash,/var/ossec,audit-wazuh-c,SYSCALL,/bin/sh,,,,,
2026-09-28T23:25:53.517Z,victima-linux,80792,3,Audit: Command: /usr/bin/ps.,audit|audit_command,RS2,/usr/bin/ps,/var/ossec,audit-wazuh-c,SYSCALL,/bin/ps,,,,,
2026-09-28T23:25:55.385Z,victima-linux,80792,3,Audit: Command: /usr/bin/dash.,audit|audit_command,RS2,/usr/bin/dash,/var/ossec,audit-wazuh-c,SYSCALL,/bin/sh,,,,,
2026-09-28T23:25:55.386Z,victima-linux,80792,3,Audit: Command: /usr/bin/ps.,audit|audit_command,RS2,/usr/bin/ps,/var/ossec,audit-wazuh-c,SYSCALL,/bin/ps,,,,,
2026-09-28T23:25:55.388Z,victima-linux,80792,3,Audit: Command: /usr/bin/dash.,audit|audit_command,RS2,/usr/bin/dash,/var/ossec,audit-wazuh-c,SYSCALL,/bin/sh,,,,,
2026-09-28T23:25:55.391Z,victima-linux,80792,3,Audit: Command: /usr/bin/ps.,audit|audit_command,RS2,/usr/bin/ps,/var/ossec,audit-wazuh-c,SYSCALL,/bin/ps,,,,,
2026-09-28T23:25:55.394Z,victima-linux,80792,3,Audit: Command: /usr/bin/dash.,audit|audit_command,RS2,/usr/bin/dash,/var/ossec,audit-wazuh-c,SYSCALL,/bin/sh,,,,,
2026-09-28T23:25:55.396Z,victima-linux,80792,3,Audit: Command: /usr/bin/ps.,audit|audit_command,RS2,/usr/bin/ps,/var/ossec,audit-wazuh-c,SYSCALL,/bin/ps,,,,,
2026-09-28T23:25:55.398Z,victima-linux,80792,3,Audit: Command: /usr/bin/dash.,audit|audit_command,RS2,/usr/bin/dash,/var/ossec,audit-wazuh-c,SYSCALL,/bin/sh,,,,,
2026-09-28T23:25:55.401Z,victima-linux,80792,3,Audit: Command: /usr/bin/ps.,audit|audit_command,RS2,/usr/bin/ps,/var/ossec,audit-wazuh-c,SYSCALL,/bin/ps,,,,,
2026-09-28T23:25:55.403Z,victima-linux,80792,3,Audit: Command: /usr/bin/dash.,audit|audit_command,RS2,/usr/bin/dash,/var/ossec,audit-wazuh-c,SYSCALL,/bin/sh,,,,,
2026-09-28T23:25:55.405Z,victima-linux,80792,3,Audit: Command: /usr/bin/ps.,audit|audit_command,RS2,/usr/bin/ps,/var/ossec,audit-wazuh-c,SYSCALL,/bin/ps,,,,,
2026-09-28T23:25:55.408Z,victima-linux,80792,3,Audit: Command: /usr/bin/dash.,audit|audit_command,RS2,/usr/bin/dash,/var/ossec,audit-wazuh-c,SYSCALL,/bin/sh,,,,,
2026-09-28T23:25:55.410Z,victima-linux,80792,3,Audit: Command: /usr/bin/ps.,audit|audit_command,RS2,/usr/bin/ps,/var/ossec,audit-wazuh-c,SYSCALL,/bin/ps,,,,,
2026-09-28T23:25:55.412Z,victima-linux,80792,3,Audit: Command: /usr/bin/dash.,audit|audit_command,RS2,/usr/bin/dash,/var/ossec,audit-wazuh-c,SYSCALL,/bin/sh,,,,,
2026-09-28T23:25:55.414Z,victima-linux,80792,3,Audit: Command: /usr/bin/ps.,audit|audit_command,RS2,/usr/bin/ps,/var/ossec,audit-wazuh-c,SYSCALL,/bin/ps,,,,,
2026-09-28T23:25:55.417Z,victima-linux,80792,3,Audit: Command: /usr/bin/dash.,audit|audit_command,RS2,/usr/bin/dash,/var/ossec,audit-wazuh-c,SYSCALL,/bin/sh,,,,,
2026-09-28T23:25:55.419Z,victima-linux,80792,3,Audit: Command: /usr/bin/ps.,audit|audit_command,RS2,/usr/bin/ps,/var/ossec,audit-wazuh-c,SYSCALL,/bin/ps,,,,,
2026-09-28T23:25:55.422Z,victima-linux,80792,3,Audit: Command: /usr/bin/dash.,audit|audit_command,RS2,/usr/bin/dash,/var/ossec,audit-wazuh-c,SYSCALL,/bin/sh,,,,,
2026-09-28T23:25:55.424Z,victima-linux,80792,3,Audit: Command: /usr/bin/ps.,audit|audit_command,RS2,/usr/bin/ps,/var/ossec,audit-wazuh-c,SYSCALL,/bin/ps,,,,,
2026-09-28T23:25:55.426Z,victima-linux,80792,3,Audit: Command: /usr/bin/dash.,audit|audit_command,RS2,/usr/bin/dash,/var/ossec,audit-wazuh-c,SYSCALL,/bin/sh,,,,,
2026-09-28T23:25:55.430Z,victima-linux,80792,3,Audit: Command: /usr/bin/ps.,audit|audit_command,RS2,/usr/bin/ps,/var/ossec,audit-wazuh-c,SYSCALL,/bin/ps,,,,,
2026-09-28T23:25:55.431Z,victima-linux,80792,3,Audit: Command: /usr/bin/dash.,audit|audit_command,RS2,/usr/bin/dash,/var/ossec,audit-wazuh-c,SYSCALL,/bin/sh,,,,,
2026-09-28T23:25:55.434Z,victima-linux,80792,3,Audit: Command: /usr/bin/ps.,audit|audit_command,RS2,/usr/bin/ps,/var/ossec,audit-wazuh-c,SYSCALL,/bin/ps,,,,,
2026-09-28T23:25:55.436Z,victima-linux,80792,3,Audit: Command: /usr/bin/dash.,audit|audit_command,RS2,/usr/bin/dash,/var/ossec,audit-wazuh-c,SYSCALL,/bin/sh,,,,,
2026-09-28T23:25:55.439Z,victima-linux,80792,3,Audit: Command: /usr/bin/ps.,audit|audit_command,RS2,/usr/bin/ps,/var/ossec,audit-wazuh-c,SYSCALL,/bin/ps,,,,,
2026-09-28T23:25:55.441Z,victima-linux,80792,3,Audit: Command: /usr/bin/dash.,audit|audit_command,RS2,/usr/bin/dash,/var/ossec,audit-wazuh-c,SYSCALL,/bin/sh,,,,,
2026-09-28T23:25:55.444Z,victima-linux,80792,3,Audit: Command: /usr/bin/ps.,audit|audit_command,RS2,/usr/bin/ps,/var/ossec,audit-wazuh-c,SYSCALL,/bin/ps,,,,,
2026-09-28T23:25:55.446Z,victima-linux,80792,3,Audit: Command: /usr/bin/dash.,audit|audit_command,RS2,/usr/bin/dash,/var/ossec,audit-wazuh-c,SYSCALL,/bin/sh,,,,,
2026-09-28T23:25:55.449Z,victima-linux,80792,3,Audit: Command: /usr/bin/ps.,audit|audit_command,RS2,/usr/bin/ps,/var/ossec,audit-wazuh-c,SYSCALL,/bin/ps,,,,,
2026-09-28T23:25:55.451Z,victima-linux,80792,3,Audit: Command: /usr/bin/dash.,audit|audit_command,RS2,/usr/bin/dash,/var/ossec,audit-wazuh-c,SYSCALL,/bin/sh,,,,,
2026-09-28T23:25:55.453Z,victima-linux,80792,3,Audit: Command: /usr/bin/ps.,audit|audit_command,RS2,/usr/bin/ps,/var/ossec,audit-wazuh-c,SYSCALL,/bin/ps,,,,,
2026-09-28T23:25:55.455Z,victima-linux,80792,3,Audit: Command: /usr/bin/dash.,audit|audit_command,RS2,/usr/bin/dash,/var/ossec,audit-wazuh-c,SYSCALL,/bin/sh,,,,,
2026-09-28T23:25:55.458Z,victima-linux,80792,3,Audit: Command: /usr/bin/ps.,audit|audit_command,RS2,/usr/bin/ps,/var/ossec,audit-wazuh-c,SYSCALL,/bin/ps,,,,,
2026-09-28T23:25:55.460Z,victima-linux,80792,3,Audit: Command: /usr/bin/dash.,audit|audit_command,RS2,/usr/bin/dash,/var/ossec,audit-wazuh-c,SYSCALL,/bin/sh,,,,,
2026-09-28T23:25:55.462Z,victima-linux,80792,3,Audit: Command: /usr/bin/ps.,audit|audit_command,RS2,/usr/bin/ps,/var/ossec,audit-wazuh-c,SYSCALL,/bin/ps,,,,,
2026-09-28T23:25:55.464Z,victima-linux,80792,3,Audit: Command: /usr/bin/dash.,audit|audit_command,RS2,/usr/bin/dash,/var/ossec,audit-wazuh-c,SYSCALL,/bin/sh,,,,,
2026-09-28T23:25:55.467Z,victima-linux,80792,3,Audit: Command: /usr/bin/ps.,audit|audit_command,RS2,/usr/bin/ps,/var/ossec,audit-wazuh-c,SYSCALL,/bin/ps,,,,,
2026-09-28T23:25:55.469Z,victima-linux,80792,3,Audit: Command: /usr/bin/dash.,audit|audit_command,RS2,/usr/bin/dash,/var/ossec,audit-wazuh-c,SYSCALL,/bin/sh,,,,,
2026-09-28T23:25:55.472Z,victima-linux,80792,3,Audit: Command: /usr/bin/ps.,audit|audit_command,RS2,/usr/bin/ps,/var/ossec,audit-wazuh-c,SYSCALL,/bin/ps,,,,,
2026-09-28T23:25:55.474Z,victima-linux,80792,3,Audit: Command: /usr/bin/dash.,audit|audit_command,RS2,/usr/bin/dash,/var/ossec,audit-wazuh-c,SYSCALL,/bin/sh,,,,,
2026-09-28T23:25:55.476Z,victima-linux,80792,3,Audit: Command: /usr/bin/ps.,audit|audit_command,RS2,/usr/bin/ps,/var/ossec,audit-wazuh-c,SYSCALL,/bin/ps,,,,,
2026-09-28T23:25:55.479Z,victima-linux,80792,3,Audit: Command: /usr/bin/dash.,audit|audit_command,RS2,/usr/bin/dash,/var/ossec,audit-wazuh-c,SYSCALL,/bin/sh,,,,,
2026-09-28T23:25:55.482Z,victima-linux,80792,3,Audit: Command: /usr/bin/ps.,audit|audit_command,RS2,/usr/bin/ps,/var/ossec,audit-wazuh-c,SYSCALL,/bin/ps,,,,,
2026-09-28T23:25:55.484Z,victima-linux,80792,3,Audit: Command: /usr/bin/dash.,audit|audit_command,RS2,/usr/bin/dash,/var/ossec,audit-wazuh-c,SYSCALL,/bin/sh,,,,,
2026-09-28T23:25:55.486Z,victima-linux,80792,3,Audit: Command: /usr/bin/ps.,audit|audit_command,RS2,/usr/bin/ps,/var/ossec,audit-wazuh-c,SYSCALL,/bin/ps,,,,,
2026-09-28T23:25:55.489Z,victima-linux,80792,3,Audit: Command: /usr/bin/dash.,audit|audit_command,RS2,/usr/bin/dash,/var/ossec,audit-wazuh-c,SYSCALL,/bin/sh,,,,,
2026-09-28T23:25:55.492Z,victima-linux,80792,3,Audit: Command: /usr/bin/ps.,audit|audit_command,RS2,/usr/bin/ps,/var/ossec,audit-wazuh-c,SYSCALL,/bin/ps,,,,,
2026-09-28T23:25:55.494Z,victima-linux,80792,3,Audit: Command: /usr/bin/dash.,audit|audit_command,RS2,/usr/bin/dash,/var/ossec,audit-wazuh-c,SYSCALL,/bin/sh,,,,,
2026-09-28T23:25:55.496Z,victima-linux,80792,3,Audit: Command: /usr/bin/ps.,audit|audit_command,RS2,/usr/bin/ps,/var/ossec,audit-wazuh-c,SYSCALL,/bin/ps,,,,,
2026-09-28T23:25:55.499Z,victima-linux,80792,3,Audit: Command: /usr/bin/dash.,audit|audit_command,RS2,/usr/bin/dash,/var/ossec,audit-wazuh-c,SYSCALL,/bin/sh,,,,,
2026-09-28T23:25:55.501Z,victima-linux,80792,3,Audit: Command: /usr/bin/ps.,audit|audit_command,RS2,/usr/bin/ps,/var/ossec,audit-wazuh-c,SYSCALL,/bin/ps,,,,,
2026-09-28T23:25:55.504Z,victima-linux,80791,3,Audit: Deleted: var/run/.,audit|audit_watch_delete|audit_watch_write,RS2,/var/ossec/bin/wazuh-agentd,/var/ossec,audit-wazuh-w,SYSCALL,var/run/,var/run/,,,,
2026-09-28T23:25:55.511Z,victima-linux,80792,3,Audit: Command: /usr/bin/dash.,audit|audit_command,RS2,/usr/bin/dash,/var/ossec,audit-wazuh-c,SYSCALL,/bin/sh,,,,,
2026-09-28T23:25:55.511Z,victima-linux,80792,3,Audit: Command: /usr/bin/dash.,audit|audit_command,RS2,/usr/bin/dash,/var/ossec,audit-wazuh-c,SYSCALL,/bin/sh,,,,,
2026-09-28T23:25:55.511Z,victima-linux,80792,3,Audit: Command: /usr/bin/ps.,audit|audit_command,RS2,/usr/bin/ps,/var/ossec,audit-wazuh-c,SYSCALL,/bin/ps,,,,,
2026-09-28T23:25:55.513Z,victima-linux,80792,3,Audit: Command: /usr/bin/ps.,audit|audit_command,RS2,/usr/bin/ps,/var/ossec,audit-wazuh-c,SYSCALL,/bin/ps,,,,,
2026-09-28T23:25:55.515Z,victima-linux,80792,3,Audit: Command: /usr/bin/dash.,audit|audit_command,RS2,/usr/bin/dash,/var/ossec,audit-wazuh-c,SYSCALL,/bin/sh,,,,,
2026-09-28T23:25:55.518Z,victima-linux,80792,3,Audit: Command: /usr/bin/ps.,audit|audit_command,RS2,/usr/bin/ps,/var/ossec,audit-wazuh-c,SYSCALL,/bin/ps,,,,,
2026-09-28T23:25:57.391Z,victima-linux,80792,3,Audit: Command: /usr/bin/dash.,audit|audit_command,RS2,/usr/bin/dash,/var/ossec,audit-wazuh-c,SYSCALL,/bin/sh,,,,,
2026-09-28T23:25:57.391Z,victima-linux,80792,3,Audit: Command: /usr/bin/ps.,audit|audit_command,RS2,/usr/bin/ps,/var/ossec,audit-wazuh-c,SYSCALL,/bin/ps,,,,,
2026-09-28T23:25:57.393Z,victima-linux,80792,3,Audit: Command: /usr/bin/dash.,audit|audit_command,RS2,/usr/bin/dash,/var/ossec,audit-wazuh-c,SYSCALL,/bin/sh,,,,,
2026-09-28T23:25:57.395Z,victima-linux,80792,3,Audit: Command: /usr/bin/ps.,audit|audit_command,RS2,/usr/bin/ps,/var/ossec,audit-wazuh-c,SYSCALL,/bin/ps,,,,,
2026-09-28T23:25:57.398Z,victima-linux,80792,3,Audit: Command: /usr/bin/dash.,audit|audit_command,RS2,/usr/bin/dash,/var/ossec,audit-wazuh-c,SYSCALL,/bin/sh,,,,,
2026-09-28T23:25:57.400Z,victima-linux,80792,3,Audit: Command: /usr/bin/ps.,audit|audit_command,RS2,/usr/bin/ps,/var/ossec,audit-wazuh-c,SYSCALL,/bin/ps,,,,,
2026-09-28T23:25:57.403Z,victima-linux,80792,3,Audit: Command: /usr/bin/dash.,audit|audit_command,RS2,/usr/bin/dash,/var/ossec,audit-wazuh-c,SYSCALL,/bin/sh,,,,,
2026-09-28T23:25:57.405Z,victima-linux,80792,3,Audit: Command: /usr/bin/ps.,audit|audit_command,RS2,/usr/bin/ps,/var/ossec,audit-wazuh-c,SYSCALL,/bin/ps,,,,,
2026-09-28T23:25:57.407Z,victima-linux,80792,3,Audit: Command: /usr/bin/dash.,audit|audit_command,RS2,/usr/bin/dash,/var/ossec,audit-wazuh-c,SYSCALL,/bin/sh,,,,,
2026-09-28T23:25:57.410Z,victima-linux,80792,3,Audit: Command: /usr/bin/ps.,audit|audit_command,RS2,/usr/bin/ps,/var/ossec,audit-wazuh-c,SYSCALL,/bin/ps,,,,,
2026-09-28T23:25:57.412Z,victima-linux,80792,3,Audit: Command: /usr/bin/dash.,audit|audit_command,RS2,/usr/bin/dash,/var/ossec,audit-wazuh-c,SYSCALL,/bin/sh,,,,,
2026-09-28T23:25:57.415Z,victima-linux,80792,3,Audit: Command: /usr/bin/ps.,audit|audit_command,RS2,/usr/bin/ps,/var/ossec,audit-wazuh-c,SYSCALL,/bin/ps,,,,,
2026-09-28T23:25:57.417Z,victima-linux,80792,3,Audit: Command: /usr/bin/dash.,audit|audit_command,RS2,/usr/bin/dash,/var/ossec,audit-wazuh-c,SYSCALL,/bin/sh,,,,,
2026-09-28T23:25:57.419Z,victima-linux,80792,3,Audit: Command: /usr/bin/ps.,audit|audit_command,RS2,/usr/bin/ps,/var/ossec,audit-wazuh-c,SYSCALL,/bin/ps,,,,,
2026-09-28T23:25:57.422Z,victima-linux,80792,3,Audit: Command: /usr/bin/dash.,audit|audit_command,RS2,/usr/bin/dash,/var/ossec,audit-wazuh-c,SYSCALL,/bin/sh,,,,,
2026-09-28T23:25:57.424Z,victima-linux,80792,3,Audit: Command: /usr/bin/ps.,audit|audit_command,RS2,/usr/bin/ps,/var/ossec,audit-wazuh-c,SYSCALL,/bin/ps,,,,,
2026-09-28T23:25:57.426Z,victima-linux,80792,3,Audit: Command: /usr/bin/dash.,audit|audit_command,RS2,/usr/bin/dash,/var/ossec,audit-wazuh-c,SYSCALL,/bin/sh,,,,,
2026-09-28T23:25:57.428Z,victima-linux,80792,3,Audit: Command: /usr/bin/ps.,audit|audit_command,RS2,/usr/bin/ps,/var/ossec,audit-wazuh-c,SYSCALL,/bin/ps,,,,,
2026-09-28T23:25:57.430Z,victima-linux,80792,3,Audit: Command: /usr/bin/dash.,audit|audit_command,RS2,/usr/bin/dash,/var/ossec,audit-wazuh-c,SYSCALL,/bin/sh,,,,,
2026-09-28T23:25:57.433Z,victima-linux,80792,3,Audit: Command: /usr/bin/ps.,audit|audit_command,RS2,/usr/bin/ps,/var/ossec,audit-wazuh-c,SYSCALL,/bin/ps,,,,,
2026-09-28T23:25:57.435Z,victima-linux,80792,3,Audit: Command: /usr/bin/dash.,audit|audit_command,RS2,/usr/bin/dash,/var/ossec,audit-wazuh-c,SYSCALL,/bin/sh,,,,,
2026-09-28T23:25:57.437Z,victima-linux,80792,3,Audit: Command: /usr/bin/ps.,audit|audit_command,RS2,/usr/bin/ps,/var/ossec,audit-wazuh-c,SYSCALL,/bin/ps,,,,,
2026-09-28T23:25:57.439Z,victima-linux,80792,3,Audit: Command: /usr/bin/dash.,audit|audit_command,RS2,/usr/bin/dash,/var/ossec,audit-wazuh-c,SYSCALL,/bin/sh,,,,,
2026-09-28T23:25:57.442Z,victima-linux,80792,3,Audit: Command: /usr/bin/ps.,audit|audit_command,RS2,/usr/bin/ps,/var/ossec,audit-wazuh-c,SYSCALL,/bin/ps,,,,,
2026-09-28T23:25:57.445Z,victima-linux,80792,3,Audit: Command: /usr/bin/dash.,audit|audit_command,RS2,/usr/bin/dash,/var/ossec,audit-wazuh-c,SYSCALL,/bin/sh,,,,,
2026-09-28T23:25:57.447Z,victima-linux,80792,3,Audit: Command: /usr/bin/ps.,audit|audit_command,RS2,/usr/bin/ps,/var/ossec,audit-wazuh-c,SYSCALL,/bin/ps,,,,,
2026-09-28T23:25:57.449Z,victima-linux,80792,3,Audit: Command: /usr/bin/dash.,audit|audit_command,RS2,/usr/bin/dash,/var/ossec,audit-wazuh-c,SYSCALL,/bin/sh,,,,,
2026-09-28T23:25:57.451Z,victima-linux,80792,3,Audit: Command: /usr/bin/ps.,audit|audit_command,RS2,/usr/bin/ps,/var/ossec,audit-wazuh-c,SYSCALL,/bin/ps,,,,,
2026-09-28T23:25:57.454Z,victima-linux,80792,3,Audit: Command: /usr/bin/dash.,audit|audit_command,RS2,/usr/bin/dash,/var/ossec,audit-wazuh-c,SYSCALL,/bin/sh,,,,,
2026-09-28T23:25:57.457Z,victima-linux,80792,3,Audit: Command: /usr/bin/ps.,audit|audit_command,RS2,/usr/bin/ps,/var/ossec,audit-wazuh-c,SYSCALL,/bin/ps,,,,,
2026-09-28T23:25:57.459Z,victima-linux,80792,3,Audit: Command: /usr/bin/dash.,audit|audit_command,RS2,/usr/bin/dash,/var/ossec,audit-wazuh-c,SYSCALL,/bin/sh,,,,,
2026-09-28T23:25:57.461Z,victima-linux,80792,3,Audit: Command: /usr/bin/ps.,audit|audit_command,RS2,/usr/bin/ps,/var/ossec,audit-wazuh-c,SYSCALL,/bin/ps,,,,,
2026-09-28T23:25:57.463Z,victima-linux,80792,3,Audit: Command: /usr/bin/dash.,audit|audit_command,RS2,/usr/bin/dash,/var/ossec,audit-wazuh-c,SYSCALL,/bin/sh,,,,,
2026-09-28T23:25:57.465Z,victima-linux,80792,3,Audit: Command: /usr/bin/ps.,audit|audit_command,RS2,/usr/bin/ps,/var/ossec,audit-wazuh-c,SYSCALL,/bin/ps,,,,,
2026-09-28T23:25:57.467Z,victima-linux,80792,3,Audit: Command: /usr/bin/dash.,audit|audit_command,RS2,/usr/bin/dash,/var/ossec,audit-wazuh-c,SYSCALL,/bin/sh,,,,,
2026-09-28T23:25:57.470Z,victima-linux,80792,3,Audit: Command: /usr/bin/ps.,audit|audit_command,RS2,/usr/bin/ps,/var/ossec,audit-wazuh-c,SYSCALL,/bin/ps,,,,,
2026-09-28T23:25:57.472Z,victima-linux,80792,3,Audit: Command: /usr/bin/dash.,audit|audit_command,RS2,/usr/bin/dash,/var/ossec,audit-wazuh-c,SYSCALL,/bin/sh,,,,,
2026-09-28T23:25:57.475Z,victima-linux,80792,3,Audit: Command: /usr/bin/ps.,audit|audit_command,RS2,/usr/bin/ps,/var/ossec,audit-wazuh-c,SYSCALL,/bin/ps,,,,,
2026-09-28T23:25:57.477Z,victima-linux,80792,3,Audit: Command: /usr/bin/dash.,audit|audit_command,RS2,/usr/bin/dash,/var/ossec,audit-wazuh-c,SYSCALL,/bin/sh,,,,,
2026-09-28T23:25:57.479Z,victima-linux,80792,3,Audit: Command: /usr/bin/ps.,audit|audit_command,RS2,/usr/bin/ps,/var/ossec,audit-wazuh-c,SYSCALL,/bin/ps,,,,,
2026-09-28T23:25:57.481Z,victima-linux,80792,3,Audit: Command: /usr/bin/dash.,audit|audit_command,RS2,/usr/bin/dash,/var/ossec,audit-wazuh-c,SYSCALL,/bin/sh,,,,,
2026-09-28T23:25:57.483Z,victima-linux,80792,3,Audit: Command: /usr/bin/ps.,audit|audit_command,RS2,/usr/bin/ps,/var/ossec,audit-wazuh-c,SYSCALL,/bin/ps,,,,,
2026-09-28T23:25:57.485Z,victima-linux,80792,3,Audit: Command: /usr/bin/dash.,audit|audit_command,RS2,/usr/bin/dash,/var/ossec,audit-wazuh-c,SYSCALL,/bin/sh,,,,,
2026-09-28T23:25:57.488Z,victima-linux,80792,3,Audit: Command: /usr/bin/ps.,audit|audit_command,RS2,/usr/bin/ps,/var/ossec,audit-wazuh-c,SYSCALL,/bin/ps,,,,,
2026-09-28T23:25:57.491Z,victima-linux,80792,3,Audit: Command: /usr/bin/dash.,audit|audit_command,RS2,/usr/bin/dash,/var/ossec,audit-wazuh-c,SYSCALL,/bin/sh,,,,,
2026-09-28T23:25:57.493Z,victima-linux,80792,3,Audit: Command: /usr/bin/ps.,audit|audit_command,RS2,/usr/bin/ps,/var/ossec,audit-wazuh-c,SYSCALL,/bin/ps,,,,,
2026-09-28T23:25:57.495Z,victima-linux,80792,3,Audit: Command: /usr/bin/dash.,audit|audit_command,RS2,/usr/bin/dash,/var/ossec,audit-wazuh-c,SYSCALL,/bin/sh,,,,,
2026-09-28T23:25:57.498Z,victima-linux,80792,3,Audit: Command: /usr/bin/ps.,audit|audit_command,RS2,/usr/bin/ps,/var/ossec,audit-wazuh-c,SYSCALL,/bin/ps,,,,,
2026-09-28T23:25:57.500Z,victima-linux,80792,3,Audit: Command: /usr/bin/dash.,audit|audit_command,RS2,/usr/bin/dash,/var/ossec,audit-wazuh-c,SYSCALL,/bin/sh,,,,,
2026-09-28T23:25:57.503Z,victima-linux,80792,3,Audit: Command: /usr/bin/ps.,audit|audit_command,RS2,/usr/bin/ps,/var/ossec,audit-wazuh-c,SYSCALL,/bin/ps,,,,,
2026-09-28T23:25:59.395Z,victima-linux,80792,3,Audit: Command: /usr/bin/dash.,audit|audit_command,RS2,/usr/bin/dash,/var/ossec,audit-wazuh-c,SYSCALL,/bin/sh,,,,,
2026-09-28T23:25:59.396Z,victima-linux,80792,3,Audit: Command: /usr/bin/ps.,audit|audit_command,RS2,/usr/bin/ps,/var/ossec,audit-wazuh-c,SYSCALL,/bin/ps,,,,,
2026-09-28T23:25:59.398Z,victima-linux,80792,3,Audit: Command: /usr/bin/dash.,audit|audit_command,RS2,/usr/bin/dash,/var/ossec,audit-wazuh-c,SYSCALL,/bin/sh,,,,,
2026-09-28T23:25:59.400Z,victima-linux,80792,3,Audit: Command: /usr/bin/ps.,audit|audit_command,RS2,/usr/bin/ps,/var/ossec,audit-wazuh-c,SYSCALL,/bin/ps,,,,,
2026-09-28T23:25:59.402Z,victima-linux,80792,3,Audit: Command: /usr/bin/dash.,audit|audit_command,RS2,/usr/bin/dash,/var/ossec,audit-wazuh-c,SYSCALL,/bin/sh,,,,,
2026-09-28T23:25:59.405Z,victima-linux,80792,3,Audit: Command: /usr/bin/ps.,audit|audit_command,RS2,/usr/bin/ps,/var/ossec,audit-wazuh-c,SYSCALL,/bin/ps,,,,,
2026-09-28T23:25:59.407Z,victima-linux,80792,3,Audit: Command: /usr/bin/dash.,audit|audit_command,RS2,/usr/bin/dash,/var/ossec,audit-wazuh-c,SYSCALL,/bin/sh,,,,,
2026-09-28T23:25:59.410Z,victima-linux,80792,3,Audit: Command: /usr/bin/ps.,audit|audit_command,RS2,/usr/bin/ps,/var/ossec,audit-wazuh-c,SYSCALL,/bin/ps,,,,,
2026-09-28T23:25:59.412Z,victima-linux,80792,3,Audit: Command: /usr/bin/dash.,audit|audit_command,RS2,/usr/bin/dash,/var/ossec,audit-wazuh-c,SYSCALL,/bin/sh,,,,,
2026-09-28T23:25:59.414Z,victima-linux,80792,3,Audit: Command: /usr/bin/ps.,audit|audit_command,RS2,/usr/bin/ps,/var/ossec,audit-wazuh-c,SYSCALL,/bin/ps,,,,,
2026-09-28T23:25:59.416Z,victima-linux,80792,3,Audit: Command: /usr/bin/dash.,audit|audit_command,RS2,/usr/bin/dash,/var/ossec,audit-wazuh-c,SYSCALL,/bin/sh,,,,,
2026-09-28T23:25:59.419Z,victima-linux,80792,3,Audit: Command: /usr/bin/ps.,audit|audit_command,RS2,/usr/bin/ps,/var/ossec,audit-wazuh-c,SYSCALL,/bin/ps,,,,,
2026-09-28T23:25:59.421Z,victima-linux,80792,3,Audit: Command: /usr/bin/dash.,audit|audit_command,RS2,/usr/bin/dash,/var/ossec,audit-wazuh-c,SYSCALL,/bin/sh,,,,,
2026-09-28T23:25:59.423Z,victima-linux,80792,3,Audit: Command: /usr/bin/ps.,audit|audit_command,RS2,/usr/bin/ps,/var/ossec,audit-wazuh-c,SYSCALL,/bin/ps,,,,,
2026-09-28T23:25:59.425Z,victima-linux,80792,3,Audit: Command: /usr/bin/dash.,audit|audit_command,RS2,/usr/bin/dash,/var/ossec,audit-wazuh-c,SYSCALL,/bin/sh,,,,,
2026-09-28T23:25:59.427Z,victima-linux,80792,3,Audit: Command: /usr/bin/ps.,audit|audit_command,RS2,/usr/bin/ps,/var/ossec,audit-wazuh-c,SYSCALL,/bin/ps,,,,,
2026-09-28T23:25:59.429Z,victima-linux,80792,3,Audit: Command: /usr/bin/dash.,audit|audit_command,RS2,/usr/bin/dash,/var/ossec,audit-wazuh-c,SYSCALL,/bin/sh,,,,,
2026-09-28T23:25:59.432Z,victima-linux,80792,3,Audit: Command: /usr/bin/ps.,audit|audit_command,RS2,/usr/bin/ps,/var/ossec,audit-wazuh-c,SYSCALL,/bin/ps,,,,,
2026-09-28T23:25:59.434Z,victima-linux,80792,3,Audit: Command: /usr/bin/dash.,audit|audit_command,RS2,/usr/bin/dash,/var/ossec,audit-wazuh-c,SYSCALL,/bin/sh,,,,,
2026-09-28T23:25:59.436Z,victima-linux,80792,3,Audit: Command: /usr/bin/ps.,audit|audit_command,RS2,/usr/bin/ps,/var/ossec,audit-wazuh-c,SYSCALL,/bin/ps,,,,,
2026-09-28T23:25:59.438Z,victima-linux,80792,3,Audit: Command: /usr/bin/dash.,audit|audit_command,RS2,/usr/bin/dash,/var/ossec,audit-wazuh-c,SYSCALL,/bin/sh,,,,,
2026-09-28T23:25:59.441Z,victima-linux,80792,3,Audit: Command: /usr/bin/ps.,audit|audit_command,RS2,/usr/bin/ps,/var/ossec,audit-wazuh-c,SYSCALL,/bin/ps,,,,,
2026-09-28T23:25:59.443Z,victima-linux,80792,3,Audit: Command: /usr/bin/dash.,audit|audit_command,RS2,/usr/bin/dash,/var/ossec,audit-wazuh-c,SYSCALL,/bin/sh,,,,,
2026-09-28T23:25:59.445Z,victima-linux,80792,3,Audit: Command: /usr/bin/ps.,audit|audit_command,RS2,/usr/bin/ps,/var/ossec,audit-wazuh-c,SYSCALL,/bin/ps,,,,,
2026-09-28T23:25:59.448Z,victima-linux,80792,3,Audit: Command: /usr/bin/dash.,audit|audit_command,RS2,/usr/bin/dash,/var/ossec,audit-wazuh-c,SYSCALL,/bin/sh,,,,,
2026-09-28T23:25:59.450Z,victima-linux,80792,3,Audit: Command: /usr/bin/ps.,audit|audit_command,RS2,/usr/bin/ps,/var/ossec,audit-wazuh-c,SYSCALL,/bin/ps,,,,,
2026-09-28T23:25:59.452Z,victima-linux,80792,3,Audit: Command: /usr/bin/dash.,audit|audit_command,RS2,/usr/bin/dash,/var/ossec,audit-wazuh-c,SYSCALL,/bin/sh,,,,,
2026-09-28T23:25:59.454Z,victima-linux,80792,3,Audit: Command: /usr/bin/ps.,audit|audit_command,RS2,/usr/bin/ps,/var/ossec,audit-wazuh-c,SYSCALL,/bin/ps,,,,,
2026-09-28T23:25:59.457Z,victima-linux,80792,3,Audit: Command: /usr/bin/dash.,audit|audit_command,RS2,/usr/bin/dash,/var/ossec,audit-wazuh-c,SYSCALL,/bin/sh,,,,,
2026-09-28T23:25:59.459Z,victima-linux,80792,3,Audit: Command: /usr/bin/ps.,audit|audit_command,RS2,/usr/bin/ps,/var/ossec,audit-wazuh-c,SYSCALL,/bin/ps,,,,,
2026-09-28T23:25:59.462Z,victima-linux,80792,3,Audit: Command: /usr/bin/dash.,audit|audit_command,RS2,/usr/bin/dash,/var/ossec,audit-wazuh-c,SYSCALL,/bin/sh,,,,,
2026-09-28T23:25:59.464Z,victima-linux,80792,3,Audit: Command: /usr/bin/ps.,audit|audit_command,RS2,/usr/bin/ps,/var/ossec,audit-wazuh-c,SYSCALL,/bin/ps,,,,,
2026-09-28T23:25:59.467Z,victima-linux,80792,3,Audit: Command: /usr/bin/dash.,audit|audit_command,RS2,/usr/bin/dash,/var/ossec,audit-wazuh-c,SYSCALL,/bin/sh,,,,,
2026-09-28T23:25:59.469Z,victima-linux,80792,3,Audit: Command: /usr/bin/ps.,audit|audit_command,RS2,/usr/bin/ps,/var/ossec,audit-wazuh-c,SYSCALL,/bin/ps,,,,,
2026-09-28T23:25:59.471Z,victima-linux,80792,3,Audit: Command: /usr/bin/dash.,audit|audit_command,RS2,/usr/bin/dash,/var/ossec,audit-wazuh-c,SYSCALL,/bin/sh,,,,,
2026-09-28T23:25:59.474Z,victima-linux,80792,3,Audit: Command: /usr/bin/ps.,audit|audit_command,RS2,/usr/bin/ps,/var/ossec,audit-wazuh-c,SYSCALL,/bin/ps,,,,,
2026-09-28T23:25:59.476Z,victima-linux,80792,3,Audit: Command: /usr/bin/dash.,audit|audit_command,RS2,/usr/bin/dash,/var/ossec,audit-wazuh-c,SYSCALL,/bin/sh,,,,,
2026-09-28T23:25:59.478Z,victima-linux,80792,3,Audit: Command: /usr/bin/ps.,audit|audit_command,RS2,/usr/bin/ps,/var/ossec,audit-wazuh-c,SYSCALL,/bin/ps,,,,,
2026-09-28T23:25:59.481Z,victima-linux,80792,3,Audit: Command: /usr/bin/dash.,audit|audit_command,RS2,/usr/bin/dash,/var/ossec,audit-wazuh-c,SYSCALL,/bin/sh,,,,,
2026-09-28T23:25:59.484Z,victima-linux,80792,3,Audit: Command: /usr/bin/ps.,audit|audit_command,RS2,/usr/bin/ps,/var/ossec,audit-wazuh-c,SYSCALL,/bin/ps,,,,,
2026-09-28T23:25:59.486Z,victima-linux,80792,3,Audit: Command: /usr/bin/dash.,audit|audit_command,RS2,/usr/bin/dash,/var/ossec,audit-wazuh-c,SYSCALL,/bin/sh,,,,,
2026-09-28T23:25:59.489Z,victima-linux,80792,3,Audit: Command: /usr/bin/ps.,audit|audit_command,RS2,/usr/bin/ps,/var/ossec,audit-wazuh-c,SYSCALL,/bin/ps,,,,,
2026-09-28T23:25:59.491Z,victima-linux,80792,3,Audit: Command: /usr/bin/dash.,audit|audit_command,RS2,/usr/bin/dash,/var/ossec,audit-wazuh-c,SYSCALL,/bin/sh,,,,,
2026-09-28T23:25:59.493Z,victima-linux,80792,3,Audit: Command: /usr/bin/ps.,audit|audit_command,RS2,/usr/bin/ps,/var/ossec,audit-wazuh-c,SYSCALL,/bin/ps,,,,,
2026-09-28T23:25:59.495Z,victima-linux,80792,3,Audit: Command: /usr/bin/dash.,audit|audit_command,RS2,/usr/bin/dash,/var/ossec,audit-wazuh-c,SYSCALL,/bin/sh,,,,,
2026-09-28T23:25:59.498Z,victima-linux,80792,3,Audit: Command: /usr/bin/ps.,audit|audit_command,RS2,/usr/bin/ps,/var/ossec,audit-wazuh-c,SYSCALL,/bin/ps,,,,,
2026-09-28T23:25:59.500Z,victima-linux,80792,3,Audit: Command: /usr/bin/dash.,audit|audit_command,RS2,/usr/bin/dash,/var/ossec,audit-wazuh-c,SYSCALL,/bin/sh,,,,,
2026-09-28T23:25:59.502Z,victima-linux,80792,3,Audit: Command: /usr/bin/ps.,audit|audit_command,RS2,/usr/bin/ps,/var/ossec,audit-wazuh-c,SYSCALL,/bin/ps,,,,,
2026-09-28T23:25:59.505Z,victima-linux,80792,3,Audit: Command: /usr/bin/dash.,audit|audit_command,RS2,/usr/bin/dash,/var/ossec,audit-wazuh-c,SYSCALL,/bin/sh,,,,,
2026-09-28T23:25:59.507Z,victima-linux,80792,3,Audit: Command: /usr/bin/ps.,audit|audit_command,RS2,/usr/bin/ps,/var/ossec,audit-wazuh-c,SYSCALL,/bin/ps,,,,,
2026-09-28T23:25:59.509Z,victima-linux,80792,3,Audit: Command: /usr/bin/dash.,audit|audit_command,RS2,/usr/bin/dash,/var/ossec,audit-wazuh-c,SYSCALL,/bin/sh,,,,,
2026-09-28T23:25:59.511Z,victima-linux,80792,3,Audit: Command: /usr/bin/ps.,audit|audit_command,RS2,/usr/bin/ps,/var/ossec,audit-wazuh-c,SYSCALL,/bin/ps,,,,,
2026-09-28T23:25:59.514Z,victima-linux,80792,3,Audit: Command: /usr/bin/dash.,audit|audit_command,RS2,/usr/bin/dash,,audit-wazuh-c,SYSCALL,,,,,,
2026-09-28T23:25:59.520Z,victima-linux,80792,3,Audit: Command: /usr/bin/ps.,audit|audit_command,RS2,/usr/bin/ps,/var/ossec,audit-wazuh-c,SYSCALL,/bin/ps,,,,,
2026-09-28T23:26:01.396Z,victima-linux,80792,3,Audit: Command: /usr/bin/dash.,audit|audit_command,RS2,/usr/bin/dash,/var/ossec,audit-wazuh-c,SYSCALL,/bin/sh,,,,,
2026-09-28T23:26:01.396Z,victima-linux,80792,3,Audit: Command: /usr/bin/ps.,audit|audit_command,RS2,/usr/bin/ps,/var/ossec,audit-wazuh-c,SYSCALL,/bin/ps,,,,,
2026-09-28T23:26:01.399Z,victima-linux,80792,3,Audit: Command: /usr/bin/dash.,audit|audit_command,RS2,/usr/bin/dash,/var/ossec,audit-wazuh-c,SYSCALL,/bin/sh,,,,,
2026-09-28T23:26:01.401Z,victima-linux,80792,3,Audit: Command: /usr/bin/ps.,audit|audit_command,RS2,/usr/bin/ps,/var/ossec,audit-wazuh-c,SYSCALL,/bin/ps,,,,,
2026-09-28T23:26:01.404Z,victima-linux,80792,3,Audit: Command: /usr/bin/dash.,audit|audit_command,RS2,/usr/bin/dash,/var/ossec,audit-wazuh-c,SYSCALL,/bin/sh,,,,,
2026-09-28T23:26:01.406Z,victima-linux,80792,3,Audit: Command: /usr/bin/ps.,audit|audit_command,RS2,/usr/bin/ps,/var/ossec,audit-wazuh-c,SYSCALL,/bin/ps,,,,,
2026-09-28T23:26:01.409Z,victima-linux,80792,3,Audit: Command: /usr/bin/dash.,audit|audit_command,RS2,/usr/bin/dash,/var/ossec,audit-wazuh-c,SYSCALL,/bin/sh,,,,,
2026-09-28T23:26:01.411Z,victima-linux,80792,3,Audit: Command: /usr/bin/ps.,audit|audit_command,RS2,/usr/bin/ps,/var/ossec,audit-wazuh-c,SYSCALL,/bin/ps,,,,,
2026-09-28T23:26:01.414Z,victima-linux,80792,3,Audit: Command: /usr/bin/dash.,audit|audit_command,RS2,/usr/bin/dash,/var/ossec,audit-wazuh-c,SYSCALL,/bin/sh,,,,,
2026-09-28T23:26:01.416Z,victima-linux,80792,3,Audit: Command: /usr/bin/ps.,audit|audit_command,RS2,/usr/bin/ps,/var/ossec,audit-wazuh-c,SYSCALL,/bin/ps,,,,,
2026-09-28T23:26:01.418Z,victima-linux,80792,3,Audit: Command: /usr/bin/dash.,audit|audit_command,RS2,/usr/bin/dash,/var/ossec,audit-wazuh-c,SYSCALL,/bin/sh,,,,,
2026-09-28T23:26:01.421Z,victima-linux,80792,3,Audit: Command: /usr/bin/ps.,audit|audit_command,RS2,/usr/bin/ps,/var/ossec,audit-wazuh-c,SYSCALL,/bin/ps,,,,,
2026-09-28T23:26:01.424Z,victima-linux,80792,3,Audit: Command: /usr/bin/dash.,audit|audit_command,RS2,/usr/bin/dash,/var/ossec,audit-wazuh-c,SYSCALL,/bin/sh,,,,,
2026-09-28T23:26:01.426Z,victima-linux,80792,3,Audit: Command: /usr/bin/ps.,audit|audit_command,RS2,/usr/bin/ps,/var/ossec,audit-wazuh-c,SYSCALL,/bin/ps,,,,,
2026-09-28T23:26:01.428Z,victima-linux,80792,3,Audit: Command: /usr/bin/dash.,audit|audit_command,RS2,/usr/bin/dash,/var/ossec,audit-wazuh-c,SYSCALL,/bin/sh,,,,,
2026-09-28T23:26:01.430Z,victima-linux,80792,3,Audit: Command: /usr/bin/ps.,audit|audit_command,RS2,/usr/bin/ps,/var/ossec,audit-wazuh-c,SYSCALL,/bin/ps,,,,,
2026-09-28T23:26:01.433Z,victima-linux,80792,3,Audit: Command: /usr/bin/dash.,audit|audit_command,RS2,/usr/bin/dash,/var/ossec,audit-wazuh-c,SYSCALL,/bin/sh,,,,,
2026-09-28T23:26:01.435Z,victima-linux,80792,3,Audit: Command: /usr/bin/ps.,audit|audit_command,RS2,/usr/bin/ps,/var/ossec,audit-wazuh-c,SYSCALL,/bin/ps,,,,,
2026-09-28T23:26:01.438Z,victima-linux,80792,3,Audit: Command: /usr/bin/dash.,audit|audit_command,RS2,/usr/bin/dash,/var/ossec,audit-wazuh-c,SYSCALL,/bin/sh,,,,,
2026-09-28T23:26:01.440Z,victima-linux,80792,3,Audit: Command: /usr/bin/ps.,audit|audit_command,RS2,/usr/bin/ps,/var/ossec,audit-wazuh-c,SYSCALL,/bin/ps,,,,,
2026-09-28T23:26:01.443Z,victima-linux,80791,3,Audit: Deleted: var/run/.,audit|audit_watch_delete|audit_watch_write,RS2,/var/ossec/bin/wazuh-agentd,/var/ossec,audit-wazuh-w,SYSCALL,var/run/,var/run/,,,,
2026-09-28T23:26:01.484Z,victima-linux,80792,3,Audit: Command: /usr/bin/dash.,audit|audit_command,RS2,/usr/bin/dash,/var/ossec,audit-wazuh-c,SYSCALL,/bin/sh,,,,,
2026-09-28T23:26:01.484Z,victima-linux,80792,3,Audit: Command: /usr/bin/ps.,audit|audit_command,RS2,/usr/bin/ps,/var/ossec,audit-wazuh-c,SYSCALL,/bin/ps,,,,,
2026-09-28T23:26:05.403Z,victima-linux,80791,3,Audit: Deleted: var/run/.,audit|audit_watch_delete|audit_watch_write,RS2,/var/ossec/bin/wazuh-agentd,/var/ossec,audit-wazuh-w,SYSCALL,var/run/,var/run/,,,,
2026-09-28T23:26:11.416Z,victima-linux,80791,3,Audit: Deleted: var/run/.,audit|audit_watch_delete|audit_watch_write,RS2,/var/ossec/bin/wazuh-agentd,/var/ossec,audit-wazuh-w,SYSCALL,var/run/,var/run/,,,,
