# ATA007_iter2-Detalle_raw.csv | detalle por alerta (una fila/alerta) | TFG HIDS - Fase 3 A2.1 (paso 0) | alertas=/var/ossec/logs/alerts/2026/Sep/ossec-alerts-26.json | ventana=2026-09-26T12:16:20Z..2026-09-26T12:16:55Z | leidas=15577 en_ventana=756 no_json=0 | columnas: timestamp_utc,agent_name,rule_id,rule_level,rule_description,rule_groups,rs_origen,audit_exe,audit_cwd,audit_key,audit_type,audit_file,audit_dir,syscheck_path,srcip,srcuser,dstuser
timestamp_utc,agent_name,rule_id,rule_level,rule_description,rule_groups,rs_origen,audit_exe,audit_cwd,audit_key,audit_type,audit_file,audit_dir,syscheck_path,srcip,srcuser,dstuser
2026-09-26T12:16:21.210Z,victima-linux,80792,3,Audit: Command: /usr/sbin/sshd.,audit|audit_command,RS2,/usr/sbin/sshd,/,audit-wazuh-c,SYSCALL,/usr/sbin/sshd,,,,,
2026-09-26T12:16:21.215Z,victima-linux,80780,3,Audit: Watch - Write access.,audit|audit_watch_write,RS2,/usr/sbin/sshd,,audit-wazuh-w,SYSCALL,,,,,,
2026-09-26T12:16:21.220Z,victima-linux,80791,3,Audit: Deleted: /run/systemd/sessions/.,audit|audit_watch_delete|audit_watch_write,RS2,/usr/lib/systemd/systemd-logind,/,audit-wazuh-w,SYSCALL,/run/systemd/sessions/,/run/systemd/sessions/,,,,
2026-09-26T12:16:21.222Z,victima-linux,80791,3,Audit: Deleted: /run/systemd/users/.,audit|audit_watch_delete|audit_watch_write,RS2,/usr/lib/systemd/systemd-logind,/,audit-wazuh-w,SYSCALL,/run/systemd/users/,/run/systemd/users/,,,,
2026-09-26T12:16:21.225Z,victima-linux,80791,3,Audit: Deleted: /run/systemd/sessions/.,audit|audit_watch_delete|audit_watch_write,RS2,/usr/lib/systemd/systemd-logind,/,audit-wazuh-w,SYSCALL,/run/systemd/sessions/,/run/systemd/sessions/,,,,
2026-09-26T12:16:21.227Z,victima-linux,80791,3,Audit: Deleted: /run/systemd/sessions/.,audit|audit_watch_delete|audit_watch_write,RS2,/usr/lib/systemd/systemd-logind,/,audit-wazuh-w,SYSCALL,/run/systemd/sessions/,/run/systemd/sessions/,,,,
2026-09-26T12:16:21.230Z,victima-linux,80792,3,Audit: Command: /usr/bin/dash.,audit|audit_command,RS2,/usr/bin/dash,/,audit-wazuh-c,SYSCALL,/bin/sh,,,,,
2026-09-26T12:16:21.232Z,victima-linux,80791,3,Audit: Deleted: /run/systemd/users/.,audit|audit_watch_delete|audit_watch_write,RS2,/usr/lib/systemd/systemd-logind,/,audit-wazuh-w,SYSCALL,/run/systemd/users/,/run/systemd/users/,,,,
2026-09-26T12:16:21.235Z,victima-linux,80792,3,Audit: Command: /usr/bin/env.,audit|audit_command,RS2,/usr/bin/env,/,audit-wazuh-c,SYSCALL,/usr/bin/env,,,,,
2026-09-26T12:16:21.237Z,victima-linux,80792,3,Audit: Command: /usr/bin/env.,audit|audit_command,RS2,/usr/bin/env,/,audit-wazuh-c,SYSCALL,,,,,,
2026-09-26T12:16:21.239Z,victima-linux,80792,3,Audit: Command: /usr/bin/env.,audit|audit_command,RS2,/usr/bin/env,/,audit-wazuh-c,SYSCALL,,,,,,
2026-09-26T12:16:21.242Z,victima-linux,80792,3,Audit: Command: /usr/bin/env.,audit|audit_command,RS2,/usr/bin/env,/,audit-wazuh-c,SYSCALL,,,,,,
2026-09-26T12:16:21.244Z,victima-linux,80792,3,Audit: Command: /usr/bin/run-parts.,audit|audit_command,RS2,/usr/bin/run-parts,/,audit-wazuh-c,SYSCALL,/usr/bin/run-parts,,,,,
2026-09-26T12:16:21.247Z,victima-linux,80792,3,Audit: Command: /usr/bin/dash.,audit|audit_command,RS2,/usr/bin/dash,/,audit-wazuh-c,SYSCALL,/etc/update-motd.d/00-header,,,,,
2026-09-26T12:16:21.249Z,victima-linux,80792,3,Audit: Command: /usr/bin/uname.,audit|audit_command,RS2,/usr/bin/uname,/,audit-wazuh-c,SYSCALL,/usr/bin/uname,,,,,
2026-09-26T12:16:21.252Z,victima-linux,80792,3,Audit: Command: /usr/bin/uname.,audit|audit_command,RS2,/usr/bin/uname,/,audit-wazuh-c,SYSCALL,/usr/bin/uname,,,,,
2026-09-26T12:16:21.259Z,victima-linux,80792,3,Audit: Command: /usr/bin/dash.,audit|audit_command,RS2,/usr/bin/dash,/,audit-wazuh-c,SYSCALL,/etc/update-motd.d/10-help-text,,,,,
2026-09-26T12:16:21.259Z,victima-linux,80792,3,Audit: Command: /usr/bin/dash.,audit|audit_command,RS2,/usr/bin/dash,/,audit-wazuh-c,SYSCALL,/etc/update-motd.d/50-landscape-sysinfo,,,,,
2026-09-26T12:16:21.259Z,victima-linux,80792,3,Audit: Command: /usr/bin/uname.,audit|audit_command,RS2,/usr/bin/uname,/,audit-wazuh-c,SYSCALL,/usr/bin/uname,,,,,
2026-09-26T12:16:21.262Z,victima-linux,80792,3,Audit: Command: /usr/bin/find.,audit|audit_command,RS2,/usr/bin/find,/,audit-wazuh-c,SYSCALL,/usr/bin/find,,,,,
2026-09-26T12:16:21.264Z,victima-linux,80792,3,Audit: Command: /usr/bin/cat.,audit|audit_command,RS2,/usr/bin/cat,/,audit-wazuh-c,SYSCALL,/usr/bin/cat,,,,,
2026-09-26T12:16:21.267Z,victima-linux,80792,3,Audit: Command: /usr/bin/dash.,audit|audit_command,RS2,/usr/bin/dash,/,audit-wazuh-c,SYSCALL,/etc/update-motd.d/50-motd-news,,,,,
2026-09-26T12:16:21.269Z,victima-linux,80792,3,Audit: Command: /usr/bin/cat.,audit|audit_command,RS2,/usr/bin/cat,/,audit-wazuh-c,SYSCALL,/usr/bin/cat,,,,,
2026-09-26T12:16:21.271Z,victima-linux,80792,3,Audit: Command: /usr/bin/head.,audit|audit_command,RS2,/usr/bin/head,/,audit-wazuh-c,SYSCALL,/usr/bin/head,,,,,
2026-09-26T12:16:21.273Z,victima-linux,80792,3,Audit: Command: /usr/bin/cut.,audit|audit_command,RS2,/usr/bin/cut,/,audit-wazuh-c,SYSCALL,/usr/bin/cut,,,,,
2026-09-26T12:16:21.276Z,victima-linux,80792,3,Audit: Command: /usr/bin/tr.,audit|audit_command,RS2,/usr/bin/tr,/,audit-wazuh-c,SYSCALL,/usr/bin/tr,,,,,
2026-09-26T12:16:21.278Z,victima-linux,80792,3,Audit: Command: /usr/bin/dash.,audit|audit_command,RS2,/usr/bin/dash,/,audit-wazuh-c,SYSCALL,/etc/update-motd.d/85-fwupd,,,,,
2026-09-26T12:16:21.281Z,victima-linux,80792,3,Audit: Command: /usr/bin/dash.,audit|audit_command,RS2,/usr/bin/dash,/,audit-wazuh-c,SYSCALL,/etc/update-motd.d/90-updates-available,,,,,
2026-09-26T12:16:21.283Z,victima-linux,80792,3,Audit: Command: /usr/bin/cat.,audit|audit_command,RS2,/usr/bin/cat,/,audit-wazuh-c,SYSCALL,/usr/bin/cat,,,,,
2026-09-26T12:16:21.286Z,victima-linux,80792,3,Audit: Command: /usr/bin/grep.,audit|audit_command,RS2,/usr/bin/grep,,audit-wazuh-c,SYSCALL,,,,,,
2026-09-26T12:16:21.288Z,victima-linux,80792,3,Audit: Command: /usr/bin/find.,audit|audit_command,RS2,/usr/bin/find,,audit-wazuh-c,SYSCALL,,,,,,
2026-09-26T12:16:21.305Z,victima-linux,80792,3,Audit: Command: /usr/bin/dash.,audit|audit_command,RS2,/usr/bin/dash,/,audit-wazuh-c,SYSCALL,/etc/update-motd.d/91-contract-ua-esm-status,,,,,
2026-09-26T12:16:21.307Z,victima-linux,80792,3,Audit: Command: /usr/bin/dash.,audit|audit_command,RS2,/usr/bin/dash,/,audit-wazuh-c,SYSCALL,/etc/update-motd.d/91-release-upgrade,,,,,
2026-09-26T12:16:21.309Z,victima-linux,80792,3,Audit: Command: /usr/bin/cut.,audit|audit_command,RS2,/usr/bin/cut,/,audit-wazuh-c,SYSCALL,/usr/bin/cut,,,,,
2026-09-26T12:16:21.312Z,victima-linux,80792,3,Audit: Command: /usr/bin/id.,audit|audit_command,RS2,/usr/bin/id,/,audit-wazuh-c,SYSCALL,/usr/bin/id,,,,,
2026-09-26T12:16:21.314Z,victima-linux,80792,3,Audit: Command: /usr/bin/dash.,audit|audit_command,RS2,/usr/bin/dash,/,audit-wazuh-c,SYSCALL,/usr/lib/ubuntu-release-upgrader/release-upgrade-motd,,,,,
2026-09-26T12:16:21.317Z,victima-linux,80792,3,Audit: Command: /usr/bin/date.,audit|audit_command,RS2,/usr/bin/date,/,audit-wazuh-c,SYSCALL,/usr/bin/date,,,,,
2026-09-26T12:16:21.319Z,victima-linux,80792,3,Audit: Command: /usr/bin/stat.,audit|audit_command,RS2,/usr/bin/stat,/,audit-wazuh-c,SYSCALL,/usr/bin/stat,,,,,
2026-09-26T12:16:21.322Z,victima-linux,80792,3,Audit: Command: /usr/bin/expr.,audit|audit_command,RS2,/usr/bin/expr,/,audit-wazuh-c,SYSCALL,/usr/bin/expr,,,,,
2026-09-26T12:16:21.324Z,victima-linux,80792,3,Audit: Command: /usr/bin/dash.,audit|audit_command,RS2,/usr/bin/dash,/,audit-wazuh-c,SYSCALL,/etc/update-motd.d/92-unattended-upgrades,,,,,
2026-09-26T12:16:21.327Z,victima-linux,80792,3,Audit: Command: /usr/bin/dash.,audit|audit_command,RS2,/usr/bin/dash,/,audit-wazuh-c,SYSCALL,/usr/share/unattended-upgrades/update-motd-unattended-upgrades,,,,,
2026-09-26T12:16:21.329Z,victima-linux,80792,3,Audit: Command: /usr/bin/dash.,audit|audit_command,RS2,/usr/bin/dash,/,audit-wazuh-c,SYSCALL,/etc/update-motd.d/95-hwe-eol,,,,,
2026-09-26T12:16:21.332Z,victima-linux,80792,3,Audit: Command: /usr/bin/find.,audit|audit_command,RS2,/usr/bin/find,/,audit-wazuh-c,SYSCALL,/usr/bin/find,,,,,
2026-09-26T12:16:21.339Z,victima-linux,80792,3,Audit: Command: /usr/bin/dash.,audit|audit_command,RS2,/usr/bin/dash,/,audit-wazuh-c,SYSCALL,/etc/update-motd.d/97-overlayroot,,,,,
2026-09-26T12:16:21.339Z,victima-linux,80792,3,Audit: Command: /usr/bin/dash.,audit|audit_command,RS2,/usr/bin/dash,/,audit-wazuh-c,SYSCALL,/usr/bin/egrep,,,,,
2026-09-26T12:16:21.339Z,victima-linux,80792,3,Audit: Command: /usr/bin/sort.,audit|audit_command,RS2,/usr/bin/sort,/,audit-wazuh-c,SYSCALL,/usr/bin/sort,,,,,
2026-09-26T12:16:21.342Z,victima-linux,80792,3,Audit: Command: /usr/bin/dash.,audit|audit_command,RS2,/usr/bin/dash,/,audit-wazuh-c,SYSCALL,,,,,,
2026-09-26T12:16:21.344Z,victima-linux,80792,3,Audit: Command: /usr/bin/dash.,audit|audit_command,RS2,/usr/bin/dash,/,audit-wazuh-c,SYSCALL,,,,,,
2026-09-26T12:16:21.346Z,victima-linux,80792,3,Audit: Command: /usr/bin/dash.,audit|audit_command,RS2,/usr/bin/dash,/,audit-wazuh-c,SYSCALL,,,,,,
2026-09-26T12:16:21.349Z,victima-linux,80792,3,Audit: Command: /usr/bin/grep.,audit|audit_command,RS2,/usr/bin/grep,/,audit-wazuh-c,SYSCALL,/usr/bin/grep,,,,,
2026-09-26T12:16:21.351Z,victima-linux,80792,3,Audit: Command: /usr/bin/dash.,audit|audit_command,RS2,/usr/bin/dash,/,audit-wazuh-c,SYSCALL,/etc/update-motd.d/98-fsck-at-reboot,,,,,
2026-09-26T12:16:21.354Z,victima-linux,80792,3,Audit: Command: /usr/bin/dash.,audit|audit_command,RS2,/usr/bin/dash,/,audit-wazuh-c,SYSCALL,/usr/lib/update-notifier/update-motd-fsck-at-reboot,,,,,
2026-09-26T12:16:21.356Z,victima-linux,80792,3,Audit: Command: /usr/bin/id.,audit|audit_command,RS2,/usr/bin/id,/,audit-wazuh-c,SYSCALL,/usr/bin/id,,,,,
2026-09-26T12:16:21.359Z,victima-linux,80792,3,Audit: Command: /usr/bin/stat.,audit|audit_command,RS2,/usr/bin/stat,/,audit-wazuh-c,SYSCALL,/usr/bin/stat,,,,,
2026-09-26T12:16:21.361Z,victima-linux,80792,3,Audit: Command: /usr/bin/gawk.,audit|audit_command,RS2,/usr/bin/gawk,/,audit-wazuh-c,SYSCALL,/usr/bin/awk,,,,,
2026-09-26T12:16:21.364Z,victima-linux,80792,3,Audit: Command: /usr/bin/date.,audit|audit_command,RS2,/usr/bin/date,/,audit-wazuh-c,SYSCALL,/usr/bin/date,,,,,
2026-09-26T12:16:21.372Z,victima-linux,80792,3,Audit: Command: /usr/bin/cat.,audit|audit_command,RS2,/usr/bin/cat,/,audit-wazuh-c,SYSCALL,/usr/bin/cat,,,,,
2026-09-26T12:16:21.372Z,victima-linux,80792,3,Audit: Command: /usr/bin/dash.,audit|audit_command,RS2,/usr/bin/dash,/,audit-wazuh-c,SYSCALL,/etc/update-motd.d/98-reboot-required,,,,,
2026-09-26T12:16:21.372Z,victima-linux,80792,3,Audit: Command: /usr/bin/date.,audit|audit_command,RS2,/usr/bin/date,/,audit-wazuh-c,SYSCALL,/usr/bin/date,,,,,
2026-09-26T12:16:21.374Z,victima-linux,80792,3,Audit: Command: /usr/bin/dash.,audit|audit_command,RS2,/usr/bin/dash,/,audit-wazuh-c,SYSCALL,/usr/lib/update-notifier/update-motd-reboot-required,,,,,
2026-09-26T12:16:21.376Z,victima-linux,80791,3,Audit: Deleted: /run/.,audit|audit_watch_delete|audit_watch_write,RS2,/usr/sbin/sshd,/,audit-wazuh-w,SYSCALL,/run/,/run/,,,,
2026-09-26T12:16:21.383Z,victima-linux,80792,3,Audit: Command: /usr/bin/bash.,audit|audit_command,RS2,/usr/bin/bash,/home/angel,audit-wazuh-c,SYSCALL,/bin/bash,,,,,
2026-09-26T12:16:21.386Z,victima-linux,80792,3,Audit: Command: /usr/bin/date.,audit|audit_command,RS2,/usr/bin/date,/home/angel,audit-wazuh-c,SYSCALL,/usr/bin/date,,,,,
2026-09-26T12:16:21.388Z,victima-linux,80792,3,Audit: Command: /usr/bin/bash.,audit|audit_command,RS2,/usr/bin/bash,,audit-wazuh-c,SYSCALL,,,,,,
2026-09-26T12:16:21.391Z,victima-linux,80792,3,Audit: Command: /usr/bin/tee.,audit|audit_command,RS2,/usr/bin/tee,,audit-wazuh-c,SYSCALL,,,,,,
2026-09-26T12:16:21.398Z,victima-linux,80792,3,Audit: Command: /usr/bin/date.,audit|audit_command,RS2,/usr/bin/date,/home/angel/lab-attack/ATA007,audit-wazuh-c,SYSCALL,/usr/bin/date,,,,,
2026-09-26T12:16:21.400Z,victima-linux,80792,3,Audit: Command: /usr/bin/dirname.,audit|audit_command,RS2,/usr/bin/dirname,/home/angel/lab-attack/ATA007,audit-wazuh-c,SYSCALL,/usr/bin/dirname,,,,,
2026-09-26T12:16:21.403Z,victima-linux,80792,3,Audit: Command: /usr/bin/mkdir.,audit|audit_command,RS2,/usr/bin/mkdir,/home/angel/lab-attack/ATA007,audit-wazuh-c,SYSCALL,/usr/bin/mkdir,,,,,
2026-09-26T12:16:21.405Z,victima-linux,80790,3,Audit: Created: public_site.,audit|audit_watch_create|audit_watch_write,RS2,/usr/bin/mkdir,/home/angel/lab-legit,audit-wazuh-w,SYSCALL,public_site,/home/angel/lab-legit,,,,
2026-09-26T12:16:21.407Z,victima-linux,80792,3,Audit: Command: /usr/bin/cp.,audit|audit_command,RS2,/usr/bin/cp,/home/angel/lab-attack/ATA007,audit-wazuh-c,SYSCALL,/usr/bin/cp,,,,,
2026-09-26T12:16:21.410Z,victima-linux,80790,3,Audit: Created: /home/angel/lab-legit/public_site/index.html.,audit|audit_watch_create|audit_watch_write,RS2,/usr/bin/cp,/home/angel/lab-attack/ATA007,audit-wazuh-w,SYSCALL,/home/angel/lab-legit/public_site/index.html,/home/angel/lab-legit/public_site/,,,,
2026-09-26T12:16:21.412Z,victima-linux,80792,3,Audit: Command: /usr/bin/cp.,audit|audit_command,RS2,/usr/bin/cp,/home/angel/lab-attack/ATA007,audit-wazuh-c,SYSCALL,/usr/bin/cp,,,,,
2026-09-26T12:16:21.415Z,victima-linux,80781,3,Audit: Watch - Write access: /home/angel/lab-legit/public_site/index.html.,audit|audit_watch_write,RS2,/usr/bin/cp,/home/angel/lab-attack/ATA007,audit-wazuh-w,SYSCALL,/home/angel/lab-legit/public_site/index.html,,,,,
2026-09-26T12:16:21.417Z,victima-linux,80792,3,Audit: Command: /usr/bin/ls.,audit|audit_command,RS2,/usr/bin/ls,/home/angel/lab-attack/ATA007,audit-wazuh-c,SYSCALL,/usr/bin/ls,,,,,
2026-09-26T12:16:21.419Z,victima-linux,80792,3,Audit: Command: /usr/bin/date.,audit|audit_command,RS2,/usr/bin/date,/home/angel/lab-attack/ATA007,audit-wazuh-c,SYSCALL,/usr/bin/date,,,,,
2026-09-26T12:16:21.427Z,victima-linux,80791,3,Audit: Deleted: /run/systemd/sessions/6.ref.,audit|audit_watch_delete|audit_watch_write,RS2,/usr/lib/systemd/systemd-logind,/,audit-wazuh-w,SYSCALL,/run/systemd/sessions/6.ref,/run/systemd/sessions/,,,,
2026-09-26T12:16:21.429Z,victima-linux,80791,3,Audit: Deleted: /run/systemd/sessions/.,audit|audit_watch_delete|audit_watch_write,RS2,/usr/lib/systemd/systemd-logind,/,audit-wazuh-w,SYSCALL,/run/systemd/sessions/,/run/systemd/sessions/,,,,
2026-09-26T12:16:21.432Z,victima-linux,80791,3,Audit: Deleted: /run/systemd/users/.,audit|audit_watch_delete|audit_watch_write,RS2,/usr/lib/systemd/systemd-logind,/,audit-wazuh-w,SYSCALL,/run/systemd/users/,/run/systemd/users/,,,,
2026-09-26T12:16:21.434Z,victima-linux,80791,3,Audit: Deleted: /run/systemd/sessions/6.,audit|audit_watch_delete|audit_watch_write,RS2,/usr/lib/systemd/systemd-logind,/,audit-wazuh-w,SYSCALL,/run/systemd/sessions/6,/run/systemd/sessions/,,,,
2026-09-26T12:16:21.437Z,victima-linux,80791,3,Audit: Deleted: /run/systemd/users/.,audit|audit_watch_delete|audit_watch_write,RS2,/usr/lib/systemd/systemd-logind,/,audit-wazuh-w,SYSCALL,/run/systemd/users/,/run/systemd/users/,,,,
2026-09-26T12:16:21.439Z,victima-linux,5715,3,sshd: authentication success.,syslog|sshd|authentication_success,RS1,,,,,,,,192.168.65.1,,angel
2026-09-26T12:16:21.442Z,victima-linux,5501,3,PAM: Login session opened.,pam|syslog|authentication_success,RS1,,,,,,,,,angel,angel
2026-09-26T12:16:21.454Z,victima-linux,5502,3,PAM: Login session closed.,pam|syslog,RS1,,,,,,,,,,angel
2026-09-26T12:16:25.206Z,victima-linux,80791,3,Audit: Deleted: var/run/.,audit|audit_watch_delete|audit_watch_write,RS2,/var/ossec/bin/wazuh-agentd,/var/ossec,audit-wazuh-w,SYSCALL,var/run/,var/run/,,,,
2026-09-26T12:16:26.869Z,wazuh-server,5501,3,PAM: Login session opened.,pam|syslog|authentication_success,RS1,,,,,,,,,angel,angel
2026-09-26T12:16:26.869Z,wazuh-server,5715,3,sshd: authentication success.,syslog|sshd|authentication_success,RS1,,,,,,,,192.168.65.1,,angel
2026-09-26T12:16:26.870Z,wazuh-server,5402,3,Successful sudo to ROOT executed.,syslog|sudo,RS1,,,,,,,,,angel,root
2026-09-26T12:16:26.870Z,wazuh-server,5501,3,PAM: Login session opened.,pam|syslog|authentication_success,RS1,,,,,,,,,angel,angel
2026-09-26T12:16:26.870Z,wazuh-server,5501,3,PAM: Login session opened.,pam|syslog|authentication_success,RS1,,,,,,,,,angel,root
2026-09-26T12:16:26.870Z,wazuh-server,5502,3,PAM: Login session closed.,pam|syslog,RS1,,,,,,,,,,root
2026-09-26T12:16:26.870Z,wazuh-server,5502,3,PAM: Login session closed.,pam|syslog,RS1,,,,,,,,,,angel
2026-09-26T12:16:29.201Z,victima-linux,80780,3,Audit: Watch - Write access.,audit|audit_watch_write,RS2,/var/ossec/bin/wazuh-syscheckd,,audit-wazuh-w,SYSCALL,,,,,,
2026-09-26T12:16:29.201Z,victima-linux,80792,3,Audit: Command: /usr/bin/dash.,audit|audit_command,RS2,/usr/bin/dash,/var/ossec,audit-wazuh-c,SYSCALL,/bin/sh,,,,,
2026-09-26T12:16:29.203Z,victima-linux,80792,3,Audit: Command: /usr/bin/ps.,audit|audit_command,RS2,/usr/bin/ps,/var/ossec,audit-wazuh-c,SYSCALL,/bin/ps,,,,,
2026-09-26T12:16:29.206Z,victima-linux,80792,3,Audit: Command: /usr/bin/dash.,audit|audit_command,RS2,/usr/bin/dash,/var/ossec,audit-wazuh-c,SYSCALL,/bin/sh,,,,,
2026-09-26T12:16:29.208Z,victima-linux,80792,3,Audit: Command: /usr/bin/ps.,audit|audit_command,RS2,/usr/bin/ps,/var/ossec,audit-wazuh-c,SYSCALL,/bin/ps,,,,,
2026-09-26T12:16:29.210Z,victima-linux,80792,3,Audit: Command: /usr/bin/dash.,audit|audit_command,RS2,/usr/bin/dash,/var/ossec,audit-wazuh-c,SYSCALL,/bin/sh,,,,,
2026-09-26T12:16:29.213Z,victima-linux,80792,3,Audit: Command: /usr/bin/ps.,audit|audit_command,RS2,/usr/bin/ps,/var/ossec,audit-wazuh-c,SYSCALL,/bin/ps,,,,,
2026-09-26T12:16:29.215Z,victima-linux,80792,3,Audit: Command: /usr/bin/dash.,audit|audit_command,RS2,/usr/bin/dash,/var/ossec,audit-wazuh-c,SYSCALL,/bin/sh,,,,,
2026-09-26T12:16:29.217Z,victima-linux,80792,3,Audit: Command: /usr/bin/ps.,audit|audit_command,RS2,/usr/bin/ps,/var/ossec,audit-wazuh-c,SYSCALL,/bin/ps,,,,,
2026-09-26T12:16:29.220Z,victima-linux,80792,3,Audit: Command: /usr/bin/dash.,audit|audit_command,RS2,/usr/bin/dash,/var/ossec,audit-wazuh-c,SYSCALL,/bin/sh,,,,,
2026-09-26T12:16:29.222Z,victima-linux,80792,3,Audit: Command: /usr/bin/ps.,audit|audit_command,RS2,/usr/bin/ps,/var/ossec,audit-wazuh-c,SYSCALL,/bin/ps,,,,,
2026-09-26T12:16:29.225Z,victima-linux,80792,3,Audit: Command: /usr/bin/dash.,audit|audit_command,RS2,/usr/bin/dash,/var/ossec,audit-wazuh-c,SYSCALL,/bin/sh,,,,,
2026-09-26T12:16:29.227Z,victima-linux,80792,3,Audit: Command: /usr/bin/ps.,audit|audit_command,RS2,/usr/bin/ps,/var/ossec,audit-wazuh-c,SYSCALL,/bin/ps,,,,,
2026-09-26T12:16:29.229Z,victima-linux,80792,3,Audit: Command: /usr/bin/dash.,audit|audit_command,RS2,/usr/bin/dash,/var/ossec,audit-wazuh-c,SYSCALL,/bin/sh,,,,,
2026-09-26T12:16:29.232Z,victima-linux,80792,3,Audit: Command: /usr/bin/ps.,audit|audit_command,RS2,/usr/bin/ps,/var/ossec,audit-wazuh-c,SYSCALL,/bin/ps,,,,,
2026-09-26T12:16:29.234Z,victima-linux,80792,3,Audit: Command: /usr/bin/dash.,audit|audit_command,RS2,/usr/bin/dash,/var/ossec,audit-wazuh-c,SYSCALL,/bin/sh,,,,,
2026-09-26T12:16:29.237Z,victima-linux,80792,3,Audit: Command: /usr/bin/ps.,audit|audit_command,RS2,/usr/bin/ps,/var/ossec,audit-wazuh-c,SYSCALL,/bin/ps,,,,,
2026-09-26T12:16:29.239Z,victima-linux,80792,3,Audit: Command: /usr/bin/dash.,audit|audit_command,RS2,/usr/bin/dash,/var/ossec,audit-wazuh-c,SYSCALL,/bin/sh,,,,,
2026-09-26T12:16:29.242Z,victima-linux,80792,3,Audit: Command: /usr/bin/ps.,audit|audit_command,RS2,/usr/bin/ps,/var/ossec,audit-wazuh-c,SYSCALL,/bin/ps,,,,,
2026-09-26T12:16:29.244Z,victima-linux,80792,3,Audit: Command: /usr/bin/dash.,audit|audit_command,RS2,/usr/bin/dash,/var/ossec,audit-wazuh-c,SYSCALL,/bin/sh,,,,,
2026-09-26T12:16:29.247Z,victima-linux,80792,3,Audit: Command: /usr/bin/ps.,audit|audit_command,RS2,/usr/bin/ps,/var/ossec,audit-wazuh-c,SYSCALL,/bin/ps,,,,,
2026-09-26T12:16:29.249Z,victima-linux,80792,3,Audit: Command: /usr/bin/dash.,audit|audit_command,RS2,/usr/bin/dash,/var/ossec,audit-wazuh-c,SYSCALL,/bin/sh,,,,,
2026-09-26T12:16:29.252Z,victima-linux,80792,3,Audit: Command: /usr/bin/ps.,audit|audit_command,RS2,/usr/bin/ps,/var/ossec,audit-wazuh-c,SYSCALL,/bin/ps,,,,,
2026-09-26T12:16:29.254Z,victima-linux,80792,3,Audit: Command: /usr/bin/dash.,audit|audit_command,RS2,/usr/bin/dash,/var/ossec,audit-wazuh-c,SYSCALL,/bin/sh,,,,,
2026-09-26T12:16:29.257Z,victima-linux,80792,3,Audit: Command: /usr/bin/ps.,audit|audit_command,RS2,/usr/bin/ps,/var/ossec,audit-wazuh-c,SYSCALL,/bin/ps,,,,,
2026-09-26T12:16:29.259Z,victima-linux,80792,3,Audit: Command: /usr/bin/dash.,audit|audit_command,RS2,/usr/bin/dash,/var/ossec,audit-wazuh-c,SYSCALL,/bin/sh,,,,,
2026-09-26T12:16:29.261Z,victima-linux,80792,3,Audit: Command: /usr/bin/ps.,audit|audit_command,RS2,/usr/bin/ps,/var/ossec,audit-wazuh-c,SYSCALL,/bin/ps,,,,,
2026-09-26T12:16:29.264Z,victima-linux,80792,3,Audit: Command: /usr/bin/dash.,audit|audit_command,RS2,/usr/bin/dash,/var/ossec,audit-wazuh-c,SYSCALL,/bin/sh,,,,,
2026-09-26T12:16:29.267Z,victima-linux,80792,3,Audit: Command: /usr/bin/ps.,audit|audit_command,RS2,/usr/bin/ps,/var/ossec,audit-wazuh-c,SYSCALL,/bin/ps,,,,,
2026-09-26T12:16:29.269Z,victima-linux,80792,3,Audit: Command: /usr/bin/dash.,audit|audit_command,RS2,/usr/bin/dash,/var/ossec,audit-wazuh-c,SYSCALL,/bin/sh,,,,,
2026-09-26T12:16:29.271Z,victima-linux,80792,3,Audit: Command: /usr/bin/ps.,audit|audit_command,RS2,/usr/bin/ps,/var/ossec,audit-wazuh-c,SYSCALL,/bin/ps,,,,,
2026-09-26T12:16:29.274Z,victima-linux,80792,3,Audit: Command: /usr/bin/dash.,audit|audit_command,RS2,/usr/bin/dash,/var/ossec,audit-wazuh-c,SYSCALL,/bin/sh,,,,,
2026-09-26T12:16:29.276Z,victima-linux,80792,3,Audit: Command: /usr/bin/ps.,audit|audit_command,RS2,/usr/bin/ps,/var/ossec,audit-wazuh-c,SYSCALL,/bin/ps,,,,,
2026-09-26T12:16:29.278Z,victima-linux,80792,3,Audit: Command: /usr/bin/dash.,audit|audit_command,RS2,/usr/bin/dash,/var/ossec,audit-wazuh-c,SYSCALL,/bin/sh,,,,,
2026-09-26T12:16:29.281Z,victima-linux,80792,3,Audit: Command: /usr/bin/ps.,audit|audit_command,RS2,/usr/bin/ps,/var/ossec,audit-wazuh-c,SYSCALL,/bin/ps,,,,,
2026-09-26T12:16:29.284Z,victima-linux,80792,3,Audit: Command: /usr/bin/dash.,audit|audit_command,RS2,/usr/bin/dash,/var/ossec,audit-wazuh-c,SYSCALL,/bin/sh,,,,,
2026-09-26T12:16:29.286Z,victima-linux,80792,3,Audit: Command: /usr/bin/ps.,audit|audit_command,RS2,/usr/bin/ps,/var/ossec,audit-wazuh-c,SYSCALL,/bin/ps,,,,,
2026-09-26T12:16:29.288Z,victima-linux,80792,3,Audit: Command: /usr/bin/dash.,audit|audit_command,RS2,/usr/bin/dash,/var/ossec,audit-wazuh-c,SYSCALL,/bin/sh,,,,,
2026-09-26T12:16:29.290Z,victima-linux,80792,3,Audit: Command: /usr/bin/ps.,audit|audit_command,RS2,/usr/bin/ps,/var/ossec,audit-wazuh-c,SYSCALL,/bin/ps,,,,,
2026-09-26T12:16:29.293Z,victima-linux,80792,3,Audit: Command: /usr/bin/dash.,audit|audit_command,RS2,/usr/bin/dash,/var/ossec,audit-wazuh-c,SYSCALL,/bin/sh,,,,,
2026-09-26T12:16:29.295Z,victima-linux,80792,3,Audit: Command: /usr/bin/ps.,audit|audit_command,RS2,/usr/bin/ps,/var/ossec,audit-wazuh-c,SYSCALL,/bin/ps,,,,,
2026-09-26T12:16:29.297Z,victima-linux,80792,3,Audit: Command: /usr/bin/dash.,audit|audit_command,RS2,/usr/bin/dash,/var/ossec,audit-wazuh-c,SYSCALL,/bin/sh,,,,,
2026-09-26T12:16:29.299Z,victima-linux,80792,3,Audit: Command: /usr/bin/ps.,audit|audit_command,RS2,/usr/bin/ps,/var/ossec,audit-wazuh-c,SYSCALL,/bin/ps,,,,,
2026-09-26T12:16:29.302Z,victima-linux,80791,3,Audit: Deleted: var/run/.,audit|audit_watch_delete|audit_watch_write,RS2,/var/ossec/bin/wazuh-agentd,/var/ossec,audit-wazuh-w,SYSCALL,var/run/,var/run/,,,,
2026-09-26T12:16:29.304Z,victima-linux,80792,3,Audit: Command: /usr/bin/dash.,audit|audit_command,RS2,/usr/bin/dash,/var/ossec,audit-wazuh-c,SYSCALL,/bin/sh,,,,,
2026-09-26T12:16:29.306Z,victima-linux,80792,3,Audit: Command: /usr/bin/ps.,audit|audit_command,RS2,/usr/bin/ps,/var/ossec,audit-wazuh-c,SYSCALL,/bin/ps,,,,,
2026-09-26T12:16:29.308Z,victima-linux,80792,3,Audit: Command: /usr/bin/dash.,audit|audit_command,RS2,/usr/bin/dash,/var/ossec,audit-wazuh-c,SYSCALL,/bin/sh,,,,,
2026-09-26T12:16:29.311Z,victima-linux,80792,3,Audit: Command: /usr/bin/ps.,audit|audit_command,RS2,/usr/bin/ps,/var/ossec,audit-wazuh-c,SYSCALL,/bin/ps,,,,,
2026-09-26T12:16:29.313Z,victima-linux,80792,3,Audit: Command: /usr/bin/dash.,audit|audit_command,RS2,/usr/bin/dash,/var/ossec,audit-wazuh-c,SYSCALL,/bin/sh,,,,,
2026-09-26T12:16:29.315Z,victima-linux,80792,3,Audit: Command: /usr/bin/ps.,audit|audit_command,RS2,/usr/bin/ps,/var/ossec,audit-wazuh-c,SYSCALL,/bin/ps,,,,,
2026-09-26T12:16:31.198Z,victima-linux,80792,3,Audit: Command: /usr/bin/dash.,audit|audit_command,RS2,/usr/bin/dash,/var/ossec,audit-wazuh-c,SYSCALL,/bin/sh,,,,,
2026-09-26T12:16:31.199Z,victima-linux,80792,3,Audit: Command: /usr/bin/ps.,audit|audit_command,RS2,/usr/bin/ps,/var/ossec,audit-wazuh-c,SYSCALL,/bin/ps,,,,,
2026-09-26T12:16:31.201Z,victima-linux,80792,3,Audit: Command: /usr/bin/dash.,audit|audit_command,RS2,/usr/bin/dash,/var/ossec,audit-wazuh-c,SYSCALL,/bin/sh,,,,,
2026-09-26T12:16:31.203Z,victima-linux,80792,3,Audit: Command: /usr/bin/ps.,audit|audit_command,RS2,/usr/bin/ps,/var/ossec,audit-wazuh-c,SYSCALL,/bin/ps,,,,,
2026-09-26T12:16:31.206Z,victima-linux,80792,3,Audit: Command: /usr/bin/dash.,audit|audit_command,RS2,/usr/bin/dash,/var/ossec,audit-wazuh-c,SYSCALL,/bin/sh,,,,,
2026-09-26T12:16:31.208Z,victima-linux,80792,3,Audit: Command: /usr/bin/ps.,audit|audit_command,RS2,/usr/bin/ps,/var/ossec,audit-wazuh-c,SYSCALL,/bin/ps,,,,,
2026-09-26T12:16:31.211Z,victima-linux,80792,3,Audit: Command: /usr/bin/dash.,audit|audit_command,RS2,/usr/bin/dash,/var/ossec,audit-wazuh-c,SYSCALL,/bin/sh,,,,,
2026-09-26T12:16:31.213Z,victima-linux,80792,3,Audit: Command: /usr/bin/ps.,audit|audit_command,RS2,/usr/bin/ps,/var/ossec,audit-wazuh-c,SYSCALL,/bin/ps,,,,,
2026-09-26T12:16:31.216Z,victima-linux,80792,3,Audit: Command: /usr/bin/dash.,audit|audit_command,RS2,/usr/bin/dash,/var/ossec,audit-wazuh-c,SYSCALL,/bin/sh,,,,,
2026-09-26T12:16:31.218Z,victima-linux,80792,3,Audit: Command: /usr/bin/ps.,audit|audit_command,RS2,/usr/bin/ps,/var/ossec,audit-wazuh-c,SYSCALL,/bin/ps,,,,,
2026-09-26T12:16:31.220Z,victima-linux,80792,3,Audit: Command: /usr/bin/dash.,audit|audit_command,RS2,/usr/bin/dash,/var/ossec,audit-wazuh-c,SYSCALL,/bin/sh,,,,,
2026-09-26T12:16:31.223Z,victima-linux,80792,3,Audit: Command: /usr/bin/ps.,audit|audit_command,RS2,/usr/bin/ps,/var/ossec,audit-wazuh-c,SYSCALL,/bin/ps,,,,,
2026-09-26T12:16:31.225Z,victima-linux,80792,3,Audit: Command: /usr/bin/dash.,audit|audit_command,RS2,/usr/bin/dash,/var/ossec,audit-wazuh-c,SYSCALL,/bin/sh,,,,,
2026-09-26T12:16:31.227Z,victima-linux,80792,3,Audit: Command: /usr/bin/ps.,audit|audit_command,RS2,/usr/bin/ps,/var/ossec,audit-wazuh-c,SYSCALL,/bin/ps,,,,,
2026-09-26T12:16:31.229Z,victima-linux,80792,3,Audit: Command: /usr/bin/dash.,audit|audit_command,RS2,/usr/bin/dash,/var/ossec,audit-wazuh-c,SYSCALL,/bin/sh,,,,,
2026-09-26T12:16:31.231Z,victima-linux,80792,3,Audit: Command: /usr/bin/ps.,audit|audit_command,RS2,/usr/bin/ps,/var/ossec,audit-wazuh-c,SYSCALL,/bin/ps,,,,,
2026-09-26T12:16:31.233Z,victima-linux,80792,3,Audit: Command: /usr/bin/dash.,audit|audit_command,RS2,/usr/bin/dash,/var/ossec,audit-wazuh-c,SYSCALL,/bin/sh,,,,,
2026-09-26T12:16:31.236Z,victima-linux,80792,3,Audit: Command: /usr/bin/ps.,audit|audit_command,RS2,/usr/bin/ps,/var/ossec,audit-wazuh-c,SYSCALL,/bin/ps,,,,,
2026-09-26T12:16:31.239Z,victima-linux,80792,3,Audit: Command: /usr/bin/dash.,audit|audit_command,RS2,/usr/bin/dash,/var/ossec,audit-wazuh-c,SYSCALL,/bin/sh,,,,,
2026-09-26T12:16:31.241Z,victima-linux,80792,3,Audit: Command: /usr/bin/ps.,audit|audit_command,RS2,/usr/bin/ps,/var/ossec,audit-wazuh-c,SYSCALL,/bin/ps,,,,,
2026-09-26T12:16:31.244Z,victima-linux,80792,3,Audit: Command: /usr/bin/dash.,audit|audit_command,RS2,/usr/bin/dash,/var/ossec,audit-wazuh-c,SYSCALL,/bin/sh,,,,,
2026-09-26T12:16:31.246Z,victima-linux,80792,3,Audit: Command: /usr/bin/ps.,audit|audit_command,RS2,/usr/bin/ps,/var/ossec,audit-wazuh-c,SYSCALL,/bin/ps,,,,,
2026-09-26T12:16:31.248Z,victima-linux,80792,3,Audit: Command: /usr/bin/dash.,audit|audit_command,RS2,/usr/bin/dash,/var/ossec,audit-wazuh-c,SYSCALL,/bin/sh,,,,,
2026-09-26T12:16:31.251Z,victima-linux,80792,3,Audit: Command: /usr/bin/ps.,audit|audit_command,RS2,/usr/bin/ps,/var/ossec,audit-wazuh-c,SYSCALL,/bin/ps,,,,,
2026-09-26T12:16:31.253Z,victima-linux,80792,3,Audit: Command: /usr/bin/dash.,audit|audit_command,RS2,/usr/bin/dash,/var/ossec,audit-wazuh-c,SYSCALL,/bin/sh,,,,,
2026-09-26T12:16:31.255Z,victima-linux,80792,3,Audit: Command: /usr/bin/ps.,audit|audit_command,RS2,/usr/bin/ps,/var/ossec,audit-wazuh-c,SYSCALL,/bin/ps,,,,,
2026-09-26T12:16:31.258Z,victima-linux,80792,3,Audit: Command: /usr/bin/dash.,audit|audit_command,RS2,/usr/bin/dash,/var/ossec,audit-wazuh-c,SYSCALL,/bin/sh,,,,,
2026-09-26T12:16:31.260Z,victima-linux,80792,3,Audit: Command: /usr/bin/ps.,audit|audit_command,RS2,/usr/bin/ps,/var/ossec,audit-wazuh-c,SYSCALL,/bin/ps,,,,,
2026-09-26T12:16:31.262Z,victima-linux,80792,3,Audit: Command: /usr/bin/dash.,audit|audit_command,RS2,/usr/bin/dash,/var/ossec,audit-wazuh-c,SYSCALL,/bin/sh,,,,,
2026-09-26T12:16:31.264Z,victima-linux,80792,3,Audit: Command: /usr/bin/ps.,audit|audit_command,RS2,/usr/bin/ps,/var/ossec,audit-wazuh-c,SYSCALL,/bin/ps,,,,,
2026-09-26T12:16:31.267Z,victima-linux,80792,3,Audit: Command: /usr/bin/dash.,audit|audit_command,RS2,/usr/bin/dash,/var/ossec,audit-wazuh-c,SYSCALL,/bin/sh,,,,,
2026-09-26T12:16:31.269Z,victima-linux,80792,3,Audit: Command: /usr/bin/ps.,audit|audit_command,RS2,/usr/bin/ps,/var/ossec,audit-wazuh-c,SYSCALL,/bin/ps,,,,,
2026-09-26T12:16:31.271Z,victima-linux,80792,3,Audit: Command: /usr/bin/dash.,audit|audit_command,RS2,/usr/bin/dash,/var/ossec,audit-wazuh-c,SYSCALL,/bin/sh,,,,,
2026-09-26T12:16:31.274Z,victima-linux,80792,3,Audit: Command: /usr/bin/ps.,audit|audit_command,RS2,/usr/bin/ps,/var/ossec,audit-wazuh-c,SYSCALL,/bin/ps,,,,,
2026-09-26T12:16:31.276Z,victima-linux,80792,3,Audit: Command: /usr/bin/dash.,audit|audit_command,RS2,/usr/bin/dash,/var/ossec,audit-wazuh-c,SYSCALL,/bin/sh,,,,,
2026-09-26T12:16:31.278Z,victima-linux,80792,3,Audit: Command: /usr/bin/ps.,audit|audit_command,RS2,/usr/bin/ps,/var/ossec,audit-wazuh-c,SYSCALL,/bin/ps,,,,,
2026-09-26T12:16:31.281Z,victima-linux,80792,3,Audit: Command: /usr/bin/dash.,audit|audit_command,RS2,/usr/bin/dash,/var/ossec,audit-wazuh-c,SYSCALL,/bin/sh,,,,,
2026-09-26T12:16:31.283Z,victima-linux,80792,3,Audit: Command: /usr/bin/ps.,audit|audit_command,RS2,/usr/bin/ps,/var/ossec,audit-wazuh-c,SYSCALL,/bin/ps,,,,,
2026-09-26T12:16:31.286Z,victima-linux,80792,3,Audit: Command: /usr/bin/dash.,audit|audit_command,RS2,/usr/bin/dash,/var/ossec,audit-wazuh-c,SYSCALL,/bin/sh,,,,,
2026-09-26T12:16:31.288Z,victima-linux,80792,3,Audit: Command: /usr/bin/ps.,audit|audit_command,RS2,/usr/bin/ps,/var/ossec,audit-wazuh-c,SYSCALL,/bin/ps,,,,,
2026-09-26T12:16:31.290Z,victima-linux,80792,3,Audit: Command: /usr/bin/dash.,audit|audit_command,RS2,/usr/bin/dash,/var/ossec,audit-wazuh-c,SYSCALL,/bin/sh,,,,,
2026-09-26T12:16:31.292Z,victima-linux,80792,3,Audit: Command: /usr/bin/ps.,audit|audit_command,RS2,/usr/bin/ps,/var/ossec,audit-wazuh-c,SYSCALL,/bin/ps,,,,,
2026-09-26T12:16:31.295Z,victima-linux,80792,3,Audit: Command: /usr/bin/dash.,audit|audit_command,RS2,/usr/bin/dash,/var/ossec,audit-wazuh-c,SYSCALL,/bin/sh,,,,,
2026-09-26T12:16:31.297Z,victima-linux,80792,3,Audit: Command: /usr/bin/ps.,audit|audit_command,RS2,/usr/bin/ps,/var/ossec,audit-wazuh-c,SYSCALL,/bin/ps,,,,,
2026-09-26T12:16:31.300Z,victima-linux,80792,3,Audit: Command: /usr/bin/dash.,audit|audit_command,RS2,/usr/bin/dash,/var/ossec,audit-wazuh-c,SYSCALL,/bin/sh,,,,,
2026-09-26T12:16:31.302Z,victima-linux,80792,3,Audit: Command: /usr/bin/ps.,audit|audit_command,RS2,/usr/bin/ps,/var/ossec,audit-wazuh-c,SYSCALL,/bin/ps,,,,,
2026-09-26T12:16:31.304Z,victima-linux,80792,3,Audit: Command: /usr/bin/dash.,audit|audit_command,RS2,/usr/bin/dash,/var/ossec,audit-wazuh-c,SYSCALL,/bin/sh,,,,,
2026-09-26T12:16:31.306Z,victima-linux,80792,3,Audit: Command: /usr/bin/ps.,audit|audit_command,RS2,/usr/bin/ps,/var/ossec,audit-wazuh-c,SYSCALL,/bin/ps,,,,,
2026-09-26T12:16:31.308Z,victima-linux,80792,3,Audit: Command: /usr/bin/dash.,audit|audit_command,RS2,/usr/bin/dash,/var/ossec,audit-wazuh-c,SYSCALL,/bin/sh,,,,,
2026-09-26T12:16:31.311Z,victima-linux,80792,3,Audit: Command: /usr/bin/ps.,audit|audit_command,RS2,/usr/bin/ps,/var/ossec,audit-wazuh-c,SYSCALL,/bin/ps,,,,,
2026-09-26T12:16:31.313Z,victima-linux,80792,3,Audit: Command: /usr/bin/dash.,audit|audit_command,RS2,/usr/bin/dash,/var/ossec,audit-wazuh-c,SYSCALL,/bin/sh,,,,,
2026-09-26T12:16:31.316Z,victima-linux,80792,3,Audit: Command: /usr/bin/ps.,audit|audit_command,RS2,/usr/bin/ps,/var/ossec,audit-wazuh-c,SYSCALL,/bin/ps,,,,,
2026-09-26T12:16:31.318Z,victima-linux,80792,3,Audit: Command: /usr/bin/dash.,audit|audit_command,RS2,/usr/bin/dash,/var/ossec,audit-wazuh-c,SYSCALL,/bin/sh,,,,,
2026-09-26T12:16:31.321Z,victima-linux,80792,3,Audit: Command: /usr/bin/ps.,audit|audit_command,RS2,/usr/bin/ps,/var/ossec,audit-wazuh-c,SYSCALL,/bin/ps,,,,,
2026-09-26T12:16:31.323Z,victima-linux,80792,3,Audit: Command: /usr/bin/dash.,audit|audit_command,RS2,/usr/bin/dash,/var/ossec,audit-wazuh-c,SYSCALL,/bin/sh,,,,,
2026-09-26T12:16:31.325Z,victima-linux,80792,3,Audit: Command: /usr/bin/ps.,audit|audit_command,RS2,/usr/bin/ps,/var/ossec,audit-wazuh-c,SYSCALL,/bin/ps,,,,,
2026-09-26T12:16:33.198Z,victima-linux,80792,3,Audit: Command: /usr/bin/dash.,audit|audit_command,RS2,/usr/bin/dash,/var/ossec,audit-wazuh-c,SYSCALL,/bin/sh,,,,,
2026-09-26T12:16:33.198Z,victima-linux,80792,3,Audit: Command: /usr/bin/ps.,audit|audit_command,RS2,/usr/bin/ps,/var/ossec,audit-wazuh-c,SYSCALL,/bin/ps,,,,,
2026-09-26T12:16:33.200Z,victima-linux,80792,3,Audit: Command: /usr/bin/dash.,audit|audit_command,RS2,/usr/bin/dash,/var/ossec,audit-wazuh-c,SYSCALL,/bin/sh,,,,,
2026-09-26T12:16:33.203Z,victima-linux,80792,3,Audit: Command: /usr/bin/ps.,audit|audit_command,RS2,/usr/bin/ps,/var/ossec,audit-wazuh-c,SYSCALL,/bin/ps,,,,,
2026-09-26T12:16:33.205Z,victima-linux,80792,3,Audit: Command: /usr/bin/dash.,audit|audit_command,RS2,/usr/bin/dash,/var/ossec,audit-wazuh-c,SYSCALL,/bin/sh,,,,,
2026-09-26T12:16:33.208Z,victima-linux,80792,3,Audit: Command: /usr/bin/ps.,audit|audit_command,RS2,/usr/bin/ps,/var/ossec,audit-wazuh-c,SYSCALL,/bin/ps,,,,,
2026-09-26T12:16:33.210Z,victima-linux,80792,3,Audit: Command: /usr/bin/dash.,audit|audit_command,RS2,/usr/bin/dash,/var/ossec,audit-wazuh-c,SYSCALL,/bin/sh,,,,,
2026-09-26T12:16:33.212Z,victima-linux,80792,3,Audit: Command: /usr/bin/ps.,audit|audit_command,RS2,/usr/bin/ps,/var/ossec,audit-wazuh-c,SYSCALL,/bin/ps,,,,,
2026-09-26T12:16:33.215Z,victima-linux,80792,3,Audit: Command: /usr/bin/dash.,audit|audit_command,RS2,/usr/bin/dash,/var/ossec,audit-wazuh-c,SYSCALL,/bin/sh,,,,,
2026-09-26T12:16:33.217Z,victima-linux,80792,3,Audit: Command: /usr/bin/ps.,audit|audit_command,RS2,/usr/bin/ps,/var/ossec,audit-wazuh-c,SYSCALL,/bin/ps,,,,,
2026-09-26T12:16:33.220Z,victima-linux,80792,3,Audit: Command: /usr/bin/dash.,audit|audit_command,RS2,/usr/bin/dash,/var/ossec,audit-wazuh-c,SYSCALL,/bin/sh,,,,,
2026-09-26T12:16:33.222Z,victima-linux,80792,3,Audit: Command: /usr/bin/ps.,audit|audit_command,RS2,/usr/bin/ps,/var/ossec,audit-wazuh-c,SYSCALL,/bin/ps,,,,,
2026-09-26T12:16:33.224Z,victima-linux,80792,3,Audit: Command: /usr/bin/dash.,audit|audit_command,RS2,/usr/bin/dash,/var/ossec,audit-wazuh-c,SYSCALL,/bin/sh,,,,,
2026-09-26T12:16:33.226Z,victima-linux,80792,3,Audit: Command: /usr/bin/ps.,audit|audit_command,RS2,/usr/bin/ps,/var/ossec,audit-wazuh-c,SYSCALL,/bin/ps,,,,,
2026-09-26T12:16:33.229Z,victima-linux,80792,3,Audit: Command: /usr/bin/dash.,audit|audit_command,RS2,/usr/bin/dash,/var/ossec,audit-wazuh-c,SYSCALL,/bin/sh,,,,,
2026-09-26T12:16:33.231Z,victima-linux,80792,3,Audit: Command: /usr/bin/ps.,audit|audit_command,RS2,/usr/bin/ps,/var/ossec,audit-wazuh-c,SYSCALL,/bin/ps,,,,,
2026-09-26T12:16:33.234Z,victima-linux,80792,3,Audit: Command: /usr/bin/dash.,audit|audit_command,RS2,/usr/bin/dash,/var/ossec,audit-wazuh-c,SYSCALL,/bin/sh,,,,,
2026-09-26T12:16:33.236Z,victima-linux,80792,3,Audit: Command: /usr/bin/ps.,audit|audit_command,RS2,/usr/bin/ps,/var/ossec,audit-wazuh-c,SYSCALL,/bin/ps,,,,,
2026-09-26T12:16:33.239Z,victima-linux,80792,3,Audit: Command: /usr/bin/dash.,audit|audit_command,RS2,/usr/bin/dash,/var/ossec,audit-wazuh-c,SYSCALL,/bin/sh,,,,,
2026-09-26T12:16:33.241Z,victima-linux,80792,3,Audit: Command: /usr/bin/ps.,audit|audit_command,RS2,/usr/bin/ps,/var/ossec,audit-wazuh-c,SYSCALL,/bin/ps,,,,,
2026-09-26T12:16:33.244Z,victima-linux,80792,3,Audit: Command: /usr/bin/dash.,audit|audit_command,RS2,/usr/bin/dash,/var/ossec,audit-wazuh-c,SYSCALL,/bin/sh,,,,,
2026-09-26T12:16:33.246Z,victima-linux,80792,3,Audit: Command: /usr/bin/ps.,audit|audit_command,RS2,/usr/bin/ps,/var/ossec,audit-wazuh-c,SYSCALL,/bin/ps,,,,,
2026-09-26T12:16:33.248Z,victima-linux,80792,3,Audit: Command: /usr/bin/dash.,audit|audit_command,RS2,/usr/bin/dash,/var/ossec,audit-wazuh-c,SYSCALL,/bin/sh,,,,,
2026-09-26T12:16:33.250Z,victima-linux,80792,3,Audit: Command: /usr/bin/ps.,audit|audit_command,RS2,/usr/bin/ps,/var/ossec,audit-wazuh-c,SYSCALL,/bin/ps,,,,,
2026-09-26T12:16:33.252Z,victima-linux,80792,3,Audit: Command: /usr/bin/dash.,audit|audit_command,RS2,/usr/bin/dash,/var/ossec,audit-wazuh-c,SYSCALL,/bin/sh,,,,,
2026-09-26T12:16:33.255Z,victima-linux,80792,3,Audit: Command: /usr/bin/ps.,audit|audit_command,RS2,/usr/bin/ps,/var/ossec,audit-wazuh-c,SYSCALL,/bin/ps,,,,,
2026-09-26T12:16:33.257Z,victima-linux,80792,3,Audit: Command: /usr/bin/dash.,audit|audit_command,RS2,/usr/bin/dash,/var/ossec,audit-wazuh-c,SYSCALL,/bin/sh,,,,,
2026-09-26T12:16:33.260Z,victima-linux,80792,3,Audit: Command: /usr/bin/ps.,audit|audit_command,RS2,/usr/bin/ps,/var/ossec,audit-wazuh-c,SYSCALL,/bin/ps,,,,,
2026-09-26T12:16:33.262Z,victima-linux,80792,3,Audit: Command: /usr/bin/dash.,audit|audit_command,RS2,/usr/bin/dash,/var/ossec,audit-wazuh-c,SYSCALL,/bin/sh,,,,,
2026-09-26T12:16:33.264Z,victima-linux,80792,3,Audit: Command: /usr/bin/ps.,audit|audit_command,RS2,/usr/bin/ps,/var/ossec,audit-wazuh-c,SYSCALL,/bin/ps,,,,,
2026-09-26T12:16:33.267Z,victima-linux,80792,3,Audit: Command: /usr/bin/dash.,audit|audit_command,RS2,/usr/bin/dash,/var/ossec,audit-wazuh-c,SYSCALL,/bin/sh,,,,,
2026-09-26T12:16:33.269Z,victima-linux,80792,3,Audit: Command: /usr/bin/ps.,audit|audit_command,RS2,/usr/bin/ps,/var/ossec,audit-wazuh-c,SYSCALL,/bin/ps,,,,,
2026-09-26T12:16:33.272Z,victima-linux,80792,3,Audit: Command: /usr/bin/dash.,audit|audit_command,RS2,/usr/bin/dash,/var/ossec,audit-wazuh-c,SYSCALL,/bin/sh,,,,,
2026-09-26T12:16:33.274Z,victima-linux,80792,3,Audit: Command: /usr/bin/ps.,audit|audit_command,RS2,/usr/bin/ps,/var/ossec,audit-wazuh-c,SYSCALL,/bin/ps,,,,,
2026-09-26T12:16:33.276Z,victima-linux,80792,3,Audit: Command: /usr/bin/dash.,audit|audit_command,RS2,/usr/bin/dash,/var/ossec,audit-wazuh-c,SYSCALL,/bin/sh,,,,,
2026-09-26T12:16:33.279Z,victima-linux,80792,3,Audit: Command: /usr/bin/ps.,audit|audit_command,RS2,/usr/bin/ps,/var/ossec,audit-wazuh-c,SYSCALL,/bin/ps,,,,,
2026-09-26T12:16:33.281Z,victima-linux,80792,3,Audit: Command: /usr/bin/dash.,audit|audit_command,RS2,/usr/bin/dash,/var/ossec,audit-wazuh-c,SYSCALL,/bin/sh,,,,,
2026-09-26T12:16:33.283Z,victima-linux,80792,3,Audit: Command: /usr/bin/ps.,audit|audit_command,RS2,/usr/bin/ps,/var/ossec,audit-wazuh-c,SYSCALL,/bin/ps,,,,,
2026-09-26T12:16:33.286Z,victima-linux,80792,3,Audit: Command: /usr/bin/dash.,audit|audit_command,RS2,/usr/bin/dash,/var/ossec,audit-wazuh-c,SYSCALL,/bin/sh,,,,,
2026-09-26T12:16:33.288Z,victima-linux,80792,3,Audit: Command: /usr/bin/ps.,audit|audit_command,RS2,/usr/bin/ps,/var/ossec,audit-wazuh-c,SYSCALL,/bin/ps,,,,,
2026-09-26T12:16:33.290Z,victima-linux,80792,3,Audit: Command: /usr/bin/dash.,audit|audit_command,RS2,/usr/bin/dash,/var/ossec,audit-wazuh-c,SYSCALL,/bin/sh,,,,,
2026-09-26T12:16:33.292Z,victima-linux,80792,3,Audit: Command: /usr/bin/ps.,audit|audit_command,RS2,/usr/bin/ps,/var/ossec,audit-wazuh-c,SYSCALL,/bin/ps,,,,,
2026-09-26T12:16:33.295Z,victima-linux,80792,3,Audit: Command: /usr/bin/dash.,audit|audit_command,RS2,/usr/bin/dash,/var/ossec,audit-wazuh-c,SYSCALL,/bin/sh,,,,,
2026-09-26T12:16:33.297Z,victima-linux,80792,3,Audit: Command: /usr/bin/ps.,audit|audit_command,RS2,/usr/bin/ps,/var/ossec,audit-wazuh-c,SYSCALL,/bin/ps,,,,,
2026-09-26T12:16:33.300Z,victima-linux,80792,3,Audit: Command: /usr/bin/dash.,audit|audit_command,RS2,/usr/bin/dash,/var/ossec,audit-wazuh-c,SYSCALL,/bin/sh,,,,,
2026-09-26T12:16:33.302Z,victima-linux,80792,3,Audit: Command: /usr/bin/ps.,audit|audit_command,RS2,/usr/bin/ps,/var/ossec,audit-wazuh-c,SYSCALL,/bin/ps,,,,,
2026-09-26T12:16:33.304Z,victima-linux,80792,3,Audit: Command: /usr/bin/dash.,audit|audit_command,RS2,/usr/bin/dash,/var/ossec,audit-wazuh-c,SYSCALL,/bin/sh,,,,,
2026-09-26T12:16:33.306Z,victima-linux,80792,3,Audit: Command: /usr/bin/ps.,audit|audit_command,RS2,/usr/bin/ps,/var/ossec,audit-wazuh-c,SYSCALL,/bin/ps,,,,,
2026-09-26T12:16:33.308Z,victima-linux,80792,3,Audit: Command: /usr/bin/dash.,audit|audit_command,RS2,/usr/bin/dash,/var/ossec,audit-wazuh-c,SYSCALL,/bin/sh,,,,,
2026-09-26T12:16:33.311Z,victima-linux,80792,3,Audit: Command: /usr/bin/ps.,audit|audit_command,RS2,/usr/bin/ps,/var/ossec,audit-wazuh-c,SYSCALL,/bin/ps,,,,,
2026-09-26T12:16:33.313Z,victima-linux,80792,3,Audit: Command: /usr/bin/dash.,audit|audit_command,RS2,/usr/bin/dash,/var/ossec,audit-wazuh-c,SYSCALL,/bin/sh,,,,,
2026-09-26T12:16:33.315Z,victima-linux,80792,3,Audit: Command: /usr/bin/ps.,audit|audit_command,RS2,/usr/bin/ps,/var/ossec,audit-wazuh-c,SYSCALL,/bin/ps,,,,,
2026-09-26T12:16:33.318Z,victima-linux,80792,3,Audit: Command: /usr/bin/dash.,audit|audit_command,RS2,/usr/bin/dash,/var/ossec,audit-wazuh-c,SYSCALL,/bin/sh,,,,,
2026-09-26T12:16:33.320Z,victima-linux,80792,3,Audit: Command: /usr/bin/ps.,audit|audit_command,RS2,/usr/bin/ps,/var/ossec,audit-wazuh-c,SYSCALL,/bin/ps,,,,,
2026-09-26T12:16:33.323Z,victima-linux,80792,3,Audit: Command: /usr/bin/dash.,audit|audit_command,RS2,/usr/bin/dash,/var/ossec,audit-wazuh-c,SYSCALL,/bin/sh,,,,,
2026-09-26T12:16:33.325Z,victima-linux,80792,3,Audit: Command: /usr/bin/ps.,audit|audit_command,RS2,/usr/bin/ps,/var/ossec,audit-wazuh-c,SYSCALL,/bin/ps,,,,,
2026-09-26T12:16:33.327Z,victima-linux,80792,3,Audit: Command: /usr/bin/dash.,audit|audit_command,RS2,/usr/bin/dash,/var/ossec,audit-wazuh-c,SYSCALL,/bin/sh,,,,,
2026-09-26T12:16:33.329Z,victima-linux,80792,3,Audit: Command: /usr/bin/ps.,audit|audit_command,RS2,/usr/bin/ps,/var/ossec,audit-wazuh-c,SYSCALL,/bin/ps,,,,,
2026-09-26T12:16:35.194Z,victima-linux,80792,3,Audit: Command: /usr/bin/dash.,audit|audit_command,RS2,/usr/bin/dash,/var/ossec,audit-wazuh-c,SYSCALL,/bin/sh,,,,,
2026-09-26T12:16:35.200Z,victima-linux,80792,3,Audit: Command: /usr/bin/dash.,audit|audit_command,RS2,/usr/bin/dash,/var/ossec,audit-wazuh-c,SYSCALL,/bin/sh,,,,,
2026-09-26T12:16:35.200Z,victima-linux,80792,3,Audit: Command: /usr/bin/ps.,audit|audit_command,RS2,/usr/bin/ps,/var/ossec,audit-wazuh-c,SYSCALL,/bin/ps,,,,,
2026-09-26T12:16:35.200Z,victima-linux,80792,3,Audit: Command: /usr/bin/ps.,audit|audit_command,RS2,/usr/bin/ps,/var/ossec,audit-wazuh-c,SYSCALL,/bin/ps,,,,,
2026-09-26T12:16:35.207Z,victima-linux,80792,3,Audit: Command: /usr/bin/dash.,audit|audit_command,RS2,/usr/bin/dash,/var/ossec,audit-wazuh-c,SYSCALL,/bin/sh,,,,,
2026-09-26T12:16:35.207Z,victima-linux,80792,3,Audit: Command: /usr/bin/dash.,audit|audit_command,RS2,/usr/bin/dash,/var/ossec,audit-wazuh-c,SYSCALL,/bin/sh,,,,,
2026-09-26T12:16:35.207Z,victima-linux,80792,3,Audit: Command: /usr/bin/ps.,audit|audit_command,RS2,/usr/bin/ps,/var/ossec,audit-wazuh-c,SYSCALL,/bin/ps,,,,,
2026-09-26T12:16:35.214Z,victima-linux,80792,3,Audit: Command: /usr/bin/dash.,audit|audit_command,RS2,/usr/bin/dash,/var/ossec,audit-wazuh-c,SYSCALL,/bin/sh,,,,,
2026-09-26T12:16:35.214Z,victima-linux,80792,3,Audit: Command: /usr/bin/ps.,audit|audit_command,RS2,/usr/bin/ps,/var/ossec,audit-wazuh-c,SYSCALL,/bin/ps,,,,,
2026-09-26T12:16:35.214Z,victima-linux,80792,3,Audit: Command: /usr/bin/ps.,audit|audit_command,RS2,/usr/bin/ps,/var/ossec,audit-wazuh-c,SYSCALL,/bin/ps,,,,,
2026-09-26T12:16:35.221Z,victima-linux,80792,3,Audit: Command: /usr/bin/dash.,audit|audit_command,RS2,/usr/bin/dash,/var/ossec,audit-wazuh-c,SYSCALL,/bin/sh,,,,,
2026-09-26T12:16:35.221Z,victima-linux,80792,3,Audit: Command: /usr/bin/ps.,audit|audit_command,RS2,/usr/bin/ps,/var/ossec,audit-wazuh-c,SYSCALL,/bin/ps,,,,,
2026-09-26T12:16:35.222Z,victima-linux,80792,3,Audit: Command: /usr/bin/dash.,audit|audit_command,RS2,/usr/bin/dash,/var/ossec,audit-wazuh-c,SYSCALL,/bin/sh,,,,,
2026-09-26T12:16:35.228Z,victima-linux,80792,3,Audit: Command: /usr/bin/dash.,audit|audit_command,RS2,/usr/bin/dash,/var/ossec,audit-wazuh-c,SYSCALL,/bin/sh,,,,,
2026-09-26T12:16:35.228Z,victima-linux,80792,3,Audit: Command: /usr/bin/ps.,audit|audit_command,RS2,/usr/bin/ps,/var/ossec,audit-wazuh-c,SYSCALL,/bin/ps,,,,,
2026-09-26T12:16:35.228Z,victima-linux,80792,3,Audit: Command: /usr/bin/ps.,audit|audit_command,RS2,/usr/bin/ps,/var/ossec,audit-wazuh-c,SYSCALL,/bin/ps,,,,,
2026-09-26T12:16:35.236Z,victima-linux,80792,3,Audit: Command: /usr/bin/dash.,audit|audit_command,RS2,/usr/bin/dash,/var/ossec,audit-wazuh-c,SYSCALL,/bin/sh,,,,,
2026-09-26T12:16:35.236Z,victima-linux,80792,3,Audit: Command: /usr/bin/dash.,audit|audit_command,RS2,/usr/bin/dash,/var/ossec,audit-wazuh-c,SYSCALL,/bin/sh,,,,,
2026-09-26T12:16:35.236Z,victima-linux,80792,3,Audit: Command: /usr/bin/ps.,audit|audit_command,RS2,/usr/bin/ps,/var/ossec,audit-wazuh-c,SYSCALL,/bin/ps,,,,,
2026-09-26T12:16:35.243Z,victima-linux,80792,3,Audit: Command: /usr/bin/dash.,audit|audit_command,RS2,/usr/bin/dash,/var/ossec,audit-wazuh-c,SYSCALL,/bin/sh,,,,,
2026-09-26T12:16:35.243Z,victima-linux,80792,3,Audit: Command: /usr/bin/ps.,audit|audit_command,RS2,/usr/bin/ps,/var/ossec,audit-wazuh-c,SYSCALL,/bin/ps,,,,,
2026-09-26T12:16:35.243Z,victima-linux,80792,3,Audit: Command: /usr/bin/ps.,audit|audit_command,RS2,/usr/bin/ps,/var/ossec,audit-wazuh-c,SYSCALL,/bin/ps,,,,,
2026-09-26T12:16:35.250Z,victima-linux,80792,3,Audit: Command: /usr/bin/dash.,audit|audit_command,RS2,/usr/bin/dash,/var/ossec,audit-wazuh-c,SYSCALL,/bin/sh,,,,,
2026-09-26T12:16:35.251Z,victima-linux,80792,3,Audit: Command: /usr/bin/dash.,audit|audit_command,RS2,/usr/bin/dash,/var/ossec,audit-wazuh-c,SYSCALL,/bin/sh,,,,,
2026-09-26T12:16:35.251Z,victima-linux,80792,3,Audit: Command: /usr/bin/ps.,audit|audit_command,RS2,/usr/bin/ps,/var/ossec,audit-wazuh-c,SYSCALL,/bin/ps,,,,,
2026-09-26T12:16:35.257Z,victima-linux,80791,3,Audit: Deleted: var/run/.,audit|audit_watch_delete|audit_watch_write,RS2,/var/ossec/bin/wazuh-agentd,/var/ossec,audit-wazuh-w,SYSCALL,var/run/,var/run/,,,,
2026-09-26T12:16:35.257Z,victima-linux,80792,3,Audit: Command: /usr/bin/dash.,audit|audit_command,RS2,/usr/bin/dash,/var/ossec,audit-wazuh-c,SYSCALL,/bin/sh,,,,,
2026-09-26T12:16:35.257Z,victima-linux,80792,3,Audit: Command: /usr/bin/ps.,audit|audit_command,RS2,/usr/bin/ps,/var/ossec,audit-wazuh-c,SYSCALL,/bin/ps,,,,,
2026-09-26T12:16:35.264Z,victima-linux,80792,3,Audit: Command: /usr/bin/dash.,audit|audit_command,RS2,/usr/bin/dash,/var/ossec,audit-wazuh-c,SYSCALL,/bin/sh,,,,,
2026-09-26T12:16:35.264Z,victima-linux,80792,3,Audit: Command: /usr/bin/ps.,audit|audit_command,RS2,/usr/bin/ps,/var/ossec,audit-wazuh-c,SYSCALL,/bin/ps,,,,,
2026-09-26T12:16:35.264Z,victima-linux,80792,3,Audit: Command: /usr/bin/ps.,audit|audit_command,RS2,/usr/bin/ps,/var/ossec,audit-wazuh-c,SYSCALL,/bin/ps,,,,,
2026-09-26T12:16:35.271Z,victima-linux,80792,3,Audit: Command: /usr/bin/dash.,audit|audit_command,RS2,/usr/bin/dash,/var/ossec,audit-wazuh-c,SYSCALL,/bin/sh,,,,,
2026-09-26T12:16:35.271Z,victima-linux,80792,3,Audit: Command: /usr/bin/dash.,audit|audit_command,RS2,/usr/bin/dash,/var/ossec,audit-wazuh-c,SYSCALL,/bin/sh,,,,,
2026-09-26T12:16:35.271Z,victima-linux,80792,3,Audit: Command: /usr/bin/ps.,audit|audit_command,RS2,/usr/bin/ps,/var/ossec,audit-wazuh-c,SYSCALL,/bin/ps,,,,,
2026-09-26T12:16:35.278Z,victima-linux,80792,3,Audit: Command: /usr/bin/dash.,audit|audit_command,RS2,/usr/bin/dash,/var/ossec,audit-wazuh-c,SYSCALL,/bin/sh,,,,,
2026-09-26T12:16:35.278Z,victima-linux,80792,3,Audit: Command: /usr/bin/ps.,audit|audit_command,RS2,/usr/bin/ps,/var/ossec,audit-wazuh-c,SYSCALL,/bin/ps,,,,,
2026-09-26T12:16:35.278Z,victima-linux,80792,3,Audit: Command: /usr/bin/ps.,audit|audit_command,RS2,/usr/bin/ps,/var/ossec,audit-wazuh-c,SYSCALL,/bin/ps,,,,,
2026-09-26T12:16:35.285Z,victima-linux,80792,3,Audit: Command: /usr/bin/dash.,audit|audit_command,RS2,/usr/bin/dash,/var/ossec,audit-wazuh-c,SYSCALL,/bin/sh,,,,,
2026-09-26T12:16:35.285Z,victima-linux,80792,3,Audit: Command: /usr/bin/dash.,audit|audit_command,RS2,/usr/bin/dash,/var/ossec,audit-wazuh-c,SYSCALL,/bin/sh,,,,,
2026-09-26T12:16:35.285Z,victima-linux,80792,3,Audit: Command: /usr/bin/ps.,audit|audit_command,RS2,/usr/bin/ps,/var/ossec,audit-wazuh-c,SYSCALL,/bin/ps,,,,,
2026-09-26T12:16:35.292Z,victima-linux,80792,3,Audit: Command: /usr/bin/dash.,audit|audit_command,RS2,/usr/bin/dash,/var/ossec,audit-wazuh-c,SYSCALL,/bin/sh,,,,,
2026-09-26T12:16:35.292Z,victima-linux,80792,3,Audit: Command: /usr/bin/ps.,audit|audit_command,RS2,/usr/bin/ps,/var/ossec,audit-wazuh-c,SYSCALL,/bin/ps,,,,,
2026-09-26T12:16:35.292Z,victima-linux,80792,3,Audit: Command: /usr/bin/ps.,audit|audit_command,RS2,/usr/bin/ps,/var/ossec,audit-wazuh-c,SYSCALL,/bin/ps,,,,,
2026-09-26T12:16:35.299Z,victima-linux,80792,3,Audit: Command: /usr/bin/dash.,audit|audit_command,RS2,/usr/bin/dash,/var/ossec,audit-wazuh-c,SYSCALL,/bin/sh,,,,,
2026-09-26T12:16:35.299Z,victima-linux,80792,3,Audit: Command: /usr/bin/ps.,audit|audit_command,RS2,/usr/bin/ps,/var/ossec,audit-wazuh-c,SYSCALL,/bin/ps,,,,,
2026-09-26T12:16:35.306Z,victima-linux,80792,3,Audit: Command: /usr/bin/dash.,audit|audit_command,RS2,/usr/bin/dash,/var/ossec,audit-wazuh-c,SYSCALL,/bin/sh,,,,,
2026-09-26T12:16:35.306Z,victima-linux,80792,3,Audit: Command: /usr/bin/ps.,audit|audit_command,RS2,/usr/bin/ps,/var/ossec,audit-wazuh-c,SYSCALL,/bin/ps,,,,,
2026-09-26T12:16:35.306Z,victima-linux,80792,3,Audit: Command: /usr/bin/ps.,audit|audit_command,RS2,/usr/bin/ps,/var/ossec,audit-wazuh-c,SYSCALL,/bin/ps,,,,,
2026-09-26T12:16:35.313Z,victima-linux,80792,3,Audit: Command: /usr/bin/dash.,audit|audit_command,RS2,/usr/bin/dash,/var/ossec,audit-wazuh-c,SYSCALL,/bin/sh,,,,,
2026-09-26T12:16:35.313Z,victima-linux,80792,3,Audit: Command: /usr/bin/dash.,audit|audit_command,RS2,/usr/bin/dash,/var/ossec,audit-wazuh-c,SYSCALL,/bin/sh,,,,,
2026-09-26T12:16:35.313Z,victima-linux,80792,3,Audit: Command: /usr/bin/ps.,audit|audit_command,RS2,/usr/bin/ps,/var/ossec,audit-wazuh-c,SYSCALL,/bin/ps,,,,,
2026-09-26T12:16:35.320Z,victima-linux,80792,3,Audit: Command: /usr/bin/dash.,audit|audit_command,RS2,/usr/bin/dash,/var/ossec,audit-wazuh-c,SYSCALL,/bin/sh,,,,,
2026-09-26T12:16:35.320Z,victima-linux,80792,3,Audit: Command: /usr/bin/ps.,audit|audit_command,RS2,/usr/bin/ps,/var/ossec,audit-wazuh-c,SYSCALL,/bin/ps,,,,,
2026-09-26T12:16:35.320Z,victima-linux,80792,3,Audit: Command: /usr/bin/ps.,audit|audit_command,RS2,/usr/bin/ps,/var/ossec,audit-wazuh-c,SYSCALL,/bin/ps,,,,,
2026-09-26T12:16:35.327Z,victima-linux,80792,3,Audit: Command: /usr/bin/dash.,audit|audit_command,RS2,/usr/bin/dash,/var/ossec,audit-wazuh-c,SYSCALL,/bin/sh,,,,,
2026-09-26T12:16:35.327Z,victima-linux,80792,3,Audit: Command: /usr/bin/dash.,audit|audit_command,RS2,/usr/bin/dash,/var/ossec,audit-wazuh-c,SYSCALL,/bin/sh,,,,,
2026-09-26T12:16:35.327Z,victima-linux,80792,3,Audit: Command: /usr/bin/ps.,audit|audit_command,RS2,/usr/bin/ps,/var/ossec,audit-wazuh-c,SYSCALL,/bin/ps,,,,,
2026-09-26T12:16:35.334Z,victima-linux,80792,3,Audit: Command: /usr/bin/dash.,audit|audit_command,RS2,/usr/bin/dash,/var/ossec,audit-wazuh-c,SYSCALL,/bin/sh,,,,,
2026-09-26T12:16:35.334Z,victima-linux,80792,3,Audit: Command: /usr/bin/ps.,audit|audit_command,RS2,/usr/bin/ps,/var/ossec,audit-wazuh-c,SYSCALL,/bin/ps,,,,,
2026-09-26T12:16:35.335Z,victima-linux,80792,3,Audit: Command: /usr/bin/ps.,audit|audit_command,RS2,/usr/bin/ps,/var/ossec,audit-wazuh-c,SYSCALL,/bin/ps,,,,,
2026-09-26T12:16:36.873Z,wazuh-server,5502,3,PAM: Login session closed.,pam|syslog,RS1,,,,,,,,,,angel
2026-09-26T12:16:37.192Z,victima-linux,80792,3,Audit: Command: /usr/bin/dash.,audit|audit_command,RS2,/usr/bin/dash,/var/ossec,audit-wazuh-c,SYSCALL,/bin/sh,,,,,
2026-09-26T12:16:37.192Z,victima-linux,80792,3,Audit: Command: /usr/bin/ps.,audit|audit_command,RS2,/usr/bin/ps,/var/ossec,audit-wazuh-c,SYSCALL,/bin/ps,,,,,
2026-09-26T12:16:37.194Z,victima-linux,80792,3,Audit: Command: /usr/bin/dash.,audit|audit_command,RS2,/usr/bin/dash,/var/ossec,audit-wazuh-c,SYSCALL,/bin/sh,,,,,
2026-09-26T12:16:37.197Z,victima-linux,80792,3,Audit: Command: /usr/bin/ps.,audit|audit_command,RS2,/usr/bin/ps,/var/ossec,audit-wazuh-c,SYSCALL,/bin/ps,,,,,
2026-09-26T12:16:37.199Z,victima-linux,80792,3,Audit: Command: /usr/bin/dash.,audit|audit_command,RS2,/usr/bin/dash,/var/ossec,audit-wazuh-c,SYSCALL,/bin/sh,,,,,
2026-09-26T12:16:37.201Z,victima-linux,80792,3,Audit: Command: /usr/bin/ps.,audit|audit_command,RS2,/usr/bin/ps,/var/ossec,audit-wazuh-c,SYSCALL,/bin/ps,,,,,
2026-09-26T12:16:37.203Z,victima-linux,80792,3,Audit: Command: /usr/bin/dash.,audit|audit_command,RS2,/usr/bin/dash,/var/ossec,audit-wazuh-c,SYSCALL,/bin/sh,,,,,
2026-09-26T12:16:37.206Z,victima-linux,80792,3,Audit: Command: /usr/bin/ps.,audit|audit_command,RS2,/usr/bin/ps,/var/ossec,audit-wazuh-c,SYSCALL,/bin/ps,,,,,
2026-09-26T12:16:37.208Z,victima-linux,80792,3,Audit: Command: /usr/bin/dash.,audit|audit_command,RS2,/usr/bin/dash,/var/ossec,audit-wazuh-c,SYSCALL,/bin/sh,,,,,
2026-09-26T12:16:37.211Z,victima-linux,80792,3,Audit: Command: /usr/bin/ps.,audit|audit_command,RS2,/usr/bin/ps,/var/ossec,audit-wazuh-c,SYSCALL,/bin/ps,,,,,
2026-09-26T12:16:37.213Z,victima-linux,80792,3,Audit: Command: /usr/bin/dash.,audit|audit_command,RS2,/usr/bin/dash,/var/ossec,audit-wazuh-c,SYSCALL,/bin/sh,,,,,
2026-09-26T12:16:37.216Z,victima-linux,80792,3,Audit: Command: /usr/bin/ps.,audit|audit_command,RS2,/usr/bin/ps,/var/ossec,audit-wazuh-c,SYSCALL,/bin/ps,,,,,
2026-09-26T12:16:37.218Z,victima-linux,80792,3,Audit: Command: /usr/bin/dash.,audit|audit_command,RS2,/usr/bin/dash,/var/ossec,audit-wazuh-c,SYSCALL,/bin/sh,,,,,
2026-09-26T12:16:37.220Z,victima-linux,80792,3,Audit: Command: /usr/bin/ps.,audit|audit_command,RS2,/usr/bin/ps,/var/ossec,audit-wazuh-c,SYSCALL,/bin/ps,,,,,
2026-09-26T12:16:37.222Z,victima-linux,80792,3,Audit: Command: /usr/bin/dash.,audit|audit_command,RS2,/usr/bin/dash,/var/ossec,audit-wazuh-c,SYSCALL,/bin/sh,,,,,
2026-09-26T12:16:37.224Z,victima-linux,80792,3,Audit: Command: /usr/bin/ps.,audit|audit_command,RS2,/usr/bin/ps,/var/ossec,audit-wazuh-c,SYSCALL,/bin/ps,,,,,
2026-09-26T12:16:37.226Z,victima-linux,80792,3,Audit: Command: /usr/bin/dash.,audit|audit_command,RS2,/usr/bin/dash,/var/ossec,audit-wazuh-c,SYSCALL,/bin/sh,,,,,
2026-09-26T12:16:37.229Z,victima-linux,80792,3,Audit: Command: /usr/bin/ps.,audit|audit_command,RS2,/usr/bin/ps,/var/ossec,audit-wazuh-c,SYSCALL,/bin/ps,,,,,
2026-09-26T12:16:37.231Z,victima-linux,80792,3,Audit: Command: /usr/bin/dash.,audit|audit_command,RS2,/usr/bin/dash,/var/ossec,audit-wazuh-c,SYSCALL,/bin/sh,,,,,
2026-09-26T12:16:37.233Z,victima-linux,80792,3,Audit: Command: /usr/bin/ps.,audit|audit_command,RS2,/usr/bin/ps,/var/ossec,audit-wazuh-c,SYSCALL,/bin/ps,,,,,
2026-09-26T12:16:37.236Z,victima-linux,80792,3,Audit: Command: /usr/bin/dash.,audit|audit_command,RS2,/usr/bin/dash,/var/ossec,audit-wazuh-c,SYSCALL,/bin/sh,,,,,
2026-09-26T12:16:37.238Z,victima-linux,80792,3,Audit: Command: /usr/bin/ps.,audit|audit_command,RS2,/usr/bin/ps,/var/ossec,audit-wazuh-c,SYSCALL,/bin/ps,,,,,
2026-09-26T12:16:37.240Z,victima-linux,80791,3,Audit: Deleted: /run/systemd/sessions/2.,audit|audit_watch_delete|audit_watch_write,RS2,/usr/lib/systemd/systemd-logind,/,audit-wazuh-w,SYSCALL,/run/systemd/sessions/2,/run/systemd/sessions/,,,,
2026-09-26T12:16:37.243Z,victima-linux,80791,3,Audit: Deleted: /run/systemd/users/.,audit|audit_watch_delete|audit_watch_write,RS2,/usr/lib/systemd/systemd-logind,/,audit-wazuh-w,SYSCALL,/run/systemd/users/,/run/systemd/users/,,,,
2026-09-26T12:16:37.245Z,victima-linux,80792,3,Audit: Command: /usr/bin/dash.,audit|audit_command,RS2,/usr/bin/dash,/var/ossec,audit-wazuh-c,SYSCALL,/bin/sh,,,,,
2026-09-26T12:16:37.248Z,victima-linux,80792,3,Audit: Command: /usr/bin/ps.,audit|audit_command,RS2,/usr/bin/ps,/var/ossec,audit-wazuh-c,SYSCALL,/bin/ps,,,,,
2026-09-26T12:16:37.250Z,victima-linux,80792,3,Audit: Command: /usr/bin/dash.,audit|audit_command,RS2,/usr/bin/dash,/var/ossec,audit-wazuh-c,SYSCALL,/bin/sh,,,,,
2026-09-26T12:16:37.253Z,victima-linux,80792,3,Audit: Command: /usr/bin/ps.,audit|audit_command,RS2,/usr/bin/ps,/var/ossec,audit-wazuh-c,SYSCALL,/bin/ps,,,,,
2026-09-26T12:16:37.255Z,victima-linux,80792,3,Audit: Command: /usr/bin/dash.,audit|audit_command,RS2,/usr/bin/dash,/var/ossec,audit-wazuh-c,SYSCALL,/bin/sh,,,,,
2026-09-26T12:16:37.258Z,victima-linux,80792,3,Audit: Command: /usr/bin/ps.,audit|audit_command,RS2,/usr/bin/ps,/var/ossec,audit-wazuh-c,SYSCALL,/bin/ps,,,,,
2026-09-26T12:16:37.260Z,victima-linux,80792,3,Audit: Command: /usr/bin/dash.,audit|audit_command,RS2,/usr/bin/dash,/var/ossec,audit-wazuh-c,SYSCALL,/bin/sh,,,,,
2026-09-26T12:16:37.263Z,victima-linux,80792,3,Audit: Command: /usr/bin/ps.,audit|audit_command,RS2,/usr/bin/ps,/var/ossec,audit-wazuh-c,SYSCALL,/bin/ps,,,,,
2026-09-26T12:16:37.265Z,victima-linux,80792,3,Audit: Command: /usr/bin/dash.,audit|audit_command,RS2,/usr/bin/dash,/var/ossec,audit-wazuh-c,SYSCALL,/bin/sh,,,,,
2026-09-26T12:16:37.267Z,victima-linux,80792,3,Audit: Command: /usr/bin/ps.,audit|audit_command,RS2,/usr/bin/ps,/var/ossec,audit-wazuh-c,SYSCALL,/bin/ps,,,,,
2026-09-26T12:16:37.269Z,victima-linux,80792,3,Audit: Command: /usr/bin/dash.,audit|audit_command,RS2,/usr/bin/dash,/var/ossec,audit-wazuh-c,SYSCALL,/bin/sh,,,,,
2026-09-26T12:16:37.272Z,victima-linux,80792,3,Audit: Command: /usr/bin/ps.,audit|audit_command,RS2,/usr/bin/ps,/var/ossec,audit-wazuh-c,SYSCALL,/bin/ps,,,,,
2026-09-26T12:16:37.274Z,victima-linux,80792,3,Audit: Command: /usr/bin/dash.,audit|audit_command,RS2,/usr/bin/dash,/var/ossec,audit-wazuh-c,SYSCALL,/bin/sh,,,,,
2026-09-26T12:16:37.277Z,victima-linux,80792,3,Audit: Command: /usr/bin/ps.,audit|audit_command,RS2,/usr/bin/ps,/var/ossec,audit-wazuh-c,SYSCALL,/bin/ps,,,,,
2026-09-26T12:16:37.279Z,victima-linux,80792,3,Audit: Command: /usr/bin/dash.,audit|audit_command,RS2,/usr/bin/dash,/var/ossec,audit-wazuh-c,SYSCALL,/bin/sh,,,,,
2026-09-26T12:16:37.282Z,victima-linux,80792,3,Audit: Command: /usr/bin/ps.,audit|audit_command,RS2,/usr/bin/ps,/var/ossec,audit-wazuh-c,SYSCALL,/bin/ps,,,,,
2026-09-26T12:16:37.284Z,victima-linux,80792,3,Audit: Command: /usr/bin/dash.,audit|audit_command,RS2,/usr/bin/dash,/var/ossec,audit-wazuh-c,SYSCALL,/bin/sh,,,,,
2026-09-26T12:16:37.286Z,victima-linux,80792,3,Audit: Command: /usr/bin/ps.,audit|audit_command,RS2,/usr/bin/ps,/var/ossec,audit-wazuh-c,SYSCALL,/bin/ps,,,,,
2026-09-26T12:16:37.288Z,victima-linux,80792,3,Audit: Command: /usr/bin/dash.,audit|audit_command,RS2,/usr/bin/dash,/var/ossec,audit-wazuh-c,SYSCALL,/bin/sh,,,,,
2026-09-26T12:16:37.291Z,victima-linux,80792,3,Audit: Command: /usr/bin/ps.,audit|audit_command,RS2,/usr/bin/ps,/var/ossec,audit-wazuh-c,SYSCALL,/bin/ps,,,,,
2026-09-26T12:16:37.293Z,victima-linux,80792,3,Audit: Command: /usr/bin/dash.,audit|audit_command,RS2,/usr/bin/dash,/var/ossec,audit-wazuh-c,SYSCALL,/bin/sh,,,,,
2026-09-26T12:16:37.295Z,victima-linux,80792,3,Audit: Command: /usr/bin/ps.,audit|audit_command,RS2,/usr/bin/ps,/var/ossec,audit-wazuh-c,SYSCALL,/bin/ps,,,,,
2026-09-26T12:16:37.297Z,victima-linux,80792,3,Audit: Command: /usr/bin/dash.,audit|audit_command,RS2,/usr/bin/dash,/var/ossec,audit-wazuh-c,SYSCALL,/bin/sh,,,,,
2026-09-26T12:16:37.300Z,victima-linux,80792,3,Audit: Command: /usr/bin/ps.,audit|audit_command,RS2,/usr/bin/ps,/var/ossec,audit-wazuh-c,SYSCALL,/bin/ps,,,,,
2026-09-26T12:16:37.302Z,victima-linux,80792,3,Audit: Command: /usr/bin/dash.,audit|audit_command,RS2,/usr/bin/dash,/var/ossec,audit-wazuh-c,SYSCALL,/bin/sh,,,,,
2026-09-26T12:16:37.305Z,victima-linux,80792,3,Audit: Command: /usr/bin/ps.,audit|audit_command,RS2,/usr/bin/ps,/var/ossec,audit-wazuh-c,SYSCALL,/bin/ps,,,,,
2026-09-26T12:16:37.307Z,victima-linux,80792,3,Audit: Command: /usr/bin/dash.,audit|audit_command,RS2,/usr/bin/dash,/var/ossec,audit-wazuh-c,SYSCALL,/bin/sh,,,,,
2026-09-26T12:16:37.309Z,victima-linux,80792,3,Audit: Command: /usr/bin/ps.,audit|audit_command,RS2,/usr/bin/ps,/var/ossec,audit-wazuh-c,SYSCALL,/bin/ps,,,,,
2026-09-26T12:16:37.311Z,victima-linux,80792,3,Audit: Command: /usr/bin/dash.,audit|audit_command,RS2,/usr/bin/dash,/var/ossec,audit-wazuh-c,SYSCALL,/bin/sh,,,,,
2026-09-26T12:16:37.314Z,victima-linux,80792,3,Audit: Command: /usr/bin/ps.,audit|audit_command,RS2,/usr/bin/ps,/var/ossec,audit-wazuh-c,SYSCALL,/bin/ps,,,,,
2026-09-26T12:16:37.316Z,victima-linux,80792,3,Audit: Command: /usr/bin/dash.,audit|audit_command,RS2,/usr/bin/dash,/var/ossec,audit-wazuh-c,SYSCALL,/bin/sh,,,,,
2026-09-26T12:16:37.318Z,victima-linux,80792,3,Audit: Command: /usr/bin/ps.,audit|audit_command,RS2,/usr/bin/ps,/var/ossec,audit-wazuh-c,SYSCALL,/bin/ps,,,,,
2026-09-26T12:16:37.321Z,victima-linux,80792,3,Audit: Command: /usr/bin/dash.,audit|audit_command,RS2,/usr/bin/dash,/var/ossec,audit-wazuh-c,SYSCALL,/bin/sh,,,,,
2026-09-26T12:16:37.323Z,victima-linux,80792,3,Audit: Command: /usr/bin/ps.,audit|audit_command,RS2,/usr/bin/ps,/var/ossec,audit-wazuh-c,SYSCALL,/bin/ps,,,,,
2026-09-26T12:16:37.332Z,victima-linux,80792,3,Audit: Command: /usr/bin/dash.,audit|audit_command,RS2,/usr/bin/dash,/var/ossec,audit-wazuh-c,SYSCALL,/bin/sh,,,,,
2026-09-26T12:16:37.334Z,victima-linux,80792,3,Audit: Command: /usr/bin/ps.,audit|audit_command,RS2,/usr/bin/ps,/var/ossec,audit-wazuh-c,SYSCALL,/bin/ps,,,,,
2026-09-26T12:16:39.190Z,victima-linux,80792,3,Audit: Command: /usr/bin/dash.,audit|audit_command,RS2,/usr/bin/dash,/var/ossec,audit-wazuh-c,SYSCALL,/bin/sh,,,,,
2026-09-26T12:16:39.190Z,victima-linux,80792,3,Audit: Command: /usr/bin/ps.,audit|audit_command,RS2,/usr/bin/ps,/var/ossec,audit-wazuh-c,SYSCALL,/bin/ps,,,,,
2026-09-26T12:16:39.192Z,victima-linux,80792,3,Audit: Command: /usr/bin/dash.,audit|audit_command,RS2,/usr/bin/dash,/var/ossec,audit-wazuh-c,SYSCALL,/bin/sh,,,,,
2026-09-26T12:16:39.195Z,victima-linux,80792,3,Audit: Command: /usr/bin/ps.,audit|audit_command,RS2,/usr/bin/ps,/var/ossec,audit-wazuh-c,SYSCALL,/bin/ps,,,,,
2026-09-26T12:16:39.198Z,victima-linux,80792,3,Audit: Command: /usr/bin/dash.,audit|audit_command,RS2,/usr/bin/dash,/var/ossec,audit-wazuh-c,SYSCALL,/bin/sh,,,,,
2026-09-26T12:16:39.200Z,victima-linux,80792,3,Audit: Command: /usr/bin/ps.,audit|audit_command,RS2,/usr/bin/ps,/var/ossec,audit-wazuh-c,SYSCALL,/bin/ps,,,,,
2026-09-26T12:16:39.202Z,victima-linux,80792,3,Audit: Command: /usr/bin/dash.,audit|audit_command,RS2,/usr/bin/dash,/var/ossec,audit-wazuh-c,SYSCALL,/bin/sh,,,,,
2026-09-26T12:16:39.205Z,victima-linux,80792,3,Audit: Command: /usr/bin/ps.,audit|audit_command,RS2,/usr/bin/ps,/var/ossec,audit-wazuh-c,SYSCALL,/bin/ps,,,,,
2026-09-26T12:16:39.207Z,victima-linux,80792,3,Audit: Command: /usr/bin/dash.,audit|audit_command,RS2,/usr/bin/dash,/var/ossec,audit-wazuh-c,SYSCALL,/bin/sh,,,,,
2026-09-26T12:16:39.210Z,victima-linux,80792,3,Audit: Command: /usr/bin/ps.,audit|audit_command,RS2,/usr/bin/ps,/var/ossec,audit-wazuh-c,SYSCALL,/bin/ps,,,,,
2026-09-26T12:16:39.212Z,victima-linux,80792,3,Audit: Command: /usr/bin/dash.,audit|audit_command,RS2,/usr/bin/dash,/var/ossec,audit-wazuh-c,SYSCALL,/bin/sh,,,,,
2026-09-26T12:16:39.215Z,victima-linux,80792,3,Audit: Command: /usr/bin/ps.,audit|audit_command,RS2,/usr/bin/ps,/var/ossec,audit-wazuh-c,SYSCALL,/bin/ps,,,,,
2026-09-26T12:16:39.217Z,victima-linux,80792,3,Audit: Command: /usr/bin/dash.,audit|audit_command,RS2,/usr/bin/dash,/var/ossec,audit-wazuh-c,SYSCALL,/bin/sh,,,,,
2026-09-26T12:16:39.219Z,victima-linux,80792,3,Audit: Command: /usr/bin/ps.,audit|audit_command,RS2,/usr/bin/ps,/var/ossec,audit-wazuh-c,SYSCALL,/bin/ps,,,,,
2026-09-26T12:16:39.222Z,victima-linux,80792,3,Audit: Command: /usr/bin/dash.,audit|audit_command,RS2,/usr/bin/dash,/var/ossec,audit-wazuh-c,SYSCALL,/bin/sh,,,,,
2026-09-26T12:16:39.224Z,victima-linux,80792,3,Audit: Command: /usr/bin/ps.,audit|audit_command,RS2,/usr/bin/ps,/var/ossec,audit-wazuh-c,SYSCALL,/bin/ps,,,,,
2026-09-26T12:16:39.227Z,victima-linux,80792,3,Audit: Command: /usr/bin/dash.,audit|audit_command,RS2,/usr/bin/dash,/var/ossec,audit-wazuh-c,SYSCALL,/bin/sh,,,,,
2026-09-26T12:16:39.229Z,victima-linux,80792,3,Audit: Command: /usr/bin/ps.,audit|audit_command,RS2,/usr/bin/ps,/var/ossec,audit-wazuh-c,SYSCALL,/bin/ps,,,,,
2026-09-26T12:16:39.232Z,victima-linux,80792,3,Audit: Command: /usr/bin/dash.,audit|audit_command,RS2,/usr/bin/dash,/var/ossec,audit-wazuh-c,SYSCALL,/bin/sh,,,,,
2026-09-26T12:16:39.234Z,victima-linux,80792,3,Audit: Command: /usr/bin/ps.,audit|audit_command,RS2,/usr/bin/ps,/var/ossec,audit-wazuh-c,SYSCALL,/bin/ps,,,,,
2026-09-26T12:16:39.236Z,victima-linux,80792,3,Audit: Command: /usr/bin/dash.,audit|audit_command,RS2,/usr/bin/dash,/var/ossec,audit-wazuh-c,SYSCALL,/bin/sh,,,,,
2026-09-26T12:16:39.239Z,victima-linux,80792,3,Audit: Command: /usr/bin/ps.,audit|audit_command,RS2,/usr/bin/ps,/var/ossec,audit-wazuh-c,SYSCALL,/bin/ps,,,,,
2026-09-26T12:16:39.241Z,victima-linux,80792,3,Audit: Command: /usr/bin/dash.,audit|audit_command,RS2,/usr/bin/dash,/var/ossec,audit-wazuh-c,SYSCALL,/bin/sh,,,,,
2026-09-26T12:16:39.244Z,victima-linux,80792,3,Audit: Command: /usr/bin/ps.,audit|audit_command,RS2,/usr/bin/ps,/var/ossec,audit-wazuh-c,SYSCALL,/bin/ps,,,,,
2026-09-26T12:16:39.246Z,victima-linux,80792,3,Audit: Command: /usr/bin/dash.,audit|audit_command,RS2,/usr/bin/dash,/var/ossec,audit-wazuh-c,SYSCALL,/bin/sh,,,,,
2026-09-26T12:16:39.248Z,victima-linux,80792,3,Audit: Command: /usr/bin/ps.,audit|audit_command,RS2,/usr/bin/ps,/var/ossec,audit-wazuh-c,SYSCALL,/bin/ps,,,,,
2026-09-26T12:16:39.251Z,victima-linux,80792,3,Audit: Command: /usr/bin/dash.,audit|audit_command,RS2,/usr/bin/dash,/var/ossec,audit-wazuh-c,SYSCALL,/bin/sh,,,,,
2026-09-26T12:16:39.253Z,victima-linux,80792,3,Audit: Command: /usr/bin/ps.,audit|audit_command,RS2,/usr/bin/ps,/var/ossec,audit-wazuh-c,SYSCALL,/bin/ps,,,,,
2026-09-26T12:16:39.255Z,victima-linux,80792,3,Audit: Command: /usr/bin/dash.,audit|audit_command,RS2,/usr/bin/dash,/var/ossec,audit-wazuh-c,SYSCALL,/bin/sh,,,,,
2026-09-26T12:16:39.258Z,victima-linux,80792,3,Audit: Command: /usr/bin/ps.,audit|audit_command,RS2,/usr/bin/ps,/var/ossec,audit-wazuh-c,SYSCALL,/bin/ps,,,,,
2026-09-26T12:16:39.260Z,victima-linux,80792,3,Audit: Command: /usr/bin/dash.,audit|audit_command,RS2,/usr/bin/dash,/var/ossec,audit-wazuh-c,SYSCALL,/bin/sh,,,,,
2026-09-26T12:16:39.263Z,victima-linux,80792,3,Audit: Command: /usr/bin/ps.,audit|audit_command,RS2,/usr/bin/ps,/var/ossec,audit-wazuh-c,SYSCALL,/bin/ps,,,,,
2026-09-26T12:16:39.265Z,victima-linux,80792,3,Audit: Command: /usr/bin/dash.,audit|audit_command,RS2,/usr/bin/dash,/var/ossec,audit-wazuh-c,SYSCALL,/bin/sh,,,,,
2026-09-26T12:16:39.268Z,victima-linux,80792,3,Audit: Command: /usr/bin/ps.,audit|audit_command,RS2,/usr/bin/ps,/var/ossec,audit-wazuh-c,SYSCALL,/bin/ps,,,,,
2026-09-26T12:16:39.271Z,victima-linux,80792,3,Audit: Command: /usr/bin/dash.,audit|audit_command,RS2,/usr/bin/dash,/var/ossec,audit-wazuh-c,SYSCALL,/bin/sh,,,,,
2026-09-26T12:16:39.273Z,victima-linux,80792,3,Audit: Command: /usr/bin/ps.,audit|audit_command,RS2,/usr/bin/ps,/var/ossec,audit-wazuh-c,SYSCALL,/bin/ps,,,,,
2026-09-26T12:16:39.275Z,victima-linux,80792,3,Audit: Command: /usr/bin/dash.,audit|audit_command,RS2,/usr/bin/dash,/var/ossec,audit-wazuh-c,SYSCALL,/bin/sh,,,,,
2026-09-26T12:16:39.277Z,victima-linux,80792,3,Audit: Command: /usr/bin/ps.,audit|audit_command,RS2,/usr/bin/ps,/var/ossec,audit-wazuh-c,SYSCALL,/bin/ps,,,,,
2026-09-26T12:16:39.279Z,victima-linux,80792,3,Audit: Command: /usr/bin/dash.,audit|audit_command,RS2,/usr/bin/dash,/var/ossec,audit-wazuh-c,SYSCALL,/bin/sh,,,,,
2026-09-26T12:16:39.282Z,victima-linux,80792,3,Audit: Command: /usr/bin/ps.,audit|audit_command,RS2,/usr/bin/ps,/var/ossec,audit-wazuh-c,SYSCALL,/bin/ps,,,,,
2026-09-26T12:16:39.284Z,victima-linux,80792,3,Audit: Command: /usr/bin/dash.,audit|audit_command,RS2,/usr/bin/dash,/var/ossec,audit-wazuh-c,SYSCALL,/bin/sh,,,,,
2026-09-26T12:16:39.286Z,victima-linux,80792,3,Audit: Command: /usr/bin/ps.,audit|audit_command,RS2,/usr/bin/ps,/var/ossec,audit-wazuh-c,SYSCALL,/bin/ps,,,,,
2026-09-26T12:16:39.289Z,victima-linux,80792,3,Audit: Command: /usr/bin/dash.,audit|audit_command,RS2,/usr/bin/dash,/var/ossec,audit-wazuh-c,SYSCALL,/bin/sh,,,,,
2026-09-26T12:16:39.291Z,victima-linux,80792,3,Audit: Command: /usr/bin/ps.,audit|audit_command,RS2,/usr/bin/ps,/var/ossec,audit-wazuh-c,SYSCALL,/bin/ps,,,,,
2026-09-26T12:16:39.294Z,victima-linux,80792,3,Audit: Command: /usr/bin/dash.,audit|audit_command,RS2,/usr/bin/dash,/var/ossec,audit-wazuh-c,SYSCALL,/bin/sh,,,,,
2026-09-26T12:16:39.296Z,victima-linux,80792,3,Audit: Command: /usr/bin/ps.,audit|audit_command,RS2,/usr/bin/ps,/var/ossec,audit-wazuh-c,SYSCALL,/bin/ps,,,,,
2026-09-26T12:16:39.298Z,victima-linux,80792,3,Audit: Command: /usr/bin/dash.,audit|audit_command,RS2,/usr/bin/dash,/var/ossec,audit-wazuh-c,SYSCALL,/bin/sh,,,,,
2026-09-26T12:16:39.300Z,victima-linux,80792,3,Audit: Command: /usr/bin/ps.,audit|audit_command,RS2,/usr/bin/ps,/var/ossec,audit-wazuh-c,SYSCALL,/bin/ps,,,,,
2026-09-26T12:16:39.303Z,victima-linux,80792,3,Audit: Command: /usr/bin/dash.,audit|audit_command,RS2,/usr/bin/dash,/var/ossec,audit-wazuh-c,SYSCALL,/bin/sh,,,,,
2026-09-26T12:16:39.305Z,victima-linux,80792,3,Audit: Command: /usr/bin/ps.,audit|audit_command,RS2,/usr/bin/ps,/var/ossec,audit-wazuh-c,SYSCALL,/bin/ps,,,,,
2026-09-26T12:16:39.307Z,victima-linux,80792,3,Audit: Command: /usr/bin/dash.,audit|audit_command,RS2,/usr/bin/dash,/var/ossec,audit-wazuh-c,SYSCALL,/bin/sh,,,,,
2026-09-26T12:16:39.310Z,victima-linux,80792,3,Audit: Command: /usr/bin/ps.,audit|audit_command,RS2,/usr/bin/ps,/var/ossec,audit-wazuh-c,SYSCALL,/bin/ps,,,,,
2026-09-26T12:16:39.312Z,victima-linux,80792,3,Audit: Command: /usr/bin/dash.,audit|audit_command,RS2,/usr/bin/dash,/var/ossec,audit-wazuh-c,SYSCALL,/bin/sh,,,,,
2026-09-26T12:16:39.314Z,victima-linux,80792,3,Audit: Command: /usr/bin/ps.,audit|audit_command,RS2,/usr/bin/ps,/var/ossec,audit-wazuh-c,SYSCALL,/bin/ps,,,,,
2026-09-26T12:16:39.317Z,victima-linux,80791,3,Audit: Deleted: var/run/.,audit|audit_watch_delete|audit_watch_write,RS2,/var/ossec/bin/wazuh-agentd,/var/ossec,audit-wazuh-w,SYSCALL,var/run/,var/run/,,,,
2026-09-26T12:16:39.324Z,victima-linux,80792,3,Audit: Command: /usr/bin/dash.,audit|audit_command,RS2,/usr/bin/dash,/var/ossec,audit-wazuh-c,SYSCALL,/bin/sh,,,,,
2026-09-26T12:16:39.324Z,victima-linux,80792,3,Audit: Command: /usr/bin/dash.,audit|audit_command,RS2,/usr/bin/dash,/var/ossec,audit-wazuh-c,SYSCALL,/bin/sh,,,,,
2026-09-26T12:16:39.324Z,victima-linux,80792,3,Audit: Command: /usr/bin/ps.,audit|audit_command,RS2,/usr/bin/ps,/var/ossec,audit-wazuh-c,SYSCALL,/bin/ps,,,,,
2026-09-26T12:16:39.326Z,victima-linux,80792,3,Audit: Command: /usr/bin/ps.,audit|audit_command,RS2,/usr/bin/ps,/var/ossec,audit-wazuh-c,SYSCALL,/bin/ps,,,,,
2026-09-26T12:16:39.331Z,victima-linux,80792,3,Audit: Command: /usr/bin/dash.,audit|audit_command,RS2,/usr/bin/dash,/var/ossec,audit-wazuh-c,SYSCALL,/bin/sh,,,,,
2026-09-26T12:16:39.333Z,victima-linux,80792,3,Audit: Command: /usr/bin/ps.,audit|audit_command,RS2,/usr/bin/ps,/var/ossec,audit-wazuh-c,SYSCALL,/bin/ps,,,,,
2026-09-26T12:16:41.187Z,victima-linux,80792,3,Audit: Command: /usr/bin/dash.,audit|audit_command,RS2,/usr/bin/dash,/var/ossec,audit-wazuh-c,SYSCALL,/bin/sh,,,,,
2026-09-26T12:16:41.187Z,victima-linux,80792,3,Audit: Command: /usr/bin/ps.,audit|audit_command,RS2,/usr/bin/ps,/var/ossec,audit-wazuh-c,SYSCALL,/bin/ps,,,,,
2026-09-26T12:16:41.190Z,victima-linux,80792,3,Audit: Command: /usr/bin/dash.,audit|audit_command,RS2,/usr/bin/dash,/var/ossec,audit-wazuh-c,SYSCALL,/bin/sh,,,,,
2026-09-26T12:16:41.192Z,victima-linux,80792,3,Audit: Command: /usr/bin/ps.,audit|audit_command,RS2,/usr/bin/ps,/var/ossec,audit-wazuh-c,SYSCALL,/bin/ps,,,,,
2026-09-26T12:16:41.194Z,victima-linux,80792,3,Audit: Command: /usr/bin/dash.,audit|audit_command,RS2,/usr/bin/dash,/var/ossec,audit-wazuh-c,SYSCALL,/bin/sh,,,,,
2026-09-26T12:16:41.197Z,victima-linux,80792,3,Audit: Command: /usr/bin/ps.,audit|audit_command,RS2,/usr/bin/ps,/var/ossec,audit-wazuh-c,SYSCALL,/bin/ps,,,,,
2026-09-26T12:16:41.200Z,victima-linux,80792,3,Audit: Command: /usr/bin/dash.,audit|audit_command,RS2,/usr/bin/dash,/var/ossec,audit-wazuh-c,SYSCALL,/bin/sh,,,,,
2026-09-26T12:16:41.202Z,victima-linux,80792,3,Audit: Command: /usr/bin/ps.,audit|audit_command,RS2,/usr/bin/ps,/var/ossec,audit-wazuh-c,SYSCALL,/bin/ps,,,,,
2026-09-26T12:16:41.204Z,victima-linux,80792,3,Audit: Command: /usr/bin/dash.,audit|audit_command,RS2,/usr/bin/dash,/var/ossec,audit-wazuh-c,SYSCALL,/bin/sh,,,,,
2026-09-26T12:16:41.206Z,victima-linux,80792,3,Audit: Command: /usr/bin/ps.,audit|audit_command,RS2,/usr/bin/ps,/var/ossec,audit-wazuh-c,SYSCALL,/bin/ps,,,,,
2026-09-26T12:16:41.209Z,victima-linux,80792,3,Audit: Command: /usr/bin/dash.,audit|audit_command,RS2,/usr/bin/dash,/var/ossec,audit-wazuh-c,SYSCALL,/bin/sh,,,,,
2026-09-26T12:16:41.211Z,victima-linux,80792,3,Audit: Command: /usr/bin/ps.,audit|audit_command,RS2,/usr/bin/ps,/var/ossec,audit-wazuh-c,SYSCALL,/bin/ps,,,,,
2026-09-26T12:16:41.214Z,victima-linux,80792,3,Audit: Command: /usr/bin/dash.,audit|audit_command,RS2,/usr/bin/dash,/var/ossec,audit-wazuh-c,SYSCALL,/bin/sh,,,,,
2026-09-26T12:16:41.216Z,victima-linux,80792,3,Audit: Command: /usr/bin/ps.,audit|audit_command,RS2,/usr/bin/ps,/var/ossec,audit-wazuh-c,SYSCALL,/bin/ps,,,,,
2026-09-26T12:16:41.219Z,victima-linux,80792,3,Audit: Command: /usr/bin/dash.,audit|audit_command,RS2,/usr/bin/dash,/var/ossec,audit-wazuh-c,SYSCALL,/bin/sh,,,,,
2026-09-26T12:16:41.221Z,victima-linux,80792,3,Audit: Command: /usr/bin/ps.,audit|audit_command,RS2,/usr/bin/ps,/var/ossec,audit-wazuh-c,SYSCALL,/bin/ps,,,,,
2026-09-26T12:16:41.223Z,victima-linux,80792,3,Audit: Command: /usr/bin/dash.,audit|audit_command,RS2,/usr/bin/dash,/var/ossec,audit-wazuh-c,SYSCALL,/bin/sh,,,,,
2026-09-26T12:16:41.226Z,victima-linux,80792,3,Audit: Command: /usr/bin/ps.,audit|audit_command,RS2,/usr/bin/ps,/var/ossec,audit-wazuh-c,SYSCALL,/bin/ps,,,,,
2026-09-26T12:16:41.228Z,victima-linux,80792,3,Audit: Command: /usr/bin/dash.,audit|audit_command,RS2,/usr/bin/dash,/var/ossec,audit-wazuh-c,SYSCALL,/bin/sh,,,,,
2026-09-26T12:16:41.230Z,victima-linux,80792,3,Audit: Command: /usr/bin/ps.,audit|audit_command,RS2,/usr/bin/ps,/var/ossec,audit-wazuh-c,SYSCALL,/bin/ps,,,,,
2026-09-26T12:16:41.233Z,victima-linux,80792,3,Audit: Command: /usr/bin/dash.,audit|audit_command,RS2,/usr/bin/dash,/var/ossec,audit-wazuh-c,SYSCALL,/bin/sh,,,,,
2026-09-26T12:16:41.235Z,victima-linux,80792,3,Audit: Command: /usr/bin/ps.,audit|audit_command,RS2,/usr/bin/ps,/var/ossec,audit-wazuh-c,SYSCALL,/bin/ps,,,,,
2026-09-26T12:16:41.238Z,victima-linux,80792,3,Audit: Command: /usr/bin/dash.,audit|audit_command,RS2,/usr/bin/dash,/var/ossec,audit-wazuh-c,SYSCALL,/bin/sh,,,,,
2026-09-26T12:16:41.240Z,victima-linux,80792,3,Audit: Command: /usr/bin/ps.,audit|audit_command,RS2,/usr/bin/ps,/var/ossec,audit-wazuh-c,SYSCALL,/bin/ps,,,,,
2026-09-26T12:16:41.243Z,victima-linux,80792,3,Audit: Command: /usr/bin/dash.,audit|audit_command,RS2,/usr/bin/dash,/var/ossec,audit-wazuh-c,SYSCALL,/bin/sh,,,,,
2026-09-26T12:16:41.245Z,victima-linux,80792,3,Audit: Command: /usr/bin/ps.,audit|audit_command,RS2,/usr/bin/ps,/var/ossec,audit-wazuh-c,SYSCALL,/bin/ps,,,,,
2026-09-26T12:16:41.247Z,victima-linux,80792,3,Audit: Command: /usr/bin/dash.,audit|audit_command,RS2,/usr/bin/dash,/var/ossec,audit-wazuh-c,SYSCALL,/bin/sh,,,,,
2026-09-26T12:16:41.250Z,victima-linux,80792,3,Audit: Command: /usr/bin/ps.,audit|audit_command,RS2,/usr/bin/ps,/var/ossec,audit-wazuh-c,SYSCALL,/bin/ps,,,,,
2026-09-26T12:16:41.252Z,victima-linux,80792,3,Audit: Command: /usr/bin/dash.,audit|audit_command,RS2,/usr/bin/dash,/var/ossec,audit-wazuh-c,SYSCALL,/bin/sh,,,,,
2026-09-26T12:16:41.254Z,victima-linux,80792,3,Audit: Command: /usr/bin/ps.,audit|audit_command,RS2,/usr/bin/ps,/var/ossec,audit-wazuh-c,SYSCALL,/bin/ps,,,,,
2026-09-26T12:16:41.257Z,victima-linux,80792,3,Audit: Command: /usr/bin/dash.,audit|audit_command,RS2,/usr/bin/dash,/var/ossec,audit-wazuh-c,SYSCALL,/bin/sh,,,,,
2026-09-26T12:16:41.259Z,victima-linux,80792,3,Audit: Command: /usr/bin/ps.,audit|audit_command,RS2,/usr/bin/ps,/var/ossec,audit-wazuh-c,SYSCALL,/bin/ps,,,,,
2026-09-26T12:16:41.261Z,victima-linux,80792,3,Audit: Command: /usr/bin/dash.,audit|audit_command,RS2,/usr/bin/dash,/var/ossec,audit-wazuh-c,SYSCALL,/bin/sh,,,,,
2026-09-26T12:16:41.263Z,victima-linux,80792,3,Audit: Command: /usr/bin/ps.,audit|audit_command,RS2,/usr/bin/ps,/var/ossec,audit-wazuh-c,SYSCALL,/bin/ps,,,,,
2026-09-26T12:16:41.266Z,victima-linux,80792,3,Audit: Command: /usr/bin/dash.,audit|audit_command,RS2,/usr/bin/dash,/var/ossec,audit-wazuh-c,SYSCALL,/bin/sh,,,,,
2026-09-26T12:16:41.268Z,victima-linux,80792,3,Audit: Command: /usr/bin/ps.,audit|audit_command,RS2,/usr/bin/ps,/var/ossec,audit-wazuh-c,SYSCALL,/bin/ps,,,,,
2026-09-26T12:16:41.271Z,victima-linux,80792,3,Audit: Command: /usr/bin/dash.,audit|audit_command,RS2,/usr/bin/dash,/var/ossec,audit-wazuh-c,SYSCALL,/bin/sh,,,,,
2026-09-26T12:16:41.273Z,victima-linux,80792,3,Audit: Command: /usr/bin/ps.,audit|audit_command,RS2,/usr/bin/ps,/var/ossec,audit-wazuh-c,SYSCALL,/bin/ps,,,,,
2026-09-26T12:16:41.275Z,victima-linux,80792,3,Audit: Command: /usr/bin/dash.,audit|audit_command,RS2,/usr/bin/dash,/var/ossec,audit-wazuh-c,SYSCALL,/bin/sh,,,,,
2026-09-26T12:16:41.278Z,victima-linux,80792,3,Audit: Command: /usr/bin/ps.,audit|audit_command,RS2,/usr/bin/ps,/var/ossec,audit-wazuh-c,SYSCALL,/bin/ps,,,,,
2026-09-26T12:16:41.280Z,victima-linux,80792,3,Audit: Command: /usr/bin/dash.,audit|audit_command,RS2,/usr/bin/dash,/var/ossec,audit-wazuh-c,SYSCALL,/bin/sh,,,,,
2026-09-26T12:16:41.283Z,victima-linux,80792,3,Audit: Command: /usr/bin/ps.,audit|audit_command,RS2,/usr/bin/ps,/var/ossec,audit-wazuh-c,SYSCALL,/bin/ps,,,,,
2026-09-26T12:16:41.285Z,victima-linux,80792,3,Audit: Command: /usr/bin/dash.,audit|audit_command,RS2,/usr/bin/dash,/var/ossec,audit-wazuh-c,SYSCALL,/bin/sh,,,,,
2026-09-26T12:16:41.288Z,victima-linux,80792,3,Audit: Command: /usr/bin/ps.,audit|audit_command,RS2,/usr/bin/ps,/var/ossec,audit-wazuh-c,SYSCALL,/bin/ps,,,,,
2026-09-26T12:16:41.290Z,victima-linux,80792,3,Audit: Command: /usr/bin/dash.,audit|audit_command,RS2,/usr/bin/dash,/var/ossec,audit-wazuh-c,SYSCALL,/bin/sh,,,,,
2026-09-26T12:16:41.292Z,victima-linux,80792,3,Audit: Command: /usr/bin/ps.,audit|audit_command,RS2,/usr/bin/ps,/var/ossec,audit-wazuh-c,SYSCALL,/bin/ps,,,,,
2026-09-26T12:16:41.295Z,victima-linux,80792,3,Audit: Command: /usr/bin/dash.,audit|audit_command,RS2,/usr/bin/dash,/var/ossec,audit-wazuh-c,SYSCALL,/bin/sh,,,,,
2026-09-26T12:16:41.297Z,victima-linux,80792,3,Audit: Command: /usr/bin/ps.,audit|audit_command,RS2,/usr/bin/ps,/var/ossec,audit-wazuh-c,SYSCALL,/bin/ps,,,,,
2026-09-26T12:16:41.300Z,victima-linux,80792,3,Audit: Command: /usr/bin/dash.,audit|audit_command,RS2,/usr/bin/dash,/var/ossec,audit-wazuh-c,SYSCALL,/bin/sh,,,,,
2026-09-26T12:16:41.302Z,victima-linux,80792,3,Audit: Command: /usr/bin/ps.,audit|audit_command,RS2,/usr/bin/ps,/var/ossec,audit-wazuh-c,SYSCALL,/bin/ps,,,,,
2026-09-26T12:16:41.305Z,victima-linux,80792,3,Audit: Command: /usr/bin/dash.,audit|audit_command,RS2,/usr/bin/dash,/var/ossec,audit-wazuh-c,SYSCALL,/bin/sh,,,,,
2026-09-26T12:16:41.307Z,victima-linux,80792,3,Audit: Command: /usr/bin/ps.,audit|audit_command,RS2,/usr/bin/ps,/var/ossec,audit-wazuh-c,SYSCALL,/bin/ps,,,,,
2026-09-26T12:16:41.309Z,victima-linux,80792,3,Audit: Command: /usr/bin/dash.,audit|audit_command,RS2,/usr/bin/dash,/var/ossec,audit-wazuh-c,SYSCALL,/bin/sh,,,,,
2026-09-26T12:16:41.312Z,victima-linux,80792,3,Audit: Command: /usr/bin/ps.,audit|audit_command,RS2,/usr/bin/ps,/var/ossec,audit-wazuh-c,SYSCALL,/bin/ps,,,,,
2026-09-26T12:16:41.314Z,victima-linux,80792,3,Audit: Command: /usr/bin/dash.,audit|audit_command,RS2,/usr/bin/dash,/var/ossec,audit-wazuh-c,SYSCALL,/bin/sh,,,,,
2026-09-26T12:16:41.316Z,victima-linux,80792,3,Audit: Command: /usr/bin/ps.,audit|audit_command,RS2,/usr/bin/ps,/var/ossec,audit-wazuh-c,SYSCALL,/bin/ps,,,,,
2026-09-26T12:16:41.319Z,victima-linux,80792,3,Audit: Command: /usr/bin/dash.,audit|audit_command,RS2,/usr/bin/dash,/var/ossec,audit-wazuh-c,SYSCALL,/bin/sh,,,,,
2026-09-26T12:16:41.321Z,victima-linux,80792,3,Audit: Command: /usr/bin/ps.,audit|audit_command,RS2,/usr/bin/ps,/var/ossec,audit-wazuh-c,SYSCALL,/bin/ps,,,,,
2026-09-26T12:16:43.185Z,victima-linux,80792,3,Audit: Command: /usr/bin/dash.,audit|audit_command,RS2,/usr/bin/dash,/var/ossec,audit-wazuh-c,SYSCALL,/bin/sh,,,,,
2026-09-26T12:16:43.185Z,victima-linux,80792,3,Audit: Command: /usr/bin/ps.,audit|audit_command,RS2,/usr/bin/ps,/var/ossec,audit-wazuh-c,SYSCALL,/bin/ps,,,,,
2026-09-26T12:16:43.187Z,victima-linux,80792,3,Audit: Command: /usr/bin/dash.,audit|audit_command,RS2,/usr/bin/dash,/var/ossec,audit-wazuh-c,SYSCALL,/bin/sh,,,,,
2026-09-26T12:16:43.190Z,victima-linux,80792,3,Audit: Command: /usr/bin/ps.,audit|audit_command,RS2,/usr/bin/ps,/var/ossec,audit-wazuh-c,SYSCALL,/bin/ps,,,,,
2026-09-26T12:16:43.193Z,victima-linux,80792,3,Audit: Command: /usr/bin/dash.,audit|audit_command,RS2,/usr/bin/dash,/var/ossec,audit-wazuh-c,SYSCALL,/bin/sh,,,,,
2026-09-26T12:16:43.195Z,victima-linux,80792,3,Audit: Command: /usr/bin/ps.,audit|audit_command,RS2,/usr/bin/ps,/var/ossec,audit-wazuh-c,SYSCALL,/bin/ps,,,,,
2026-09-26T12:16:43.197Z,victima-linux,80792,3,Audit: Command: /usr/bin/dash.,audit|audit_command,RS2,/usr/bin/dash,/var/ossec,audit-wazuh-c,SYSCALL,/bin/sh,,,,,
2026-09-26T12:16:43.200Z,victima-linux,80792,3,Audit: Command: /usr/bin/ps.,audit|audit_command,RS2,/usr/bin/ps,/var/ossec,audit-wazuh-c,SYSCALL,/bin/ps,,,,,
2026-09-26T12:16:43.202Z,victima-linux,80792,3,Audit: Command: /usr/bin/dash.,audit|audit_command,RS2,/usr/bin/dash,/var/ossec,audit-wazuh-c,SYSCALL,/bin/sh,,,,,
2026-09-26T12:16:43.204Z,victima-linux,80792,3,Audit: Command: /usr/bin/ps.,audit|audit_command,RS2,/usr/bin/ps,/var/ossec,audit-wazuh-c,SYSCALL,/bin/ps,,,,,
2026-09-26T12:16:43.207Z,victima-linux,80792,3,Audit: Command: /usr/bin/dash.,audit|audit_command,RS2,/usr/bin/dash,/var/ossec,audit-wazuh-c,SYSCALL,/bin/sh,,,,,
2026-09-26T12:16:43.209Z,victima-linux,80792,3,Audit: Command: /usr/bin/ps.,audit|audit_command,RS2,/usr/bin/ps,/var/ossec,audit-wazuh-c,SYSCALL,/bin/ps,,,,,
2026-09-26T12:16:43.212Z,victima-linux,80792,3,Audit: Command: /usr/bin/dash.,audit|audit_command,RS2,/usr/bin/dash,/var/ossec,audit-wazuh-c,SYSCALL,/bin/sh,,,,,
2026-09-26T12:16:43.214Z,victima-linux,80792,3,Audit: Command: /usr/bin/ps.,audit|audit_command,RS2,/usr/bin/ps,/var/ossec,audit-wazuh-c,SYSCALL,/bin/ps,,,,,
2026-09-26T12:16:43.217Z,victima-linux,80792,3,Audit: Command: /usr/bin/dash.,audit|audit_command,RS2,/usr/bin/dash,/var/ossec,audit-wazuh-c,SYSCALL,/bin/sh,,,,,
2026-09-26T12:16:43.219Z,victima-linux,80792,3,Audit: Command: /usr/bin/ps.,audit|audit_command,RS2,/usr/bin/ps,/var/ossec,audit-wazuh-c,SYSCALL,/bin/ps,,,,,
2026-09-26T12:16:43.222Z,victima-linux,80792,3,Audit: Command: /usr/bin/dash.,audit|audit_command,RS2,/usr/bin/dash,/var/ossec,audit-wazuh-c,SYSCALL,/bin/sh,,,,,
2026-09-26T12:16:43.224Z,victima-linux,80792,3,Audit: Command: /usr/bin/ps.,audit|audit_command,RS2,/usr/bin/ps,/var/ossec,audit-wazuh-c,SYSCALL,/bin/ps,,,,,
2026-09-26T12:16:43.227Z,victima-linux,80792,3,Audit: Command: /usr/bin/dash.,audit|audit_command,RS2,/usr/bin/dash,/var/ossec,audit-wazuh-c,SYSCALL,/bin/sh,,,,,
2026-09-26T12:16:43.229Z,victima-linux,80792,3,Audit: Command: /usr/bin/ps.,audit|audit_command,RS2,/usr/bin/ps,/var/ossec,audit-wazuh-c,SYSCALL,/bin/ps,,,,,
2026-09-26T12:16:43.231Z,victima-linux,80792,3,Audit: Command: /usr/bin/dash.,audit|audit_command,RS2,/usr/bin/dash,/var/ossec,audit-wazuh-c,SYSCALL,/bin/sh,,,,,
2026-09-26T12:16:43.234Z,victima-linux,80792,3,Audit: Command: /usr/bin/ps.,audit|audit_command,RS2,/usr/bin/ps,/var/ossec,audit-wazuh-c,SYSCALL,/bin/ps,,,,,
2026-09-26T12:16:43.236Z,victima-linux,80792,3,Audit: Command: /usr/bin/dash.,audit|audit_command,RS2,/usr/bin/dash,/var/ossec,audit-wazuh-c,SYSCALL,/bin/sh,,,,,
2026-09-26T12:16:43.238Z,victima-linux,80792,3,Audit: Command: /usr/bin/ps.,audit|audit_command,RS2,/usr/bin/ps,/var/ossec,audit-wazuh-c,SYSCALL,/bin/ps,,,,,
2026-09-26T12:16:43.240Z,victima-linux,80792,3,Audit: Command: /usr/bin/dash.,audit|audit_command,RS2,/usr/bin/dash,/var/ossec,audit-wazuh-c,SYSCALL,/bin/sh,,,,,
2026-09-26T12:16:43.242Z,victima-linux,80792,3,Audit: Command: /usr/bin/ps.,audit|audit_command,RS2,/usr/bin/ps,/var/ossec,audit-wazuh-c,SYSCALL,/bin/ps,,,,,
2026-09-26T12:16:43.245Z,victima-linux,80792,3,Audit: Command: /usr/bin/dash.,audit|audit_command,RS2,/usr/bin/dash,/var/ossec,audit-wazuh-c,SYSCALL,/bin/sh,,,,,
2026-09-26T12:16:43.247Z,victima-linux,80792,3,Audit: Command: /usr/bin/ps.,audit|audit_command,RS2,/usr/bin/ps,/var/ossec,audit-wazuh-c,SYSCALL,/bin/ps,,,,,
2026-09-26T12:16:43.250Z,victima-linux,80792,3,Audit: Command: /usr/bin/dash.,audit|audit_command,RS2,/usr/bin/dash,/var/ossec,audit-wazuh-c,SYSCALL,/bin/sh,,,,,
2026-09-26T12:16:43.252Z,victima-linux,80792,3,Audit: Command: /usr/bin/ps.,audit|audit_command,RS2,/usr/bin/ps,/var/ossec,audit-wazuh-c,SYSCALL,/bin/ps,,,,,
2026-09-26T12:16:43.255Z,victima-linux,80792,3,Audit: Command: /usr/bin/dash.,audit|audit_command,RS2,/usr/bin/dash,/var/ossec,audit-wazuh-c,SYSCALL,/bin/sh,,,,,
2026-09-26T12:16:43.257Z,victima-linux,80792,3,Audit: Command: /usr/bin/ps.,audit|audit_command,RS2,/usr/bin/ps,/var/ossec,audit-wazuh-c,SYSCALL,/bin/ps,,,,,
2026-09-26T12:16:43.259Z,victima-linux,80792,3,Audit: Command: /usr/bin/dash.,audit|audit_command,RS2,/usr/bin/dash,/var/ossec,audit-wazuh-c,SYSCALL,/bin/sh,,,,,
2026-09-26T12:16:43.261Z,victima-linux,80792,3,Audit: Command: /usr/bin/ps.,audit|audit_command,RS2,/usr/bin/ps,/var/ossec,audit-wazuh-c,SYSCALL,/bin/ps,,,,,
2026-09-26T12:16:43.264Z,victima-linux,80792,3,Audit: Command: /usr/bin/dash.,audit|audit_command,RS2,/usr/bin/dash,/var/ossec,audit-wazuh-c,SYSCALL,/bin/sh,,,,,
2026-09-26T12:16:43.266Z,victima-linux,80792,3,Audit: Command: /usr/bin/ps.,audit|audit_command,RS2,/usr/bin/ps,/var/ossec,audit-wazuh-c,SYSCALL,/bin/ps,,,,,
2026-09-26T12:16:43.269Z,victima-linux,80792,3,Audit: Command: /usr/bin/dash.,audit|audit_command,RS2,/usr/bin/dash,/var/ossec,audit-wazuh-c,SYSCALL,/bin/sh,,,,,
2026-09-26T12:16:43.271Z,victima-linux,80792,3,Audit: Command: /usr/bin/ps.,audit|audit_command,RS2,/usr/bin/ps,/var/ossec,audit-wazuh-c,SYSCALL,/bin/ps,,,,,
2026-09-26T12:16:43.273Z,victima-linux,80792,3,Audit: Command: /usr/bin/dash.,audit|audit_command,RS2,/usr/bin/dash,/var/ossec,audit-wazuh-c,SYSCALL,/bin/sh,,,,,
2026-09-26T12:16:43.275Z,victima-linux,80792,3,Audit: Command: /usr/bin/ps.,audit|audit_command,RS2,/usr/bin/ps,/var/ossec,audit-wazuh-c,SYSCALL,/bin/ps,,,,,
2026-09-26T12:16:43.278Z,victima-linux,80792,3,Audit: Command: /usr/bin/dash.,audit|audit_command,RS2,/usr/bin/dash,/var/ossec,audit-wazuh-c,SYSCALL,/bin/sh,,,,,
2026-09-26T12:16:43.280Z,victima-linux,80792,3,Audit: Command: /usr/bin/ps.,audit|audit_command,RS2,/usr/bin/ps,/var/ossec,audit-wazuh-c,SYSCALL,/bin/ps,,,,,
2026-09-26T12:16:43.282Z,victima-linux,80792,3,Audit: Command: /usr/bin/dash.,audit|audit_command,RS2,/usr/bin/dash,/var/ossec,audit-wazuh-c,SYSCALL,/bin/sh,,,,,
2026-09-26T12:16:43.284Z,victima-linux,80792,3,Audit: Command: /usr/bin/ps.,audit|audit_command,RS2,/usr/bin/ps,/var/ossec,audit-wazuh-c,SYSCALL,/bin/ps,,,,,
2026-09-26T12:16:43.287Z,victima-linux,80792,3,Audit: Command: /usr/bin/dash.,audit|audit_command,RS2,/usr/bin/dash,/var/ossec,audit-wazuh-c,SYSCALL,/bin/sh,,,,,
2026-09-26T12:16:43.289Z,victima-linux,80792,3,Audit: Command: /usr/bin/ps.,audit|audit_command,RS2,/usr/bin/ps,/var/ossec,audit-wazuh-c,SYSCALL,/bin/ps,,,,,
2026-09-26T12:16:43.292Z,victima-linux,80792,3,Audit: Command: /usr/bin/dash.,audit|audit_command,RS2,/usr/bin/dash,/var/ossec,audit-wazuh-c,SYSCALL,/bin/sh,,,,,
2026-09-26T12:16:43.294Z,victima-linux,80792,3,Audit: Command: /usr/bin/ps.,audit|audit_command,RS2,/usr/bin/ps,/var/ossec,audit-wazuh-c,SYSCALL,/bin/ps,,,,,
2026-09-26T12:16:43.296Z,victima-linux,80792,3,Audit: Command: /usr/bin/dash.,audit|audit_command,RS2,/usr/bin/dash,/var/ossec,audit-wazuh-c,SYSCALL,/bin/sh,,,,,
2026-09-26T12:16:43.299Z,victima-linux,80792,3,Audit: Command: /usr/bin/ps.,audit|audit_command,RS2,/usr/bin/ps,/var/ossec,audit-wazuh-c,SYSCALL,/bin/ps,,,,,
2026-09-26T12:16:43.302Z,victima-linux,80792,3,Audit: Command: /usr/bin/dash.,audit|audit_command,RS2,/usr/bin/dash,/var/ossec,audit-wazuh-c,SYSCALL,/bin/sh,,,,,
2026-09-26T12:16:43.304Z,victima-linux,80792,3,Audit: Command: /usr/bin/ps.,audit|audit_command,RS2,/usr/bin/ps,/var/ossec,audit-wazuh-c,SYSCALL,/bin/ps,,,,,
2026-09-26T12:16:43.306Z,victima-linux,80792,3,Audit: Command: /usr/bin/dash.,audit|audit_command,RS2,/usr/bin/dash,/var/ossec,audit-wazuh-c,SYSCALL,/bin/sh,,,,,
2026-09-26T12:16:43.308Z,victima-linux,80792,3,Audit: Command: /usr/bin/ps.,audit|audit_command,RS2,/usr/bin/ps,/var/ossec,audit-wazuh-c,SYSCALL,/bin/ps,,,,,
2026-09-26T12:16:43.310Z,victima-linux,80792,3,Audit: Command: /usr/bin/dash.,audit|audit_command,RS2,/usr/bin/dash,/var/ossec,audit-wazuh-c,SYSCALL,/bin/sh,,,,,
2026-09-26T12:16:43.313Z,victima-linux,80792,3,Audit: Command: /usr/bin/ps.,audit|audit_command,RS2,/usr/bin/ps,/var/ossec,audit-wazuh-c,SYSCALL,/bin/ps,,,,,
2026-09-26T12:16:45.182Z,victima-linux,80792,3,Audit: Command: /usr/bin/dash.,audit|audit_command,RS2,/usr/bin/dash,/var/ossec,audit-wazuh-c,SYSCALL,/bin/sh,,,,,
2026-09-26T12:16:45.182Z,victima-linux,80792,3,Audit: Command: /usr/bin/ps.,audit|audit_command,RS2,/usr/bin/ps,/var/ossec,audit-wazuh-c,SYSCALL,/bin/ps,,,,,
2026-09-26T12:16:45.184Z,victima-linux,80792,3,Audit: Command: /usr/bin/dash.,audit|audit_command,RS2,/usr/bin/dash,/var/ossec,audit-wazuh-c,SYSCALL,/bin/sh,,,,,
2026-09-26T12:16:45.187Z,victima-linux,80792,3,Audit: Command: /usr/bin/ps.,audit|audit_command,RS2,/usr/bin/ps,/var/ossec,audit-wazuh-c,SYSCALL,/bin/ps,,,,,
2026-09-26T12:16:45.189Z,victima-linux,80792,3,Audit: Command: /usr/bin/dash.,audit|audit_command,RS2,/usr/bin/dash,/var/ossec,audit-wazuh-c,SYSCALL,/bin/sh,,,,,
2026-09-26T12:16:45.192Z,victima-linux,80792,3,Audit: Command: /usr/bin/ps.,audit|audit_command,RS2,/usr/bin/ps,/var/ossec,audit-wazuh-c,SYSCALL,/bin/ps,,,,,
2026-09-26T12:16:45.194Z,victima-linux,80792,3,Audit: Command: /usr/bin/dash.,audit|audit_command,RS2,/usr/bin/dash,/var/ossec,audit-wazuh-c,SYSCALL,/bin/sh,,,,,
2026-09-26T12:16:45.196Z,victima-linux,80792,3,Audit: Command: /usr/bin/ps.,audit|audit_command,RS2,/usr/bin/ps,/var/ossec,audit-wazuh-c,SYSCALL,/bin/ps,,,,,
2026-09-26T12:16:45.199Z,victima-linux,80792,3,Audit: Command: /usr/bin/dash.,audit|audit_command,RS2,/usr/bin/dash,/var/ossec,audit-wazuh-c,SYSCALL,/bin/sh,,,,,
2026-09-26T12:16:45.201Z,victima-linux,80792,3,Audit: Command: /usr/bin/ps.,audit|audit_command,RS2,/usr/bin/ps,/var/ossec,audit-wazuh-c,SYSCALL,/bin/ps,,,,,
2026-09-26T12:16:45.203Z,victima-linux,80792,3,Audit: Command: /usr/bin/dash.,audit|audit_command,RS2,/usr/bin/dash,/var/ossec,audit-wazuh-c,SYSCALL,/bin/sh,,,,,
2026-09-26T12:16:45.205Z,victima-linux,80792,3,Audit: Command: /usr/bin/ps.,audit|audit_command,RS2,/usr/bin/ps,/var/ossec,audit-wazuh-c,SYSCALL,/bin/ps,,,,,
2026-09-26T12:16:45.208Z,victima-linux,80792,3,Audit: Command: /usr/bin/dash.,audit|audit_command,RS2,/usr/bin/dash,/var/ossec,audit-wazuh-c,SYSCALL,/bin/sh,,,,,
2026-09-26T12:16:45.210Z,victima-linux,80792,3,Audit: Command: /usr/bin/ps.,audit|audit_command,RS2,/usr/bin/ps,/var/ossec,audit-wazuh-c,SYSCALL,/bin/ps,,,,,
2026-09-26T12:16:45.212Z,victima-linux,80792,3,Audit: Command: /usr/bin/dash.,audit|audit_command,RS2,/usr/bin/dash,/var/ossec,audit-wazuh-c,SYSCALL,/bin/sh,,,,,
2026-09-26T12:16:45.214Z,victima-linux,80792,3,Audit: Command: /usr/bin/ps.,audit|audit_command,RS2,/usr/bin/ps,/var/ossec,audit-wazuh-c,SYSCALL,/bin/ps,,,,,
2026-09-26T12:16:45.217Z,victima-linux,80792,3,Audit: Command: /usr/bin/dash.,audit|audit_command,RS2,/usr/bin/dash,/var/ossec,audit-wazuh-c,SYSCALL,/bin/sh,,,,,
2026-09-26T12:16:45.219Z,victima-linux,80792,3,Audit: Command: /usr/bin/ps.,audit|audit_command,RS2,/usr/bin/ps,/var/ossec,audit-wazuh-c,SYSCALL,/bin/ps,,,,,
2026-09-26T12:16:45.222Z,victima-linux,80792,3,Audit: Command: /usr/bin/dash.,audit|audit_command,RS2,/usr/bin/dash,/var/ossec,audit-wazuh-c,SYSCALL,/bin/sh,,,,,
2026-09-26T12:16:45.224Z,victima-linux,80792,3,Audit: Command: /usr/bin/ps.,audit|audit_command,RS2,/usr/bin/ps,/var/ossec,audit-wazuh-c,SYSCALL,/bin/ps,,,,,
2026-09-26T12:16:45.227Z,victima-linux,80792,3,Audit: Command: /usr/bin/dash.,audit|audit_command,RS2,/usr/bin/dash,/var/ossec,audit-wazuh-c,SYSCALL,/bin/sh,,,,,
2026-09-26T12:16:45.229Z,victima-linux,80792,3,Audit: Command: /usr/bin/ps.,audit|audit_command,RS2,/usr/bin/ps,/var/ossec,audit-wazuh-c,SYSCALL,/bin/ps,,,,,
2026-09-26T12:16:45.232Z,victima-linux,80792,3,Audit: Command: /usr/bin/dash.,audit|audit_command,RS2,/usr/bin/dash,/var/ossec,audit-wazuh-c,SYSCALL,/bin/sh,,,,,
2026-09-26T12:16:45.234Z,victima-linux,80792,3,Audit: Command: /usr/bin/ps.,audit|audit_command,RS2,/usr/bin/ps,/var/ossec,audit-wazuh-c,SYSCALL,/bin/ps,,,,,
2026-09-26T12:16:45.237Z,victima-linux,80791,3,Audit: Deleted: var/run/.,audit|audit_watch_delete|audit_watch_write,RS2,/var/ossec/bin/wazuh-agentd,/var/ossec,audit-wazuh-w,SYSCALL,var/run/,var/run/,,,,
2026-09-26T12:16:45.244Z,victima-linux,80792,3,Audit: Command: /usr/bin/dash.,audit|audit_command,RS2,/usr/bin/dash,/var/ossec,audit-wazuh-c,SYSCALL,/bin/sh,,,,,
2026-09-26T12:16:45.244Z,victima-linux,80792,3,Audit: Command: /usr/bin/dash.,audit|audit_command,RS2,/usr/bin/dash,/var/ossec,audit-wazuh-c,SYSCALL,/bin/sh,,,,,
2026-09-26T12:16:45.244Z,victima-linux,80792,3,Audit: Command: /usr/bin/ps.,audit|audit_command,RS2,/usr/bin/ps,/var/ossec,audit-wazuh-c,SYSCALL,/bin/ps,,,,,
2026-09-26T12:16:45.246Z,victima-linux,80792,3,Audit: Command: /usr/bin/ps.,audit|audit_command,RS2,/usr/bin/ps,/var/ossec,audit-wazuh-c,SYSCALL,/bin/ps,,,,,
2026-09-26T12:16:45.248Z,victima-linux,80792,3,Audit: Command: /usr/bin/dash.,audit|audit_command,RS2,/usr/bin/dash,/var/ossec,audit-wazuh-c,SYSCALL,/bin/sh,,,,,
2026-09-26T12:16:45.250Z,victima-linux,80792,3,Audit: Command: /usr/bin/ps.,audit|audit_command,RS2,/usr/bin/ps,/var/ossec,audit-wazuh-c,SYSCALL,/bin/ps,,,,,
2026-09-26T12:16:45.253Z,victima-linux,80792,3,Audit: Command: /usr/bin/dash.,audit|audit_command,RS2,/usr/bin/dash,/var/ossec,audit-wazuh-c,SYSCALL,/bin/sh,,,,,
2026-09-26T12:16:45.255Z,victima-linux,80792,3,Audit: Command: /usr/bin/ps.,audit|audit_command,RS2,/usr/bin/ps,/var/ossec,audit-wazuh-c,SYSCALL,/bin/ps,,,,,
2026-09-26T12:16:45.257Z,victima-linux,80792,3,Audit: Command: /usr/bin/dash.,audit|audit_command,RS2,/usr/bin/dash,/var/ossec,audit-wazuh-c,SYSCALL,/bin/sh,,,,,
2026-09-26T12:16:45.259Z,victima-linux,80792,3,Audit: Command: /usr/bin/ps.,audit|audit_command,RS2,/usr/bin/ps,/var/ossec,audit-wazuh-c,SYSCALL,/bin/ps,,,,,
2026-09-26T12:16:45.261Z,victima-linux,80792,3,Audit: Command: /usr/bin/dash.,audit|audit_command,RS2,/usr/bin/dash,/var/ossec,audit-wazuh-c,SYSCALL,/bin/sh,,,,,
2026-09-26T12:16:45.263Z,victima-linux,80792,3,Audit: Command: /usr/bin/ps.,audit|audit_command,RS2,/usr/bin/ps,/var/ossec,audit-wazuh-c,SYSCALL,/bin/ps,,,,,
2026-09-26T12:16:45.266Z,victima-linux,80792,3,Audit: Command: /usr/bin/dash.,audit|audit_command,RS2,/usr/bin/dash,/var/ossec,audit-wazuh-c,SYSCALL,/bin/sh,,,,,
2026-09-26T12:16:45.268Z,victima-linux,80792,3,Audit: Command: /usr/bin/ps.,audit|audit_command,RS2,/usr/bin/ps,/var/ossec,audit-wazuh-c,SYSCALL,/bin/ps,,,,,
2026-09-26T12:16:45.270Z,victima-linux,80792,3,Audit: Command: /usr/bin/dash.,audit|audit_command,RS2,/usr/bin/dash,/var/ossec,audit-wazuh-c,SYSCALL,/bin/sh,,,,,
2026-09-26T12:16:45.272Z,victima-linux,80792,3,Audit: Command: /usr/bin/ps.,audit|audit_command,RS2,/usr/bin/ps,/var/ossec,audit-wazuh-c,SYSCALL,/bin/ps,,,,,
2026-09-26T12:16:45.274Z,victima-linux,80792,3,Audit: Command: /usr/bin/dash.,audit|audit_command,RS2,/usr/bin/dash,/var/ossec,audit-wazuh-c,SYSCALL,/bin/sh,,,,,
2026-09-26T12:16:45.276Z,victima-linux,80792,3,Audit: Command: /usr/bin/ps.,audit|audit_command,RS2,/usr/bin/ps,/var/ossec,audit-wazuh-c,SYSCALL,/bin/ps,,,,,
2026-09-26T12:16:45.279Z,victima-linux,80792,3,Audit: Command: /usr/bin/dash.,audit|audit_command,RS2,/usr/bin/dash,/var/ossec,audit-wazuh-c,SYSCALL,/bin/sh,,,,,
2026-09-26T12:16:45.281Z,victima-linux,80792,3,Audit: Command: /usr/bin/ps.,audit|audit_command,RS2,/usr/bin/ps,/var/ossec,audit-wazuh-c,SYSCALL,/bin/ps,,,,,
2026-09-26T12:16:45.284Z,victima-linux,80792,3,Audit: Command: /usr/bin/dash.,audit|audit_command,RS2,/usr/bin/dash,/var/ossec,audit-wazuh-c,SYSCALL,/bin/sh,,,,,
2026-09-26T12:16:45.286Z,victima-linux,80792,3,Audit: Command: /usr/bin/ps.,audit|audit_command,RS2,/usr/bin/ps,/var/ossec,audit-wazuh-c,SYSCALL,/bin/ps,,,,,
2026-09-26T12:16:45.288Z,victima-linux,80792,3,Audit: Command: /usr/bin/dash.,audit|audit_command,RS2,/usr/bin/dash,/var/ossec,audit-wazuh-c,SYSCALL,/bin/sh,,,,,
2026-09-26T12:16:45.290Z,victima-linux,80792,3,Audit: Command: /usr/bin/ps.,audit|audit_command,RS2,/usr/bin/ps,/var/ossec,audit-wazuh-c,SYSCALL,/bin/ps,,,,,
2026-09-26T12:16:45.293Z,victima-linux,80792,3,Audit: Command: /usr/bin/dash.,audit|audit_command,RS2,/usr/bin/dash,/var/ossec,audit-wazuh-c,SYSCALL,/bin/sh,,,,,
2026-09-26T12:16:45.295Z,victima-linux,80792,3,Audit: Command: /usr/bin/ps.,audit|audit_command,RS2,/usr/bin/ps,/var/ossec,audit-wazuh-c,SYSCALL,/bin/ps,,,,,
2026-09-26T12:16:45.297Z,victima-linux,80792,3,Audit: Command: /usr/bin/dash.,audit|audit_command,RS2,/usr/bin/dash,/var/ossec,audit-wazuh-c,SYSCALL,/bin/sh,,,,,
2026-09-26T12:16:45.300Z,victima-linux,80792,3,Audit: Command: /usr/bin/ps.,audit|audit_command,RS2,/usr/bin/ps,/var/ossec,audit-wazuh-c,SYSCALL,/bin/ps,,,,,
2026-09-26T12:16:45.302Z,victima-linux,80792,3,Audit: Command: /usr/bin/dash.,audit|audit_command,RS2,/usr/bin/dash,/var/ossec,audit-wazuh-c,SYSCALL,/bin/sh,,,,,
2026-09-26T12:16:45.305Z,victima-linux,80792,3,Audit: Command: /usr/bin/ps.,audit|audit_command,RS2,/usr/bin/ps,/var/ossec,audit-wazuh-c,SYSCALL,/bin/ps,,,,,
2026-09-26T12:16:45.307Z,victima-linux,80792,3,Audit: Command: /usr/bin/dash.,audit|audit_command,RS2,/usr/bin/dash,/var/ossec,audit-wazuh-c,SYSCALL,/bin/sh,,,,,
2026-09-26T12:16:45.310Z,victima-linux,80792,3,Audit: Command: /usr/bin/ps.,audit|audit_command,RS2,/usr/bin/ps,/var/ossec,audit-wazuh-c,SYSCALL,/bin/ps,,,,,
2026-09-26T12:16:45.312Z,victima-linux,80792,3,Audit: Command: /usr/bin/dash.,audit|audit_command,RS2,/usr/bin/dash,/var/ossec,audit-wazuh-c,SYSCALL,/bin/sh,,,,,
2026-09-26T12:16:45.315Z,victima-linux,80792,3,Audit: Command: /usr/bin/ps.,audit|audit_command,RS2,/usr/bin/ps,/var/ossec,audit-wazuh-c,SYSCALL,/bin/ps,,,,,
2026-09-26T12:16:47.180Z,victima-linux,80792,3,Audit: Command: /usr/bin/dash.,audit|audit_command,RS2,/usr/bin/dash,/var/ossec,audit-wazuh-c,SYSCALL,/bin/sh,,,,,
2026-09-26T12:16:47.181Z,victima-linux,80792,3,Audit: Command: /usr/bin/ps.,audit|audit_command,RS2,/usr/bin/ps,/var/ossec,audit-wazuh-c,SYSCALL,/bin/ps,,,,,
2026-09-26T12:16:47.182Z,victima-linux,80792,3,Audit: Command: /usr/bin/dash.,audit|audit_command,RS2,/usr/bin/dash,/var/ossec,audit-wazuh-c,SYSCALL,/bin/sh,,,,,
2026-09-26T12:16:47.185Z,victima-linux,80792,3,Audit: Command: /usr/bin/ps.,audit|audit_command,RS2,/usr/bin/ps,/var/ossec,audit-wazuh-c,SYSCALL,/bin/ps,,,,,
2026-09-26T12:16:47.187Z,victima-linux,80792,3,Audit: Command: /usr/bin/dash.,audit|audit_command,RS2,/usr/bin/dash,/var/ossec,audit-wazuh-c,SYSCALL,/bin/sh,,,,,
2026-09-26T12:16:47.189Z,victima-linux,80792,3,Audit: Command: /usr/bin/ps.,audit|audit_command,RS2,/usr/bin/ps,/var/ossec,audit-wazuh-c,SYSCALL,/bin/ps,,,,,
2026-09-26T12:16:47.191Z,victima-linux,80792,3,Audit: Command: /usr/bin/dash.,audit|audit_command,RS2,/usr/bin/dash,/var/ossec,audit-wazuh-c,SYSCALL,/bin/sh,,,,,
2026-09-26T12:16:47.193Z,victima-linux,80792,3,Audit: Command: /usr/bin/ps.,audit|audit_command,RS2,/usr/bin/ps,/var/ossec,audit-wazuh-c,SYSCALL,/bin/ps,,,,,
2026-09-26T12:16:47.195Z,victima-linux,80792,3,Audit: Command: /usr/bin/dash.,audit|audit_command,RS2,/usr/bin/dash,/var/ossec,audit-wazuh-c,SYSCALL,/bin/sh,,,,,
2026-09-26T12:16:47.198Z,victima-linux,80792,3,Audit: Command: /usr/bin/ps.,audit|audit_command,RS2,/usr/bin/ps,/var/ossec,audit-wazuh-c,SYSCALL,/bin/ps,,,,,
2026-09-26T12:16:47.200Z,victima-linux,80792,3,Audit: Command: /usr/bin/dash.,audit|audit_command,RS2,/usr/bin/dash,/var/ossec,audit-wazuh-c,SYSCALL,/bin/sh,,,,,
2026-09-26T12:16:47.203Z,victima-linux,80792,3,Audit: Command: /usr/bin/ps.,audit|audit_command,RS2,/usr/bin/ps,/var/ossec,audit-wazuh-c,SYSCALL,/bin/ps,,,,,
2026-09-26T12:16:47.205Z,victima-linux,80792,3,Audit: Command: /usr/bin/dash.,audit|audit_command,RS2,/usr/bin/dash,/var/ossec,audit-wazuh-c,SYSCALL,/bin/sh,,,,,
2026-09-26T12:16:47.207Z,victima-linux,80792,3,Audit: Command: /usr/bin/ps.,audit|audit_command,RS2,/usr/bin/ps,/var/ossec,audit-wazuh-c,SYSCALL,/bin/ps,,,,,
2026-09-26T12:16:47.210Z,victima-linux,80792,3,Audit: Command: /usr/bin/dash.,audit|audit_command,RS2,/usr/bin/dash,/var/ossec,audit-wazuh-c,SYSCALL,/bin/sh,,,,,
2026-09-26T12:16:47.212Z,victima-linux,80792,3,Audit: Command: /usr/bin/ps.,audit|audit_command,RS2,/usr/bin/ps,/var/ossec,audit-wazuh-c,SYSCALL,/bin/ps,,,,,
2026-09-26T12:16:47.214Z,victima-linux,80792,3,Audit: Command: /usr/bin/dash.,audit|audit_command,RS2,/usr/bin/dash,/var/ossec,audit-wazuh-c,SYSCALL,/bin/sh,,,,,
2026-09-26T12:16:47.217Z,victima-linux,80792,3,Audit: Command: /usr/bin/ps.,audit|audit_command,RS2,/usr/bin/ps,/var/ossec,audit-wazuh-c,SYSCALL,/bin/ps,,,,,
2026-09-26T12:16:47.220Z,victima-linux,80792,3,Audit: Command: /usr/bin/dash.,audit|audit_command,RS2,/usr/bin/dash,/var/ossec,audit-wazuh-c,SYSCALL,/bin/sh,,,,,
2026-09-26T12:16:47.222Z,victima-linux,80792,3,Audit: Command: /usr/bin/ps.,audit|audit_command,RS2,/usr/bin/ps,/var/ossec,audit-wazuh-c,SYSCALL,/bin/ps,,,,,
2026-09-26T12:16:47.224Z,victima-linux,80792,3,Audit: Command: /usr/bin/dash.,audit|audit_command,RS2,/usr/bin/dash,/var/ossec,audit-wazuh-c,SYSCALL,/bin/sh,,,,,
2026-09-26T12:16:47.226Z,victima-linux,80792,3,Audit: Command: /usr/bin/ps.,audit|audit_command,RS2,/usr/bin/ps,/var/ossec,audit-wazuh-c,SYSCALL,/bin/ps,,,,,
2026-09-26T12:16:47.229Z,victima-linux,80792,3,Audit: Command: /usr/bin/dash.,audit|audit_command,RS2,/usr/bin/dash,/var/ossec,audit-wazuh-c,SYSCALL,/bin/sh,,,,,
2026-09-26T12:16:47.231Z,victima-linux,80792,3,Audit: Command: /usr/bin/ps.,audit|audit_command,RS2,/usr/bin/ps,/var/ossec,audit-wazuh-c,SYSCALL,/bin/ps,,,,,
2026-09-26T12:16:47.233Z,victima-linux,80791,3,Audit: Deleted: /run/systemd/users/.,audit|audit_watch_delete|audit_watch_write,RS2,/usr/lib/systemd/systemd-logind,/,audit-wazuh-w,SYSCALL,/run/systemd/users/,/run/systemd/users/,,,,
2026-09-26T12:16:47.235Z,victima-linux,80791,3,Audit: Deleted: /run/user/1000/systemd/units/invocation:dbus.socket.,audit|audit_watch_delete|audit_watch_write,RS2,/usr/lib/systemd/systemd,/,audit-wazuh-w,SYSCALL,/run/user/1000/systemd/units/invocation:dbus.socket,/run/user/1000/systemd/units/,,,,
2026-09-26T12:16:47.238Z,victima-linux,80792,3,Audit: Command: /usr/lib/systemd/systemd-executor.,audit|audit_command,RS2,/usr/lib/systemd/systemd-executor,/,audit-wazuh-c,SYSCALL,/proc/self/fd/9,,,,,
2026-09-26T12:16:47.240Z,victima-linux,80792,3,Audit: Command: /usr/bin/systemctl.,audit|audit_command,RS2,/usr/bin/systemctl,/home/angel,audit-wazuh-c,SYSCALL,/usr/bin/systemctl,,,,,
2026-09-26T12:16:47.243Z,victima-linux,80792,3,Audit: Command: /usr/lib/systemd/systemd-executor.,audit|audit_command,RS2,/usr/lib/systemd/systemd-executor,/,audit-wazuh-c,SYSCALL,/proc/self/fd/9,,,,,
2026-09-26T12:16:47.246Z,victima-linux,80792,3,Audit: Command: /usr/bin/dash.,audit|audit_command,RS2,/usr/bin/dash,/var/ossec,audit-wazuh-c,SYSCALL,/bin/sh,,,,,
2026-09-26T12:16:47.248Z,victima-linux,80792,3,Audit: Command: /usr/bin/ps.,audit|audit_command,RS2,/usr/bin/ps,/var/ossec,audit-wazuh-c,SYSCALL,/bin/ps,,,,,
2026-09-26T12:16:47.250Z,victima-linux,80792,3,Audit: Command: /usr/bin/systemctl.,audit|audit_command,RS2,/usr/bin/systemctl,/home/angel,audit-wazuh-c,SYSCALL,/usr/bin/systemctl,,,,,
2026-09-26T12:16:47.253Z,victima-linux,80791,3,Audit: Deleted: /run/user/1000/systemd/units/invocation:gpg-agent-ssh.socket.,audit|audit_watch_delete|audit_watch_write,RS2,/usr/lib/systemd/systemd,/,audit-wazuh-w,SYSCALL,/run/user/1000/systemd/units/invocation:gpg-agent-ssh.socket,/run/user/1000/systemd/units/,,,,
2026-09-26T12:16:47.255Z,victima-linux,80791,3,Audit: Deleted: init.scope.,audit|audit_watch_delete|audit_watch_write,RS2,/usr/lib/systemd/systemd,/,audit-wazuh-w,SYSCALL,init.scope,/,,,,
2026-09-26T12:16:47.258Z,victima-linux,80791,3,Audit: Deleted: app-snap\x2duserd\x2dautostart@autostart.service.,audit|audit_watch_delete|audit_watch_write,RS2,/usr/lib/systemd/systemd,/,audit-wazuh-w,SYSCALL,app-snap\x2duserd\x2dautostart@autostart.service,/,,,,
2026-09-26T12:16:47.260Z,victima-linux,80791,3,Audit: Deleted: app-snap\x2duserd\x2dautostart@autostart.service.,audit|audit_watch_delete|audit_watch_write,RS2,/usr/lib/systemd/systemd,/,audit-wazuh-w,SYSCALL,app-snap\x2duserd\x2dautostart@autostart.service,/,,,,
2026-09-26T12:16:47.267Z,victima-linux,80791,3,Audit: Deleted: app-xdg\x2duser\x2ddirs@autostart.service.,audit|audit_watch_delete|audit_watch_write,RS2,/usr/lib/systemd/systemd,/,audit-wazuh-w,SYSCALL,app-xdg\x2duser\x2ddirs@autostart.service,/,,,,
2026-09-26T12:16:47.267Z,victima-linux,80791,3,Audit: Deleted: xdg-desktop-autostart.target.wants.,audit|audit_watch_delete|audit_watch_write,RS2,/usr/lib/systemd/systemd,/,audit-wazuh-w,SYSCALL,xdg-desktop-autostart.target.wants,/,,,,
2026-09-26T12:16:47.268Z,victima-linux,80791,3,Audit: Deleted: app-xdg\x2duser\x2ddirs@autostart.service.,audit|audit_watch_delete|audit_watch_write,RS2,/usr/lib/systemd/systemd,/,audit-wazuh-w,SYSCALL,app-xdg\x2duser\x2ddirs@autostart.service,/,,,,
2026-09-26T12:16:47.269Z,victima-linux,80791,3,Audit: Deleted: /run/user/1000/systemd/generator.late.,audit|audit_watch_delete|audit_watch_write,RS2,/usr/lib/systemd/systemd,/,audit-wazuh-w,SYSCALL,/run/user/1000/systemd/generator.late,/run/user/1000/systemd/,,,,
2026-09-26T12:16:47.274Z,victima-linux,80791,3,Audit: Deleted: /run/systemd/users/.,audit|audit_watch_delete|audit_watch_write,RS2,/usr/lib/systemd/systemd-logind,/,audit-wazuh-w,SYSCALL,/run/systemd/users/,/run/systemd/users/,,,,
2026-09-26T12:16:47.276Z,victima-linux,80792,3,Audit: Command: /usr/lib/systemd/systemd-executor.,audit|audit_command,RS2,/usr/lib/systemd/systemd-executor,/,audit-wazuh-c,SYSCALL,/proc/self/fd/9,,,,,
2026-09-26T12:16:47.279Z,victima-linux,80791,3,Audit: Deleted: /run/systemd/users/1000.,audit|audit_watch_delete|audit_watch_write,RS2,/usr/lib/systemd/systemd-logind,/,audit-wazuh-w,SYSCALL,/run/systemd/users/1000,/run/systemd/users/,,,,
2026-09-26T12:16:47.281Z,victima-linux,80792,3,Audit: Command: /usr/lib/systemd/systemd-user-runtime-dir.,audit|audit_command,RS2,/usr/lib/systemd/systemd-user-runtime-dir,/,audit-wazuh-c,SYSCALL,/usr/lib/systemd/systemd-user-runtime-dir,,,,,
2026-09-26T12:16:47.283Z,victima-linux,80791,3,Audit: Deleted: snapd-session-agent.socket.,audit|audit_watch_delete|audit_watch_write,RS2,/usr/lib/systemd/systemd-user-runtime-dir,/,audit-wazuh-w,SYSCALL,snapd-session-agent.socket,/,,,,
2026-09-26T12:16:47.286Z,victima-linux,80791,3,Audit: Deleted: pk-debconf-socket.,audit|audit_watch_delete|audit_watch_write,RS2,/usr/lib/systemd/systemd-user-runtime-dir,/,audit-wazuh-w,SYSCALL,pk-debconf-socket,/,,,,
2026-09-26T12:16:47.288Z,victima-linux,80791,3,Audit: Deleted: S.gpg-agent.ssh.,audit|audit_watch_delete|audit_watch_write,RS2,/usr/lib/systemd/systemd-user-runtime-dir,/,audit-wazuh-w,SYSCALL,S.gpg-agent.ssh,/,,,,
2026-09-26T12:16:47.295Z,victima-linux,80791,3,Audit: Deleted: S.gpg-agent.,audit|audit_watch_delete|audit_watch_write,RS2,/usr/lib/systemd/systemd-user-runtime-dir,/,audit-wazuh-w,SYSCALL,S.gpg-agent,/,,,,
2026-09-26T12:16:47.295Z,victima-linux,80791,3,Audit: Deleted: S.gpg-agent.extra.,audit|audit_watch_delete|audit_watch_write,RS2,/usr/lib/systemd/systemd-user-runtime-dir,/,audit-wazuh-w,SYSCALL,S.gpg-agent.extra,/,,,,
2026-09-26T12:16:47.295Z,victima-linux,80791,3,Audit: Deleted: S.keyboxd.,audit|audit_watch_delete|audit_watch_write,RS2,/usr/lib/systemd/systemd-user-runtime-dir,/,audit-wazuh-w,SYSCALL,S.keyboxd,/,,,,
2026-09-26T12:16:47.297Z,victima-linux,80791,3,Audit: Deleted: S.gpg-agent.browser.,audit|audit_watch_delete|audit_watch_write,RS2,/usr/lib/systemd/systemd-user-runtime-dir,/,audit-wazuh-w,SYSCALL,S.gpg-agent.browser,/,,,,
2026-09-26T12:16:47.299Z,victima-linux,80791,3,Audit: Deleted: S.dirmngr.,audit|audit_watch_delete|audit_watch_write,RS2,/usr/lib/systemd/systemd-user-runtime-dir,/,audit-wazuh-w,SYSCALL,S.dirmngr,/,,,,
2026-09-26T12:16:47.301Z,victima-linux,80791,3,Audit: Deleted: gnupg.,audit|audit_watch_delete|audit_watch_write,RS2,/usr/lib/systemd/systemd-user-runtime-dir,/,audit-wazuh-w,SYSCALL,gnupg,/,,,,
2026-09-26T12:16:47.308Z,victima-linux,80791,3,Audit: Deleted: bus.,audit|audit_watch_delete|audit_watch_write,RS2,/usr/lib/systemd/systemd-user-runtime-dir,/,audit-wazuh-w,SYSCALL,bus,/,,,,
2026-09-26T12:16:47.308Z,victima-linux,80791,3,Audit: Deleted: notify.,audit|audit_watch_delete|audit_watch_write,RS2,/usr/lib/systemd/systemd-user-runtime-dir,/,audit-wazuh-w,SYSCALL,notify,/,,,,
2026-09-26T12:16:47.308Z,victima-linux,80791,3,Audit: Deleted: private.,audit|audit_watch_delete|audit_watch_write,RS2,/usr/lib/systemd/systemd-user-runtime-dir,/,audit-wazuh-w,SYSCALL,private,/,,,,
2026-09-26T12:16:47.311Z,victima-linux,80791,3,Audit: Deleted: units.,audit|audit_watch_delete|audit_watch_write,RS2,/usr/lib/systemd/systemd-user-runtime-dir,/,audit-wazuh-w,SYSCALL,units,/,,,,
2026-09-26T12:16:47.313Z,victima-linux,80791,3,Audit: Deleted: os-release.,audit|audit_watch_delete|audit_watch_write,RS2,/usr/lib/systemd/systemd-user-runtime-dir,/,audit-wazuh-w,SYSCALL,os-release,/,,,,
2026-09-26T12:16:47.320Z,victima-linux,80791,3,Audit: Deleted: .os-release-stage.,audit|audit_watch_delete|audit_watch_write,RS2,/usr/lib/systemd/systemd-user-runtime-dir,/,audit-wazuh-w,SYSCALL,.os-release-stage,/,,,,
2026-09-26T12:16:47.320Z,victima-linux,80791,3,Audit: Deleted: chr.,audit|audit_watch_delete|audit_watch_write,RS2,/usr/lib/systemd/systemd-user-runtime-dir,/,audit-wazuh-w,SYSCALL,chr,/,,,,
2026-09-26T12:16:47.320Z,victima-linux,80791,3,Audit: Deleted: propagate.,audit|audit_watch_delete|audit_watch_write,RS2,/usr/lib/systemd/systemd-user-runtime-dir,/,audit-wazuh-w,SYSCALL,propagate,/,,,,
2026-09-26T12:16:47.323Z,victima-linux,80791,3,Audit: Deleted: sock.,audit|audit_watch_delete|audit_watch_write,RS2,/usr/lib/systemd/systemd-user-runtime-dir,/,audit-wazuh-w,SYSCALL,sock,/,,,,
2026-09-26T12:16:47.325Z,victima-linux,80791,3,Audit: Deleted: fifo.,audit|audit_watch_delete|audit_watch_write,RS2,/usr/lib/systemd/systemd-user-runtime-dir,/,audit-wazuh-w,SYSCALL,fifo,/,,,,
2026-09-26T12:16:47.333Z,victima-linux,80791,3,Audit: Deleted: dir.,audit|audit_watch_delete|audit_watch_write,RS2,/usr/lib/systemd/systemd-user-runtime-dir,/,audit-wazuh-w,SYSCALL,dir,/,,,,
2026-09-26T12:16:47.333Z,victima-linux,80791,3,Audit: Deleted: inaccessible.,audit|audit_watch_delete|audit_watch_write,RS2,/usr/lib/systemd/systemd-user-runtime-dir,/,audit-wazuh-w,SYSCALL,inaccessible,/,,,,
2026-09-26T12:16:47.333Z,victima-linux,80791,3,Audit: Deleted: reg.,audit|audit_watch_delete|audit_watch_write,RS2,/usr/lib/systemd/systemd-user-runtime-dir,/,audit-wazuh-w,SYSCALL,reg,/,,,,
2026-09-26T12:16:47.335Z,victima-linux,80791,3,Audit: Deleted: systemd.,audit|audit_watch_delete|audit_watch_write,RS2,/usr/lib/systemd/systemd-user-runtime-dir,/,audit-wazuh-w,SYSCALL,systemd,/,,,,
2026-09-26T12:16:47.337Z,victima-linux,80791,3,Audit: Deleted: /run/user/1000.,audit|audit_watch_delete|audit_watch_write,RS2,/usr/lib/systemd/systemd-user-runtime-dir,/,audit-wazuh-w,SYSCALL,/run/user/1000,/run/user/,,,,
2026-09-26T12:16:47.345Z,victima-linux,80792,3,Audit: Command: /usr/bin/dash.,audit|audit_command,RS2,/usr/bin/dash,/var/ossec,audit-wazuh-c,SYSCALL,/bin/sh,,,,,
2026-09-26T12:16:47.345Z,victima-linux,80792,3,Audit: Command: /usr/bin/ps.,audit|audit_command,RS2,/usr/bin/ps,/var/ossec,audit-wazuh-c,SYSCALL,/bin/ps,,,,,
2026-09-26T12:16:47.347Z,victima-linux,80792,3,Audit: Command: /usr/bin/dash.,audit|audit_command,RS2,/usr/bin/dash,/var/ossec,audit-wazuh-c,SYSCALL,/bin/sh,,,,,
2026-09-26T12:16:47.349Z,victima-linux,80792,3,Audit: Command: /usr/bin/ps.,audit|audit_command,RS2,/usr/bin/ps,/var/ossec,audit-wazuh-c,SYSCALL,/bin/ps,,,,,
2026-09-26T12:16:47.351Z,victima-linux,80792,3,Audit: Command: /usr/bin/dash.,audit|audit_command,RS2,/usr/bin/dash,/var/ossec,audit-wazuh-c,SYSCALL,/bin/sh,,,,,
2026-09-26T12:16:47.354Z,victima-linux,80792,3,Audit: Command: /usr/bin/ps.,audit|audit_command,RS2,/usr/bin/ps,/var/ossec,audit-wazuh-c,SYSCALL,/bin/ps,,,,,
2026-09-26T12:16:47.356Z,victima-linux,80792,3,Audit: Command: /usr/bin/dash.,audit|audit_command,RS2,/usr/bin/dash,/var/ossec,audit-wazuh-c,SYSCALL,/bin/sh,,,,,
2026-09-26T12:16:47.359Z,victima-linux,80792,3,Audit: Command: /usr/bin/ps.,audit|audit_command,RS2,/usr/bin/ps,/var/ossec,audit-wazuh-c,SYSCALL,/bin/ps,,,,,
2026-09-26T12:16:47.361Z,victima-linux,80792,3,Audit: Command: /usr/bin/dash.,audit|audit_command,RS2,/usr/bin/dash,/var/ossec,audit-wazuh-c,SYSCALL,/bin/sh,,,,,
2026-09-26T12:16:47.363Z,victima-linux,80792,3,Audit: Command: /usr/bin/ps.,audit|audit_command,RS2,/usr/bin/ps,/var/ossec,audit-wazuh-c,SYSCALL,/bin/ps,,,,,
2026-09-26T12:16:47.366Z,victima-linux,80792,3,Audit: Command: /usr/bin/dash.,audit|audit_command,RS2,/usr/bin/dash,/var/ossec,audit-wazuh-c,SYSCALL,/bin/sh,,,,,
2026-09-26T12:16:47.368Z,victima-linux,80792,3,Audit: Command: /usr/bin/ps.,audit|audit_command,RS2,/usr/bin/ps,/var/ossec,audit-wazuh-c,SYSCALL,/bin/ps,,,,,
2026-09-26T12:16:47.370Z,victima-linux,80792,3,Audit: Command: /usr/bin/dash.,audit|audit_command,RS2,/usr/bin/dash,/var/ossec,audit-wazuh-c,SYSCALL,/bin/sh,,,,,
2026-09-26T12:16:47.372Z,victima-linux,80792,3,Audit: Command: /usr/bin/ps.,audit|audit_command,RS2,/usr/bin/ps,/var/ossec,audit-wazuh-c,SYSCALL,/bin/ps,,,,,
2026-09-26T12:16:47.375Z,victima-linux,80792,3,Audit: Command: /usr/bin/dash.,audit|audit_command,RS2,/usr/bin/dash,/var/ossec,audit-wazuh-c,SYSCALL,/bin/sh,,,,,
2026-09-26T12:16:47.377Z,victima-linux,80792,3,Audit: Command: /usr/bin/ps.,audit|audit_command,RS2,/usr/bin/ps,/var/ossec,audit-wazuh-c,SYSCALL,/bin/ps,,,,,
2026-09-26T12:16:47.380Z,victima-linux,80792,3,Audit: Command: /usr/bin/dash.,audit|audit_command,RS2,/usr/bin/dash,/var/ossec,audit-wazuh-c,SYSCALL,/bin/sh,,,,,
2026-09-26T12:16:47.382Z,victima-linux,80792,3,Audit: Command: /usr/bin/ps.,audit|audit_command,RS2,/usr/bin/ps,/var/ossec,audit-wazuh-c,SYSCALL,/bin/ps,,,,,
2026-09-26T12:16:47.384Z,victima-linux,80792,3,Audit: Command: /usr/bin/dash.,audit|audit_command,RS2,/usr/bin/dash,/var/ossec,audit-wazuh-c,SYSCALL,/bin/sh,,,,,
2026-09-26T12:16:47.387Z,victima-linux,80792,3,Audit: Command: /usr/bin/ps.,audit|audit_command,RS2,/usr/bin/ps,/var/ossec,audit-wazuh-c,SYSCALL,/bin/ps,,,,,
2026-09-26T12:16:47.390Z,victima-linux,80792,3,Audit: Command: /usr/bin/dash.,audit|audit_command,RS2,/usr/bin/dash,/var/ossec,audit-wazuh-c,SYSCALL,/bin/sh,,,,,
2026-09-26T12:16:47.393Z,victima-linux,80792,3,Audit: Command: /usr/bin/ps.,audit|audit_command,RS2,/usr/bin/ps,/var/ossec,audit-wazuh-c,SYSCALL,/bin/ps,,,,,
2026-09-26T12:16:47.395Z,victima-linux,80792,3,Audit: Command: /usr/bin/dash.,audit|audit_command,RS2,/usr/bin/dash,/var/ossec,audit-wazuh-c,SYSCALL,/bin/sh,,,,,
2026-09-26T12:16:47.397Z,victima-linux,80792,3,Audit: Command: /usr/bin/ps.,audit|audit_command,RS2,/usr/bin/ps,/var/ossec,audit-wazuh-c,SYSCALL,/bin/ps,,,,,
2026-09-26T12:16:47.399Z,victima-linux,80792,3,Audit: Command: /usr/bin/dash.,audit|audit_command,RS2,/usr/bin/dash,/var/ossec,audit-wazuh-c,SYSCALL,/bin/sh,,,,,
2026-09-26T12:16:47.402Z,victima-linux,80792,3,Audit: Command: /usr/bin/ps.,audit|audit_command,RS2,/usr/bin/ps,/var/ossec,audit-wazuh-c,SYSCALL,/bin/ps,,,,,
2026-09-26T12:16:47.455Z,victima-linux,5502,3,PAM: Login session closed.,pam|syslog,RS1,,,,,,,,,,angel
2026-09-26T12:16:49.178Z,victima-linux,80792,3,Audit: Command: /usr/bin/dash.,audit|audit_command,RS2,/usr/bin/dash,/var/ossec,audit-wazuh-c,SYSCALL,/bin/sh,,,,,
2026-09-26T12:16:49.178Z,victima-linux,80792,3,Audit: Command: /usr/bin/ps.,audit|audit_command,RS2,/usr/bin/ps,/var/ossec,audit-wazuh-c,SYSCALL,/bin/ps,,,,,
2026-09-26T12:16:49.180Z,victima-linux,80792,3,Audit: Command: /usr/bin/dash.,audit|audit_command,RS2,/usr/bin/dash,/var/ossec,audit-wazuh-c,SYSCALL,/bin/sh,,,,,
2026-09-26T12:16:49.182Z,victima-linux,80792,3,Audit: Command: /usr/bin/ps.,audit|audit_command,RS2,/usr/bin/ps,/var/ossec,audit-wazuh-c,SYSCALL,/bin/ps,,,,,
2026-09-26T12:16:49.184Z,victima-linux,80792,3,Audit: Command: /usr/bin/dash.,audit|audit_command,RS2,/usr/bin/dash,/var/ossec,audit-wazuh-c,SYSCALL,/bin/sh,,,,,
2026-09-26T12:16:49.187Z,victima-linux,80792,3,Audit: Command: /usr/bin/ps.,audit|audit_command,RS2,/usr/bin/ps,/var/ossec,audit-wazuh-c,SYSCALL,/bin/ps,,,,,
2026-09-26T12:16:49.189Z,victima-linux,80792,3,Audit: Command: /usr/bin/dash.,audit|audit_command,RS2,/usr/bin/dash,/var/ossec,audit-wazuh-c,SYSCALL,/bin/sh,,,,,
2026-09-26T12:16:49.192Z,victima-linux,80792,3,Audit: Command: /usr/bin/ps.,audit|audit_command,RS2,/usr/bin/ps,/var/ossec,audit-wazuh-c,SYSCALL,/bin/ps,,,,,
2026-09-26T12:16:49.194Z,victima-linux,80792,3,Audit: Command: /usr/bin/dash.,audit|audit_command,RS2,/usr/bin/dash,/var/ossec,audit-wazuh-c,SYSCALL,/bin/sh,,,,,
2026-09-26T12:16:49.197Z,victima-linux,80792,3,Audit: Command: /usr/bin/ps.,audit|audit_command,RS2,/usr/bin/ps,/var/ossec,audit-wazuh-c,SYSCALL,/bin/ps,,,,,
2026-09-26T12:16:49.199Z,victima-linux,80792,3,Audit: Command: /usr/bin/dash.,audit|audit_command,RS2,/usr/bin/dash,/var/ossec,audit-wazuh-c,SYSCALL,/bin/sh,,,,,
2026-09-26T12:16:49.202Z,victima-linux,80792,3,Audit: Command: /usr/bin/ps.,audit|audit_command,RS2,/usr/bin/ps,/var/ossec,audit-wazuh-c,SYSCALL,/bin/ps,,,,,
2026-09-26T12:16:49.204Z,victima-linux,80792,3,Audit: Command: /usr/bin/dash.,audit|audit_command,RS2,/usr/bin/dash,/var/ossec,audit-wazuh-c,SYSCALL,/bin/sh,,,,,
2026-09-26T12:16:49.207Z,victima-linux,80792,3,Audit: Command: /usr/bin/ps.,audit|audit_command,RS2,/usr/bin/ps,/var/ossec,audit-wazuh-c,SYSCALL,/bin/ps,,,,,
2026-09-26T12:16:49.209Z,victima-linux,80792,3,Audit: Command: /usr/bin/dash.,audit|audit_command,RS2,/usr/bin/dash,/var/ossec,audit-wazuh-c,SYSCALL,/bin/sh,,,,,
2026-09-26T12:16:49.212Z,victima-linux,80792,3,Audit: Command: /usr/bin/ps.,audit|audit_command,RS2,/usr/bin/ps,/var/ossec,audit-wazuh-c,SYSCALL,/bin/ps,,,,,
2026-09-26T12:16:49.214Z,victima-linux,80792,3,Audit: Command: /usr/bin/dash.,audit|audit_command,RS2,/usr/bin/dash,/var/ossec,audit-wazuh-c,SYSCALL,/bin/sh,,,,,
2026-09-26T12:16:49.217Z,victima-linux,80792,3,Audit: Command: /usr/bin/ps.,audit|audit_command,RS2,/usr/bin/ps,/var/ossec,audit-wazuh-c,SYSCALL,/bin/ps,,,,,
2026-09-26T12:16:49.219Z,victima-linux,80792,3,Audit: Command: /usr/bin/dash.,audit|audit_command,RS2,/usr/bin/dash,/var/ossec,audit-wazuh-c,SYSCALL,/bin/sh,,,,,
2026-09-26T12:16:49.221Z,victima-linux,80792,3,Audit: Command: /usr/bin/ps.,audit|audit_command,RS2,/usr/bin/ps,/var/ossec,audit-wazuh-c,SYSCALL,/bin/ps,,,,,
2026-09-26T12:16:49.224Z,victima-linux,80792,3,Audit: Command: /usr/bin/dash.,audit|audit_command,RS2,/usr/bin/dash,/var/ossec,audit-wazuh-c,SYSCALL,/bin/sh,,,,,
2026-09-26T12:16:49.226Z,victima-linux,80792,3,Audit: Command: /usr/bin/ps.,audit|audit_command,RS2,/usr/bin/ps,/var/ossec,audit-wazuh-c,SYSCALL,/bin/ps,,,,,
2026-09-26T12:16:49.228Z,victima-linux,80792,3,Audit: Command: /usr/bin/dash.,audit|audit_command,RS2,/usr/bin/dash,/var/ossec,audit-wazuh-c,SYSCALL,/bin/sh,,,,,
2026-09-26T12:16:49.231Z,victima-linux,80792,3,Audit: Command: /usr/bin/ps.,audit|audit_command,RS2,/usr/bin/ps,/var/ossec,audit-wazuh-c,SYSCALL,/bin/ps,,,,,
2026-09-26T12:16:49.233Z,victima-linux,80792,3,Audit: Command: /usr/bin/dash.,audit|audit_command,RS2,/usr/bin/dash,/var/ossec,audit-wazuh-c,SYSCALL,/bin/sh,,,,,
2026-09-26T12:16:49.235Z,victima-linux,80792,3,Audit: Command: /usr/bin/ps.,audit|audit_command,RS2,/usr/bin/ps,/var/ossec,audit-wazuh-c,SYSCALL,/bin/ps,,,,,
2026-09-26T12:16:49.237Z,victima-linux,80792,3,Audit: Command: /usr/bin/dash.,audit|audit_command,RS2,/usr/bin/dash,/var/ossec,audit-wazuh-c,SYSCALL,/bin/sh,,,,,
2026-09-26T12:16:49.240Z,victima-linux,80792,3,Audit: Command: /usr/bin/ps.,audit|audit_command,RS2,/usr/bin/ps,/var/ossec,audit-wazuh-c,SYSCALL,/bin/ps,,,,,
2026-09-26T12:16:49.242Z,victima-linux,80792,3,Audit: Command: /usr/bin/dash.,audit|audit_command,RS2,/usr/bin/dash,/var/ossec,audit-wazuh-c,SYSCALL,/bin/sh,,,,,
2026-09-26T12:16:49.244Z,victima-linux,80792,3,Audit: Command: /usr/bin/ps.,audit|audit_command,RS2,/usr/bin/ps,/var/ossec,audit-wazuh-c,SYSCALL,/bin/ps,,,,,
2026-09-26T12:16:49.246Z,victima-linux,80792,3,Audit: Command: /usr/bin/dash.,audit|audit_command,RS2,/usr/bin/dash,/var/ossec,audit-wazuh-c,SYSCALL,/bin/sh,,,,,
2026-09-26T12:16:49.248Z,victima-linux,80792,3,Audit: Command: /usr/bin/ps.,audit|audit_command,RS2,/usr/bin/ps,/var/ossec,audit-wazuh-c,SYSCALL,/bin/ps,,,,,
2026-09-26T12:16:49.251Z,victima-linux,80792,3,Audit: Command: /usr/bin/dash.,audit|audit_command,RS2,/usr/bin/dash,/var/ossec,audit-wazuh-c,SYSCALL,/bin/sh,,,,,
2026-09-26T12:16:49.254Z,victima-linux,80792,3,Audit: Command: /usr/bin/ps.,audit|audit_command,RS2,/usr/bin/ps,/var/ossec,audit-wazuh-c,SYSCALL,/bin/ps,,,,,
2026-09-26T12:16:49.256Z,victima-linux,80792,3,Audit: Command: /usr/bin/dash.,audit|audit_command,RS2,/usr/bin/dash,/var/ossec,audit-wazuh-c,SYSCALL,/bin/sh,,,,,
2026-09-26T12:16:49.258Z,victima-linux,80792,3,Audit: Command: /usr/bin/ps.,audit|audit_command,RS2,/usr/bin/ps,/var/ossec,audit-wazuh-c,SYSCALL,/bin/ps,,,,,
2026-09-26T12:16:49.261Z,victima-linux,80792,3,Audit: Command: /usr/bin/dash.,audit|audit_command,RS2,/usr/bin/dash,/var/ossec,audit-wazuh-c,SYSCALL,/bin/sh,,,,,
2026-09-26T12:16:49.263Z,victima-linux,80792,3,Audit: Command: /usr/bin/ps.,audit|audit_command,RS2,/usr/bin/ps,/var/ossec,audit-wazuh-c,SYSCALL,/bin/ps,,,,,
2026-09-26T12:16:49.265Z,victima-linux,80792,3,Audit: Command: /usr/bin/dash.,audit|audit_command,RS2,/usr/bin/dash,/var/ossec,audit-wazuh-c,SYSCALL,/bin/sh,,,,,
2026-09-26T12:16:49.267Z,victima-linux,80792,3,Audit: Command: /usr/bin/ps.,audit|audit_command,RS2,/usr/bin/ps,/var/ossec,audit-wazuh-c,SYSCALL,/bin/ps,,,,,
2026-09-26T12:16:49.270Z,victima-linux,80792,3,Audit: Command: /usr/bin/dash.,audit|audit_command,RS2,/usr/bin/dash,/var/ossec,audit-wazuh-c,SYSCALL,/bin/sh,,,,,
2026-09-26T12:16:49.272Z,victima-linux,80792,3,Audit: Command: /usr/bin/ps.,audit|audit_command,RS2,/usr/bin/ps,/var/ossec,audit-wazuh-c,SYSCALL,/bin/ps,,,,,
2026-09-26T12:16:49.274Z,victima-linux,80792,3,Audit: Command: /usr/bin/dash.,audit|audit_command,RS2,/usr/bin/dash,/var/ossec,audit-wazuh-c,SYSCALL,/bin/sh,,,,,
2026-09-26T12:16:49.277Z,victima-linux,80792,3,Audit: Command: /usr/bin/ps.,audit|audit_command,RS2,/usr/bin/ps,/var/ossec,audit-wazuh-c,SYSCALL,/bin/ps,,,,,
2026-09-26T12:16:49.279Z,victima-linux,80792,3,Audit: Command: /usr/bin/dash.,audit|audit_command,RS2,/usr/bin/dash,/var/ossec,audit-wazuh-c,SYSCALL,/bin/sh,,,,,
2026-09-26T12:16:49.281Z,victima-linux,80792,3,Audit: Command: /usr/bin/ps.,audit|audit_command,RS2,/usr/bin/ps,/var/ossec,audit-wazuh-c,SYSCALL,/bin/ps,,,,,
2026-09-26T12:16:49.284Z,victima-linux,80791,3,Audit: Deleted: var/run/.,audit|audit_watch_delete|audit_watch_write,RS2,/var/ossec/bin/wazuh-agentd,/var/ossec,audit-wazuh-w,SYSCALL,var/run/,var/run/,,,,
2026-09-26T12:16:49.294Z,victima-linux,80792,3,Audit: Command: /usr/bin/dash.,audit|audit_command,RS2,/usr/bin/dash,/var/ossec,audit-wazuh-c,SYSCALL,/bin/sh,,,,,
2026-09-26T12:16:49.294Z,victima-linux,80792,3,Audit: Command: /usr/bin/dash.,audit|audit_command,RS2,/usr/bin/dash,/var/ossec,audit-wazuh-c,SYSCALL,/bin/sh,,,,,
2026-09-26T12:16:49.294Z,victima-linux,80792,3,Audit: Command: /usr/bin/ps.,audit|audit_command,RS2,/usr/bin/ps,/var/ossec,audit-wazuh-c,SYSCALL,/bin/ps,,,,,
2026-09-26T12:16:49.296Z,victima-linux,80792,3,Audit: Command: /usr/bin/ps.,audit|audit_command,RS2,/usr/bin/ps,/var/ossec,audit-wazuh-c,SYSCALL,/bin/ps,,,,,
